ISO-10303-21;
HEADER;
FILE_DESCRIPTION(('KiCad electronic assembly'),'2;1');
FILE_NAME('BKpad.step','2026-08-22T16:43:16',('Pcbnew'),('Kicad'),
  'Open CASCADE STEP processor 7.9','KiCad to STEP converter','Unknown'
  );
FILE_SCHEMA(('AUTOMOTIVE_DESIGN { 1 0 10303 214 1 1 1 1 }'));
ENDSEC;
DATA;
#1 = APPLICATION_PROTOCOL_DEFINITION('international standard',
  'automotive_design',2000,#2);
#2 = APPLICATION_CONTEXT(
  'core data for automotive mechanical design processes');
#3 = SHAPE_DEFINITION_REPRESENTATION(#4,#10);
#4 = PRODUCT_DEFINITION_SHAPE('','',#5);
#5 = PRODUCT_DEFINITION('design','',#6,#9);
#6 = PRODUCT_DEFINITION_FORMATION('','',#7);
#7 = PRODUCT('BKpad 1','BKpad 1','',(#8));
#8 = PRODUCT_CONTEXT('',#2,'mechanical');
#9 = PRODUCT_DEFINITION_CONTEXT('part definition',#2,'design');
#10 = SHAPE_REPRESENTATION('',(#11,#15),#19);
#11 = AXIS2_PLACEMENT_3D('',#12,#13,#14);
#12 = CARTESIAN_POINT('',(0.,0.,0.));
#13 = DIRECTION('',(0.,0.,1.));
#14 = DIRECTION('',(1.,0.,-0.));
#15 = AXIS2_PLACEMENT_3D('',#16,#17,#18);
#16 = CARTESIAN_POINT('',(0.,0.,0.));
#17 = DIRECTION('',(0.,0.,1.));
#18 = DIRECTION('',(1.,0.,-0.));
#19 = ( GEOMETRIC_REPRESENTATION_CONTEXT(3) 
GLOBAL_UNCERTAINTY_ASSIGNED_CONTEXT((#23)) GLOBAL_UNIT_ASSIGNED_CONTEXT(
(#20,#21,#22)) REPRESENTATION_CONTEXT('Context #1',
  '3D Context with UNIT and UNCERTAINTY') );
#20 = ( LENGTH_UNIT() NAMED_UNIT(*) SI_UNIT(.MILLI.,.METRE.) );
#21 = ( NAMED_UNIT(*) PLANE_ANGLE_UNIT() SI_UNIT($,.RADIAN.) );
#22 = ( NAMED_UNIT(*) SI_UNIT($,.STERADIAN.) SOLID_ANGLE_UNIT() );
#23 = UNCERTAINTY_MEASURE_WITH_UNIT(LENGTH_MEASURE(1.E-07),#20,
  'distance_accuracy_value','confusion accuracy');
#24 = PRODUCT_RELATED_PRODUCT_CATEGORY('part',$,(#7));
#25 = SHAPE_DEFINITION_REPRESENTATION(#26,#32);
#26 = PRODUCT_DEFINITION_SHAPE('','',#27);
#27 = PRODUCT_DEFINITION('design','',#28,#31);
#28 = PRODUCT_DEFINITION_FORMATION('','',#29);
#29 = PRODUCT('pcb1_PCB','pcb1_PCB','',(#30));
#30 = PRODUCT_CONTEXT('',#2,'mechanical');
#31 = PRODUCT_DEFINITION_CONTEXT('part definition',#2,'design');
#32 = ADVANCED_BREP_SHAPE_REPRESENTATION('',(#11,#33),#9359);
#33 = MANIFOLD_SOLID_BREP('',#34);
#34 = CLOSED_SHELL('',(#35,#75,#106,#137,#2532,#4927,#4944,#4961,#4978,
    #4995,#5012,#5029,#5046,#5063,#5080,#5097,#5114,#5131,#5148,#5165,
    #5177,#5199,#5216,#5233,#5250,#5267,#5284,#5301,#5318,#5335,#5352,
    #5369,#5386,#5403,#5420,#5437,#5449,#5466,#5483,#5500,#5517,#5534,
    #5551,#5568,#5585,#5602,#5619,#5636,#5653,#5670,#5687,#5709,#5726,
    #5743,#5760,#5777,#5794,#5811,#5828,#5845,#5862,#5879,#5896,#5913,
    #5930,#5947,#5959,#5981,#5998,#6015,#6032,#6049,#6066,#6083,#6100,
    #6117,#6134,#6151,#6168,#6185,#6202,#6219,#6231,#6248,#6265,#6282,
    #6299,#6316,#6333,#6350,#6367,#6384,#6401,#6423,#6440,#6457,#6474,
    #6491,#6508,#6525,#6542,#6559,#6576,#6593,#6610,#6627,#6644,#6661,
    #6673,#6690,#6707,#6729,#6746,#6763,#6780,#6797,#6814,#6831,#6848,
    #6865,#6882,#6899,#6916,#6933,#6950,#6967,#6979,#7001,#7018,#7035,
    #7047,#7064,#7086,#7103,#7120,#7132,#7149,#7166,#7188,#7205,#7222,
    #7239,#7256,#7273,#7290,#7307,#7324,#7341,#7358,#7375,#7392,#7409,
    #7426,#7438,#7455,#7472,#7494,#7511,#7528,#7545,#7562,#7579,#7596,
    #7613,#7630,#7647,#7664,#7681,#7698,#7715,#7732,#7744,#7761,#7778,
    #7800,#7817,#7834,#7851,#7868,#7885,#7902,#7919,#7936,#7953,#7970,
    #7987,#8004,#8021,#8038,#8050,#8072,#8089,#8106,#8123,#8140,#8157,
    #8174,#8191,#8208,#8225,#8242,#8259,#8276,#8293,#8310,#8322,#8339,
    #8361,#8378,#8395,#8407,#8424,#8441,#8463,#8480,#8497,#8509,#8531,
    #8548,#8565,#8582,#8599,#8616,#8633,#8650,#8667,#8684,#8701,#8718,
    #8735,#8752,#8769,#8781,#8803,#8820,#8837,#8854,#8871,#8888,#8905,
    #8922,#8939,#8956,#8973,#8990,#9007,#9024,#9041,#9053,#9070,#9087,
    #9109,#9126,#9143,#9160,#9177,#9194,#9211,#9228,#9245,#9262,#9279,
    #9296,#9313,#9330,#9347));
#35 = ADVANCED_FACE('',(#36),#70,.T.);
#36 = FACE_BOUND('',#37,.T.);
#37 = EDGE_LOOP('',(#38,#48,#56,#64));
#38 = ORIENTED_EDGE('',*,*,#39,.T.);
#39 = EDGE_CURVE('',#40,#42,#44,.T.);
#40 = VERTEX_POINT('',#41);
#41 = CARTESIAN_POINT('',(150.,-71.5,0.));
#42 = VERTEX_POINT('',#43);
#43 = CARTESIAN_POINT('',(150.,-71.5,1.51));
#44 = LINE('',#45,#46);
#45 = CARTESIAN_POINT('',(150.,-71.5,0.));
#46 = VECTOR('',#47,1.);
#47 = DIRECTION('',(0.,0.,1.));
#48 = ORIENTED_EDGE('',*,*,#49,.T.);
#49 = EDGE_CURVE('',#42,#50,#52,.T.);
#50 = VERTEX_POINT('',#51);
#51 = CARTESIAN_POINT('',(163.,-71.,1.51));
#52 = LINE('',#53,#54);
#53 = CARTESIAN_POINT('',(150.,-71.5,1.51));
#54 = VECTOR('',#55,1.);
#55 = DIRECTION('',(0.999261174631,3.84331221012E-02,0.));
#56 = ORIENTED_EDGE('',*,*,#57,.F.);
#57 = EDGE_CURVE('',#58,#50,#60,.T.);
#58 = VERTEX_POINT('',#59);
#59 = CARTESIAN_POINT('',(163.,-71.,0.));
#60 = LINE('',#61,#62);
#61 = CARTESIAN_POINT('',(163.,-71.,0.));
#62 = VECTOR('',#63,1.);
#63 = DIRECTION('',(0.,0.,1.));
#64 = ORIENTED_EDGE('',*,*,#65,.F.);
#65 = EDGE_CURVE('',#40,#58,#66,.T.);
#66 = LINE('',#67,#68);
#67 = CARTESIAN_POINT('',(150.,-71.5,0.));
#68 = VECTOR('',#69,1.);
#69 = DIRECTION('',(0.999261174631,3.84331221012E-02,0.));
#70 = PLANE('',#71);
#71 = AXIS2_PLACEMENT_3D('',#72,#73,#74);
#72 = CARTESIAN_POINT('',(150.,-71.5,0.));
#73 = DIRECTION('',(-3.84331221012E-02,0.999261174631,0.));
#74 = DIRECTION('',(0.999261174631,3.84331221012E-02,0.));
#75 = ADVANCED_FACE('',(#76),#101,.T.);
#76 = FACE_BOUND('',#77,.T.);
#77 = EDGE_LOOP('',(#78,#88,#94,#95));
#78 = ORIENTED_EDGE('',*,*,#79,.T.);
#79 = EDGE_CURVE('',#80,#82,#84,.T.);
#80 = VERTEX_POINT('',#81);
#81 = CARTESIAN_POINT('',(127.5,-49.,0.));
#82 = VERTEX_POINT('',#83);
#83 = CARTESIAN_POINT('',(127.5,-49.,1.51));
#84 = LINE('',#85,#86);
#85 = CARTESIAN_POINT('',(127.5,-49.,0.));
#86 = VECTOR('',#87,1.);
#87 = DIRECTION('',(0.,0.,1.));
#88 = ORIENTED_EDGE('',*,*,#89,.T.);
#89 = EDGE_CURVE('',#82,#42,#90,.T.);
#90 = LINE('',#91,#92);
#91 = CARTESIAN_POINT('',(127.5,-49.,1.51));
#92 = VECTOR('',#93,1.);
#93 = DIRECTION('',(0.707106781187,-0.707106781187,0.));
#94 = ORIENTED_EDGE('',*,*,#39,.F.);
#95 = ORIENTED_EDGE('',*,*,#96,.F.);
#96 = EDGE_CURVE('',#80,#40,#97,.T.);
#97 = LINE('',#98,#99);
#98 = CARTESIAN_POINT('',(127.5,-49.,0.));
#99 = VECTOR('',#100,1.);
#100 = DIRECTION('',(0.707106781187,-0.707106781187,0.));
#101 = PLANE('',#102);
#102 = AXIS2_PLACEMENT_3D('',#103,#104,#105);
#103 = CARTESIAN_POINT('',(127.5,-49.,0.));
#104 = DIRECTION('',(0.707106781187,0.707106781187,-0.));
#105 = DIRECTION('',(0.707106781187,-0.707106781187,0.));
#106 = ADVANCED_FACE('',(#107),#132,.T.);
#107 = FACE_BOUND('',#108,.T.);
#108 = EDGE_LOOP('',(#109,#110,#118,#126));
#109 = ORIENTED_EDGE('',*,*,#57,.T.);
#110 = ORIENTED_EDGE('',*,*,#111,.T.);
#111 = EDGE_CURVE('',#50,#112,#114,.T.);
#112 = VERTEX_POINT('',#113);
#113 = CARTESIAN_POINT('',(170.,-57.,1.51));
#114 = LINE('',#115,#116);
#115 = CARTESIAN_POINT('',(163.,-71.,1.51));
#116 = VECTOR('',#117,1.);
#117 = DIRECTION('',(0.4472135955,0.894427191,0.));
#118 = ORIENTED_EDGE('',*,*,#119,.F.);
#119 = EDGE_CURVE('',#120,#112,#122,.T.);
#120 = VERTEX_POINT('',#121);
#121 = CARTESIAN_POINT('',(170.,-57.,0.));
#122 = LINE('',#123,#124);
#123 = CARTESIAN_POINT('',(170.,-57.,0.));
#124 = VECTOR('',#125,1.);
#125 = DIRECTION('',(0.,0.,1.));
#126 = ORIENTED_EDGE('',*,*,#127,.F.);
#127 = EDGE_CURVE('',#58,#120,#128,.T.);
#128 = LINE('',#129,#130);
#129 = CARTESIAN_POINT('',(163.,-71.,0.));
#130 = VECTOR('',#131,1.);
#131 = DIRECTION('',(0.4472135955,0.894427191,0.));
#132 = PLANE('',#133);
#133 = AXIS2_PLACEMENT_3D('',#134,#135,#136);
#134 = CARTESIAN_POINT('',(163.,-71.,0.));
#135 = DIRECTION('',(-0.894427191,0.4472135955,0.));
#136 = DIRECTION('',(0.4472135955,0.894427191,0.));
#137 = ADVANCED_FACE('',(#138,#261,#403,#414,#425,#436,#447,#458,#469,
    #480,#491,#502,#513,#524,#535,#546,#557,#699,#841,#852,#863,#874,
    #885,#896,#907,#918,#929,#940,#951,#1093,#1104,#1115,#1257,#1293,
    #1304,#1340,#1351,#1362,#1504,#1515,#1526,#1668,#1679,#1690,#1832,
    #1974,#1985,#2021,#2032,#2043,#2079,#2221,#2363,#2374,#2385),#2527,
  .F.);
#138 = FACE_BOUND('',#139,.F.);
#139 = EDGE_LOOP('',(#140,#141,#142,#150,#158,#166,#174,#182,#190,#198,
    #206,#214,#222,#230,#238,#246,#254,#260));
#140 = ORIENTED_EDGE('',*,*,#65,.F.);
#141 = ORIENTED_EDGE('',*,*,#96,.F.);
#142 = ORIENTED_EDGE('',*,*,#143,.F.);
#143 = EDGE_CURVE('',#144,#80,#146,.T.);
#144 = VERTEX_POINT('',#145);
#145 = CARTESIAN_POINT('',(120.5,-49.,0.));
#146 = LINE('',#147,#148);
#147 = CARTESIAN_POINT('',(120.5,-49.,0.));
#148 = VECTOR('',#149,1.);
#149 = DIRECTION('',(1.,0.,0.));
#150 = ORIENTED_EDGE('',*,*,#151,.F.);
#151 = EDGE_CURVE('',#152,#144,#154,.T.);
#152 = VERTEX_POINT('',#153);
#153 = CARTESIAN_POINT('',(120.5,-76.5,0.));
#154 = LINE('',#155,#156);
#155 = CARTESIAN_POINT('',(120.5,-76.5,0.));
#156 = VECTOR('',#157,1.);
#157 = DIRECTION('',(0.,1.,0.));
#158 = ORIENTED_EDGE('',*,*,#159,.F.);
#159 = EDGE_CURVE('',#160,#152,#162,.T.);
#160 = VERTEX_POINT('',#161);
#161 = CARTESIAN_POINT('',(133.5,-100.,0.));
#162 = LINE('',#163,#164);
#163 = CARTESIAN_POINT('',(133.5,-100.,0.));
#164 = VECTOR('',#165,1.);
#165 = DIRECTION('',(-0.484061385167,0.875034042418,0.));
#166 = ORIENTED_EDGE('',*,*,#167,.F.);
#167 = EDGE_CURVE('',#168,#160,#170,.T.);
#168 = VERTEX_POINT('',#169);
#169 = CARTESIAN_POINT('',(133.5,-123.,0.));
#170 = LINE('',#171,#172);
#171 = CARTESIAN_POINT('',(133.5,-123.,0.));
#172 = VECTOR('',#173,1.);
#173 = DIRECTION('',(0.,1.,0.));
#174 = ORIENTED_EDGE('',*,*,#175,.F.);
#175 = EDGE_CURVE('',#176,#168,#178,.T.);
#176 = VERTEX_POINT('',#177);
#177 = CARTESIAN_POINT('',(150.5,-130.5,0.));
#178 = LINE('',#179,#180);
#179 = CARTESIAN_POINT('',(150.5,-130.5,0.));
#180 = VECTOR('',#181,1.);
#181 = DIRECTION('',(-0.914917801573,0.403640206576,0.));
#182 = ORIENTED_EDGE('',*,*,#183,.F.);
#183 = EDGE_CURVE('',#184,#176,#186,.T.);
#184 = VERTEX_POINT('',#185);
#185 = CARTESIAN_POINT('',(189.5,-130.5,0.));
#186 = LINE('',#187,#188);
#187 = CARTESIAN_POINT('',(189.5,-130.5,0.));
#188 = VECTOR('',#189,1.);
#189 = DIRECTION('',(-1.,0.,0.));
#190 = ORIENTED_EDGE('',*,*,#191,.F.);
#191 = EDGE_CURVE('',#192,#184,#194,.T.);
#192 = VERTEX_POINT('',#193);
#193 = CARTESIAN_POINT('',(205.5,-124.,0.));
#194 = LINE('',#195,#196);
#195 = CARTESIAN_POINT('',(205.5,-124.,0.));
#196 = VECTOR('',#197,1.);
#197 = DIRECTION('',(-0.926466577122,-0.376377046956,0.));
#198 = ORIENTED_EDGE('',*,*,#199,.F.);
#199 = EDGE_CURVE('',#200,#192,#202,.T.);
#200 = VERTEX_POINT('',#201);
#201 = CARTESIAN_POINT('',(209.5,-96.,0.));
#202 = LINE('',#203,#204);
#203 = CARTESIAN_POINT('',(209.5,-96.,0.));
#204 = VECTOR('',#205,1.);
#205 = DIRECTION('',(-0.141421356237,-0.989949493661,0.));
#206 = ORIENTED_EDGE('',*,*,#207,.F.);
#207 = EDGE_CURVE('',#208,#200,#210,.T.);
#208 = VERTEX_POINT('',#209);
#209 = CARTESIAN_POINT('',(219.,-77.,0.));
#210 = LINE('',#211,#212);
#211 = CARTESIAN_POINT('',(219.,-77.,0.));
#212 = VECTOR('',#213,1.);
#213 = DIRECTION('',(-0.4472135955,-0.894427191,0.));
#214 = ORIENTED_EDGE('',*,*,#215,.F.);
#215 = EDGE_CURVE('',#216,#208,#218,.T.);
#216 = VERTEX_POINT('',#217);
#217 = CARTESIAN_POINT('',(219.,-49.,0.));
#218 = LINE('',#219,#220);
#219 = CARTESIAN_POINT('',(219.,-49.,0.));
#220 = VECTOR('',#221,1.);
#221 = DIRECTION('',(0.,-1.,0.));
#222 = ORIENTED_EDGE('',*,*,#223,.F.);
#223 = EDGE_CURVE('',#224,#216,#226,.T.);
#224 = VERTEX_POINT('',#225);
#225 = CARTESIAN_POINT('',(212.5,-49.,0.));
#226 = LINE('',#227,#228);
#227 = CARTESIAN_POINT('',(212.5,-49.,0.));
#228 = VECTOR('',#229,1.);
#229 = DIRECTION('',(1.,0.,0.));
#230 = ORIENTED_EDGE('',*,*,#231,.F.);
#231 = EDGE_CURVE('',#232,#224,#234,.T.);
#232 = VERTEX_POINT('',#233);
#233 = CARTESIAN_POINT('',(194.,-66.5,0.));
#234 = LINE('',#235,#236);
#235 = CARTESIAN_POINT('',(194.,-66.5,0.));
#236 = VECTOR('',#237,1.);
#237 = DIRECTION('',(0.726468416955,0.687199853876,0.));
#238 = ORIENTED_EDGE('',*,*,#239,.F.);
#239 = EDGE_CURVE('',#240,#232,#242,.T.);
#240 = VERTEX_POINT('',#241);
#241 = CARTESIAN_POINT('',(185.5,-66.5,0.));
#242 = LINE('',#243,#244);
#243 = CARTESIAN_POINT('',(185.5,-66.5,0.));
#244 = VECTOR('',#245,1.);
#245 = DIRECTION('',(1.,0.,0.));
#246 = ORIENTED_EDGE('',*,*,#247,.F.);
#247 = EDGE_CURVE('',#248,#240,#250,.T.);
#248 = VERTEX_POINT('',#249);
#249 = CARTESIAN_POINT('',(179.,-57.,0.));
#250 = LINE('',#251,#252);
#251 = CARTESIAN_POINT('',(179.,-57.,0.));
#252 = VECTOR('',#253,1.);
#253 = DIRECTION('',(0.564683915592,-0.82530726125,0.));
#254 = ORIENTED_EDGE('',*,*,#255,.F.);
#255 = EDGE_CURVE('',#120,#248,#256,.T.);
#256 = LINE('',#257,#258);
#257 = CARTESIAN_POINT('',(170.,-57.,0.));
#258 = VECTOR('',#259,1.);
#259 = DIRECTION('',(1.,0.,0.));
#260 = ORIENTED_EDGE('',*,*,#127,.F.);
#261 = FACE_BOUND('',#262,.F.);
#262 = EDGE_LOOP('',(#263,#274,#283,#291,#300,#309,#318,#326,#335,#344,
    #353,#361,#370,#379,#388,#396));
#263 = ORIENTED_EDGE('',*,*,#264,.F.);
#264 = EDGE_CURVE('',#265,#267,#269,.T.);
#265 = VERTEX_POINT('',#266);
#266 = CARTESIAN_POINT('',(145.249485,-116.977438,0.));
#267 = VERTEX_POINT('',#268);
#268 = CARTESIAN_POINT('',(144.546712,-116.32886,0.));
#269 = CIRCLE('',#270,0.499999422661);
#270 = AXIS2_PLACEMENT_3D('',#271,#272,#273);
#271 = CARTESIAN_POINT('',(144.79897029551,-116.76056033,0.));
#272 = DIRECTION('',(0.,0.,1.));
#273 = DIRECTION('',(0.901030449374,-0.433755840654,0.));
#274 = ORIENTED_EDGE('',*,*,#275,.F.);
#275 = EDGE_CURVE('',#276,#265,#278,.T.);
#276 = VERTEX_POINT('',#277);
#277 = CARTESIAN_POINT('',(145.2,-117.194315,0.));
#278 = CIRCLE('',#279,0.499989884977);
#279 = AXIS2_PLACEMENT_3D('',#280,#281,#282);
#280 = CARTESIAN_POINT('',(145.69998988497,-117.1943140791,0.));
#281 = DIRECTION('',(0.,0.,-1.));
#282 = DIRECTION('',(-0.999999999998,-1.841808653046E-06,-0.));
#283 = ORIENTED_EDGE('',*,*,#284,.F.);
#284 = EDGE_CURVE('',#285,#276,#287,.T.);
#285 = VERTEX_POINT('',#286);
#286 = CARTESIAN_POINT('',(145.2,-118.6,0.));
#287 = LINE('',#288,#289);
#288 = CARTESIAN_POINT('',(145.2,-118.6,0.));
#289 = VECTOR('',#290,1.);
#290 = DIRECTION('',(0.,1.,0.));
#291 = ORIENTED_EDGE('',*,*,#292,.F.);
#292 = EDGE_CURVE('',#293,#285,#295,.T.);
#293 = VERTEX_POINT('',#294);
#294 = CARTESIAN_POINT('',(145.249485,-118.816878,0.));
#295 = CIRCLE('',#296,0.499989885034);
#296 = AXIS2_PLACEMENT_3D('',#297,#298,#299);
#297 = CARTESIAN_POINT('',(145.69998988503,-118.6000019208,0.));
#298 = DIRECTION('',(0.,0.,-1.));
#299 = DIRECTION('',(-0.901027997796,-0.43376093322,-0.));
#300 = ORIENTED_EDGE('',*,*,#301,.F.);
#301 = EDGE_CURVE('',#302,#293,#304,.T.);
#302 = VERTEX_POINT('',#303);
#303 = CARTESIAN_POINT('',(144.546712,-119.465457,0.));
#304 = CIRCLE('',#305,0.499999448976);
#305 = AXIS2_PLACEMENT_3D('',#306,#307,#308);
#306 = CARTESIAN_POINT('',(144.79897090428,-119.0337569951,0.));
#307 = DIRECTION('',(0.,0.,1.));
#308 = DIRECTION('',(-0.504518364574,-0.863400961204,0.));
#309 = ORIENTED_EDGE('',*,*,#310,.F.);
#310 = EDGE_CURVE('',#311,#302,#313,.T.);
#311 = VERTEX_POINT('',#312);
#312 = CARTESIAN_POINT('',(144.294453,-119.397158,0.));
#313 = CIRCLE('',#314,0.500008729226);
#314 = AXIS2_PLACEMENT_3D('',#315,#316,#317);
#315 = CARTESIAN_POINT('',(144.29445134314,-119.8971667292,0.));
#316 = DIRECTION('',(0.,0.,-1.));
#317 = DIRECTION('',(3.313649317029E-06,0.999999999995,0.));
#318 = ORIENTED_EDGE('',*,*,#319,.F.);
#319 = EDGE_CURVE('',#320,#311,#322,.T.);
#320 = VERTEX_POINT('',#321);
#321 = CARTESIAN_POINT('',(142.705549,-119.397158,0.));
#322 = LINE('',#323,#324);
#323 = CARTESIAN_POINT('',(142.705549,-119.397158,0.));
#324 = VECTOR('',#325,1.);
#325 = DIRECTION('',(1.,0.,0.));
#326 = ORIENTED_EDGE('',*,*,#327,.F.);
#327 = EDGE_CURVE('',#328,#320,#330,.T.);
#328 = VERTEX_POINT('',#329);
#329 = CARTESIAN_POINT('',(142.453291,-119.465457,0.));
#330 = CIRCLE('',#331,0.500008729288);
#331 = AXIS2_PLACEMENT_3D('',#332,#333,#334);
#332 = CARTESIAN_POINT('',(142.70555165687,-119.8971667292,0.));
#333 = DIRECTION('',(0.,0.,-1.));
#334 = DIRECTION('',(-0.504512505685,0.863404384751,0.));
#335 = ORIENTED_EDGE('',*,*,#336,.F.);
#336 = EDGE_CURVE('',#337,#328,#339,.T.);
#337 = VERTEX_POINT('',#338);
#338 = CARTESIAN_POINT('',(141.750517,-118.816878,0.));
#339 = CIRCLE('',#340,0.500000669307);
#340 = AXIS2_PLACEMENT_3D('',#341,#342,#343);
#341 = CARTESIAN_POINT('',(142.2010335355,-119.0337547404,0.));
#342 = DIRECTION('',(0.,0.,1.));
#343 = DIRECTION('',(-0.901031864884,0.433752900236,0.));
#344 = ORIENTED_EDGE('',*,*,#345,.F.);
#345 = EDGE_CURVE('',#346,#337,#348,.T.);
#346 = VERTEX_POINT('',#347);
#347 = CARTESIAN_POINT('',(141.800002,-118.600001,0.));
#348 = CIRCLE('',#349,0.499989884978);
#349 = AXIS2_PLACEMENT_3D('',#350,#351,#352);
#350 = CARTESIAN_POINT('',(141.30001211502,-118.6000019208,0.));
#351 = DIRECTION('',(0.,0.,-1.));
#352 = DIRECTION('',(0.999999999998,1.841808596201E-06,0.));
#353 = ORIENTED_EDGE('',*,*,#354,.F.);
#354 = EDGE_CURVE('',#355,#346,#357,.T.);
#355 = VERTEX_POINT('',#356);
#356 = CARTESIAN_POINT('',(141.800002,-117.194316,0.));
#357 = LINE('',#358,#359);
#358 = CARTESIAN_POINT('',(141.800002,-117.194316,0.));
#359 = VECTOR('',#360,1.);
#360 = DIRECTION('',(0.,-1.,0.));
#361 = ORIENTED_EDGE('',*,*,#362,.F.);
#362 = EDGE_CURVE('',#363,#355,#365,.T.);
#363 = VERTEX_POINT('',#364);
#364 = CARTESIAN_POINT('',(141.750517,-116.977438,0.));
#365 = CIRCLE('',#366,0.499989885034);
#366 = AXIS2_PLACEMENT_3D('',#367,#368,#369);
#367 = CARTESIAN_POINT('',(141.30001211496,-117.1943140791,0.));
#368 = DIRECTION('',(0.,0.,-1.));
#369 = DIRECTION('',(0.901027997796,0.43376093322,0.));
#370 = ORIENTED_EDGE('',*,*,#371,.F.);
#371 = EDGE_CURVE('',#372,#363,#374,.T.);
#372 = VERTEX_POINT('',#373);
#373 = CARTESIAN_POINT('',(142.45329,-116.328859,0.));
#374 = CIRCLE('',#375,0.499999729127);
#375 = AXIS2_PLACEMENT_3D('',#376,#377,#378);
#376 = CARTESIAN_POINT('',(142.20103174567,-116.7605597091,0.));
#377 = DIRECTION('',(0.,0.,1.));
#378 = DIRECTION('',(0.504516781969,0.863401885979,-0.));
#379 = ORIENTED_EDGE('',*,*,#380,.F.);
#380 = EDGE_CURVE('',#381,#372,#383,.T.);
#381 = VERTEX_POINT('',#382);
#382 = CARTESIAN_POINT('',(142.705549,-116.397159,0.));
#383 = CIRCLE('',#384,0.50002311711);
#384 = AXIS2_PLACEMENT_3D('',#385,#386,#387);
#385 = CARTESIAN_POINT('',(142.70555626378,-115.8971358829,0.));
#386 = DIRECTION('',(0.,0.,-1.));
#387 = DIRECTION('',(-1.452689345975E-05,-0.999999999894,-0.));
#388 = ORIENTED_EDGE('',*,*,#389,.F.);
#389 = EDGE_CURVE('',#390,#381,#392,.T.);
#390 = VERTEX_POINT('',#391);
#391 = CARTESIAN_POINT('',(144.294454,-116.397159,0.));
#392 = LINE('',#393,#394);
#393 = CARTESIAN_POINT('',(144.294454,-116.397159,0.));
#394 = VECTOR('',#395,1.);
#395 = DIRECTION('',(-1.,0.,0.));
#396 = ORIENTED_EDGE('',*,*,#397,.F.);
#397 = EDGE_CURVE('',#267,#390,#398,.T.);
#398 = CIRCLE('',#399,0.500008729288);
#399 = AXIS2_PLACEMENT_3D('',#400,#401,#402);
#400 = CARTESIAN_POINT('',(144.29445134312,-115.8971502707,0.));
#401 = DIRECTION('',(0.,0.,-1.));
#402 = DIRECTION('',(0.504512505685,-0.863404384751,0.));
#403 = FACE_BOUND('',#404,.F.);
#404 = EDGE_LOOP('',(#405));
#405 = ORIENTED_EDGE('',*,*,#406,.T.);
#406 = EDGE_CURVE('',#407,#407,#409,.T.);
#407 = VERTEX_POINT('',#408);
#408 = CARTESIAN_POINT('',(153.,-126.31,0.));
#409 = CIRCLE('',#410,0.5);
#410 = AXIS2_PLACEMENT_3D('',#411,#412,#413);
#411 = CARTESIAN_POINT('',(153.,-125.81,0.));
#412 = DIRECTION('',(-0.,0.,-1.));
#413 = DIRECTION('',(-0.,-1.,0.));
#414 = FACE_BOUND('',#415,.F.);
#415 = EDGE_LOOP('',(#416));
#416 = ORIENTED_EDGE('',*,*,#417,.T.);
#417 = EDGE_CURVE('',#418,#418,#420,.T.);
#418 = VERTEX_POINT('',#419);
#419 = CARTESIAN_POINT('',(153.,-123.77,0.));
#420 = CIRCLE('',#421,0.5);
#421 = AXIS2_PLACEMENT_3D('',#422,#423,#424);
#422 = CARTESIAN_POINT('',(153.,-123.27,0.));
#423 = DIRECTION('',(-0.,0.,-1.));
#424 = DIRECTION('',(-0.,-1.,0.));
#425 = FACE_BOUND('',#426,.F.);
#426 = EDGE_LOOP('',(#427));
#427 = ORIENTED_EDGE('',*,*,#428,.T.);
#428 = EDGE_CURVE('',#429,#429,#431,.T.);
#429 = VERTEX_POINT('',#430);
#430 = CARTESIAN_POINT('',(153.,-121.23,0.));
#431 = CIRCLE('',#432,0.5);
#432 = AXIS2_PLACEMENT_3D('',#433,#434,#435);
#433 = CARTESIAN_POINT('',(153.,-120.73,0.));
#434 = DIRECTION('',(-0.,0.,-1.));
#435 = DIRECTION('',(-0.,-1.,0.));
#436 = FACE_BOUND('',#437,.F.);
#437 = EDGE_LOOP('',(#438));
#438 = ORIENTED_EDGE('',*,*,#439,.T.);
#439 = EDGE_CURVE('',#440,#440,#442,.T.);
#440 = VERTEX_POINT('',#441);
#441 = CARTESIAN_POINT('',(153.,-118.69,0.));
#442 = CIRCLE('',#443,0.5);
#443 = AXIS2_PLACEMENT_3D('',#444,#445,#446);
#444 = CARTESIAN_POINT('',(153.,-118.19,0.));
#445 = DIRECTION('',(-0.,0.,-1.));
#446 = DIRECTION('',(-0.,-1.,0.));
#447 = FACE_BOUND('',#448,.F.);
#448 = EDGE_LOOP('',(#449));
#449 = ORIENTED_EDGE('',*,*,#450,.T.);
#450 = EDGE_CURVE('',#451,#451,#453,.T.);
#451 = VERTEX_POINT('',#452);
#452 = CARTESIAN_POINT('',(141.42,-101.35,0.));
#453 = CIRCLE('',#454,0.85);
#454 = AXIS2_PLACEMENT_3D('',#455,#456,#457);
#455 = CARTESIAN_POINT('',(141.42,-100.5,0.));
#456 = DIRECTION('',(-0.,0.,-1.));
#457 = DIRECTION('',(-3.343730521224E-14,-1.,0.));
#458 = FACE_BOUND('',#459,.F.);
#459 = EDGE_LOOP('',(#460));
#460 = ORIENTED_EDGE('',*,*,#461,.T.);
#461 = EDGE_CURVE('',#462,#462,#464,.T.);
#462 = VERTEX_POINT('',#463);
#463 = CARTESIAN_POINT('',(142.69,-98.71,0.));
#464 = CIRCLE('',#465,0.75);
#465 = AXIS2_PLACEMENT_3D('',#466,#467,#468);
#466 = CARTESIAN_POINT('',(142.69,-97.96,0.));
#467 = DIRECTION('',(-0.,0.,-1.));
#468 = DIRECTION('',(-0.,-1.,0.));
#469 = FACE_BOUND('',#470,.F.);
#470 = EDGE_LOOP('',(#471));
#471 = ORIENTED_EDGE('',*,*,#472,.T.);
#472 = EDGE_CURVE('',#473,#473,#475,.T.);
#473 = VERTEX_POINT('',#474);
#474 = CARTESIAN_POINT('',(146.5,-102.5,0.));
#475 = CIRCLE('',#476,2.);
#476 = AXIS2_PLACEMENT_3D('',#477,#478,#479);
#477 = CARTESIAN_POINT('',(146.5,-100.5,0.));
#478 = DIRECTION('',(-0.,0.,-1.));
#479 = DIRECTION('',(-0.,-1.,0.));
#480 = FACE_BOUND('',#481,.F.);
#481 = EDGE_LOOP('',(#482));
#482 = ORIENTED_EDGE('',*,*,#483,.T.);
#483 = EDGE_CURVE('',#484,#484,#486,.T.);
#484 = VERTEX_POINT('',#485);
#485 = CARTESIAN_POINT('',(151.58,-101.35,0.));
#486 = CIRCLE('',#487,0.85);
#487 = AXIS2_PLACEMENT_3D('',#488,#489,#490);
#488 = CARTESIAN_POINT('',(151.58,-100.5,0.));
#489 = DIRECTION('',(-0.,0.,-1.));
#490 = DIRECTION('',(3.343730521224E-14,-1.,-0.));
#491 = FACE_BOUND('',#492,.F.);
#492 = EDGE_LOOP('',(#493));
#493 = ORIENTED_EDGE('',*,*,#494,.T.);
#494 = EDGE_CURVE('',#495,#495,#497,.T.);
#495 = VERTEX_POINT('',#496);
#496 = CARTESIAN_POINT('',(163.25,-101.04,0.));
#497 = CIRCLE('',#498,0.5);
#498 = AXIS2_PLACEMENT_3D('',#499,#500,#501);
#499 = CARTESIAN_POINT('',(163.25,-100.54,0.));
#500 = DIRECTION('',(-0.,0.,-1.));
#501 = DIRECTION('',(-0.,-1.,0.));
#502 = FACE_BOUND('',#503,.F.);
#503 = EDGE_LOOP('',(#504));
#504 = ORIENTED_EDGE('',*,*,#505,.T.);
#505 = EDGE_CURVE('',#506,#506,#508,.T.);
#506 = VERTEX_POINT('',#507);
#507 = CARTESIAN_POINT('',(149.04,-96.17,0.));
#508 = CIRCLE('',#509,0.75);
#509 = AXIS2_PLACEMENT_3D('',#510,#511,#512);
#510 = CARTESIAN_POINT('',(149.04,-95.42,0.));
#511 = DIRECTION('',(-0.,0.,-1.));
#512 = DIRECTION('',(-0.,-1.,0.));
#513 = FACE_BOUND('',#514,.F.);
#514 = EDGE_LOOP('',(#515));
#515 = ORIENTED_EDGE('',*,*,#516,.T.);
#516 = EDGE_CURVE('',#517,#517,#519,.T.);
#517 = VERTEX_POINT('',#518);
#518 = CARTESIAN_POINT('',(163.25,-98.5,0.));
#519 = CIRCLE('',#520,0.5);
#520 = AXIS2_PLACEMENT_3D('',#521,#522,#523);
#521 = CARTESIAN_POINT('',(163.25,-98.,0.));
#522 = DIRECTION('',(-0.,0.,-1.));
#523 = DIRECTION('',(-0.,-1.,0.));
#524 = FACE_BOUND('',#525,.F.);
#525 = EDGE_LOOP('',(#526));
#526 = ORIENTED_EDGE('',*,*,#527,.T.);
#527 = EDGE_CURVE('',#528,#528,#530,.T.);
#528 = VERTEX_POINT('',#529);
#529 = CARTESIAN_POINT('',(163.25,-95.96,0.));
#530 = CIRCLE('',#531,0.5);
#531 = AXIS2_PLACEMENT_3D('',#532,#533,#534);
#532 = CARTESIAN_POINT('',(163.25,-95.46,0.));
#533 = DIRECTION('',(-0.,0.,-1.));
#534 = DIRECTION('',(-0.,-1.,0.));
#535 = FACE_BOUND('',#536,.F.);
#536 = EDGE_LOOP('',(#537));
#537 = ORIENTED_EDGE('',*,*,#538,.T.);
#538 = EDGE_CURVE('',#539,#539,#541,.T.);
#539 = VERTEX_POINT('',#540);
#540 = CARTESIAN_POINT('',(163.25,-93.42,0.));
#541 = CIRCLE('',#542,0.5);
#542 = AXIS2_PLACEMENT_3D('',#543,#544,#545);
#543 = CARTESIAN_POINT('',(163.25,-92.92,0.));
#544 = DIRECTION('',(-0.,0.,-1.));
#545 = DIRECTION('',(-0.,-1.,0.));
#546 = FACE_BOUND('',#547,.F.);
#547 = EDGE_LOOP('',(#548));
#548 = ORIENTED_EDGE('',*,*,#549,.T.);
#549 = EDGE_CURVE('',#550,#550,#552,.T.);
#550 = VERTEX_POINT('',#551);
#551 = CARTESIAN_POINT('',(163.25,-90.88,0.));
#552 = CIRCLE('',#553,0.5);
#553 = AXIS2_PLACEMENT_3D('',#554,#555,#556);
#554 = CARTESIAN_POINT('',(163.25,-90.38,0.));
#555 = DIRECTION('',(-0.,0.,-1.));
#556 = DIRECTION('',(-0.,-1.,0.));
#557 = FACE_BOUND('',#558,.F.);
#558 = EDGE_LOOP('',(#559,#570,#579,#587,#596,#605,#614,#622,#631,#640,
    #649,#657,#666,#675,#684,#692));
#559 = ORIENTED_EDGE('',*,*,#560,.F.);
#560 = EDGE_CURVE('',#561,#563,#565,.T.);
#561 = VERTEX_POINT('',#562);
#562 = CARTESIAN_POINT('',(172.749485,-110.477438,0.));
#563 = VERTEX_POINT('',#564);
#564 = CARTESIAN_POINT('',(172.046712,-109.82886,0.));
#565 = CIRCLE('',#566,0.499999422661);
#566 = AXIS2_PLACEMENT_3D('',#567,#568,#569);
#567 = CARTESIAN_POINT('',(172.29897029551,-110.26056033,0.));
#568 = DIRECTION('',(0.,0.,1.));
#569 = DIRECTION('',(0.901030449374,-0.433755840654,0.));
#570 = ORIENTED_EDGE('',*,*,#571,.F.);
#571 = EDGE_CURVE('',#572,#561,#574,.T.);
#572 = VERTEX_POINT('',#573);
#573 = CARTESIAN_POINT('',(172.7,-110.694315,0.));
#574 = CIRCLE('',#575,0.499989884977);
#575 = AXIS2_PLACEMENT_3D('',#576,#577,#578);
#576 = CARTESIAN_POINT('',(173.19998988497,-110.6943140791,0.));
#577 = DIRECTION('',(0.,0.,-1.));
#578 = DIRECTION('',(-0.999999999998,-1.841808653046E-06,-0.));
#579 = ORIENTED_EDGE('',*,*,#580,.F.);
#580 = EDGE_CURVE('',#581,#572,#583,.T.);
#581 = VERTEX_POINT('',#582);
#582 = CARTESIAN_POINT('',(172.7,-112.1,0.));
#583 = LINE('',#584,#585);
#584 = CARTESIAN_POINT('',(172.7,-112.1,0.));
#585 = VECTOR('',#586,1.);
#586 = DIRECTION('',(0.,1.,0.));
#587 = ORIENTED_EDGE('',*,*,#588,.F.);
#588 = EDGE_CURVE('',#589,#581,#591,.T.);
#589 = VERTEX_POINT('',#590);
#590 = CARTESIAN_POINT('',(172.749485,-112.316878,0.));
#591 = CIRCLE('',#592,0.499989885034);
#592 = AXIS2_PLACEMENT_3D('',#593,#594,#595);
#593 = CARTESIAN_POINT('',(173.19998988503,-112.1000019208,0.));
#594 = DIRECTION('',(0.,0.,-1.));
#595 = DIRECTION('',(-0.901027997796,-0.43376093322,-0.));
#596 = ORIENTED_EDGE('',*,*,#597,.F.);
#597 = EDGE_CURVE('',#598,#589,#600,.T.);
#598 = VERTEX_POINT('',#599);
#599 = CARTESIAN_POINT('',(172.046712,-112.965457,0.));
#600 = CIRCLE('',#601,0.499999448976);
#601 = AXIS2_PLACEMENT_3D('',#602,#603,#604);
#602 = CARTESIAN_POINT('',(172.29897090428,-112.5337569951,0.));
#603 = DIRECTION('',(0.,0.,1.));
#604 = DIRECTION('',(-0.504518364574,-0.863400961204,0.));
#605 = ORIENTED_EDGE('',*,*,#606,.F.);
#606 = EDGE_CURVE('',#607,#598,#609,.T.);
#607 = VERTEX_POINT('',#608);
#608 = CARTESIAN_POINT('',(171.794453,-112.897158,0.));
#609 = CIRCLE('',#610,0.500008729226);
#610 = AXIS2_PLACEMENT_3D('',#611,#612,#613);
#611 = CARTESIAN_POINT('',(171.79445134314,-113.3971667292,0.));
#612 = DIRECTION('',(0.,0.,-1.));
#613 = DIRECTION('',(3.313649317029E-06,0.999999999995,0.));
#614 = ORIENTED_EDGE('',*,*,#615,.F.);
#615 = EDGE_CURVE('',#616,#607,#618,.T.);
#616 = VERTEX_POINT('',#617);
#617 = CARTESIAN_POINT('',(170.205549,-112.897158,0.));
#618 = LINE('',#619,#620);
#619 = CARTESIAN_POINT('',(170.205549,-112.897158,0.));
#620 = VECTOR('',#621,1.);
#621 = DIRECTION('',(1.,0.,0.));
#622 = ORIENTED_EDGE('',*,*,#623,.F.);
#623 = EDGE_CURVE('',#624,#616,#626,.T.);
#624 = VERTEX_POINT('',#625);
#625 = CARTESIAN_POINT('',(169.953291,-112.965457,0.));
#626 = CIRCLE('',#627,0.500008729288);
#627 = AXIS2_PLACEMENT_3D('',#628,#629,#630);
#628 = CARTESIAN_POINT('',(170.20555165687,-113.3971667292,0.));
#629 = DIRECTION('',(0.,0.,-1.));
#630 = DIRECTION('',(-0.504512505685,0.863404384751,0.));
#631 = ORIENTED_EDGE('',*,*,#632,.F.);
#632 = EDGE_CURVE('',#633,#624,#635,.T.);
#633 = VERTEX_POINT('',#634);
#634 = CARTESIAN_POINT('',(169.250517,-112.316878,0.));
#635 = CIRCLE('',#636,0.500000669307);
#636 = AXIS2_PLACEMENT_3D('',#637,#638,#639);
#637 = CARTESIAN_POINT('',(169.7010335355,-112.5337547404,0.));
#638 = DIRECTION('',(0.,0.,1.));
#639 = DIRECTION('',(-0.901031864884,0.433752900236,0.));
#640 = ORIENTED_EDGE('',*,*,#641,.F.);
#641 = EDGE_CURVE('',#642,#633,#644,.T.);
#642 = VERTEX_POINT('',#643);
#643 = CARTESIAN_POINT('',(169.300002,-112.100001,0.));
#644 = CIRCLE('',#645,0.499989884978);
#645 = AXIS2_PLACEMENT_3D('',#646,#647,#648);
#646 = CARTESIAN_POINT('',(168.80001211502,-112.1000019208,0.));
#647 = DIRECTION('',(0.,0.,-1.));
#648 = DIRECTION('',(0.999999999998,1.841808596201E-06,0.));
#649 = ORIENTED_EDGE('',*,*,#650,.F.);
#650 = EDGE_CURVE('',#651,#642,#653,.T.);
#651 = VERTEX_POINT('',#652);
#652 = CARTESIAN_POINT('',(169.300002,-110.694316,0.));
#653 = LINE('',#654,#655);
#654 = CARTESIAN_POINT('',(169.300002,-110.694316,0.));
#655 = VECTOR('',#656,1.);
#656 = DIRECTION('',(0.,-1.,0.));
#657 = ORIENTED_EDGE('',*,*,#658,.F.);
#658 = EDGE_CURVE('',#659,#651,#661,.T.);
#659 = VERTEX_POINT('',#660);
#660 = CARTESIAN_POINT('',(169.250517,-110.477438,0.));
#661 = CIRCLE('',#662,0.499989885034);
#662 = AXIS2_PLACEMENT_3D('',#663,#664,#665);
#663 = CARTESIAN_POINT('',(168.80001211496,-110.6943140791,0.));
#664 = DIRECTION('',(0.,0.,-1.));
#665 = DIRECTION('',(0.901027997796,0.43376093322,0.));
#666 = ORIENTED_EDGE('',*,*,#667,.F.);
#667 = EDGE_CURVE('',#668,#659,#670,.T.);
#668 = VERTEX_POINT('',#669);
#669 = CARTESIAN_POINT('',(169.95329,-109.828859,0.));
#670 = CIRCLE('',#671,0.499999729127);
#671 = AXIS2_PLACEMENT_3D('',#672,#673,#674);
#672 = CARTESIAN_POINT('',(169.70103174567,-110.2605597091,0.));
#673 = DIRECTION('',(0.,0.,1.));
#674 = DIRECTION('',(0.504516781969,0.863401885979,-0.));
#675 = ORIENTED_EDGE('',*,*,#676,.F.);
#676 = EDGE_CURVE('',#677,#668,#679,.T.);
#677 = VERTEX_POINT('',#678);
#678 = CARTESIAN_POINT('',(170.205549,-109.897159,0.));
#679 = CIRCLE('',#680,0.50002311711);
#680 = AXIS2_PLACEMENT_3D('',#681,#682,#683);
#681 = CARTESIAN_POINT('',(170.20555626378,-109.3971358829,0.));
#682 = DIRECTION('',(0.,0.,-1.));
#683 = DIRECTION('',(-1.452689345975E-05,-0.999999999894,-0.));
#684 = ORIENTED_EDGE('',*,*,#685,.F.);
#685 = EDGE_CURVE('',#686,#677,#688,.T.);
#686 = VERTEX_POINT('',#687);
#687 = CARTESIAN_POINT('',(171.794454,-109.897159,0.));
#688 = LINE('',#689,#690);
#689 = CARTESIAN_POINT('',(171.794454,-109.897159,0.));
#690 = VECTOR('',#691,1.);
#691 = DIRECTION('',(-1.,0.,0.));
#692 = ORIENTED_EDGE('',*,*,#693,.F.);
#693 = EDGE_CURVE('',#563,#686,#694,.T.);
#694 = CIRCLE('',#695,0.500008729288);
#695 = AXIS2_PLACEMENT_3D('',#696,#697,#698);
#696 = CARTESIAN_POINT('',(171.79445134312,-109.3971502707,0.));
#697 = DIRECTION('',(0.,0.,-1.));
#698 = DIRECTION('',(0.504512505685,-0.863404384751,0.));
#699 = FACE_BOUND('',#700,.F.);
#700 = EDGE_LOOP('',(#701,#712,#721,#729,#738,#747,#756,#764,#773,#782,
    #791,#799,#808,#817,#826,#834));
#701 = ORIENTED_EDGE('',*,*,#702,.F.);
#702 = EDGE_CURVE('',#703,#705,#707,.T.);
#703 = VERTEX_POINT('',#704);
#704 = CARTESIAN_POINT('',(199.249485,-116.977438,0.));
#705 = VERTEX_POINT('',#706);
#706 = CARTESIAN_POINT('',(198.546712,-116.32886,0.));
#707 = CIRCLE('',#708,0.499999422661);
#708 = AXIS2_PLACEMENT_3D('',#709,#710,#711);
#709 = CARTESIAN_POINT('',(198.79897029551,-116.76056033,0.));
#710 = DIRECTION('',(0.,0.,1.));
#711 = DIRECTION('',(0.901030449374,-0.433755840654,0.));
#712 = ORIENTED_EDGE('',*,*,#713,.F.);
#713 = EDGE_CURVE('',#714,#703,#716,.T.);
#714 = VERTEX_POINT('',#715);
#715 = CARTESIAN_POINT('',(199.2,-117.194315,0.));
#716 = CIRCLE('',#717,0.499989884977);
#717 = AXIS2_PLACEMENT_3D('',#718,#719,#720);
#718 = CARTESIAN_POINT('',(199.69998988497,-117.1943140791,0.));
#719 = DIRECTION('',(0.,0.,-1.));
#720 = DIRECTION('',(-0.999999999998,-1.841808653046E-06,-0.));
#721 = ORIENTED_EDGE('',*,*,#722,.F.);
#722 = EDGE_CURVE('',#723,#714,#725,.T.);
#723 = VERTEX_POINT('',#724);
#724 = CARTESIAN_POINT('',(199.2,-118.6,0.));
#725 = LINE('',#726,#727);
#726 = CARTESIAN_POINT('',(199.2,-118.6,0.));
#727 = VECTOR('',#728,1.);
#728 = DIRECTION('',(0.,1.,0.));
#729 = ORIENTED_EDGE('',*,*,#730,.F.);
#730 = EDGE_CURVE('',#731,#723,#733,.T.);
#731 = VERTEX_POINT('',#732);
#732 = CARTESIAN_POINT('',(199.249485,-118.816878,0.));
#733 = CIRCLE('',#734,0.499989885034);
#734 = AXIS2_PLACEMENT_3D('',#735,#736,#737);
#735 = CARTESIAN_POINT('',(199.69998988503,-118.6000019208,0.));
#736 = DIRECTION('',(0.,0.,-1.));
#737 = DIRECTION('',(-0.901027997796,-0.43376093322,-0.));
#738 = ORIENTED_EDGE('',*,*,#739,.F.);
#739 = EDGE_CURVE('',#740,#731,#742,.T.);
#740 = VERTEX_POINT('',#741);
#741 = CARTESIAN_POINT('',(198.546712,-119.465457,0.));
#742 = CIRCLE('',#743,0.499999448976);
#743 = AXIS2_PLACEMENT_3D('',#744,#745,#746);
#744 = CARTESIAN_POINT('',(198.79897090428,-119.0337569951,0.));
#745 = DIRECTION('',(0.,0.,1.));
#746 = DIRECTION('',(-0.504518364574,-0.863400961204,0.));
#747 = ORIENTED_EDGE('',*,*,#748,.F.);
#748 = EDGE_CURVE('',#749,#740,#751,.T.);
#749 = VERTEX_POINT('',#750);
#750 = CARTESIAN_POINT('',(198.294453,-119.397158,0.));
#751 = CIRCLE('',#752,0.500008729226);
#752 = AXIS2_PLACEMENT_3D('',#753,#754,#755);
#753 = CARTESIAN_POINT('',(198.29445134314,-119.8971667292,0.));
#754 = DIRECTION('',(0.,0.,-1.));
#755 = DIRECTION('',(3.313649317029E-06,0.999999999995,0.));
#756 = ORIENTED_EDGE('',*,*,#757,.F.);
#757 = EDGE_CURVE('',#758,#749,#760,.T.);
#758 = VERTEX_POINT('',#759);
#759 = CARTESIAN_POINT('',(196.705549,-119.397158,0.));
#760 = LINE('',#761,#762);
#761 = CARTESIAN_POINT('',(196.705549,-119.397158,0.));
#762 = VECTOR('',#763,1.);
#763 = DIRECTION('',(1.,0.,0.));
#764 = ORIENTED_EDGE('',*,*,#765,.F.);
#765 = EDGE_CURVE('',#766,#758,#768,.T.);
#766 = VERTEX_POINT('',#767);
#767 = CARTESIAN_POINT('',(196.453291,-119.465457,0.));
#768 = CIRCLE('',#769,0.500008729288);
#769 = AXIS2_PLACEMENT_3D('',#770,#771,#772);
#770 = CARTESIAN_POINT('',(196.70555165687,-119.8971667292,0.));
#771 = DIRECTION('',(0.,0.,-1.));
#772 = DIRECTION('',(-0.504512505685,0.863404384751,0.));
#773 = ORIENTED_EDGE('',*,*,#774,.F.);
#774 = EDGE_CURVE('',#775,#766,#777,.T.);
#775 = VERTEX_POINT('',#776);
#776 = CARTESIAN_POINT('',(195.750517,-118.816878,0.));
#777 = CIRCLE('',#778,0.500000669307);
#778 = AXIS2_PLACEMENT_3D('',#779,#780,#781);
#779 = CARTESIAN_POINT('',(196.2010335355,-119.0337547404,0.));
#780 = DIRECTION('',(0.,0.,1.));
#781 = DIRECTION('',(-0.901031864884,0.433752900236,0.));
#782 = ORIENTED_EDGE('',*,*,#783,.F.);
#783 = EDGE_CURVE('',#784,#775,#786,.T.);
#784 = VERTEX_POINT('',#785);
#785 = CARTESIAN_POINT('',(195.800002,-118.600001,0.));
#786 = CIRCLE('',#787,0.499989884978);
#787 = AXIS2_PLACEMENT_3D('',#788,#789,#790);
#788 = CARTESIAN_POINT('',(195.30001211502,-118.6000019208,0.));
#789 = DIRECTION('',(0.,0.,-1.));
#790 = DIRECTION('',(0.999999999998,1.841808596201E-06,0.));
#791 = ORIENTED_EDGE('',*,*,#792,.F.);
#792 = EDGE_CURVE('',#793,#784,#795,.T.);
#793 = VERTEX_POINT('',#794);
#794 = CARTESIAN_POINT('',(195.800002,-117.194316,0.));
#795 = LINE('',#796,#797);
#796 = CARTESIAN_POINT('',(195.800002,-117.194316,0.));
#797 = VECTOR('',#798,1.);
#798 = DIRECTION('',(0.,-1.,0.));
#799 = ORIENTED_EDGE('',*,*,#800,.F.);
#800 = EDGE_CURVE('',#801,#793,#803,.T.);
#801 = VERTEX_POINT('',#802);
#802 = CARTESIAN_POINT('',(195.750517,-116.977438,0.));
#803 = CIRCLE('',#804,0.499989885034);
#804 = AXIS2_PLACEMENT_3D('',#805,#806,#807);
#805 = CARTESIAN_POINT('',(195.30001211496,-117.1943140791,0.));
#806 = DIRECTION('',(0.,0.,-1.));
#807 = DIRECTION('',(0.901027997796,0.43376093322,0.));
#808 = ORIENTED_EDGE('',*,*,#809,.F.);
#809 = EDGE_CURVE('',#810,#801,#812,.T.);
#810 = VERTEX_POINT('',#811);
#811 = CARTESIAN_POINT('',(196.45329,-116.328859,0.));
#812 = CIRCLE('',#813,0.499999729127);
#813 = AXIS2_PLACEMENT_3D('',#814,#815,#816);
#814 = CARTESIAN_POINT('',(196.20103174567,-116.7605597091,0.));
#815 = DIRECTION('',(0.,0.,1.));
#816 = DIRECTION('',(0.504516781969,0.863401885979,-0.));
#817 = ORIENTED_EDGE('',*,*,#818,.F.);
#818 = EDGE_CURVE('',#819,#810,#821,.T.);
#819 = VERTEX_POINT('',#820);
#820 = CARTESIAN_POINT('',(196.705549,-116.397159,0.));
#821 = CIRCLE('',#822,0.50002311711);
#822 = AXIS2_PLACEMENT_3D('',#823,#824,#825);
#823 = CARTESIAN_POINT('',(196.70555626378,-115.8971358829,0.));
#824 = DIRECTION('',(0.,0.,-1.));
#825 = DIRECTION('',(-1.452689345975E-05,-0.999999999894,-0.));
#826 = ORIENTED_EDGE('',*,*,#827,.F.);
#827 = EDGE_CURVE('',#828,#819,#830,.T.);
#828 = VERTEX_POINT('',#829);
#829 = CARTESIAN_POINT('',(198.294454,-116.397159,0.));
#830 = LINE('',#831,#832);
#831 = CARTESIAN_POINT('',(198.294454,-116.397159,0.));
#832 = VECTOR('',#833,1.);
#833 = DIRECTION('',(-1.,0.,0.));
#834 = ORIENTED_EDGE('',*,*,#835,.F.);
#835 = EDGE_CURVE('',#705,#828,#836,.T.);
#836 = CIRCLE('',#837,0.500008729288);
#837 = AXIS2_PLACEMENT_3D('',#838,#839,#840);
#838 = CARTESIAN_POINT('',(198.29445134312,-115.8971502707,0.));
#839 = DIRECTION('',(0.,0.,-1.));
#840 = DIRECTION('',(0.504512505685,-0.863404384751,0.));
#841 = FACE_BOUND('',#842,.F.);
#842 = EDGE_LOOP('',(#843));
#843 = ORIENTED_EDGE('',*,*,#844,.T.);
#844 = EDGE_CURVE('',#845,#845,#847,.T.);
#845 = VERTEX_POINT('',#846);
#846 = CARTESIAN_POINT('',(178.5,-101.04,0.));
#847 = CIRCLE('',#848,0.5);
#848 = AXIS2_PLACEMENT_3D('',#849,#850,#851);
#849 = CARTESIAN_POINT('',(178.5,-100.54,0.));
#850 = DIRECTION('',(-0.,0.,-1.));
#851 = DIRECTION('',(-0.,-1.,0.));
#852 = FACE_BOUND('',#853,.F.);
#853 = EDGE_LOOP('',(#854));
#854 = ORIENTED_EDGE('',*,*,#855,.T.);
#855 = EDGE_CURVE('',#856,#856,#858,.T.);
#856 = VERTEX_POINT('',#857);
#857 = CARTESIAN_POINT('',(188.92,-101.35,0.));
#858 = CIRCLE('',#859,0.85);
#859 = AXIS2_PLACEMENT_3D('',#860,#861,#862);
#860 = CARTESIAN_POINT('',(188.92,-100.5,0.));
#861 = DIRECTION('',(-0.,0.,-1.));
#862 = DIRECTION('',(-3.343730521224E-14,-1.,0.));
#863 = FACE_BOUND('',#864,.F.);
#864 = EDGE_LOOP('',(#865));
#865 = ORIENTED_EDGE('',*,*,#866,.T.);
#866 = EDGE_CURVE('',#867,#867,#869,.T.);
#867 = VERTEX_POINT('',#868);
#868 = CARTESIAN_POINT('',(194.,-102.5,0.));
#869 = CIRCLE('',#870,2.);
#870 = AXIS2_PLACEMENT_3D('',#871,#872,#873);
#871 = CARTESIAN_POINT('',(194.,-100.5,0.));
#872 = DIRECTION('',(-0.,0.,-1.));
#873 = DIRECTION('',(-0.,-1.,0.));
#874 = FACE_BOUND('',#875,.F.);
#875 = EDGE_LOOP('',(#876));
#876 = ORIENTED_EDGE('',*,*,#877,.T.);
#877 = EDGE_CURVE('',#878,#878,#880,.T.);
#878 = VERTEX_POINT('',#879);
#879 = CARTESIAN_POINT('',(178.5,-98.5,0.));
#880 = CIRCLE('',#881,0.5);
#881 = AXIS2_PLACEMENT_3D('',#882,#883,#884);
#882 = CARTESIAN_POINT('',(178.5,-98.,0.));
#883 = DIRECTION('',(-0.,0.,-1.));
#884 = DIRECTION('',(-0.,-1.,0.));
#885 = FACE_BOUND('',#886,.F.);
#886 = EDGE_LOOP('',(#887));
#887 = ORIENTED_EDGE('',*,*,#888,.T.);
#888 = EDGE_CURVE('',#889,#889,#891,.T.);
#889 = VERTEX_POINT('',#890);
#890 = CARTESIAN_POINT('',(178.5,-95.96,0.));
#891 = CIRCLE('',#892,0.5);
#892 = AXIS2_PLACEMENT_3D('',#893,#894,#895);
#893 = CARTESIAN_POINT('',(178.5,-95.46,0.));
#894 = DIRECTION('',(-0.,0.,-1.));
#895 = DIRECTION('',(-0.,-1.,0.));
#896 = FACE_BOUND('',#897,.F.);
#897 = EDGE_LOOP('',(#898));
#898 = ORIENTED_EDGE('',*,*,#899,.T.);
#899 = EDGE_CURVE('',#900,#900,#902,.T.);
#900 = VERTEX_POINT('',#901);
#901 = CARTESIAN_POINT('',(178.5,-93.42,0.));
#902 = CIRCLE('',#903,0.5);
#903 = AXIS2_PLACEMENT_3D('',#904,#905,#906);
#904 = CARTESIAN_POINT('',(178.5,-92.92,0.));
#905 = DIRECTION('',(-0.,0.,-1.));
#906 = DIRECTION('',(-0.,-1.,0.));
#907 = FACE_BOUND('',#908,.F.);
#908 = EDGE_LOOP('',(#909));
#909 = ORIENTED_EDGE('',*,*,#910,.T.);
#910 = EDGE_CURVE('',#911,#911,#913,.T.);
#911 = VERTEX_POINT('',#912);
#912 = CARTESIAN_POINT('',(178.5,-90.88,0.));
#913 = CIRCLE('',#914,0.5);
#914 = AXIS2_PLACEMENT_3D('',#915,#916,#917);
#915 = CARTESIAN_POINT('',(178.5,-90.38,0.));
#916 = DIRECTION('',(-0.,0.,-1.));
#917 = DIRECTION('',(-0.,-1.,0.));
#918 = FACE_BOUND('',#919,.F.);
#919 = EDGE_LOOP('',(#920));
#920 = ORIENTED_EDGE('',*,*,#921,.T.);
#921 = EDGE_CURVE('',#922,#922,#924,.T.);
#922 = VERTEX_POINT('',#923);
#923 = CARTESIAN_POINT('',(190.19,-98.71,0.));
#924 = CIRCLE('',#925,0.75);
#925 = AXIS2_PLACEMENT_3D('',#926,#927,#928);
#926 = CARTESIAN_POINT('',(190.19,-97.96,0.));
#927 = DIRECTION('',(-0.,0.,-1.));
#928 = DIRECTION('',(-0.,-1.,0.));
#929 = FACE_BOUND('',#930,.F.);
#930 = EDGE_LOOP('',(#931));
#931 = ORIENTED_EDGE('',*,*,#932,.T.);
#932 = EDGE_CURVE('',#933,#933,#935,.T.);
#933 = VERTEX_POINT('',#934);
#934 = CARTESIAN_POINT('',(199.08,-101.35,0.));
#935 = CIRCLE('',#936,0.85);
#936 = AXIS2_PLACEMENT_3D('',#937,#938,#939);
#937 = CARTESIAN_POINT('',(199.08,-100.5,0.));
#938 = DIRECTION('',(-0.,0.,-1.));
#939 = DIRECTION('',(3.343730521224E-14,-1.,-0.));
#940 = FACE_BOUND('',#941,.F.);
#941 = EDGE_LOOP('',(#942));
#942 = ORIENTED_EDGE('',*,*,#943,.T.);
#943 = EDGE_CURVE('',#944,#944,#946,.T.);
#944 = VERTEX_POINT('',#945);
#945 = CARTESIAN_POINT('',(196.54,-96.17,0.));
#946 = CIRCLE('',#947,0.75);
#947 = AXIS2_PLACEMENT_3D('',#948,#949,#950);
#948 = CARTESIAN_POINT('',(196.54,-95.42,0.));
#949 = DIRECTION('',(-0.,0.,-1.));
#950 = DIRECTION('',(-0.,-1.,0.));
#951 = FACE_BOUND('',#952,.F.);
#952 = EDGE_LOOP('',(#953,#964,#973,#981,#990,#999,#1008,#1016,#1025,
    #1034,#1043,#1051,#1060,#1069,#1078,#1086));
#953 = ORIENTED_EDGE('',*,*,#954,.F.);
#954 = EDGE_CURVE('',#955,#957,#959,.T.);
#955 = VERTEX_POINT('',#956);
#956 = CARTESIAN_POINT('',(133.749485,-84.977438,0.));
#957 = VERTEX_POINT('',#958);
#958 = CARTESIAN_POINT('',(133.046712,-84.32886,0.));
#959 = CIRCLE('',#960,0.499999422661);
#960 = AXIS2_PLACEMENT_3D('',#961,#962,#963);
#961 = CARTESIAN_POINT('',(133.29897029551,-84.76056033009,0.));
#962 = DIRECTION('',(0.,0.,1.));
#963 = DIRECTION('',(0.901030449374,-0.433755840654,0.));
#964 = ORIENTED_EDGE('',*,*,#965,.F.);
#965 = EDGE_CURVE('',#966,#955,#968,.T.);
#966 = VERTEX_POINT('',#967);
#967 = CARTESIAN_POINT('',(133.7,-85.194316,0.));
#968 = CIRCLE('',#969,0.499989885034);
#969 = AXIS2_PLACEMENT_3D('',#970,#971,#972);
#970 = CARTESIAN_POINT('',(134.19998988503,-85.19431407913,0.));
#971 = DIRECTION('',(0.,0.,-1.));
#972 = DIRECTION('',(-0.999999999993,-3.841811448942E-06,-0.));
#973 = ORIENTED_EDGE('',*,*,#974,.F.);
#974 = EDGE_CURVE('',#975,#966,#977,.T.);
#975 = VERTEX_POINT('',#976);
#976 = CARTESIAN_POINT('',(133.7,-86.6,0.));
#977 = LINE('',#978,#979);
#978 = CARTESIAN_POINT('',(133.7,-86.6,0.));
#979 = VECTOR('',#980,1.);
#980 = DIRECTION('',(0.,1.,0.));
#981 = ORIENTED_EDGE('',*,*,#982,.F.);
#982 = EDGE_CURVE('',#983,#975,#985,.T.);
#983 = VERTEX_POINT('',#984);
#984 = CARTESIAN_POINT('',(133.749485,-86.816878,0.));
#985 = CIRCLE('',#986,0.499989885034);
#986 = AXIS2_PLACEMENT_3D('',#987,#988,#989);
#987 = CARTESIAN_POINT('',(134.19998988503,-86.60000192086,0.));
#988 = DIRECTION('',(0.,0.,-1.));
#989 = DIRECTION('',(-0.901027997796,-0.43376093322,-0.));
#990 = ORIENTED_EDGE('',*,*,#991,.F.);
#991 = EDGE_CURVE('',#992,#983,#994,.T.);
#992 = VERTEX_POINT('',#993);
#993 = CARTESIAN_POINT('',(133.046712,-87.465457,0.));
#994 = CIRCLE('',#995,0.499999448976);
#995 = AXIS2_PLACEMENT_3D('',#996,#997,#998);
#996 = CARTESIAN_POINT('',(133.29897090428,-87.03375699515,0.));
#997 = DIRECTION('',(0.,0.,1.));
#998 = DIRECTION('',(-0.504518364574,-0.863400961204,0.));
#999 = ORIENTED_EDGE('',*,*,#1000,.F.);
#1000 = EDGE_CURVE('',#1001,#992,#1003,.T.);
#1001 = VERTEX_POINT('',#1002);
#1002 = CARTESIAN_POINT('',(132.794453,-87.397158,0.));
#1003 = CIRCLE('',#1004,0.500008729226);
#1004 = AXIS2_PLACEMENT_3D('',#1005,#1006,#1007);
#1005 = CARTESIAN_POINT('',(132.79445134314,-87.89716672922,0.));
#1006 = DIRECTION('',(0.,0.,-1.));
#1007 = DIRECTION('',(3.313649317029E-06,0.999999999995,0.));
#1008 = ORIENTED_EDGE('',*,*,#1009,.F.);
#1009 = EDGE_CURVE('',#1010,#1001,#1012,.T.);
#1010 = VERTEX_POINT('',#1011);
#1011 = CARTESIAN_POINT('',(131.205549,-87.397158,0.));
#1012 = LINE('',#1013,#1014);
#1013 = CARTESIAN_POINT('',(131.205549,-87.397158,0.));
#1014 = VECTOR('',#1015,1.);
#1015 = DIRECTION('',(1.,0.,0.));
#1016 = ORIENTED_EDGE('',*,*,#1017,.F.);
#1017 = EDGE_CURVE('',#1018,#1010,#1020,.T.);
#1018 = VERTEX_POINT('',#1019);
#1019 = CARTESIAN_POINT('',(130.953291,-87.465457,0.));
#1020 = CIRCLE('',#1021,0.500008729288);
#1021 = AXIS2_PLACEMENT_3D('',#1022,#1023,#1024);
#1022 = CARTESIAN_POINT('',(131.20555165687,-87.89716672928,0.));
#1023 = DIRECTION('',(0.,0.,-1.));
#1024 = DIRECTION('',(-0.504512505685,0.863404384751,0.));
#1025 = ORIENTED_EDGE('',*,*,#1026,.F.);
#1026 = EDGE_CURVE('',#1027,#1018,#1029,.T.);
#1027 = VERTEX_POINT('',#1028);
#1028 = CARTESIAN_POINT('',(130.250517,-86.816878,0.));
#1029 = CIRCLE('',#1030,0.500000669307);
#1030 = AXIS2_PLACEMENT_3D('',#1031,#1032,#1033);
#1031 = CARTESIAN_POINT('',(130.7010335355,-87.03375474043,0.));
#1032 = DIRECTION('',(0.,0.,1.));
#1033 = DIRECTION('',(-0.901031864884,0.433752900236,0.));
#1034 = ORIENTED_EDGE('',*,*,#1035,.F.);
#1035 = EDGE_CURVE('',#1036,#1027,#1038,.T.);
#1036 = VERTEX_POINT('',#1037);
#1037 = CARTESIAN_POINT('',(130.300002,-86.600001,0.));
#1038 = CIRCLE('',#1039,0.499989884978);
#1039 = AXIS2_PLACEMENT_3D('',#1040,#1041,#1042);
#1040 = CARTESIAN_POINT('',(129.80001211502,-86.60000192088,0.));
#1041 = DIRECTION('',(0.,0.,-1.));
#1042 = DIRECTION('',(0.999999999998,1.841808596201E-06,0.));
#1043 = ORIENTED_EDGE('',*,*,#1044,.F.);
#1044 = EDGE_CURVE('',#1045,#1036,#1047,.T.);
#1045 = VERTEX_POINT('',#1046);
#1046 = CARTESIAN_POINT('',(130.300002,-85.194316,0.));
#1047 = LINE('',#1048,#1049);
#1048 = CARTESIAN_POINT('',(130.300002,-85.194316,0.));
#1049 = VECTOR('',#1050,1.);
#1050 = DIRECTION('',(0.,-1.,0.));
#1051 = ORIENTED_EDGE('',*,*,#1052,.F.);
#1052 = EDGE_CURVE('',#1053,#1045,#1055,.T.);
#1053 = VERTEX_POINT('',#1054);
#1054 = CARTESIAN_POINT('',(130.250517,-84.977438,0.));
#1055 = CIRCLE('',#1056,0.499989885034);
#1056 = AXIS2_PLACEMENT_3D('',#1057,#1058,#1059);
#1057 = CARTESIAN_POINT('',(129.80001211496,-85.19431407913,0.));
#1058 = DIRECTION('',(0.,0.,-1.));
#1059 = DIRECTION('',(0.901027997796,0.43376093322,0.));
#1060 = ORIENTED_EDGE('',*,*,#1061,.F.);
#1061 = EDGE_CURVE('',#1062,#1053,#1064,.T.);
#1062 = VERTEX_POINT('',#1063);
#1063 = CARTESIAN_POINT('',(130.95329,-84.328859,0.));
#1064 = CIRCLE('',#1065,0.499999729127);
#1065 = AXIS2_PLACEMENT_3D('',#1066,#1067,#1068);
#1066 = CARTESIAN_POINT('',(130.70103174567,-84.76055970911,0.));
#1067 = DIRECTION('',(0.,0.,1.));
#1068 = DIRECTION('',(0.504516781969,0.863401885979,-0.));
#1069 = ORIENTED_EDGE('',*,*,#1070,.F.);
#1070 = EDGE_CURVE('',#1071,#1062,#1073,.T.);
#1071 = VERTEX_POINT('',#1072);
#1072 = CARTESIAN_POINT('',(131.205548,-84.397158,0.));
#1073 = CIRCLE('',#1074,0.500008729288);
#1074 = AXIS2_PLACEMENT_3D('',#1075,#1076,#1077);
#1075 = CARTESIAN_POINT('',(131.20555065687,-83.89714927071,0.));
#1076 = DIRECTION('',(0.,0.,-1.));
#1077 = DIRECTION('',(-5.313662938456E-06,-0.999999999986,-0.));
#1078 = ORIENTED_EDGE('',*,*,#1079,.F.);
#1079 = EDGE_CURVE('',#1080,#1071,#1082,.T.);
#1080 = VERTEX_POINT('',#1081);
#1081 = CARTESIAN_POINT('',(132.794454,-84.397159,0.));
#1082 = LINE('',#1083,#1084);
#1083 = CARTESIAN_POINT('',(132.794454,-84.397159,0.));
#1084 = VECTOR('',#1085,1.);
#1085 = DIRECTION('',(-1.,6.29363850017E-07,0.));
#1086 = ORIENTED_EDGE('',*,*,#1087,.F.);
#1087 = EDGE_CURVE('',#957,#1080,#1088,.T.);
#1088 = CIRCLE('',#1089,0.500008729288);
#1089 = AXIS2_PLACEMENT_3D('',#1090,#1091,#1092);
#1090 = CARTESIAN_POINT('',(132.79445134312,-83.89715027071,0.));
#1091 = DIRECTION('',(0.,0.,-1.));
#1092 = DIRECTION('',(0.504512505685,-0.863404384751,0.));
#1093 = FACE_BOUND('',#1094,.F.);
#1094 = EDGE_LOOP('',(#1095));
#1095 = ORIENTED_EDGE('',*,*,#1096,.T.);
#1096 = EDGE_CURVE('',#1097,#1097,#1099,.T.);
#1097 = VERTEX_POINT('',#1098);
#1098 = CARTESIAN_POINT('',(129.4,-80.,0.));
#1099 = CIRCLE('',#1100,0.5);
#1100 = AXIS2_PLACEMENT_3D('',#1101,#1102,#1103);
#1101 = CARTESIAN_POINT('',(129.4,-79.5,0.));
#1102 = DIRECTION('',(-0.,0.,-1.));
#1103 = DIRECTION('',(-0.,-1.,0.));
#1104 = FACE_BOUND('',#1105,.F.);
#1105 = EDGE_LOOP('',(#1106));
#1106 = ORIENTED_EDGE('',*,*,#1107,.T.);
#1107 = EDGE_CURVE('',#1108,#1108,#1110,.T.);
#1108 = VERTEX_POINT('',#1109);
#1109 = CARTESIAN_POINT('',(131.9,-80.,0.));
#1110 = CIRCLE('',#1111,0.5);
#1111 = AXIS2_PLACEMENT_3D('',#1112,#1113,#1114);
#1112 = CARTESIAN_POINT('',(131.9,-79.5,0.));
#1113 = DIRECTION('',(-0.,0.,-1.));
#1114 = DIRECTION('',(-0.,-1.,0.));
#1115 = FACE_BOUND('',#1116,.F.);
#1116 = EDGE_LOOP('',(#1117,#1128,#1137,#1145,#1154,#1163,#1172,#1180,
    #1189,#1198,#1207,#1215,#1224,#1233,#1242,#1250));
#1117 = ORIENTED_EDGE('',*,*,#1118,.F.);
#1118 = EDGE_CURVE('',#1119,#1121,#1123,.T.);
#1119 = VERTEX_POINT('',#1120);
#1120 = CARTESIAN_POINT('',(121.977438,-70.250515,0.));
#1121 = VERTEX_POINT('',#1122);
#1122 = CARTESIAN_POINT('',(121.32886,-70.953288,0.));
#1123 = CIRCLE('',#1124,0.499999422661);
#1124 = AXIS2_PLACEMENT_3D('',#1125,#1126,#1127);
#1125 = CARTESIAN_POINT('',(121.76056033009,-70.70102970448,0.));
#1126 = DIRECTION('',(0.,0.,1.));
#1127 = DIRECTION('',(0.433755840654,0.901030449374,-0.));
#1128 = ORIENTED_EDGE('',*,*,#1129,.F.);
#1129 = EDGE_CURVE('',#1130,#1119,#1132,.T.);
#1130 = VERTEX_POINT('',#1131);
#1131 = CARTESIAN_POINT('',(122.194315,-70.3,0.));
#1132 = CIRCLE('',#1133,0.499989884978);
#1133 = AXIS2_PLACEMENT_3D('',#1134,#1135,#1136);
#1134 = CARTESIAN_POINT('',(122.19431407911,-69.80001011502,0.));
#1135 = DIRECTION('',(0.,0.,-1.));
#1136 = DIRECTION('',(1.841808653046E-06,-0.999999999998,0.));
#1137 = ORIENTED_EDGE('',*,*,#1138,.F.);
#1138 = EDGE_CURVE('',#1139,#1130,#1141,.T.);
#1139 = VERTEX_POINT('',#1140);
#1140 = CARTESIAN_POINT('',(123.6,-70.3,0.));
#1141 = LINE('',#1142,#1143);
#1142 = CARTESIAN_POINT('',(123.6,-70.3,0.));
#1143 = VECTOR('',#1144,1.);
#1144 = DIRECTION('',(-1.,0.,0.));
#1145 = ORIENTED_EDGE('',*,*,#1146,.F.);
#1146 = EDGE_CURVE('',#1147,#1139,#1149,.T.);
#1147 = VERTEX_POINT('',#1148);
#1148 = CARTESIAN_POINT('',(123.816878,-70.250515,0.));
#1149 = CIRCLE('',#1150,0.499989885034);
#1150 = AXIS2_PLACEMENT_3D('',#1151,#1152,#1153);
#1151 = CARTESIAN_POINT('',(123.60000192086,-69.80001011496,0.));
#1152 = DIRECTION('',(0.,0.,-1.));
#1153 = DIRECTION('',(0.43376093322,-0.901027997796,0.));
#1154 = ORIENTED_EDGE('',*,*,#1155,.F.);
#1155 = EDGE_CURVE('',#1156,#1147,#1158,.T.);
#1156 = VERTEX_POINT('',#1157);
#1157 = CARTESIAN_POINT('',(124.465457,-70.953288,0.));
#1158 = CIRCLE('',#1159,0.499999448976);
#1159 = AXIS2_PLACEMENT_3D('',#1160,#1161,#1162);
#1160 = CARTESIAN_POINT('',(124.03375699515,-70.70102909571,0.));
#1161 = DIRECTION('',(0.,0.,1.));
#1162 = DIRECTION('',(0.863400961204,-0.504518364574,0.));
#1163 = ORIENTED_EDGE('',*,*,#1164,.F.);
#1164 = EDGE_CURVE('',#1165,#1156,#1167,.T.);
#1165 = VERTEX_POINT('',#1166);
#1166 = CARTESIAN_POINT('',(124.397158,-71.205547,0.));
#1167 = CIRCLE('',#1168,0.500008729226);
#1168 = AXIS2_PLACEMENT_3D('',#1169,#1170,#1171);
#1169 = CARTESIAN_POINT('',(124.89716672922,-71.20554865685,0.));
#1170 = DIRECTION('',(0.,0.,-1.));
#1171 = DIRECTION('',(-0.999999999995,3.313649288608E-06,0.));
#1172 = ORIENTED_EDGE('',*,*,#1173,.F.);
#1173 = EDGE_CURVE('',#1174,#1165,#1176,.T.);
#1174 = VERTEX_POINT('',#1175);
#1175 = CARTESIAN_POINT('',(124.397158,-72.794451,0.));
#1176 = LINE('',#1177,#1178);
#1177 = CARTESIAN_POINT('',(124.397158,-72.794451,0.));
#1178 = VECTOR('',#1179,1.);
#1179 = DIRECTION('',(0.,1.,0.));
#1180 = ORIENTED_EDGE('',*,*,#1181,.F.);
#1181 = EDGE_CURVE('',#1182,#1174,#1184,.T.);
#1182 = VERTEX_POINT('',#1183);
#1183 = CARTESIAN_POINT('',(124.465457,-73.046709,0.));
#1184 = CIRCLE('',#1185,0.500008729288);
#1185 = AXIS2_PLACEMENT_3D('',#1186,#1187,#1188);
#1186 = CARTESIAN_POINT('',(124.89716672928,-72.79444834312,0.));
#1187 = DIRECTION('',(0.,0.,-1.));
#1188 = DIRECTION('',(-0.863404384751,-0.504512505685,-0.));
#1189 = ORIENTED_EDGE('',*,*,#1190,.F.);
#1190 = EDGE_CURVE('',#1191,#1182,#1193,.T.);
#1191 = VERTEX_POINT('',#1192);
#1192 = CARTESIAN_POINT('',(123.816878,-73.749483,0.));
#1193 = CIRCLE('',#1194,0.500000669307);
#1194 = AXIS2_PLACEMENT_3D('',#1195,#1196,#1197);
#1195 = CARTESIAN_POINT('',(124.03375474043,-73.29896646449,0.));
#1196 = DIRECTION('',(0.,0.,1.));
#1197 = DIRECTION('',(-0.433752900236,-0.901031864884,0.));
#1198 = ORIENTED_EDGE('',*,*,#1199,.F.);
#1199 = EDGE_CURVE('',#1200,#1191,#1202,.T.);
#1200 = VERTEX_POINT('',#1201);
#1201 = CARTESIAN_POINT('',(123.600001,-73.699998,0.));
#1202 = CIRCLE('',#1203,0.499989884978);
#1203 = AXIS2_PLACEMENT_3D('',#1204,#1205,#1206);
#1204 = CARTESIAN_POINT('',(123.60000192088,-74.19998788497,0.));
#1205 = DIRECTION('',(0.,0.,-1.));
#1206 = DIRECTION('',(-1.841808596201E-06,0.999999999998,0.));
#1207 = ORIENTED_EDGE('',*,*,#1208,.F.);
#1208 = EDGE_CURVE('',#1209,#1200,#1211,.T.);
#1209 = VERTEX_POINT('',#1210);
#1210 = CARTESIAN_POINT('',(122.194316,-73.699998,0.));
#1211 = LINE('',#1212,#1213);
#1212 = CARTESIAN_POINT('',(122.194316,-73.699998,0.));
#1213 = VECTOR('',#1214,1.);
#1214 = DIRECTION('',(1.,0.,0.));
#1215 = ORIENTED_EDGE('',*,*,#1216,.F.);
#1216 = EDGE_CURVE('',#1217,#1209,#1219,.T.);
#1217 = VERTEX_POINT('',#1218);
#1218 = CARTESIAN_POINT('',(121.977438,-73.749483,0.));
#1219 = CIRCLE('',#1220,0.499989885034);
#1220 = AXIS2_PLACEMENT_3D('',#1221,#1222,#1223);
#1221 = CARTESIAN_POINT('',(122.19431407913,-74.19998788503,0.));
#1222 = DIRECTION('',(0.,0.,-1.));
#1223 = DIRECTION('',(-0.43376093322,0.901027997796,0.));
#1224 = ORIENTED_EDGE('',*,*,#1225,.F.);
#1225 = EDGE_CURVE('',#1226,#1217,#1228,.T.);
#1226 = VERTEX_POINT('',#1227);
#1227 = CARTESIAN_POINT('',(121.328859,-73.04671,0.));
#1228 = CIRCLE('',#1229,0.499999729127);
#1229 = AXIS2_PLACEMENT_3D('',#1230,#1231,#1232);
#1230 = CARTESIAN_POINT('',(121.76055970911,-73.29896825432,0.));
#1231 = DIRECTION('',(0.,0.,1.));
#1232 = DIRECTION('',(-0.863401885979,0.504516781968,0.));
#1233 = ORIENTED_EDGE('',*,*,#1234,.F.);
#1234 = EDGE_CURVE('',#1235,#1226,#1237,.T.);
#1235 = VERTEX_POINT('',#1236);
#1236 = CARTESIAN_POINT('',(121.397159,-72.794451,0.));
#1237 = CIRCLE('',#1238,0.50002311711);
#1238 = AXIS2_PLACEMENT_3D('',#1239,#1240,#1241);
#1239 = CARTESIAN_POINT('',(120.89713588294,-72.79444373621,0.));
#1240 = DIRECTION('',(0.,0.,-1.));
#1241 = DIRECTION('',(0.999999999894,-1.452689337449E-05,0.));
#1242 = ORIENTED_EDGE('',*,*,#1243,.F.);
#1243 = EDGE_CURVE('',#1244,#1235,#1246,.T.);
#1244 = VERTEX_POINT('',#1245);
#1245 = CARTESIAN_POINT('',(121.397159,-71.205546,0.));
#1246 = LINE('',#1247,#1248);
#1247 = CARTESIAN_POINT('',(121.397159,-71.205546,0.));
#1248 = VECTOR('',#1249,1.);
#1249 = DIRECTION('',(0.,-1.,0.));
#1250 = ORIENTED_EDGE('',*,*,#1251,.F.);
#1251 = EDGE_CURVE('',#1121,#1244,#1252,.T.);
#1252 = CIRCLE('',#1253,0.500008729288);
#1253 = AXIS2_PLACEMENT_3D('',#1254,#1255,#1256);
#1254 = CARTESIAN_POINT('',(120.89715027071,-71.20554865687,0.));
#1255 = DIRECTION('',(0.,0.,-1.));
#1256 = DIRECTION('',(0.863404384751,0.504512505685,0.));
#1257 = FACE_BOUND('',#1258,.F.);
#1258 = EDGE_LOOP('',(#1259,#1270,#1278,#1287));
#1259 = ORIENTED_EDGE('',*,*,#1260,.T.);
#1260 = EDGE_CURVE('',#1261,#1263,#1265,.T.);
#1261 = VERTEX_POINT('',#1262);
#1262 = CARTESIAN_POINT('',(125.55,-71.35,0.));
#1263 = VERTEX_POINT('',#1264);
#1264 = CARTESIAN_POINT('',(127.05,-71.35,0.));
#1265 = CIRCLE('',#1266,0.75);
#1266 = AXIS2_PLACEMENT_3D('',#1267,#1268,#1269);
#1267 = CARTESIAN_POINT('',(126.3,-71.35,0.));
#1268 = DIRECTION('',(0.,-0.,-1.));
#1269 = DIRECTION('',(1.,0.,-0.));
#1270 = ORIENTED_EDGE('',*,*,#1271,.T.);
#1271 = EDGE_CURVE('',#1263,#1272,#1274,.T.);
#1272 = VERTEX_POINT('',#1273);
#1273 = CARTESIAN_POINT('',(127.05,-72.65,0.));
#1274 = LINE('',#1275,#1276);
#1275 = CARTESIAN_POINT('',(127.05,-36.325,0.));
#1276 = VECTOR('',#1277,1.);
#1277 = DIRECTION('',(0.,-1.,0.));
#1278 = ORIENTED_EDGE('',*,*,#1279,.T.);
#1279 = EDGE_CURVE('',#1272,#1280,#1282,.T.);
#1280 = VERTEX_POINT('',#1281);
#1281 = CARTESIAN_POINT('',(125.55,-72.65,0.));
#1282 = CIRCLE('',#1283,0.75);
#1283 = AXIS2_PLACEMENT_3D('',#1284,#1285,#1286);
#1284 = CARTESIAN_POINT('',(126.3,-72.65,0.));
#1285 = DIRECTION('',(-0.,0.,-1.));
#1286 = DIRECTION('',(-1.,0.,0.));
#1287 = ORIENTED_EDGE('',*,*,#1288,.T.);
#1288 = EDGE_CURVE('',#1280,#1261,#1289,.T.);
#1289 = LINE('',#1290,#1291);
#1290 = CARTESIAN_POINT('',(125.55,-35.675,0.));
#1291 = VECTOR('',#1292,1.);
#1292 = DIRECTION('',(-0.,1.,0.));
#1293 = FACE_BOUND('',#1294,.F.);
#1294 = EDGE_LOOP('',(#1295));
#1295 = ORIENTED_EDGE('',*,*,#1296,.T.);
#1296 = EDGE_CURVE('',#1297,#1297,#1299,.T.);
#1297 = VERTEX_POINT('',#1298);
#1298 = CARTESIAN_POINT('',(134.4,-80.,0.));
#1299 = CIRCLE('',#1300,0.5);
#1300 = AXIS2_PLACEMENT_3D('',#1301,#1302,#1303);
#1301 = CARTESIAN_POINT('',(134.4,-79.5,0.));
#1302 = DIRECTION('',(-0.,0.,-1.));
#1303 = DIRECTION('',(-0.,-1.,0.));
#1304 = FACE_BOUND('',#1305,.F.);
#1305 = EDGE_LOOP('',(#1306,#1317,#1325,#1334));
#1306 = ORIENTED_EDGE('',*,*,#1307,.T.);
#1307 = EDGE_CURVE('',#1308,#1310,#1312,.T.);
#1308 = VERTEX_POINT('',#1309);
#1309 = CARTESIAN_POINT('',(136.75,-71.35,0.));
#1310 = VERTEX_POINT('',#1311);
#1311 = CARTESIAN_POINT('',(138.25,-71.35,0.));
#1312 = CIRCLE('',#1313,0.75);
#1313 = AXIS2_PLACEMENT_3D('',#1314,#1315,#1316);
#1314 = CARTESIAN_POINT('',(137.5,-71.35,0.));
#1315 = DIRECTION('',(0.,-0.,-1.));
#1316 = DIRECTION('',(1.,0.,-0.));
#1317 = ORIENTED_EDGE('',*,*,#1318,.T.);
#1318 = EDGE_CURVE('',#1310,#1319,#1321,.T.);
#1319 = VERTEX_POINT('',#1320);
#1320 = CARTESIAN_POINT('',(138.25,-72.65,0.));
#1321 = LINE('',#1322,#1323);
#1322 = CARTESIAN_POINT('',(138.25,-36.325,0.));
#1323 = VECTOR('',#1324,1.);
#1324 = DIRECTION('',(0.,-1.,0.));
#1325 = ORIENTED_EDGE('',*,*,#1326,.T.);
#1326 = EDGE_CURVE('',#1319,#1327,#1329,.T.);
#1327 = VERTEX_POINT('',#1328);
#1328 = CARTESIAN_POINT('',(136.75,-72.65,0.));
#1329 = CIRCLE('',#1330,0.75);
#1330 = AXIS2_PLACEMENT_3D('',#1331,#1332,#1333);
#1331 = CARTESIAN_POINT('',(137.5,-72.65,0.));
#1332 = DIRECTION('',(-0.,0.,-1.));
#1333 = DIRECTION('',(-1.,0.,0.));
#1334 = ORIENTED_EDGE('',*,*,#1335,.T.);
#1335 = EDGE_CURVE('',#1327,#1308,#1336,.T.);
#1336 = LINE('',#1337,#1338);
#1337 = CARTESIAN_POINT('',(136.75,-35.675,0.));
#1338 = VECTOR('',#1339,1.);
#1339 = DIRECTION('',(-0.,1.,0.));
#1340 = FACE_BOUND('',#1341,.F.);
#1341 = EDGE_LOOP('',(#1342));
#1342 = ORIENTED_EDGE('',*,*,#1343,.T.);
#1343 = EDGE_CURVE('',#1344,#1344,#1346,.T.);
#1344 = VERTEX_POINT('',#1345);
#1345 = CARTESIAN_POINT('',(163.25,-88.34,0.));
#1346 = CIRCLE('',#1347,0.5);
#1347 = AXIS2_PLACEMENT_3D('',#1348,#1349,#1350);
#1348 = CARTESIAN_POINT('',(163.25,-87.84,0.));
#1349 = DIRECTION('',(-0.,0.,-1.));
#1350 = DIRECTION('',(-0.,-1.,0.));
#1351 = FACE_BOUND('',#1352,.F.);
#1352 = EDGE_LOOP('',(#1353));
#1353 = ORIENTED_EDGE('',*,*,#1354,.T.);
#1354 = EDGE_CURVE('',#1355,#1355,#1357,.T.);
#1355 = VERTEX_POINT('',#1356);
#1356 = CARTESIAN_POINT('',(163.25,-85.8,0.));
#1357 = CIRCLE('',#1358,0.5);
#1358 = AXIS2_PLACEMENT_3D('',#1359,#1360,#1361);
#1359 = CARTESIAN_POINT('',(163.25,-85.3,0.));
#1360 = DIRECTION('',(-0.,0.,-1.));
#1361 = DIRECTION('',(-0.,-1.,0.));
#1362 = FACE_BOUND('',#1363,.F.);
#1363 = EDGE_LOOP('',(#1364,#1375,#1384,#1392,#1401,#1410,#1419,#1427,
    #1436,#1445,#1454,#1462,#1471,#1480,#1489,#1497));
#1364 = ORIENTED_EDGE('',*,*,#1365,.F.);
#1365 = EDGE_CURVE('',#1366,#1368,#1370,.T.);
#1366 = VERTEX_POINT('',#1367);
#1367 = CARTESIAN_POINT('',(162.853289,-73.828859,0.));
#1368 = VERTEX_POINT('',#1369);
#1369 = CARTESIAN_POINT('',(162.150516,-74.477438,0.));
#1370 = CIRCLE('',#1371,0.499999729127);
#1371 = AXIS2_PLACEMENT_3D('',#1372,#1373,#1374);
#1372 = CARTESIAN_POINT('',(162.60103074567,-74.26055970911,0.));
#1373 = DIRECTION('',(0.,0.,1.));
#1374 = DIRECTION('',(0.504516781968,0.863401885979,-0.));
#1375 = ORIENTED_EDGE('',*,*,#1376,.F.);
#1376 = EDGE_CURVE('',#1377,#1366,#1379,.T.);
#1377 = VERTEX_POINT('',#1378);
#1378 = CARTESIAN_POINT('',(163.105547,-73.897158,0.));
#1379 = CIRCLE('',#1380,0.500008729288);
#1380 = AXIS2_PLACEMENT_3D('',#1381,#1382,#1383);
#1381 = CARTESIAN_POINT('',(163.10554965687,-73.39714927071,0.));
#1382 = DIRECTION('',(0.,0.,-1.));
#1383 = DIRECTION('',(-5.313662881614E-06,-0.999999999986,-0.));
#1384 = ORIENTED_EDGE('',*,*,#1385,.F.);
#1385 = EDGE_CURVE('',#1386,#1377,#1388,.T.);
#1386 = VERTEX_POINT('',#1387);
#1387 = CARTESIAN_POINT('',(164.694453,-73.897159,0.));
#1388 = LINE('',#1389,#1390);
#1389 = CARTESIAN_POINT('',(164.694453,-73.897159,0.));
#1390 = VECTOR('',#1391,1.);
#1391 = DIRECTION('',(-1.,6.29363850017E-07,0.));
#1392 = ORIENTED_EDGE('',*,*,#1393,.F.);
#1393 = EDGE_CURVE('',#1394,#1386,#1396,.T.);
#1394 = VERTEX_POINT('',#1395);
#1395 = CARTESIAN_POINT('',(164.946711,-73.82886,0.));
#1396 = CIRCLE('',#1397,0.500008729288);
#1397 = AXIS2_PLACEMENT_3D('',#1398,#1399,#1400);
#1398 = CARTESIAN_POINT('',(164.69445034312,-73.39715027071,0.));
#1399 = DIRECTION('',(0.,0.,-1.));
#1400 = DIRECTION('',(0.504512505685,-0.863404384751,0.));
#1401 = ORIENTED_EDGE('',*,*,#1402,.F.);
#1402 = EDGE_CURVE('',#1403,#1394,#1405,.T.);
#1403 = VERTEX_POINT('',#1404);
#1404 = CARTESIAN_POINT('',(165.649484,-74.477438,0.));
#1405 = CIRCLE('',#1406,0.499999422661);
#1406 = AXIS2_PLACEMENT_3D('',#1407,#1408,#1409);
#1407 = CARTESIAN_POINT('',(165.19896929551,-74.26056033009,0.));
#1408 = DIRECTION('',(0.,0.,1.));
#1409 = DIRECTION('',(0.901030449374,-0.433755840654,0.));
#1410 = ORIENTED_EDGE('',*,*,#1411,.F.);
#1411 = EDGE_CURVE('',#1412,#1403,#1414,.T.);
#1412 = VERTEX_POINT('',#1413);
#1413 = CARTESIAN_POINT('',(165.599999,-74.694316,0.));
#1414 = CIRCLE('',#1415,0.499989885034);
#1415 = AXIS2_PLACEMENT_3D('',#1416,#1417,#1418);
#1416 = CARTESIAN_POINT('',(166.09998888503,-74.69431407913,0.));
#1417 = DIRECTION('',(0.,0.,-1.));
#1418 = DIRECTION('',(-0.999999999993,-3.841811448942E-06,-0.));
#1419 = ORIENTED_EDGE('',*,*,#1420,.F.);
#1420 = EDGE_CURVE('',#1421,#1412,#1423,.T.);
#1421 = VERTEX_POINT('',#1422);
#1422 = CARTESIAN_POINT('',(165.599999,-76.1,0.));
#1423 = LINE('',#1424,#1425);
#1424 = CARTESIAN_POINT('',(165.599999,-76.1,0.));
#1425 = VECTOR('',#1426,1.);
#1426 = DIRECTION('',(0.,1.,0.));
#1427 = ORIENTED_EDGE('',*,*,#1428,.F.);
#1428 = EDGE_CURVE('',#1429,#1421,#1431,.T.);
#1429 = VERTEX_POINT('',#1430);
#1430 = CARTESIAN_POINT('',(165.649484,-76.316877,0.));
#1431 = CIRCLE('',#1432,0.49998122973);
#1432 = AXIS2_PLACEMENT_3D('',#1433,#1434,#1435);
#1433 = CARTESIAN_POINT('',(166.09998022972,-76.10000289576,0.));
#1434 = DIRECTION('',(0.,0.,-1.));
#1435 = DIRECTION('',(-0.901026284457,-0.433764492229,-0.));
#1436 = ORIENTED_EDGE('',*,*,#1437,.F.);
#1437 = EDGE_CURVE('',#1438,#1429,#1440,.T.);
#1438 = VERTEX_POINT('',#1439);
#1439 = CARTESIAN_POINT('',(164.946711,-76.965457,0.));
#1440 = CIRCLE('',#1441,0.499999755443);
#1441 = AXIS2_PLACEMENT_3D('',#1442,#1443,#1444);
#1442 = CARTESIAN_POINT('',(165.19896986309,-76.53375661613,0.));
#1443 = DIRECTION('',(0.,0.,1.));
#1444 = DIRECTION('',(-0.50451797296,-0.863401190039,0.));
#1445 = ORIENTED_EDGE('',*,*,#1446,.F.);
#1446 = EDGE_CURVE('',#1447,#1438,#1449,.T.);
#1447 = VERTEX_POINT('',#1448);
#1448 = CARTESIAN_POINT('',(164.694452,-76.897158,0.));
#1449 = CIRCLE('',#1450,0.500008729226);
#1450 = AXIS2_PLACEMENT_3D('',#1451,#1452,#1453);
#1451 = CARTESIAN_POINT('',(164.69445034314,-77.39716672922,0.));
#1452 = DIRECTION('',(0.,0.,-1.));
#1453 = DIRECTION('',(3.313649317029E-06,0.999999999995,0.));
#1454 = ORIENTED_EDGE('',*,*,#1455,.F.);
#1455 = EDGE_CURVE('',#1456,#1447,#1458,.T.);
#1456 = VERTEX_POINT('',#1457);
#1457 = CARTESIAN_POINT('',(163.105548,-76.897158,0.));
#1458 = LINE('',#1459,#1460);
#1459 = CARTESIAN_POINT('',(163.105548,-76.897158,0.));
#1460 = VECTOR('',#1461,1.);
#1461 = DIRECTION('',(1.,0.,0.));
#1462 = ORIENTED_EDGE('',*,*,#1463,.F.);
#1463 = EDGE_CURVE('',#1464,#1456,#1466,.T.);
#1464 = VERTEX_POINT('',#1465);
#1465 = CARTESIAN_POINT('',(162.853289,-76.965455,0.));
#1466 = CIRCLE('',#1467,0.500040834725);
#1467 = AXIS2_PLACEMENT_3D('',#1468,#1469,#1470);
#1468 = CARTESIAN_POINT('',(163.10555492637,-77.39719883467,0.));
#1469 = DIRECTION('',(0.,0.,-1.));
#1470 = DIRECTION('',(-0.50449065128,0.86341715455,0.));
#1471 = ORIENTED_EDGE('',*,*,#1472,.F.);
#1472 = EDGE_CURVE('',#1473,#1464,#1475,.T.);
#1473 = VERTEX_POINT('',#1474);
#1474 = CARTESIAN_POINT('',(162.150516,-76.316878,0.));
#1475 = CIRCLE('',#1476,0.499999092786);
#1476 = AXIS2_PLACEMENT_3D('',#1477,#1478,#1479);
#1477 = CARTESIAN_POINT('',(162.60103060898,-76.53375510777,0.));
#1478 = DIRECTION('',(0.,0.,1.));
#1479 = DIRECTION('',(-0.901030852831,0.43375500256,0.));
#1480 = ORIENTED_EDGE('',*,*,#1481,.F.);
#1481 = EDGE_CURVE('',#1482,#1473,#1484,.T.);
#1482 = VERTEX_POINT('',#1483);
#1483 = CARTESIAN_POINT('',(162.200001,-76.1,0.));
#1484 = CIRCLE('',#1485,0.499989885034);
#1485 = AXIS2_PLACEMENT_3D('',#1486,#1487,#1488);
#1486 = CARTESIAN_POINT('',(161.70001111497,-76.10000192086,0.));
#1487 = DIRECTION('',(0.,0.,-1.));
#1488 = DIRECTION('',(0.999999999993,3.841811733168E-06,0.));
#1489 = ORIENTED_EDGE('',*,*,#1490,.F.);
#1490 = EDGE_CURVE('',#1491,#1482,#1493,.T.);
#1491 = VERTEX_POINT('',#1492);
#1492 = CARTESIAN_POINT('',(162.200001,-74.694316,0.));
#1493 = LINE('',#1494,#1495);
#1494 = CARTESIAN_POINT('',(162.200001,-74.694316,0.));
#1495 = VECTOR('',#1496,1.);
#1496 = DIRECTION('',(0.,-1.,0.));
#1497 = ORIENTED_EDGE('',*,*,#1498,.F.);
#1498 = EDGE_CURVE('',#1368,#1491,#1499,.T.);
#1499 = CIRCLE('',#1500,0.499989885034);
#1500 = AXIS2_PLACEMENT_3D('',#1501,#1502,#1503);
#1501 = CARTESIAN_POINT('',(161.70001111497,-74.69431407913,0.));
#1502 = DIRECTION('',(0.,0.,-1.));
#1503 = DIRECTION('',(0.901027997796,0.43376093322,0.));
#1504 = FACE_BOUND('',#1505,.F.);
#1505 = EDGE_LOOP('',(#1506));
#1506 = ORIENTED_EDGE('',*,*,#1507,.T.);
#1507 = EDGE_CURVE('',#1508,#1508,#1510,.T.);
#1508 = VERTEX_POINT('',#1509);
#1509 = CARTESIAN_POINT('',(129.4,-65.5,0.));
#1510 = CIRCLE('',#1511,0.5);
#1511 = AXIS2_PLACEMENT_3D('',#1512,#1513,#1514);
#1512 = CARTESIAN_POINT('',(129.4,-65.,0.));
#1513 = DIRECTION('',(-0.,0.,-1.));
#1514 = DIRECTION('',(-0.,-1.,0.));
#1515 = FACE_BOUND('',#1516,.F.);
#1516 = EDGE_LOOP('',(#1517));
#1517 = ORIENTED_EDGE('',*,*,#1518,.T.);
#1518 = EDGE_CURVE('',#1519,#1519,#1521,.T.);
#1519 = VERTEX_POINT('',#1520);
#1520 = CARTESIAN_POINT('',(134.4,-65.5,0.));
#1521 = CIRCLE('',#1522,0.5);
#1522 = AXIS2_PLACEMENT_3D('',#1523,#1524,#1525);
#1523 = CARTESIAN_POINT('',(134.4,-65.,0.));
#1524 = DIRECTION('',(-0.,0.,-1.));
#1525 = DIRECTION('',(-0.,-1.,0.));
#1526 = FACE_BOUND('',#1527,.F.);
#1527 = EDGE_LOOP('',(#1528,#1539,#1548,#1556,#1565,#1574,#1583,#1591,
    #1600,#1609,#1618,#1626,#1635,#1644,#1653,#1661));
#1528 = ORIENTED_EDGE('',*,*,#1529,.F.);
#1529 = EDGE_CURVE('',#1530,#1532,#1534,.T.);
#1530 = VERTEX_POINT('',#1531);
#1531 = CARTESIAN_POINT('',(124.965457,-52.82051,0.));
#1532 = VERTEX_POINT('',#1533);
#1533 = CARTESIAN_POINT('',(124.316878,-52.117737,0.));
#1534 = CIRCLE('',#1535,0.499999448976);
#1535 = AXIS2_PLACEMENT_3D('',#1536,#1537,#1538);
#1536 = CARTESIAN_POINT('',(124.53375699515,-52.56825109571,0.));
#1537 = DIRECTION('',(0.,0.,1.));
#1538 = DIRECTION('',(0.863400961204,-0.504518364574,0.));
#1539 = ORIENTED_EDGE('',*,*,#1540,.F.);
#1540 = EDGE_CURVE('',#1541,#1530,#1543,.T.);
#1541 = VERTEX_POINT('',#1542);
#1542 = CARTESIAN_POINT('',(124.897158,-53.072769,0.));
#1543 = CIRCLE('',#1544,0.500008729226);
#1544 = AXIS2_PLACEMENT_3D('',#1545,#1546,#1547);
#1545 = CARTESIAN_POINT('',(125.39716672922,-53.07277065685,0.));
#1546 = DIRECTION('',(0.,0.,-1.));
#1547 = DIRECTION('',(-0.999999999995,3.313649302819E-06,0.));
#1548 = ORIENTED_EDGE('',*,*,#1549,.F.);
#1549 = EDGE_CURVE('',#1550,#1541,#1552,.T.);
#1550 = VERTEX_POINT('',#1551);
#1551 = CARTESIAN_POINT('',(124.897158,-54.661673,0.));
#1552 = LINE('',#1553,#1554);
#1553 = CARTESIAN_POINT('',(124.897158,-54.661673,0.));
#1554 = VECTOR('',#1555,1.);
#1555 = DIRECTION('',(0.,1.,0.));
#1556 = ORIENTED_EDGE('',*,*,#1557,.F.);
#1557 = EDGE_CURVE('',#1558,#1550,#1560,.T.);
#1558 = VERTEX_POINT('',#1559);
#1559 = CARTESIAN_POINT('',(124.965457,-54.913931,0.));
#1560 = CIRCLE('',#1561,0.500008729288);
#1561 = AXIS2_PLACEMENT_3D('',#1562,#1563,#1564);
#1562 = CARTESIAN_POINT('',(125.39716672928,-54.66167034312,0.));
#1563 = DIRECTION('',(0.,0.,-1.));
#1564 = DIRECTION('',(-0.863404384751,-0.504512505685,-0.));
#1565 = ORIENTED_EDGE('',*,*,#1566,.F.);
#1566 = EDGE_CURVE('',#1567,#1558,#1569,.T.);
#1567 = VERTEX_POINT('',#1568);
#1568 = CARTESIAN_POINT('',(124.316878,-55.616705,0.));
#1569 = CIRCLE('',#1570,0.500000669307);
#1570 = AXIS2_PLACEMENT_3D('',#1571,#1572,#1573);
#1571 = CARTESIAN_POINT('',(124.53375474043,-55.16618846449,0.));
#1572 = DIRECTION('',(0.,0.,1.));
#1573 = DIRECTION('',(-0.433752900236,-0.901031864884,0.));
#1574 = ORIENTED_EDGE('',*,*,#1575,.F.);
#1575 = EDGE_CURVE('',#1576,#1567,#1578,.T.);
#1576 = VERTEX_POINT('',#1577);
#1577 = CARTESIAN_POINT('',(124.100001,-55.56722,0.));
#1578 = CIRCLE('',#1579,0.499989884978);
#1579 = AXIS2_PLACEMENT_3D('',#1580,#1581,#1582);
#1580 = CARTESIAN_POINT('',(124.10000192088,-56.06720988497,0.));
#1581 = DIRECTION('',(0.,0.,-1.));
#1582 = DIRECTION('',(-1.841808596201E-06,0.999999999998,0.));
#1583 = ORIENTED_EDGE('',*,*,#1584,.F.);
#1584 = EDGE_CURVE('',#1585,#1576,#1587,.T.);
#1585 = VERTEX_POINT('',#1586);
#1586 = CARTESIAN_POINT('',(122.694316,-55.56722,0.));
#1587 = LINE('',#1588,#1589);
#1588 = CARTESIAN_POINT('',(122.694316,-55.56722,0.));
#1589 = VECTOR('',#1590,1.);
#1590 = DIRECTION('',(1.,0.,0.));
#1591 = ORIENTED_EDGE('',*,*,#1592,.F.);
#1592 = EDGE_CURVE('',#1593,#1585,#1595,.T.);
#1593 = VERTEX_POINT('',#1594);
#1594 = CARTESIAN_POINT('',(122.477438,-55.616705,0.));
#1595 = CIRCLE('',#1596,0.499989885034);
#1596 = AXIS2_PLACEMENT_3D('',#1597,#1598,#1599);
#1597 = CARTESIAN_POINT('',(122.69431407913,-56.06720988503,0.));
#1598 = DIRECTION('',(0.,0.,-1.));
#1599 = DIRECTION('',(-0.43376093322,0.901027997796,0.));
#1600 = ORIENTED_EDGE('',*,*,#1601,.F.);
#1601 = EDGE_CURVE('',#1602,#1593,#1604,.T.);
#1602 = VERTEX_POINT('',#1603);
#1603 = CARTESIAN_POINT('',(121.828859,-54.913932,0.));
#1604 = CIRCLE('',#1605,0.499999729127);
#1605 = AXIS2_PLACEMENT_3D('',#1606,#1607,#1608);
#1606 = CARTESIAN_POINT('',(122.26055970911,-55.16619025432,0.));
#1607 = DIRECTION('',(0.,0.,1.));
#1608 = DIRECTION('',(-0.863401885979,0.504516781968,0.));
#1609 = ORIENTED_EDGE('',*,*,#1610,.F.);
#1610 = EDGE_CURVE('',#1611,#1602,#1613,.T.);
#1611 = VERTEX_POINT('',#1612);
#1612 = CARTESIAN_POINT('',(121.897158,-54.661674,0.));
#1613 = CIRCLE('',#1614,0.500008729288);
#1614 = AXIS2_PLACEMENT_3D('',#1615,#1616,#1617);
#1615 = CARTESIAN_POINT('',(121.39714927071,-54.66167134312,0.));
#1616 = DIRECTION('',(0.,0.,-1.));
#1617 = DIRECTION('',(0.999999999986,-5.313662895824E-06,0.));
#1618 = ORIENTED_EDGE('',*,*,#1619,.F.);
#1619 = EDGE_CURVE('',#1620,#1611,#1622,.T.);
#1620 = VERTEX_POINT('',#1621);
#1621 = CARTESIAN_POINT('',(121.897159,-53.072768,0.));
#1622 = LINE('',#1623,#1624);
#1623 = CARTESIAN_POINT('',(121.897159,-53.072768,0.));
#1624 = VECTOR('',#1625,1.);
#1625 = DIRECTION('',(-6.29363850017E-07,-1.,0.));
#1626 = ORIENTED_EDGE('',*,*,#1627,.F.);
#1627 = EDGE_CURVE('',#1628,#1620,#1630,.T.);
#1628 = VERTEX_POINT('',#1629);
#1629 = CARTESIAN_POINT('',(121.82886,-52.82051,0.));
#1630 = CIRCLE('',#1631,0.500008729288);
#1631 = AXIS2_PLACEMENT_3D('',#1632,#1633,#1634);
#1632 = CARTESIAN_POINT('',(121.39715027071,-53.07277065687,0.));
#1633 = DIRECTION('',(0.,0.,-1.));
#1634 = DIRECTION('',(0.863404384751,0.504512505685,0.));
#1635 = ORIENTED_EDGE('',*,*,#1636,.F.);
#1636 = EDGE_CURVE('',#1637,#1628,#1639,.T.);
#1637 = VERTEX_POINT('',#1638);
#1638 = CARTESIAN_POINT('',(122.477438,-52.117737,0.));
#1639 = CIRCLE('',#1640,0.499999422661);
#1640 = AXIS2_PLACEMENT_3D('',#1641,#1642,#1643);
#1641 = CARTESIAN_POINT('',(122.26056033009,-52.56825170448,0.));
#1642 = DIRECTION('',(0.,0.,1.));
#1643 = DIRECTION('',(0.433755840654,0.901030449374,-0.));
#1644 = ORIENTED_EDGE('',*,*,#1645,.F.);
#1645 = EDGE_CURVE('',#1646,#1637,#1648,.T.);
#1646 = VERTEX_POINT('',#1647);
#1647 = CARTESIAN_POINT('',(122.694316,-52.167222,0.));
#1648 = CIRCLE('',#1649,0.499989885034);
#1649 = AXIS2_PLACEMENT_3D('',#1650,#1651,#1652);
#1650 = CARTESIAN_POINT('',(122.69431407913,-51.66723211496,0.));
#1651 = DIRECTION('',(0.,0.,-1.));
#1652 = DIRECTION('',(3.841811448942E-06,-0.999999999993,0.));
#1653 = ORIENTED_EDGE('',*,*,#1654,.F.);
#1654 = EDGE_CURVE('',#1655,#1646,#1657,.T.);
#1655 = VERTEX_POINT('',#1656);
#1656 = CARTESIAN_POINT('',(124.1,-52.167222,0.));
#1657 = LINE('',#1658,#1659);
#1658 = CARTESIAN_POINT('',(124.1,-52.167222,0.));
#1659 = VECTOR('',#1660,1.);
#1660 = DIRECTION('',(-1.,0.,0.));
#1661 = ORIENTED_EDGE('',*,*,#1662,.F.);
#1662 = EDGE_CURVE('',#1532,#1655,#1663,.T.);
#1663 = CIRCLE('',#1664,0.499989885034);
#1664 = AXIS2_PLACEMENT_3D('',#1665,#1666,#1667);
#1665 = CARTESIAN_POINT('',(124.10000192086,-51.66723211496,0.));
#1666 = DIRECTION('',(0.,0.,-1.));
#1667 = DIRECTION('',(0.43376093322,-0.901027997796,0.));
#1668 = FACE_BOUND('',#1669,.F.);
#1669 = EDGE_LOOP('',(#1670));
#1670 = ORIENTED_EDGE('',*,*,#1671,.T.);
#1671 = EDGE_CURVE('',#1672,#1672,#1674,.T.);
#1672 = VERTEX_POINT('',#1673);
#1673 = CARTESIAN_POINT('',(178.5,-88.34,0.));
#1674 = CIRCLE('',#1675,0.5);
#1675 = AXIS2_PLACEMENT_3D('',#1676,#1677,#1678);
#1676 = CARTESIAN_POINT('',(178.5,-87.84,0.));
#1677 = DIRECTION('',(-0.,0.,-1.));
#1678 = DIRECTION('',(-0.,-1.,0.));
#1679 = FACE_BOUND('',#1680,.F.);
#1680 = EDGE_LOOP('',(#1681));
#1681 = ORIENTED_EDGE('',*,*,#1682,.T.);
#1682 = EDGE_CURVE('',#1683,#1683,#1685,.T.);
#1683 = VERTEX_POINT('',#1684);
#1684 = CARTESIAN_POINT('',(178.5,-85.8,0.));
#1685 = CIRCLE('',#1686,0.5);
#1686 = AXIS2_PLACEMENT_3D('',#1687,#1688,#1689);
#1687 = CARTESIAN_POINT('',(178.5,-85.3,0.));
#1688 = DIRECTION('',(-0.,0.,-1.));
#1689 = DIRECTION('',(-0.,-1.,0.));
#1690 = FACE_BOUND('',#1691,.F.);
#1691 = EDGE_LOOP('',(#1692,#1703,#1712,#1720,#1729,#1738,#1747,#1755,
    #1764,#1773,#1782,#1790,#1799,#1808,#1817,#1825));
#1692 = ORIENTED_EDGE('',*,*,#1693,.F.);
#1693 = EDGE_CURVE('',#1694,#1696,#1698,.T.);
#1694 = VERTEX_POINT('',#1695);
#1695 = CARTESIAN_POINT('',(176.45329,-73.828859,0.));
#1696 = VERTEX_POINT('',#1697);
#1697 = CARTESIAN_POINT('',(175.750517,-74.477438,0.));
#1698 = CIRCLE('',#1699,0.499999729127);
#1699 = AXIS2_PLACEMENT_3D('',#1700,#1701,#1702);
#1700 = CARTESIAN_POINT('',(176.20103174567,-74.26055970911,0.));
#1701 = DIRECTION('',(0.,0.,1.));
#1702 = DIRECTION('',(0.504516781969,0.863401885979,-0.));
#1703 = ORIENTED_EDGE('',*,*,#1704,.F.);
#1704 = EDGE_CURVE('',#1705,#1694,#1707,.T.);
#1705 = VERTEX_POINT('',#1706);
#1706 = CARTESIAN_POINT('',(176.705549,-73.897159,0.));
#1707 = CIRCLE('',#1708,0.50002311711);
#1708 = AXIS2_PLACEMENT_3D('',#1709,#1710,#1711);
#1709 = CARTESIAN_POINT('',(176.70555626378,-73.39713588294,0.));
#1710 = DIRECTION('',(0.,0.,-1.));
#1711 = DIRECTION('',(-1.452689345975E-05,-0.999999999894,-0.));
#1712 = ORIENTED_EDGE('',*,*,#1713,.F.);
#1713 = EDGE_CURVE('',#1714,#1705,#1716,.T.);
#1714 = VERTEX_POINT('',#1715);
#1715 = CARTESIAN_POINT('',(178.294454,-73.897159,0.));
#1716 = LINE('',#1717,#1718);
#1717 = CARTESIAN_POINT('',(178.294454,-73.897159,0.));
#1718 = VECTOR('',#1719,1.);
#1719 = DIRECTION('',(-1.,0.,0.));
#1720 = ORIENTED_EDGE('',*,*,#1721,.F.);
#1721 = EDGE_CURVE('',#1722,#1714,#1724,.T.);
#1722 = VERTEX_POINT('',#1723);
#1723 = CARTESIAN_POINT('',(178.546712,-73.82886,0.));
#1724 = CIRCLE('',#1725,0.500008729288);
#1725 = AXIS2_PLACEMENT_3D('',#1726,#1727,#1728);
#1726 = CARTESIAN_POINT('',(178.29445134312,-73.39715027071,0.));
#1727 = DIRECTION('',(0.,0.,-1.));
#1728 = DIRECTION('',(0.504512505685,-0.863404384751,0.));
#1729 = ORIENTED_EDGE('',*,*,#1730,.F.);
#1730 = EDGE_CURVE('',#1731,#1722,#1733,.T.);
#1731 = VERTEX_POINT('',#1732);
#1732 = CARTESIAN_POINT('',(179.249485,-74.477438,0.));
#1733 = CIRCLE('',#1734,0.499999422661);
#1734 = AXIS2_PLACEMENT_3D('',#1735,#1736,#1737);
#1735 = CARTESIAN_POINT('',(178.79897029551,-74.26056033009,0.));
#1736 = DIRECTION('',(0.,0.,1.));
#1737 = DIRECTION('',(0.901030449374,-0.433755840654,0.));
#1738 = ORIENTED_EDGE('',*,*,#1739,.F.);
#1739 = EDGE_CURVE('',#1740,#1731,#1742,.T.);
#1740 = VERTEX_POINT('',#1741);
#1741 = CARTESIAN_POINT('',(179.2,-74.694316,0.));
#1742 = CIRCLE('',#1743,0.499989885034);
#1743 = AXIS2_PLACEMENT_3D('',#1744,#1745,#1746);
#1744 = CARTESIAN_POINT('',(179.69998988503,-74.69431407913,0.));
#1745 = DIRECTION('',(0.,0.,-1.));
#1746 = DIRECTION('',(-0.999999999993,-3.841811448942E-06,-0.));
#1747 = ORIENTED_EDGE('',*,*,#1748,.F.);
#1748 = EDGE_CURVE('',#1749,#1740,#1751,.T.);
#1749 = VERTEX_POINT('',#1750);
#1750 = CARTESIAN_POINT('',(179.2,-76.1,0.));
#1751 = LINE('',#1752,#1753);
#1752 = CARTESIAN_POINT('',(179.2,-76.1,0.));
#1753 = VECTOR('',#1754,1.);
#1754 = DIRECTION('',(0.,1.,0.));
#1755 = ORIENTED_EDGE('',*,*,#1756,.F.);
#1756 = EDGE_CURVE('',#1757,#1749,#1759,.T.);
#1757 = VERTEX_POINT('',#1758);
#1758 = CARTESIAN_POINT('',(179.249485,-76.316877,0.));
#1759 = CIRCLE('',#1760,0.49998122973);
#1760 = AXIS2_PLACEMENT_3D('',#1761,#1762,#1763);
#1761 = CARTESIAN_POINT('',(179.69998122972,-76.10000289576,0.));
#1762 = DIRECTION('',(0.,0.,-1.));
#1763 = DIRECTION('',(-0.901026284457,-0.433764492229,-0.));
#1764 = ORIENTED_EDGE('',*,*,#1765,.F.);
#1765 = EDGE_CURVE('',#1766,#1757,#1768,.T.);
#1766 = VERTEX_POINT('',#1767);
#1767 = CARTESIAN_POINT('',(178.546712,-76.965457,0.));
#1768 = CIRCLE('',#1769,0.499999755443);
#1769 = AXIS2_PLACEMENT_3D('',#1770,#1771,#1772);
#1770 = CARTESIAN_POINT('',(178.79897086309,-76.53375661613,0.));
#1771 = DIRECTION('',(0.,0.,1.));
#1772 = DIRECTION('',(-0.50451797296,-0.863401190039,0.));
#1773 = ORIENTED_EDGE('',*,*,#1774,.F.);
#1774 = EDGE_CURVE('',#1775,#1766,#1777,.T.);
#1775 = VERTEX_POINT('',#1776);
#1776 = CARTESIAN_POINT('',(178.294453,-76.897158,0.));
#1777 = CIRCLE('',#1778,0.500008729226);
#1778 = AXIS2_PLACEMENT_3D('',#1779,#1780,#1781);
#1779 = CARTESIAN_POINT('',(178.29445134314,-77.39716672922,0.));
#1780 = DIRECTION('',(0.,0.,-1.));
#1781 = DIRECTION('',(3.313649317029E-06,0.999999999995,0.));
#1782 = ORIENTED_EDGE('',*,*,#1783,.F.);
#1783 = EDGE_CURVE('',#1784,#1775,#1786,.T.);
#1784 = VERTEX_POINT('',#1785);
#1785 = CARTESIAN_POINT('',(176.705549,-76.897158,0.));
#1786 = LINE('',#1787,#1788);
#1787 = CARTESIAN_POINT('',(176.705549,-76.897158,0.));
#1788 = VECTOR('',#1789,1.);
#1789 = DIRECTION('',(1.,0.,0.));
#1790 = ORIENTED_EDGE('',*,*,#1791,.F.);
#1791 = EDGE_CURVE('',#1792,#1784,#1794,.T.);
#1792 = VERTEX_POINT('',#1793);
#1793 = CARTESIAN_POINT('',(176.45329,-76.965455,0.));
#1794 = CIRCLE('',#1795,0.500040834725);
#1795 = AXIS2_PLACEMENT_3D('',#1796,#1797,#1798);
#1796 = CARTESIAN_POINT('',(176.70555592637,-77.39719883467,0.));
#1797 = DIRECTION('',(0.,0.,-1.));
#1798 = DIRECTION('',(-0.50449065128,0.86341715455,0.));
#1799 = ORIENTED_EDGE('',*,*,#1800,.F.);
#1800 = EDGE_CURVE('',#1801,#1792,#1803,.T.);
#1801 = VERTEX_POINT('',#1802);
#1802 = CARTESIAN_POINT('',(175.750517,-76.316878,0.));
#1803 = CIRCLE('',#1804,0.499999092786);
#1804 = AXIS2_PLACEMENT_3D('',#1805,#1806,#1807);
#1805 = CARTESIAN_POINT('',(176.20103160898,-76.53375510777,0.));
#1806 = DIRECTION('',(0.,0.,1.));
#1807 = DIRECTION('',(-0.901030852831,0.43375500256,0.));
#1808 = ORIENTED_EDGE('',*,*,#1809,.F.);
#1809 = EDGE_CURVE('',#1810,#1801,#1812,.T.);
#1810 = VERTEX_POINT('',#1811);
#1811 = CARTESIAN_POINT('',(175.800002,-76.1,0.));
#1812 = CIRCLE('',#1813,0.499989885034);
#1813 = AXIS2_PLACEMENT_3D('',#1814,#1815,#1816);
#1814 = CARTESIAN_POINT('',(175.30001211496,-76.10000192086,0.));
#1815 = DIRECTION('',(0.,0.,-1.));
#1816 = DIRECTION('',(0.999999999993,3.841811363674E-06,0.));
#1817 = ORIENTED_EDGE('',*,*,#1818,.F.);
#1818 = EDGE_CURVE('',#1819,#1810,#1821,.T.);
#1819 = VERTEX_POINT('',#1820);
#1820 = CARTESIAN_POINT('',(175.800002,-74.694316,0.));
#1821 = LINE('',#1822,#1823);
#1822 = CARTESIAN_POINT('',(175.800002,-74.694316,0.));
#1823 = VECTOR('',#1824,1.);
#1824 = DIRECTION('',(0.,-1.,0.));
#1825 = ORIENTED_EDGE('',*,*,#1826,.F.);
#1826 = EDGE_CURVE('',#1696,#1819,#1827,.T.);
#1827 = CIRCLE('',#1828,0.499989885034);
#1828 = AXIS2_PLACEMENT_3D('',#1829,#1830,#1831);
#1829 = CARTESIAN_POINT('',(175.30001211496,-74.69431407913,0.));
#1830 = DIRECTION('',(0.,0.,-1.));
#1831 = DIRECTION('',(0.901027997796,0.43376093322,0.));
#1832 = FACE_BOUND('',#1833,.F.);
#1833 = EDGE_LOOP('',(#1834,#1845,#1854,#1862,#1871,#1880,#1889,#1897,
    #1906,#1915,#1924,#1932,#1941,#1950,#1959,#1967));
#1834 = ORIENTED_EDGE('',*,*,#1835,.F.);
#1835 = EDGE_CURVE('',#1836,#1838,#1840,.T.);
#1836 = VERTEX_POINT('',#1837);
#1837 = CARTESIAN_POINT('',(206.953288,-84.334543,0.));
#1838 = VERTEX_POINT('',#1839);
#1839 = CARTESIAN_POINT('',(206.250515,-84.983122,0.));
#1840 = CIRCLE('',#1841,0.499999448976);
#1841 = AXIS2_PLACEMENT_3D('',#1842,#1843,#1844);
#1842 = CARTESIAN_POINT('',(206.70102909571,-84.76624300484,0.));
#1843 = DIRECTION('',(0.,0.,1.));
#1844 = DIRECTION('',(0.504518364574,0.863400961204,-0.));
#1845 = ORIENTED_EDGE('',*,*,#1846,.F.);
#1846 = EDGE_CURVE('',#1847,#1836,#1849,.T.);
#1847 = VERTEX_POINT('',#1848);
#1848 = CARTESIAN_POINT('',(207.205547,-84.402842,0.));
#1849 = CIRCLE('',#1850,0.500008729226);
#1850 = AXIS2_PLACEMENT_3D('',#1851,#1852,#1853);
#1851 = CARTESIAN_POINT('',(207.20554865685,-83.90283327077,0.));
#1852 = DIRECTION('',(0.,0.,-1.));
#1853 = DIRECTION('',(-3.313649430713E-06,-0.999999999995,-0.));
#1854 = ORIENTED_EDGE('',*,*,#1855,.F.);
#1855 = EDGE_CURVE('',#1856,#1847,#1858,.T.);
#1856 = VERTEX_POINT('',#1857);
#1857 = CARTESIAN_POINT('',(208.794451,-84.402842,0.));
#1858 = LINE('',#1859,#1860);
#1859 = CARTESIAN_POINT('',(208.794451,-84.402842,0.));
#1860 = VECTOR('',#1861,1.);
#1861 = DIRECTION('',(-1.,0.,0.));
#1862 = ORIENTED_EDGE('',*,*,#1863,.F.);
#1863 = EDGE_CURVE('',#1864,#1856,#1866,.T.);
#1864 = VERTEX_POINT('',#1865);
#1865 = CARTESIAN_POINT('',(209.046709,-84.334543,0.));
#1866 = CIRCLE('',#1867,0.500008729288);
#1867 = AXIS2_PLACEMENT_3D('',#1868,#1869,#1870);
#1868 = CARTESIAN_POINT('',(208.79444834312,-83.90283327071,0.));
#1869 = DIRECTION('',(0.,0.,-1.));
#1870 = DIRECTION('',(0.504512505685,-0.863404384751,0.));
#1871 = ORIENTED_EDGE('',*,*,#1872,.F.);
#1872 = EDGE_CURVE('',#1873,#1864,#1875,.T.);
#1873 = VERTEX_POINT('',#1874);
#1874 = CARTESIAN_POINT('',(209.749483,-84.983122,0.));
#1875 = CIRCLE('',#1876,0.500000669307);
#1876 = AXIS2_PLACEMENT_3D('',#1877,#1878,#1879);
#1877 = CARTESIAN_POINT('',(209.29896646449,-84.76624525956,0.));
#1878 = DIRECTION('',(0.,0.,1.));
#1879 = DIRECTION('',(0.901031864884,-0.433752900236,0.));
#1880 = ORIENTED_EDGE('',*,*,#1881,.F.);
#1881 = EDGE_CURVE('',#1882,#1873,#1884,.T.);
#1882 = VERTEX_POINT('',#1883);
#1883 = CARTESIAN_POINT('',(209.699998,-85.199999,0.));
#1884 = CIRCLE('',#1885,0.499989884978);
#1885 = AXIS2_PLACEMENT_3D('',#1886,#1887,#1888);
#1886 = CARTESIAN_POINT('',(210.19998788497,-85.19999807911,0.));
#1887 = DIRECTION('',(0.,0.,-1.));
#1888 = DIRECTION('',(-0.999999999998,-1.841808624623E-06,-0.));
#1889 = ORIENTED_EDGE('',*,*,#1890,.F.);
#1890 = EDGE_CURVE('',#1891,#1882,#1893,.T.);
#1891 = VERTEX_POINT('',#1892);
#1892 = CARTESIAN_POINT('',(209.699998,-86.605684,0.));
#1893 = LINE('',#1894,#1895);
#1894 = CARTESIAN_POINT('',(209.699998,-86.605684,0.));
#1895 = VECTOR('',#1896,1.);
#1896 = DIRECTION('',(0.,1.,0.));
#1897 = ORIENTED_EDGE('',*,*,#1898,.F.);
#1898 = EDGE_CURVE('',#1899,#1891,#1901,.T.);
#1899 = VERTEX_POINT('',#1900);
#1900 = CARTESIAN_POINT('',(209.749483,-86.822562,0.));
#1901 = CIRCLE('',#1902,0.499989885034);
#1902 = AXIS2_PLACEMENT_3D('',#1903,#1904,#1905);
#1903 = CARTESIAN_POINT('',(210.19998788503,-86.60568592086,0.));
#1904 = DIRECTION('',(0.,0.,-1.));
#1905 = DIRECTION('',(-0.901027997796,-0.43376093322,-0.));
#1906 = ORIENTED_EDGE('',*,*,#1907,.F.);
#1907 = EDGE_CURVE('',#1908,#1899,#1910,.T.);
#1908 = VERTEX_POINT('',#1909);
#1909 = CARTESIAN_POINT('',(209.04671,-87.471141,0.));
#1910 = CIRCLE('',#1911,0.499999729127);
#1911 = AXIS2_PLACEMENT_3D('',#1912,#1913,#1914);
#1912 = CARTESIAN_POINT('',(209.29896825432,-87.03944029088,0.));
#1913 = DIRECTION('',(0.,0.,1.));
#1914 = DIRECTION('',(-0.504516781969,-0.863401885979,0.));
#1915 = ORIENTED_EDGE('',*,*,#1916,.F.);
#1916 = EDGE_CURVE('',#1917,#1908,#1919,.T.);
#1917 = VERTEX_POINT('',#1918);
#1918 = CARTESIAN_POINT('',(208.794452,-87.402842,0.));
#1919 = CIRCLE('',#1920,0.500008729288);
#1920 = AXIS2_PLACEMENT_3D('',#1921,#1922,#1923);
#1921 = CARTESIAN_POINT('',(208.79444934312,-87.90285072928,0.));
#1922 = DIRECTION('',(0.,0.,-1.));
#1923 = DIRECTION('',(5.313662824773E-06,0.999999999986,0.));
#1924 = ORIENTED_EDGE('',*,*,#1925,.F.);
#1925 = EDGE_CURVE('',#1926,#1917,#1928,.T.);
#1926 = VERTEX_POINT('',#1927);
#1927 = CARTESIAN_POINT('',(207.205546,-87.402841,0.));
#1928 = LINE('',#1929,#1930);
#1929 = CARTESIAN_POINT('',(207.205546,-87.402841,0.));
#1930 = VECTOR('',#1931,1.);
#1931 = DIRECTION('',(1.,-6.293638589608E-07,0.));
#1932 = ORIENTED_EDGE('',*,*,#1933,.F.);
#1933 = EDGE_CURVE('',#1934,#1926,#1936,.T.);
#1934 = VERTEX_POINT('',#1935);
#1935 = CARTESIAN_POINT('',(206.953288,-87.47114,0.));
#1936 = CIRCLE('',#1937,0.500008729288);
#1937 = AXIS2_PLACEMENT_3D('',#1938,#1939,#1940);
#1938 = CARTESIAN_POINT('',(207.20554865687,-87.90284972928,0.));
#1939 = DIRECTION('',(0.,0.,-1.));
#1940 = DIRECTION('',(-0.504512505685,0.863404384751,0.));
#1941 = ORIENTED_EDGE('',*,*,#1942,.F.);
#1942 = EDGE_CURVE('',#1943,#1934,#1945,.T.);
#1943 = VERTEX_POINT('',#1944);
#1944 = CARTESIAN_POINT('',(206.250515,-86.822562,0.));
#1945 = CIRCLE('',#1946,0.499999422661);
#1946 = AXIS2_PLACEMENT_3D('',#1947,#1948,#1949);
#1947 = CARTESIAN_POINT('',(206.70102970448,-87.0394396699,0.));
#1948 = DIRECTION('',(0.,0.,1.));
#1949 = DIRECTION('',(-0.901030449374,0.433755840654,0.));
#1950 = ORIENTED_EDGE('',*,*,#1951,.F.);
#1951 = EDGE_CURVE('',#1952,#1943,#1954,.T.);
#1952 = VERTEX_POINT('',#1953);
#1953 = CARTESIAN_POINT('',(206.3,-86.605684,0.));
#1954 = CIRCLE('',#1955,0.499989885034);
#1955 = AXIS2_PLACEMENT_3D('',#1956,#1957,#1958);
#1956 = CARTESIAN_POINT('',(205.80001011496,-86.60568592086,0.));
#1957 = DIRECTION('',(0.,0.,-1.));
#1958 = DIRECTION('',(0.999999999993,3.841811363674E-06,0.));
#1959 = ORIENTED_EDGE('',*,*,#1960,.F.);
#1960 = EDGE_CURVE('',#1961,#1952,#1963,.T.);
#1961 = VERTEX_POINT('',#1962);
#1962 = CARTESIAN_POINT('',(206.3,-85.2,0.));
#1963 = LINE('',#1964,#1965);
#1964 = CARTESIAN_POINT('',(206.3,-85.2,0.));
#1965 = VECTOR('',#1966,1.);
#1966 = DIRECTION('',(0.,-1.,0.));
#1967 = ORIENTED_EDGE('',*,*,#1968,.F.);
#1968 = EDGE_CURVE('',#1838,#1961,#1969,.T.);
#1969 = CIRCLE('',#1970,0.499989885034);
#1970 = AXIS2_PLACEMENT_3D('',#1971,#1972,#1973);
#1971 = CARTESIAN_POINT('',(205.80001011496,-85.19999807913,0.));
#1972 = DIRECTION('',(0.,0.,-1.));
#1973 = DIRECTION('',(0.901027997796,0.43376093322,0.));
#1974 = FACE_BOUND('',#1975,.F.);
#1975 = EDGE_LOOP('',(#1976));
#1976 = ORIENTED_EDGE('',*,*,#1977,.T.);
#1977 = EDGE_CURVE('',#1978,#1978,#1980,.T.);
#1978 = VERTEX_POINT('',#1979);
#1979 = CARTESIAN_POINT('',(205.5,-80.,0.));
#1980 = CIRCLE('',#1981,0.5);
#1981 = AXIS2_PLACEMENT_3D('',#1982,#1983,#1984);
#1982 = CARTESIAN_POINT('',(205.5,-79.5,0.));
#1983 = DIRECTION('',(-0.,0.,-1.));
#1984 = DIRECTION('',(-0.,-1.,0.));
#1985 = FACE_BOUND('',#1986,.F.);
#1986 = EDGE_LOOP('',(#1987,#1998,#2006,#2015));
#1987 = ORIENTED_EDGE('',*,*,#1988,.T.);
#1988 = EDGE_CURVE('',#1989,#1991,#1993,.T.);
#1989 = VERTEX_POINT('',#1990);
#1990 = CARTESIAN_POINT('',(201.65,-71.35,0.));
#1991 = VERTEX_POINT('',#1992);
#1992 = CARTESIAN_POINT('',(203.15,-71.35,0.));
#1993 = CIRCLE('',#1994,0.75);
#1994 = AXIS2_PLACEMENT_3D('',#1995,#1996,#1997);
#1995 = CARTESIAN_POINT('',(202.4,-71.35,0.));
#1996 = DIRECTION('',(0.,-0.,-1.));
#1997 = DIRECTION('',(1.,0.,-0.));
#1998 = ORIENTED_EDGE('',*,*,#1999,.T.);
#1999 = EDGE_CURVE('',#1991,#2000,#2002,.T.);
#2000 = VERTEX_POINT('',#2001);
#2001 = CARTESIAN_POINT('',(203.15,-72.65,0.));
#2002 = LINE('',#2003,#2004);
#2003 = CARTESIAN_POINT('',(203.15,-36.325,0.));
#2004 = VECTOR('',#2005,1.);
#2005 = DIRECTION('',(0.,-1.,0.));
#2006 = ORIENTED_EDGE('',*,*,#2007,.T.);
#2007 = EDGE_CURVE('',#2000,#2008,#2010,.T.);
#2008 = VERTEX_POINT('',#2009);
#2009 = CARTESIAN_POINT('',(201.65,-72.65,0.));
#2010 = CIRCLE('',#2011,0.75);
#2011 = AXIS2_PLACEMENT_3D('',#2012,#2013,#2014);
#2012 = CARTESIAN_POINT('',(202.4,-72.65,0.));
#2013 = DIRECTION('',(-0.,0.,-1.));
#2014 = DIRECTION('',(-1.,0.,0.));
#2015 = ORIENTED_EDGE('',*,*,#2016,.T.);
#2016 = EDGE_CURVE('',#2008,#1989,#2017,.T.);
#2017 = LINE('',#2018,#2019);
#2018 = CARTESIAN_POINT('',(201.65,-35.675,0.));
#2019 = VECTOR('',#2020,1.);
#2020 = DIRECTION('',(-0.,1.,0.));
#2021 = FACE_BOUND('',#2022,.F.);
#2022 = EDGE_LOOP('',(#2023));
#2023 = ORIENTED_EDGE('',*,*,#2024,.T.);
#2024 = EDGE_CURVE('',#2025,#2025,#2027,.T.);
#2025 = VERTEX_POINT('',#2026);
#2026 = CARTESIAN_POINT('',(208.,-80.,0.));
#2027 = CIRCLE('',#2028,0.5);
#2028 = AXIS2_PLACEMENT_3D('',#2029,#2030,#2031);
#2029 = CARTESIAN_POINT('',(208.,-79.5,0.));
#2030 = DIRECTION('',(-0.,0.,-1.));
#2031 = DIRECTION('',(-0.,-1.,0.));
#2032 = FACE_BOUND('',#2033,.F.);
#2033 = EDGE_LOOP('',(#2034));
#2034 = ORIENTED_EDGE('',*,*,#2035,.T.);
#2035 = EDGE_CURVE('',#2036,#2036,#2038,.T.);
#2036 = VERTEX_POINT('',#2037);
#2037 = CARTESIAN_POINT('',(210.5,-80.,0.));
#2038 = CIRCLE('',#2039,0.5);
#2039 = AXIS2_PLACEMENT_3D('',#2040,#2041,#2042);
#2040 = CARTESIAN_POINT('',(210.5,-79.5,0.));
#2041 = DIRECTION('',(-0.,0.,-1.));
#2042 = DIRECTION('',(-0.,-1.,0.));
#2043 = FACE_BOUND('',#2044,.F.);
#2044 = EDGE_LOOP('',(#2045,#2056,#2064,#2073));
#2045 = ORIENTED_EDGE('',*,*,#2046,.T.);
#2046 = EDGE_CURVE('',#2047,#2049,#2051,.T.);
#2047 = VERTEX_POINT('',#2048);
#2048 = CARTESIAN_POINT('',(212.85,-71.35,0.));
#2049 = VERTEX_POINT('',#2050);
#2050 = CARTESIAN_POINT('',(214.35,-71.35,0.));
#2051 = CIRCLE('',#2052,0.75);
#2052 = AXIS2_PLACEMENT_3D('',#2053,#2054,#2055);
#2053 = CARTESIAN_POINT('',(213.6,-71.35,0.));
#2054 = DIRECTION('',(0.,-0.,-1.));
#2055 = DIRECTION('',(1.,0.,-0.));
#2056 = ORIENTED_EDGE('',*,*,#2057,.T.);
#2057 = EDGE_CURVE('',#2049,#2058,#2060,.T.);
#2058 = VERTEX_POINT('',#2059);
#2059 = CARTESIAN_POINT('',(214.35,-72.65,0.));
#2060 = LINE('',#2061,#2062);
#2061 = CARTESIAN_POINT('',(214.35,-36.325,0.));
#2062 = VECTOR('',#2063,1.);
#2063 = DIRECTION('',(0.,-1.,0.));
#2064 = ORIENTED_EDGE('',*,*,#2065,.T.);
#2065 = EDGE_CURVE('',#2058,#2066,#2068,.T.);
#2066 = VERTEX_POINT('',#2067);
#2067 = CARTESIAN_POINT('',(212.85,-72.65,0.));
#2068 = CIRCLE('',#2069,0.75);
#2069 = AXIS2_PLACEMENT_3D('',#2070,#2071,#2072);
#2070 = CARTESIAN_POINT('',(213.6,-72.65,0.));
#2071 = DIRECTION('',(-0.,0.,-1.));
#2072 = DIRECTION('',(-1.,0.,0.));
#2073 = ORIENTED_EDGE('',*,*,#2074,.T.);
#2074 = EDGE_CURVE('',#2066,#2047,#2075,.T.);
#2075 = LINE('',#2076,#2077);
#2076 = CARTESIAN_POINT('',(212.85,-35.675,0.));
#2077 = VECTOR('',#2078,1.);
#2078 = DIRECTION('',(-0.,1.,0.));
#2079 = FACE_BOUND('',#2080,.F.);
#2080 = EDGE_LOOP('',(#2081,#2092,#2101,#2109,#2118,#2127,#2136,#2144,
    #2153,#2162,#2171,#2179,#2188,#2197,#2206,#2214));
#2081 = ORIENTED_EDGE('',*,*,#2082,.F.);
#2082 = EDGE_CURVE('',#2083,#2085,#2087,.T.);
#2083 = VERTEX_POINT('',#2084);
#2084 = CARTESIAN_POINT('',(215.983122,-70.750517,0.));
#2085 = VERTEX_POINT('',#2086);
#2086 = CARTESIAN_POINT('',(215.334543,-71.453291,0.));
#2087 = CIRCLE('',#2088,0.500000669307);
#2088 = AXIS2_PLACEMENT_3D('',#2089,#2090,#2091);
#2089 = CARTESIAN_POINT('',(215.76624525956,-71.2010335355,0.));
#2090 = DIRECTION('',(0.,0.,1.));
#2091 = DIRECTION('',(0.433752900236,0.901031864884,-0.));
#2092 = ORIENTED_EDGE('',*,*,#2093,.F.);
#2093 = EDGE_CURVE('',#2094,#2083,#2096,.T.);
#2094 = VERTEX_POINT('',#2095);
#2095 = CARTESIAN_POINT('',(216.2,-70.800002,0.));
#2096 = CIRCLE('',#2097,0.499989885034);
#2097 = AXIS2_PLACEMENT_3D('',#2098,#2099,#2100);
#2098 = CARTESIAN_POINT('',(216.19999807913,-70.30001211497,0.));
#2099 = DIRECTION('',(0.,0.,-1.));
#2100 = DIRECTION('',(3.84181142052E-06,-0.999999999993,0.));
#2101 = ORIENTED_EDGE('',*,*,#2102,.F.);
#2102 = EDGE_CURVE('',#2103,#2094,#2105,.T.);
#2103 = VERTEX_POINT('',#2104);
#2104 = CARTESIAN_POINT('',(217.605684,-70.800002,0.));
#2105 = LINE('',#2106,#2107);
#2106 = CARTESIAN_POINT('',(217.605684,-70.800002,0.));
#2107 = VECTOR('',#2108,1.);
#2108 = DIRECTION('',(-1.,0.,0.));
#2109 = ORIENTED_EDGE('',*,*,#2110,.F.);
#2110 = EDGE_CURVE('',#2111,#2103,#2113,.T.);
#2111 = VERTEX_POINT('',#2112);
#2112 = CARTESIAN_POINT('',(217.822562,-70.750517,0.));
#2113 = CIRCLE('',#2114,0.499989885034);
#2114 = AXIS2_PLACEMENT_3D('',#2115,#2116,#2117);
#2115 = CARTESIAN_POINT('',(217.60568592086,-70.30001211496,0.));
#2116 = DIRECTION('',(0.,0.,-1.));
#2117 = DIRECTION('',(0.43376093322,-0.901027997796,0.));
#2118 = ORIENTED_EDGE('',*,*,#2119,.F.);
#2119 = EDGE_CURVE('',#2120,#2111,#2122,.T.);
#2120 = VERTEX_POINT('',#2121);
#2121 = CARTESIAN_POINT('',(218.471141,-71.45329,0.));
#2122 = CIRCLE('',#2123,0.499999729127);
#2123 = AXIS2_PLACEMENT_3D('',#2124,#2125,#2126);
#2124 = CARTESIAN_POINT('',(218.03944029088,-71.20103174567,0.));
#2125 = DIRECTION('',(0.,0.,1.));
#2126 = DIRECTION('',(0.863401885979,-0.504516781969,0.));
#2127 = ORIENTED_EDGE('',*,*,#2128,.F.);
#2128 = EDGE_CURVE('',#2129,#2120,#2131,.T.);
#2129 = VERTEX_POINT('',#2130);
#2130 = CARTESIAN_POINT('',(218.402842,-71.705548,0.));
#2131 = CIRCLE('',#2132,0.500008729289);
#2132 = AXIS2_PLACEMENT_3D('',#2133,#2134,#2135);
#2133 = CARTESIAN_POINT('',(218.90285072928,-71.70555065687,0.));
#2134 = DIRECTION('',(0.,0.,-1.));
#2135 = DIRECTION('',(-0.999999999986,5.313662938454E-06,0.));
#2136 = ORIENTED_EDGE('',*,*,#2137,.F.);
#2137 = EDGE_CURVE('',#2138,#2129,#2140,.T.);
#2138 = VERTEX_POINT('',#2139);
#2139 = CARTESIAN_POINT('',(218.402841,-73.294454,0.));
#2140 = LINE('',#2141,#2142);
#2141 = CARTESIAN_POINT('',(218.402841,-73.294454,0.));
#2142 = VECTOR('',#2143,1.);
#2143 = DIRECTION('',(6.29363850017E-07,1.,0.));
#2144 = ORIENTED_EDGE('',*,*,#2145,.F.);
#2145 = EDGE_CURVE('',#2146,#2138,#2148,.T.);
#2146 = VERTEX_POINT('',#2147);
#2147 = CARTESIAN_POINT('',(218.47114,-73.546712,0.));
#2148 = CIRCLE('',#2149,0.500008729289);
#2149 = AXIS2_PLACEMENT_3D('',#2150,#2151,#2152);
#2150 = CARTESIAN_POINT('',(218.90284972928,-73.29445134312,0.));
#2151 = DIRECTION('',(0.,0.,-1.));
#2152 = DIRECTION('',(-0.863404384751,-0.504512505685,-0.));
#2153 = ORIENTED_EDGE('',*,*,#2154,.F.);
#2154 = EDGE_CURVE('',#2155,#2146,#2157,.T.);
#2155 = VERTEX_POINT('',#2156);
#2156 = CARTESIAN_POINT('',(217.822562,-74.249485,0.));
#2157 = CIRCLE('',#2158,0.499999422661);
#2158 = AXIS2_PLACEMENT_3D('',#2159,#2160,#2161);
#2159 = CARTESIAN_POINT('',(218.0394396699,-73.79897029551,0.));
#2160 = DIRECTION('',(0.,0.,1.));
#2161 = DIRECTION('',(-0.433755840654,-0.901030449374,0.));
#2162 = ORIENTED_EDGE('',*,*,#2163,.F.);
#2163 = EDGE_CURVE('',#2164,#2155,#2166,.T.);
#2164 = VERTEX_POINT('',#2165);
#2165 = CARTESIAN_POINT('',(217.605685,-74.2,0.));
#2166 = CIRCLE('',#2167,0.499989884978);
#2167 = AXIS2_PLACEMENT_3D('',#2168,#2169,#2170);
#2168 = CARTESIAN_POINT('',(217.60568592088,-74.69998988497,0.));
#2169 = DIRECTION('',(0.,0.,-1.));
#2170 = DIRECTION('',(-1.841808596201E-06,0.999999999998,0.));
#2171 = ORIENTED_EDGE('',*,*,#2172,.F.);
#2172 = EDGE_CURVE('',#2173,#2164,#2175,.T.);
#2173 = VERTEX_POINT('',#2174);
#2174 = CARTESIAN_POINT('',(216.2,-74.2,0.));
#2175 = LINE('',#2176,#2177);
#2176 = CARTESIAN_POINT('',(216.2,-74.2,0.));
#2177 = VECTOR('',#2178,1.);
#2178 = DIRECTION('',(1.,0.,0.));
#2179 = ORIENTED_EDGE('',*,*,#2180,.F.);
#2180 = EDGE_CURVE('',#2181,#2173,#2183,.T.);
#2181 = VERTEX_POINT('',#2182);
#2182 = CARTESIAN_POINT('',(215.983122,-74.249485,0.));
#2183 = CIRCLE('',#2184,0.499989885034);
#2184 = AXIS2_PLACEMENT_3D('',#2185,#2186,#2187);
#2185 = CARTESIAN_POINT('',(216.19999807913,-74.69998988503,0.));
#2186 = DIRECTION('',(0.,0.,-1.));
#2187 = DIRECTION('',(-0.43376093322,0.901027997796,0.));
#2188 = ORIENTED_EDGE('',*,*,#2189,.F.);
#2189 = EDGE_CURVE('',#2190,#2181,#2192,.T.);
#2190 = VERTEX_POINT('',#2191);
#2191 = CARTESIAN_POINT('',(215.334543,-73.546712,0.));
#2192 = CIRCLE('',#2193,0.499999448976);
#2193 = AXIS2_PLACEMENT_3D('',#2194,#2195,#2196);
#2194 = CARTESIAN_POINT('',(215.76624300484,-73.79897090428,0.));
#2195 = DIRECTION('',(0.,0.,1.));
#2196 = DIRECTION('',(-0.863400961204,0.504518364574,0.));
#2197 = ORIENTED_EDGE('',*,*,#2198,.F.);
#2198 = EDGE_CURVE('',#2199,#2190,#2201,.T.);
#2199 = VERTEX_POINT('',#2200);
#2200 = CARTESIAN_POINT('',(215.402842,-73.294453,0.));
#2201 = CIRCLE('',#2202,0.500008729226);
#2202 = AXIS2_PLACEMENT_3D('',#2203,#2204,#2205);
#2203 = CARTESIAN_POINT('',(214.90283327077,-73.29445134314,0.));
#2204 = DIRECTION('',(0.,0.,-1.));
#2205 = DIRECTION('',(0.999999999995,-3.313649089662E-06,0.));
#2206 = ORIENTED_EDGE('',*,*,#2207,.F.);
#2207 = EDGE_CURVE('',#2208,#2199,#2210,.T.);
#2208 = VERTEX_POINT('',#2209);
#2209 = CARTESIAN_POINT('',(215.402842,-71.705549,0.));
#2210 = LINE('',#2211,#2212);
#2211 = CARTESIAN_POINT('',(215.402842,-71.705549,0.));
#2212 = VECTOR('',#2213,1.);
#2213 = DIRECTION('',(0.,-1.,0.));
#2214 = ORIENTED_EDGE('',*,*,#2215,.F.);
#2215 = EDGE_CURVE('',#2085,#2208,#2216,.T.);
#2216 = CIRCLE('',#2217,0.500008729288);
#2217 = AXIS2_PLACEMENT_3D('',#2218,#2219,#2220);
#2218 = CARTESIAN_POINT('',(214.90283327071,-71.70555165687,0.));
#2219 = DIRECTION('',(0.,0.,-1.));
#2220 = DIRECTION('',(0.863404384751,0.504512505686,0.));
#2221 = FACE_BOUND('',#2222,.F.);
#2222 = EDGE_LOOP('',(#2223,#2234,#2243,#2251,#2260,#2269,#2278,#2286,
    #2295,#2304,#2313,#2321,#2330,#2339,#2348,#2356));
#2223 = ORIENTED_EDGE('',*,*,#2224,.F.);
#2224 = EDGE_CURVE('',#2225,#2227,#2229,.T.);
#2225 = VERTEX_POINT('',#2226);
#2226 = CARTESIAN_POINT('',(172.426185,-59.244819,0.));
#2227 = VERTEX_POINT('',#2228);
#2228 = CARTESIAN_POINT('',(171.723412,-59.893398,0.));
#2229 = CIRCLE('',#2230,0.499999729127);
#2230 = AXIS2_PLACEMENT_3D('',#2231,#2232,#2233);
#2231 = CARTESIAN_POINT('',(172.17392674567,-59.67651970911,0.));
#2232 = DIRECTION('',(0.,0.,1.));
#2233 = DIRECTION('',(0.504516781969,0.863401885979,-0.));
#2234 = ORIENTED_EDGE('',*,*,#2235,.F.);
#2235 = EDGE_CURVE('',#2236,#2225,#2238,.T.);
#2236 = VERTEX_POINT('',#2237);
#2237 = CARTESIAN_POINT('',(172.678444,-59.313119,0.));
#2238 = CIRCLE('',#2239,0.50002311711);
#2239 = AXIS2_PLACEMENT_3D('',#2240,#2241,#2242);
#2240 = CARTESIAN_POINT('',(172.67845126378,-58.81309588294,0.));
#2241 = DIRECTION('',(0.,0.,-1.));
#2242 = DIRECTION('',(-1.452689328924E-05,-0.999999999894,-0.));
#2243 = ORIENTED_EDGE('',*,*,#2244,.F.);
#2244 = EDGE_CURVE('',#2245,#2236,#2247,.T.);
#2245 = VERTEX_POINT('',#2246);
#2246 = CARTESIAN_POINT('',(174.267349,-59.313119,0.));
#2247 = LINE('',#2248,#2249);
#2248 = CARTESIAN_POINT('',(174.267349,-59.313119,0.));
#2249 = VECTOR('',#2250,1.);
#2250 = DIRECTION('',(-1.,0.,0.));
#2251 = ORIENTED_EDGE('',*,*,#2252,.F.);
#2252 = EDGE_CURVE('',#2253,#2245,#2255,.T.);
#2253 = VERTEX_POINT('',#2254);
#2254 = CARTESIAN_POINT('',(174.519607,-59.24482,0.));
#2255 = CIRCLE('',#2256,0.500008729288);
#2256 = AXIS2_PLACEMENT_3D('',#2257,#2258,#2259);
#2257 = CARTESIAN_POINT('',(174.26734634312,-58.81311027071,0.));
#2258 = DIRECTION('',(0.,0.,-1.));
#2259 = DIRECTION('',(0.504512505685,-0.863404384751,0.));
#2260 = ORIENTED_EDGE('',*,*,#2261,.F.);
#2261 = EDGE_CURVE('',#2262,#2253,#2264,.T.);
#2262 = VERTEX_POINT('',#2263);
#2263 = CARTESIAN_POINT('',(175.22238,-59.893398,0.));
#2264 = CIRCLE('',#2265,0.499999422661);
#2265 = AXIS2_PLACEMENT_3D('',#2266,#2267,#2268);
#2266 = CARTESIAN_POINT('',(174.77186529551,-59.67652033009,0.));
#2267 = DIRECTION('',(0.,0.,1.));
#2268 = DIRECTION('',(0.901030449374,-0.433755840654,0.));
#2269 = ORIENTED_EDGE('',*,*,#2270,.F.);
#2270 = EDGE_CURVE('',#2271,#2262,#2273,.T.);
#2271 = VERTEX_POINT('',#2272);
#2272 = CARTESIAN_POINT('',(175.172895,-60.110276,0.));
#2273 = CIRCLE('',#2274,0.499989885034);
#2274 = AXIS2_PLACEMENT_3D('',#2275,#2276,#2277);
#2275 = CARTESIAN_POINT('',(175.67288488503,-60.11027407913,0.));
#2276 = DIRECTION('',(0.,0.,-1.));
#2277 = DIRECTION('',(-0.999999999993,-3.841811790014E-06,-0.));
#2278 = ORIENTED_EDGE('',*,*,#2279,.F.);
#2279 = EDGE_CURVE('',#2280,#2271,#2282,.T.);
#2280 = VERTEX_POINT('',#2281);
#2281 = CARTESIAN_POINT('',(175.172895,-61.51596,0.));
#2282 = LINE('',#2283,#2284);
#2283 = CARTESIAN_POINT('',(175.172895,-61.51596,0.));
#2284 = VECTOR('',#2285,1.);
#2285 = DIRECTION('',(0.,1.,0.));
#2286 = ORIENTED_EDGE('',*,*,#2287,.F.);
#2287 = EDGE_CURVE('',#2288,#2280,#2290,.T.);
#2288 = VERTEX_POINT('',#2289);
#2289 = CARTESIAN_POINT('',(175.22238,-61.732838,0.));
#2290 = CIRCLE('',#2291,0.499989885034);
#2291 = AXIS2_PLACEMENT_3D('',#2292,#2293,#2294);
#2292 = CARTESIAN_POINT('',(175.67288488503,-61.51596192086,0.));
#2293 = DIRECTION('',(0.,0.,-1.));
#2294 = DIRECTION('',(-0.901027997796,-0.43376093322,-0.));
#2295 = ORIENTED_EDGE('',*,*,#2296,.F.);
#2296 = EDGE_CURVE('',#2297,#2288,#2299,.T.);
#2297 = VERTEX_POINT('',#2298);
#2298 = CARTESIAN_POINT('',(174.519607,-62.381417,0.));
#2299 = CIRCLE('',#2300,0.499999448976);
#2300 = AXIS2_PLACEMENT_3D('',#2301,#2302,#2303);
#2301 = CARTESIAN_POINT('',(174.77186590428,-61.94971699515,0.));
#2302 = DIRECTION('',(0.,0.,1.));
#2303 = DIRECTION('',(-0.504518364574,-0.863400961204,0.));
#2304 = ORIENTED_EDGE('',*,*,#2305,.F.);
#2305 = EDGE_CURVE('',#2306,#2297,#2308,.T.);
#2306 = VERTEX_POINT('',#2307);
#2307 = CARTESIAN_POINT('',(174.267348,-62.313118,0.));
#2308 = CIRCLE('',#2309,0.500008729226);
#2309 = AXIS2_PLACEMENT_3D('',#2310,#2311,#2312);
#2310 = CARTESIAN_POINT('',(174.26734634314,-62.81312672922,0.));
#2311 = DIRECTION('',(0.,0.,-1.));
#2312 = DIRECTION('',(3.313649260187E-06,0.999999999995,0.));
#2313 = ORIENTED_EDGE('',*,*,#2314,.F.);
#2314 = EDGE_CURVE('',#2315,#2306,#2317,.T.);
#2315 = VERTEX_POINT('',#2316);
#2316 = CARTESIAN_POINT('',(172.678444,-62.313118,0.));
#2317 = LINE('',#2318,#2319);
#2318 = CARTESIAN_POINT('',(172.678444,-62.313118,0.));
#2319 = VECTOR('',#2320,1.);
#2320 = DIRECTION('',(1.,0.,0.));
#2321 = ORIENTED_EDGE('',*,*,#2322,.F.);
#2322 = EDGE_CURVE('',#2323,#2315,#2325,.T.);
#2323 = VERTEX_POINT('',#2324);
#2324 = CARTESIAN_POINT('',(172.426185,-62.381415,0.));
#2325 = CIRCLE('',#2326,0.500040834725);
#2326 = AXIS2_PLACEMENT_3D('',#2327,#2328,#2329);
#2327 = CARTESIAN_POINT('',(172.67845092637,-62.81315883467,0.));
#2328 = DIRECTION('',(0.,0.,-1.));
#2329 = DIRECTION('',(-0.50449065128,0.86341715455,0.));
#2330 = ORIENTED_EDGE('',*,*,#2331,.F.);
#2331 = EDGE_CURVE('',#2332,#2323,#2334,.T.);
#2332 = VERTEX_POINT('',#2333);
#2333 = CARTESIAN_POINT('',(171.723412,-61.732838,0.));
#2334 = CIRCLE('',#2335,0.499999092786);
#2335 = AXIS2_PLACEMENT_3D('',#2336,#2337,#2338);
#2336 = CARTESIAN_POINT('',(172.17392660898,-61.94971510777,0.));
#2337 = DIRECTION('',(0.,0.,1.));
#2338 = DIRECTION('',(-0.901030852831,0.43375500256,0.));
#2339 = ORIENTED_EDGE('',*,*,#2340,.F.);
#2340 = EDGE_CURVE('',#2341,#2332,#2343,.T.);
#2341 = VERTEX_POINT('',#2342);
#2342 = CARTESIAN_POINT('',(171.772897,-61.51596,0.));
#2343 = CIRCLE('',#2344,0.499989885034);
#2344 = AXIS2_PLACEMENT_3D('',#2345,#2346,#2347);
#2345 = CARTESIAN_POINT('',(171.27290711496,-61.51596192086,0.));
#2346 = DIRECTION('',(0.,0.,-1.));
#2347 = DIRECTION('',(0.999999999993,3.841811392097E-06,0.));
#2348 = ORIENTED_EDGE('',*,*,#2349,.F.);
#2349 = EDGE_CURVE('',#2350,#2341,#2352,.T.);
#2350 = VERTEX_POINT('',#2351);
#2351 = CARTESIAN_POINT('',(171.772897,-60.110276,0.));
#2352 = LINE('',#2353,#2354);
#2353 = CARTESIAN_POINT('',(171.772897,-60.110276,0.));
#2354 = VECTOR('',#2355,1.);
#2355 = DIRECTION('',(0.,-1.,0.));
#2356 = ORIENTED_EDGE('',*,*,#2357,.F.);
#2357 = EDGE_CURVE('',#2227,#2350,#2358,.T.);
#2358 = CIRCLE('',#2359,0.499989885034);
#2359 = AXIS2_PLACEMENT_3D('',#2360,#2361,#2362);
#2360 = CARTESIAN_POINT('',(171.27290711496,-60.11027407913,0.));
#2361 = DIRECTION('',(0.,0.,-1.));
#2362 = DIRECTION('',(0.901027997796,0.43376093322,0.));
#2363 = FACE_BOUND('',#2364,.F.);
#2364 = EDGE_LOOP('',(#2365));
#2365 = ORIENTED_EDGE('',*,*,#2366,.T.);
#2366 = EDGE_CURVE('',#2367,#2367,#2369,.T.);
#2367 = VERTEX_POINT('',#2368);
#2368 = CARTESIAN_POINT('',(205.5,-65.5,0.));
#2369 = CIRCLE('',#2370,0.5);
#2370 = AXIS2_PLACEMENT_3D('',#2371,#2372,#2373);
#2371 = CARTESIAN_POINT('',(205.5,-65.,0.));
#2372 = DIRECTION('',(-0.,0.,-1.));
#2373 = DIRECTION('',(-0.,-1.,0.));
#2374 = FACE_BOUND('',#2375,.F.);
#2375 = EDGE_LOOP('',(#2376));
#2376 = ORIENTED_EDGE('',*,*,#2377,.T.);
#2377 = EDGE_CURVE('',#2378,#2378,#2380,.T.);
#2378 = VERTEX_POINT('',#2379);
#2379 = CARTESIAN_POINT('',(210.5,-65.5,0.));
#2380 = CIRCLE('',#2381,0.5);
#2381 = AXIS2_PLACEMENT_3D('',#2382,#2383,#2384);
#2382 = CARTESIAN_POINT('',(210.5,-65.,0.));
#2383 = DIRECTION('',(-0.,0.,-1.));
#2384 = DIRECTION('',(-0.,-1.,0.));
#2385 = FACE_BOUND('',#2386,.F.);
#2386 = EDGE_LOOP('',(#2387,#2398,#2407,#2415,#2424,#2433,#2442,#2450,
    #2459,#2468,#2477,#2485,#2494,#2503,#2512,#2520));
#2387 = ORIENTED_EDGE('',*,*,#2388,.F.);
#2388 = EDGE_CURVE('',#2389,#2391,#2393,.T.);
#2389 = VERTEX_POINT('',#2390);
#2390 = CARTESIAN_POINT('',(217.318299,-52.82051,0.));
#2391 = VERTEX_POINT('',#2392);
#2392 = CARTESIAN_POINT('',(216.66972,-52.117737,0.));
#2393 = CIRCLE('',#2394,0.499999448976);
#2394 = AXIS2_PLACEMENT_3D('',#2395,#2396,#2397);
#2395 = CARTESIAN_POINT('',(216.88659899515,-52.56825109571,0.));
#2396 = DIRECTION('',(0.,0.,1.));
#2397 = DIRECTION('',(0.863400961204,-0.504518364574,0.));
#2398 = ORIENTED_EDGE('',*,*,#2399,.F.);
#2399 = EDGE_CURVE('',#2400,#2389,#2402,.T.);
#2400 = VERTEX_POINT('',#2401);
#2401 = CARTESIAN_POINT('',(217.25,-53.072769,0.));
#2402 = CIRCLE('',#2403,0.500008729227);
#2403 = AXIS2_PLACEMENT_3D('',#2404,#2405,#2406);
#2404 = CARTESIAN_POINT('',(217.75000872922,-53.07277065685,0.));
#2405 = DIRECTION('',(0.,0.,-1.));
#2406 = DIRECTION('',(-0.999999999995,3.313649501765E-06,0.));
#2407 = ORIENTED_EDGE('',*,*,#2408,.F.);
#2408 = EDGE_CURVE('',#2409,#2400,#2411,.T.);
#2409 = VERTEX_POINT('',#2410);
#2410 = CARTESIAN_POINT('',(217.25,-54.661673,0.));
#2411 = LINE('',#2412,#2413);
#2412 = CARTESIAN_POINT('',(217.25,-54.661673,0.));
#2413 = VECTOR('',#2414,1.);
#2414 = DIRECTION('',(0.,1.,0.));
#2415 = ORIENTED_EDGE('',*,*,#2416,.F.);
#2416 = EDGE_CURVE('',#2417,#2409,#2419,.T.);
#2417 = VERTEX_POINT('',#2418);
#2418 = CARTESIAN_POINT('',(217.318299,-54.913931,0.));
#2419 = CIRCLE('',#2420,0.500008729289);
#2420 = AXIS2_PLACEMENT_3D('',#2421,#2422,#2423);
#2421 = CARTESIAN_POINT('',(217.75000872928,-54.66167034312,0.));
#2422 = DIRECTION('',(0.,0.,-1.));
#2423 = DIRECTION('',(-0.863404384751,-0.504512505685,-0.));
#2424 = ORIENTED_EDGE('',*,*,#2425,.F.);
#2425 = EDGE_CURVE('',#2426,#2417,#2428,.T.);
#2426 = VERTEX_POINT('',#2427);
#2427 = CARTESIAN_POINT('',(216.66972,-55.616705,0.));
#2428 = CIRCLE('',#2429,0.500000669307);
#2429 = AXIS2_PLACEMENT_3D('',#2430,#2431,#2432);
#2430 = CARTESIAN_POINT('',(216.88659674043,-55.16618846449,0.));
#2431 = DIRECTION('',(0.,0.,1.));
#2432 = DIRECTION('',(-0.433752900236,-0.901031864884,0.));
#2433 = ORIENTED_EDGE('',*,*,#2434,.F.);
#2434 = EDGE_CURVE('',#2435,#2426,#2437,.T.);
#2435 = VERTEX_POINT('',#2436);
#2436 = CARTESIAN_POINT('',(216.452843,-55.56722,0.));
#2437 = CIRCLE('',#2438,0.499989884978);
#2438 = AXIS2_PLACEMENT_3D('',#2439,#2440,#2441);
#2439 = CARTESIAN_POINT('',(216.45284392088,-56.06720988497,0.));
#2440 = DIRECTION('',(0.,0.,-1.));
#2441 = DIRECTION('',(-1.841808539356E-06,0.999999999998,0.));
#2442 = ORIENTED_EDGE('',*,*,#2443,.F.);
#2443 = EDGE_CURVE('',#2444,#2435,#2446,.T.);
#2444 = VERTEX_POINT('',#2445);
#2445 = CARTESIAN_POINT('',(215.047158,-55.56722,0.));
#2446 = LINE('',#2447,#2448);
#2447 = CARTESIAN_POINT('',(215.047158,-55.56722,0.));
#2448 = VECTOR('',#2449,1.);
#2449 = DIRECTION('',(1.,0.,0.));
#2450 = ORIENTED_EDGE('',*,*,#2451,.F.);
#2451 = EDGE_CURVE('',#2452,#2444,#2454,.T.);
#2452 = VERTEX_POINT('',#2453);
#2453 = CARTESIAN_POINT('',(214.83028,-55.616705,0.));
#2454 = CIRCLE('',#2455,0.499989885034);
#2455 = AXIS2_PLACEMENT_3D('',#2456,#2457,#2458);
#2456 = CARTESIAN_POINT('',(215.04715607913,-56.06720988503,0.));
#2457 = DIRECTION('',(0.,0.,-1.));
#2458 = DIRECTION('',(-0.43376093322,0.901027997796,0.));
#2459 = ORIENTED_EDGE('',*,*,#2460,.F.);
#2460 = EDGE_CURVE('',#2461,#2452,#2463,.T.);
#2461 = VERTEX_POINT('',#2462);
#2462 = CARTESIAN_POINT('',(214.181701,-54.913932,0.));
#2463 = CIRCLE('',#2464,0.499999729127);
#2464 = AXIS2_PLACEMENT_3D('',#2465,#2466,#2467);
#2465 = CARTESIAN_POINT('',(214.61340170911,-55.16619025432,0.));
#2466 = DIRECTION('',(0.,0.,1.));
#2467 = DIRECTION('',(-0.863401885979,0.504516781969,0.));
#2468 = ORIENTED_EDGE('',*,*,#2469,.F.);
#2469 = EDGE_CURVE('',#2470,#2461,#2472,.T.);
#2470 = VERTEX_POINT('',#2471);
#2471 = CARTESIAN_POINT('',(214.250001,-54.661673,0.));
#2472 = CIRCLE('',#2473,0.50002311711);
#2473 = AXIS2_PLACEMENT_3D('',#2474,#2475,#2476);
#2474 = CARTESIAN_POINT('',(213.74997788294,-54.66166573621,0.));
#2475 = DIRECTION('',(0.,0.,-1.));
#2476 = DIRECTION('',(0.999999999894,-1.452689344554E-05,0.));
#2477 = ORIENTED_EDGE('',*,*,#2478,.F.);
#2478 = EDGE_CURVE('',#2479,#2470,#2481,.T.);
#2479 = VERTEX_POINT('',#2480);
#2480 = CARTESIAN_POINT('',(214.250001,-53.072768,0.));
#2481 = LINE('',#2482,#2483);
#2482 = CARTESIAN_POINT('',(214.250001,-53.072768,0.));
#2483 = VECTOR('',#2484,1.);
#2484 = DIRECTION('',(0.,-1.,0.));
#2485 = ORIENTED_EDGE('',*,*,#2486,.F.);
#2486 = EDGE_CURVE('',#2487,#2479,#2489,.T.);
#2487 = VERTEX_POINT('',#2488);
#2488 = CARTESIAN_POINT('',(214.181702,-52.82051,0.));
#2489 = CIRCLE('',#2490,0.500008729289);
#2490 = AXIS2_PLACEMENT_3D('',#2491,#2492,#2493);
#2491 = CARTESIAN_POINT('',(213.74999227071,-53.07277065687,0.));
#2492 = DIRECTION('',(0.,0.,-1.));
#2493 = DIRECTION('',(0.863404384751,0.504512505685,0.));
#2494 = ORIENTED_EDGE('',*,*,#2495,.F.);
#2495 = EDGE_CURVE('',#2496,#2487,#2498,.T.);
#2496 = VERTEX_POINT('',#2497);
#2497 = CARTESIAN_POINT('',(214.83028,-52.117737,0.));
#2498 = CIRCLE('',#2499,0.499999422661);
#2499 = AXIS2_PLACEMENT_3D('',#2500,#2501,#2502);
#2500 = CARTESIAN_POINT('',(214.61340233009,-52.56825170448,0.));
#2501 = DIRECTION('',(0.,0.,1.));
#2502 = DIRECTION('',(0.433755840654,0.901030449374,-0.));
#2503 = ORIENTED_EDGE('',*,*,#2504,.F.);
#2504 = EDGE_CURVE('',#2505,#2496,#2507,.T.);
#2505 = VERTEX_POINT('',#2506);
#2506 = CARTESIAN_POINT('',(215.047157,-52.167222,0.));
#2507 = CIRCLE('',#2508,0.499989884978);
#2508 = AXIS2_PLACEMENT_3D('',#2509,#2510,#2511);
#2509 = CARTESIAN_POINT('',(215.04715607911,-51.66723211502,0.));
#2510 = DIRECTION('',(0.,0.,-1.));
#2511 = DIRECTION('',(1.841808539356E-06,-0.999999999998,0.));
#2512 = ORIENTED_EDGE('',*,*,#2513,.F.);
#2513 = EDGE_CURVE('',#2514,#2505,#2516,.T.);
#2514 = VERTEX_POINT('',#2515);
#2515 = CARTESIAN_POINT('',(216.452842,-52.167222,0.));
#2516 = LINE('',#2517,#2518);
#2517 = CARTESIAN_POINT('',(216.452842,-52.167222,0.));
#2518 = VECTOR('',#2519,1.);
#2519 = DIRECTION('',(-1.,0.,0.));
#2520 = ORIENTED_EDGE('',*,*,#2521,.F.);
#2521 = EDGE_CURVE('',#2391,#2514,#2522,.T.);
#2522 = CIRCLE('',#2523,0.499989885034);
#2523 = AXIS2_PLACEMENT_3D('',#2524,#2525,#2526);
#2524 = CARTESIAN_POINT('',(216.45284392086,-51.66723211496,0.));
#2525 = DIRECTION('',(0.,0.,-1.));
#2526 = DIRECTION('',(0.43376093322,-0.901027997796,0.));
#2527 = PLANE('',#2528);
#2528 = AXIS2_PLACEMENT_3D('',#2529,#2530,#2531);
#2529 = CARTESIAN_POINT('',(0.,0.,0.));
#2530 = DIRECTION('',(0.,0.,1.));
#2531 = DIRECTION('',(1.,0.,-0.));
#2532 = ADVANCED_FACE('',(#2533,#2656,#2798,#2809,#2820,#2831,#2842,
    #2853,#2864,#2875,#2886,#2897,#2908,#2919,#2930,#2941,#2952,#3094,
    #3236,#3247,#3258,#3269,#3280,#3291,#3302,#3313,#3324,#3335,#3346,
    #3488,#3499,#3510,#3652,#3688,#3699,#3735,#3746,#3757,#3899,#3910,
    #3921,#4063,#4074,#4085,#4227,#4369,#4380,#4416,#4427,#4438,#4474,
    #4616,#4758,#4769,#4780),#4922,.T.);
#2533 = FACE_BOUND('',#2534,.T.);
#2534 = EDGE_LOOP('',(#2535,#2536,#2537,#2545,#2553,#2561,#2569,#2577,
    #2585,#2593,#2601,#2609,#2617,#2625,#2633,#2641,#2649,#2655));
#2535 = ORIENTED_EDGE('',*,*,#49,.F.);
#2536 = ORIENTED_EDGE('',*,*,#89,.F.);
#2537 = ORIENTED_EDGE('',*,*,#2538,.F.);
#2538 = EDGE_CURVE('',#2539,#82,#2541,.T.);
#2539 = VERTEX_POINT('',#2540);
#2540 = CARTESIAN_POINT('',(120.5,-49.,1.51));
#2541 = LINE('',#2542,#2543);
#2542 = CARTESIAN_POINT('',(120.5,-49.,1.51));
#2543 = VECTOR('',#2544,1.);
#2544 = DIRECTION('',(1.,0.,0.));
#2545 = ORIENTED_EDGE('',*,*,#2546,.F.);
#2546 = EDGE_CURVE('',#2547,#2539,#2549,.T.);
#2547 = VERTEX_POINT('',#2548);
#2548 = CARTESIAN_POINT('',(120.5,-76.5,1.51));
#2549 = LINE('',#2550,#2551);
#2550 = CARTESIAN_POINT('',(120.5,-76.5,1.51));
#2551 = VECTOR('',#2552,1.);
#2552 = DIRECTION('',(0.,1.,0.));
#2553 = ORIENTED_EDGE('',*,*,#2554,.F.);
#2554 = EDGE_CURVE('',#2555,#2547,#2557,.T.);
#2555 = VERTEX_POINT('',#2556);
#2556 = CARTESIAN_POINT('',(133.5,-100.,1.51));
#2557 = LINE('',#2558,#2559);
#2558 = CARTESIAN_POINT('',(133.5,-100.,1.51));
#2559 = VECTOR('',#2560,1.);
#2560 = DIRECTION('',(-0.484061385167,0.875034042418,0.));
#2561 = ORIENTED_EDGE('',*,*,#2562,.F.);
#2562 = EDGE_CURVE('',#2563,#2555,#2565,.T.);
#2563 = VERTEX_POINT('',#2564);
#2564 = CARTESIAN_POINT('',(133.5,-123.,1.51));
#2565 = LINE('',#2566,#2567);
#2566 = CARTESIAN_POINT('',(133.5,-123.,1.51));
#2567 = VECTOR('',#2568,1.);
#2568 = DIRECTION('',(0.,1.,0.));
#2569 = ORIENTED_EDGE('',*,*,#2570,.F.);
#2570 = EDGE_CURVE('',#2571,#2563,#2573,.T.);
#2571 = VERTEX_POINT('',#2572);
#2572 = CARTESIAN_POINT('',(150.5,-130.5,1.51));
#2573 = LINE('',#2574,#2575);
#2574 = CARTESIAN_POINT('',(150.5,-130.5,1.51));
#2575 = VECTOR('',#2576,1.);
#2576 = DIRECTION('',(-0.914917801573,0.403640206576,0.));
#2577 = ORIENTED_EDGE('',*,*,#2578,.F.);
#2578 = EDGE_CURVE('',#2579,#2571,#2581,.T.);
#2579 = VERTEX_POINT('',#2580);
#2580 = CARTESIAN_POINT('',(189.5,-130.5,1.51));
#2581 = LINE('',#2582,#2583);
#2582 = CARTESIAN_POINT('',(189.5,-130.5,1.51));
#2583 = VECTOR('',#2584,1.);
#2584 = DIRECTION('',(-1.,0.,0.));
#2585 = ORIENTED_EDGE('',*,*,#2586,.F.);
#2586 = EDGE_CURVE('',#2587,#2579,#2589,.T.);
#2587 = VERTEX_POINT('',#2588);
#2588 = CARTESIAN_POINT('',(205.5,-124.,1.51));
#2589 = LINE('',#2590,#2591);
#2590 = CARTESIAN_POINT('',(205.5,-124.,1.51));
#2591 = VECTOR('',#2592,1.);
#2592 = DIRECTION('',(-0.926466577122,-0.376377046956,0.));
#2593 = ORIENTED_EDGE('',*,*,#2594,.F.);
#2594 = EDGE_CURVE('',#2595,#2587,#2597,.T.);
#2595 = VERTEX_POINT('',#2596);
#2596 = CARTESIAN_POINT('',(209.5,-96.,1.51));
#2597 = LINE('',#2598,#2599);
#2598 = CARTESIAN_POINT('',(209.5,-96.,1.51));
#2599 = VECTOR('',#2600,1.);
#2600 = DIRECTION('',(-0.141421356237,-0.989949493661,0.));
#2601 = ORIENTED_EDGE('',*,*,#2602,.F.);
#2602 = EDGE_CURVE('',#2603,#2595,#2605,.T.);
#2603 = VERTEX_POINT('',#2604);
#2604 = CARTESIAN_POINT('',(219.,-77.,1.51));
#2605 = LINE('',#2606,#2607);
#2606 = CARTESIAN_POINT('',(219.,-77.,1.51));
#2607 = VECTOR('',#2608,1.);
#2608 = DIRECTION('',(-0.4472135955,-0.894427191,0.));
#2609 = ORIENTED_EDGE('',*,*,#2610,.F.);
#2610 = EDGE_CURVE('',#2611,#2603,#2613,.T.);
#2611 = VERTEX_POINT('',#2612);
#2612 = CARTESIAN_POINT('',(219.,-49.,1.51));
#2613 = LINE('',#2614,#2615);
#2614 = CARTESIAN_POINT('',(219.,-49.,1.51));
#2615 = VECTOR('',#2616,1.);
#2616 = DIRECTION('',(0.,-1.,0.));
#2617 = ORIENTED_EDGE('',*,*,#2618,.F.);
#2618 = EDGE_CURVE('',#2619,#2611,#2621,.T.);
#2619 = VERTEX_POINT('',#2620);
#2620 = CARTESIAN_POINT('',(212.5,-49.,1.51));
#2621 = LINE('',#2622,#2623);
#2622 = CARTESIAN_POINT('',(212.5,-49.,1.51));
#2623 = VECTOR('',#2624,1.);
#2624 = DIRECTION('',(1.,0.,0.));
#2625 = ORIENTED_EDGE('',*,*,#2626,.F.);
#2626 = EDGE_CURVE('',#2627,#2619,#2629,.T.);
#2627 = VERTEX_POINT('',#2628);
#2628 = CARTESIAN_POINT('',(194.,-66.5,1.51));
#2629 = LINE('',#2630,#2631);
#2630 = CARTESIAN_POINT('',(194.,-66.5,1.51));
#2631 = VECTOR('',#2632,1.);
#2632 = DIRECTION('',(0.726468416955,0.687199853876,0.));
#2633 = ORIENTED_EDGE('',*,*,#2634,.F.);
#2634 = EDGE_CURVE('',#2635,#2627,#2637,.T.);
#2635 = VERTEX_POINT('',#2636);
#2636 = CARTESIAN_POINT('',(185.5,-66.5,1.51));
#2637 = LINE('',#2638,#2639);
#2638 = CARTESIAN_POINT('',(185.5,-66.5,1.51));
#2639 = VECTOR('',#2640,1.);
#2640 = DIRECTION('',(1.,0.,0.));
#2641 = ORIENTED_EDGE('',*,*,#2642,.F.);
#2642 = EDGE_CURVE('',#2643,#2635,#2645,.T.);
#2643 = VERTEX_POINT('',#2644);
#2644 = CARTESIAN_POINT('',(179.,-57.,1.51));
#2645 = LINE('',#2646,#2647);
#2646 = CARTESIAN_POINT('',(179.,-57.,1.51));
#2647 = VECTOR('',#2648,1.);
#2648 = DIRECTION('',(0.564683915592,-0.82530726125,0.));
#2649 = ORIENTED_EDGE('',*,*,#2650,.F.);
#2650 = EDGE_CURVE('',#112,#2643,#2651,.T.);
#2651 = LINE('',#2652,#2653);
#2652 = CARTESIAN_POINT('',(170.,-57.,1.51));
#2653 = VECTOR('',#2654,1.);
#2654 = DIRECTION('',(1.,0.,0.));
#2655 = ORIENTED_EDGE('',*,*,#111,.F.);
#2656 = FACE_BOUND('',#2657,.T.);
#2657 = EDGE_LOOP('',(#2658,#2669,#2678,#2686,#2695,#2704,#2713,#2721,
    #2730,#2739,#2748,#2756,#2765,#2774,#2783,#2791));
#2658 = ORIENTED_EDGE('',*,*,#2659,.F.);
#2659 = EDGE_CURVE('',#2660,#2662,#2664,.T.);
#2660 = VERTEX_POINT('',#2661);
#2661 = CARTESIAN_POINT('',(145.249485,-116.977438,1.51));
#2662 = VERTEX_POINT('',#2663);
#2663 = CARTESIAN_POINT('',(144.546712,-116.32886,1.51));
#2664 = CIRCLE('',#2665,0.499999422661);
#2665 = AXIS2_PLACEMENT_3D('',#2666,#2667,#2668);
#2666 = CARTESIAN_POINT('',(144.79897029551,-116.76056033,1.51));
#2667 = DIRECTION('',(0.,0.,1.));
#2668 = DIRECTION('',(0.901030449374,-0.433755840654,0.));
#2669 = ORIENTED_EDGE('',*,*,#2670,.F.);
#2670 = EDGE_CURVE('',#2671,#2660,#2673,.T.);
#2671 = VERTEX_POINT('',#2672);
#2672 = CARTESIAN_POINT('',(145.2,-117.194315,1.51));
#2673 = CIRCLE('',#2674,0.499989884977);
#2674 = AXIS2_PLACEMENT_3D('',#2675,#2676,#2677);
#2675 = CARTESIAN_POINT('',(145.69998988497,-117.1943140791,1.51));
#2676 = DIRECTION('',(0.,0.,-1.));
#2677 = DIRECTION('',(-0.999999999998,-1.841808653046E-06,-0.));
#2678 = ORIENTED_EDGE('',*,*,#2679,.F.);
#2679 = EDGE_CURVE('',#2680,#2671,#2682,.T.);
#2680 = VERTEX_POINT('',#2681);
#2681 = CARTESIAN_POINT('',(145.2,-118.6,1.51));
#2682 = LINE('',#2683,#2684);
#2683 = CARTESIAN_POINT('',(145.2,-118.6,1.51));
#2684 = VECTOR('',#2685,1.);
#2685 = DIRECTION('',(0.,1.,0.));
#2686 = ORIENTED_EDGE('',*,*,#2687,.F.);
#2687 = EDGE_CURVE('',#2688,#2680,#2690,.T.);
#2688 = VERTEX_POINT('',#2689);
#2689 = CARTESIAN_POINT('',(145.249485,-118.816878,1.51));
#2690 = CIRCLE('',#2691,0.499989885034);
#2691 = AXIS2_PLACEMENT_3D('',#2692,#2693,#2694);
#2692 = CARTESIAN_POINT('',(145.69998988503,-118.6000019208,1.51));
#2693 = DIRECTION('',(0.,0.,-1.));
#2694 = DIRECTION('',(-0.901027997796,-0.43376093322,-0.));
#2695 = ORIENTED_EDGE('',*,*,#2696,.F.);
#2696 = EDGE_CURVE('',#2697,#2688,#2699,.T.);
#2697 = VERTEX_POINT('',#2698);
#2698 = CARTESIAN_POINT('',(144.546712,-119.465457,1.51));
#2699 = CIRCLE('',#2700,0.499999448976);
#2700 = AXIS2_PLACEMENT_3D('',#2701,#2702,#2703);
#2701 = CARTESIAN_POINT('',(144.79897090428,-119.0337569951,1.51));
#2702 = DIRECTION('',(0.,0.,1.));
#2703 = DIRECTION('',(-0.504518364574,-0.863400961204,0.));
#2704 = ORIENTED_EDGE('',*,*,#2705,.F.);
#2705 = EDGE_CURVE('',#2706,#2697,#2708,.T.);
#2706 = VERTEX_POINT('',#2707);
#2707 = CARTESIAN_POINT('',(144.294453,-119.397158,1.51));
#2708 = CIRCLE('',#2709,0.500008729226);
#2709 = AXIS2_PLACEMENT_3D('',#2710,#2711,#2712);
#2710 = CARTESIAN_POINT('',(144.29445134314,-119.8971667292,1.51));
#2711 = DIRECTION('',(0.,0.,-1.));
#2712 = DIRECTION('',(3.313649317029E-06,0.999999999995,0.));
#2713 = ORIENTED_EDGE('',*,*,#2714,.F.);
#2714 = EDGE_CURVE('',#2715,#2706,#2717,.T.);
#2715 = VERTEX_POINT('',#2716);
#2716 = CARTESIAN_POINT('',(142.705549,-119.397158,1.51));
#2717 = LINE('',#2718,#2719);
#2718 = CARTESIAN_POINT('',(142.705549,-119.397158,1.51));
#2719 = VECTOR('',#2720,1.);
#2720 = DIRECTION('',(1.,0.,0.));
#2721 = ORIENTED_EDGE('',*,*,#2722,.F.);
#2722 = EDGE_CURVE('',#2723,#2715,#2725,.T.);
#2723 = VERTEX_POINT('',#2724);
#2724 = CARTESIAN_POINT('',(142.453291,-119.465457,1.51));
#2725 = CIRCLE('',#2726,0.500008729288);
#2726 = AXIS2_PLACEMENT_3D('',#2727,#2728,#2729);
#2727 = CARTESIAN_POINT('',(142.70555165687,-119.8971667292,1.51));
#2728 = DIRECTION('',(0.,0.,-1.));
#2729 = DIRECTION('',(-0.504512505685,0.863404384751,0.));
#2730 = ORIENTED_EDGE('',*,*,#2731,.F.);
#2731 = EDGE_CURVE('',#2732,#2723,#2734,.T.);
#2732 = VERTEX_POINT('',#2733);
#2733 = CARTESIAN_POINT('',(141.750517,-118.816878,1.51));
#2734 = CIRCLE('',#2735,0.500000669307);
#2735 = AXIS2_PLACEMENT_3D('',#2736,#2737,#2738);
#2736 = CARTESIAN_POINT('',(142.2010335355,-119.0337547404,1.51));
#2737 = DIRECTION('',(0.,0.,1.));
#2738 = DIRECTION('',(-0.901031864884,0.433752900236,0.));
#2739 = ORIENTED_EDGE('',*,*,#2740,.F.);
#2740 = EDGE_CURVE('',#2741,#2732,#2743,.T.);
#2741 = VERTEX_POINT('',#2742);
#2742 = CARTESIAN_POINT('',(141.800002,-118.600001,1.51));
#2743 = CIRCLE('',#2744,0.499989884978);
#2744 = AXIS2_PLACEMENT_3D('',#2745,#2746,#2747);
#2745 = CARTESIAN_POINT('',(141.30001211502,-118.6000019208,1.51));
#2746 = DIRECTION('',(0.,0.,-1.));
#2747 = DIRECTION('',(0.999999999998,1.841808596201E-06,0.));
#2748 = ORIENTED_EDGE('',*,*,#2749,.F.);
#2749 = EDGE_CURVE('',#2750,#2741,#2752,.T.);
#2750 = VERTEX_POINT('',#2751);
#2751 = CARTESIAN_POINT('',(141.800002,-117.194316,1.51));
#2752 = LINE('',#2753,#2754);
#2753 = CARTESIAN_POINT('',(141.800002,-117.194316,1.51));
#2754 = VECTOR('',#2755,1.);
#2755 = DIRECTION('',(0.,-1.,0.));
#2756 = ORIENTED_EDGE('',*,*,#2757,.F.);
#2757 = EDGE_CURVE('',#2758,#2750,#2760,.T.);
#2758 = VERTEX_POINT('',#2759);
#2759 = CARTESIAN_POINT('',(141.750517,-116.977438,1.51));
#2760 = CIRCLE('',#2761,0.499989885034);
#2761 = AXIS2_PLACEMENT_3D('',#2762,#2763,#2764);
#2762 = CARTESIAN_POINT('',(141.30001211496,-117.1943140791,1.51));
#2763 = DIRECTION('',(0.,0.,-1.));
#2764 = DIRECTION('',(0.901027997796,0.43376093322,0.));
#2765 = ORIENTED_EDGE('',*,*,#2766,.F.);
#2766 = EDGE_CURVE('',#2767,#2758,#2769,.T.);
#2767 = VERTEX_POINT('',#2768);
#2768 = CARTESIAN_POINT('',(142.45329,-116.328859,1.51));
#2769 = CIRCLE('',#2770,0.499999729127);
#2770 = AXIS2_PLACEMENT_3D('',#2771,#2772,#2773);
#2771 = CARTESIAN_POINT('',(142.20103174567,-116.7605597091,1.51));
#2772 = DIRECTION('',(0.,0.,1.));
#2773 = DIRECTION('',(0.504516781969,0.863401885979,-0.));
#2774 = ORIENTED_EDGE('',*,*,#2775,.F.);
#2775 = EDGE_CURVE('',#2776,#2767,#2778,.T.);
#2776 = VERTEX_POINT('',#2777);
#2777 = CARTESIAN_POINT('',(142.705549,-116.397159,1.51));
#2778 = CIRCLE('',#2779,0.50002311711);
#2779 = AXIS2_PLACEMENT_3D('',#2780,#2781,#2782);
#2780 = CARTESIAN_POINT('',(142.70555626378,-115.8971358829,1.51));
#2781 = DIRECTION('',(0.,0.,-1.));
#2782 = DIRECTION('',(-1.452689345975E-05,-0.999999999894,-0.));
#2783 = ORIENTED_EDGE('',*,*,#2784,.F.);
#2784 = EDGE_CURVE('',#2785,#2776,#2787,.T.);
#2785 = VERTEX_POINT('',#2786);
#2786 = CARTESIAN_POINT('',(144.294454,-116.397159,1.51));
#2787 = LINE('',#2788,#2789);
#2788 = CARTESIAN_POINT('',(144.294454,-116.397159,1.51));
#2789 = VECTOR('',#2790,1.);
#2790 = DIRECTION('',(-1.,0.,0.));
#2791 = ORIENTED_EDGE('',*,*,#2792,.F.);
#2792 = EDGE_CURVE('',#2662,#2785,#2793,.T.);
#2793 = CIRCLE('',#2794,0.500008729288);
#2794 = AXIS2_PLACEMENT_3D('',#2795,#2796,#2797);
#2795 = CARTESIAN_POINT('',(144.29445134312,-115.8971502707,1.51));
#2796 = DIRECTION('',(0.,0.,-1.));
#2797 = DIRECTION('',(0.504512505685,-0.863404384751,0.));
#2798 = FACE_BOUND('',#2799,.T.);
#2799 = EDGE_LOOP('',(#2800));
#2800 = ORIENTED_EDGE('',*,*,#2801,.T.);
#2801 = EDGE_CURVE('',#2802,#2802,#2804,.T.);
#2802 = VERTEX_POINT('',#2803);
#2803 = CARTESIAN_POINT('',(153.,-126.31,1.51));
#2804 = CIRCLE('',#2805,0.5);
#2805 = AXIS2_PLACEMENT_3D('',#2806,#2807,#2808);
#2806 = CARTESIAN_POINT('',(153.,-125.81,1.51));
#2807 = DIRECTION('',(-0.,0.,-1.));
#2808 = DIRECTION('',(-0.,-1.,0.));
#2809 = FACE_BOUND('',#2810,.T.);
#2810 = EDGE_LOOP('',(#2811));
#2811 = ORIENTED_EDGE('',*,*,#2812,.T.);
#2812 = EDGE_CURVE('',#2813,#2813,#2815,.T.);
#2813 = VERTEX_POINT('',#2814);
#2814 = CARTESIAN_POINT('',(153.,-123.77,1.51));
#2815 = CIRCLE('',#2816,0.5);
#2816 = AXIS2_PLACEMENT_3D('',#2817,#2818,#2819);
#2817 = CARTESIAN_POINT('',(153.,-123.27,1.51));
#2818 = DIRECTION('',(-0.,0.,-1.));
#2819 = DIRECTION('',(-0.,-1.,0.));
#2820 = FACE_BOUND('',#2821,.T.);
#2821 = EDGE_LOOP('',(#2822));
#2822 = ORIENTED_EDGE('',*,*,#2823,.T.);
#2823 = EDGE_CURVE('',#2824,#2824,#2826,.T.);
#2824 = VERTEX_POINT('',#2825);
#2825 = CARTESIAN_POINT('',(153.,-121.23,1.51));
#2826 = CIRCLE('',#2827,0.5);
#2827 = AXIS2_PLACEMENT_3D('',#2828,#2829,#2830);
#2828 = CARTESIAN_POINT('',(153.,-120.73,1.51));
#2829 = DIRECTION('',(-0.,0.,-1.));
#2830 = DIRECTION('',(-0.,-1.,0.));
#2831 = FACE_BOUND('',#2832,.T.);
#2832 = EDGE_LOOP('',(#2833));
#2833 = ORIENTED_EDGE('',*,*,#2834,.T.);
#2834 = EDGE_CURVE('',#2835,#2835,#2837,.T.);
#2835 = VERTEX_POINT('',#2836);
#2836 = CARTESIAN_POINT('',(153.,-118.69,1.51));
#2837 = CIRCLE('',#2838,0.5);
#2838 = AXIS2_PLACEMENT_3D('',#2839,#2840,#2841);
#2839 = CARTESIAN_POINT('',(153.,-118.19,1.51));
#2840 = DIRECTION('',(-0.,0.,-1.));
#2841 = DIRECTION('',(-0.,-1.,0.));
#2842 = FACE_BOUND('',#2843,.T.);
#2843 = EDGE_LOOP('',(#2844));
#2844 = ORIENTED_EDGE('',*,*,#2845,.T.);
#2845 = EDGE_CURVE('',#2846,#2846,#2848,.T.);
#2846 = VERTEX_POINT('',#2847);
#2847 = CARTESIAN_POINT('',(141.42,-101.35,1.51));
#2848 = CIRCLE('',#2849,0.85);
#2849 = AXIS2_PLACEMENT_3D('',#2850,#2851,#2852);
#2850 = CARTESIAN_POINT('',(141.42,-100.5,1.51));
#2851 = DIRECTION('',(-0.,0.,-1.));
#2852 = DIRECTION('',(-3.343730521224E-14,-1.,0.));
#2853 = FACE_BOUND('',#2854,.T.);
#2854 = EDGE_LOOP('',(#2855));
#2855 = ORIENTED_EDGE('',*,*,#2856,.T.);
#2856 = EDGE_CURVE('',#2857,#2857,#2859,.T.);
#2857 = VERTEX_POINT('',#2858);
#2858 = CARTESIAN_POINT('',(142.69,-98.71,1.51));
#2859 = CIRCLE('',#2860,0.75);
#2860 = AXIS2_PLACEMENT_3D('',#2861,#2862,#2863);
#2861 = CARTESIAN_POINT('',(142.69,-97.96,1.51));
#2862 = DIRECTION('',(-0.,0.,-1.));
#2863 = DIRECTION('',(-0.,-1.,0.));
#2864 = FACE_BOUND('',#2865,.T.);
#2865 = EDGE_LOOP('',(#2866));
#2866 = ORIENTED_EDGE('',*,*,#2867,.T.);
#2867 = EDGE_CURVE('',#2868,#2868,#2870,.T.);
#2868 = VERTEX_POINT('',#2869);
#2869 = CARTESIAN_POINT('',(146.5,-102.5,1.51));
#2870 = CIRCLE('',#2871,2.);
#2871 = AXIS2_PLACEMENT_3D('',#2872,#2873,#2874);
#2872 = CARTESIAN_POINT('',(146.5,-100.5,1.51));
#2873 = DIRECTION('',(-0.,0.,-1.));
#2874 = DIRECTION('',(-0.,-1.,0.));
#2875 = FACE_BOUND('',#2876,.T.);
#2876 = EDGE_LOOP('',(#2877));
#2877 = ORIENTED_EDGE('',*,*,#2878,.T.);
#2878 = EDGE_CURVE('',#2879,#2879,#2881,.T.);
#2879 = VERTEX_POINT('',#2880);
#2880 = CARTESIAN_POINT('',(151.58,-101.35,1.51));
#2881 = CIRCLE('',#2882,0.85);
#2882 = AXIS2_PLACEMENT_3D('',#2883,#2884,#2885);
#2883 = CARTESIAN_POINT('',(151.58,-100.5,1.51));
#2884 = DIRECTION('',(-0.,0.,-1.));
#2885 = DIRECTION('',(3.343730521224E-14,-1.,-0.));
#2886 = FACE_BOUND('',#2887,.T.);
#2887 = EDGE_LOOP('',(#2888));
#2888 = ORIENTED_EDGE('',*,*,#2889,.T.);
#2889 = EDGE_CURVE('',#2890,#2890,#2892,.T.);
#2890 = VERTEX_POINT('',#2891);
#2891 = CARTESIAN_POINT('',(163.25,-101.04,1.51));
#2892 = CIRCLE('',#2893,0.5);
#2893 = AXIS2_PLACEMENT_3D('',#2894,#2895,#2896);
#2894 = CARTESIAN_POINT('',(163.25,-100.54,1.51));
#2895 = DIRECTION('',(-0.,0.,-1.));
#2896 = DIRECTION('',(-0.,-1.,0.));
#2897 = FACE_BOUND('',#2898,.T.);
#2898 = EDGE_LOOP('',(#2899));
#2899 = ORIENTED_EDGE('',*,*,#2900,.T.);
#2900 = EDGE_CURVE('',#2901,#2901,#2903,.T.);
#2901 = VERTEX_POINT('',#2902);
#2902 = CARTESIAN_POINT('',(149.04,-96.17,1.51));
#2903 = CIRCLE('',#2904,0.75);
#2904 = AXIS2_PLACEMENT_3D('',#2905,#2906,#2907);
#2905 = CARTESIAN_POINT('',(149.04,-95.42,1.51));
#2906 = DIRECTION('',(-0.,0.,-1.));
#2907 = DIRECTION('',(-0.,-1.,0.));
#2908 = FACE_BOUND('',#2909,.T.);
#2909 = EDGE_LOOP('',(#2910));
#2910 = ORIENTED_EDGE('',*,*,#2911,.T.);
#2911 = EDGE_CURVE('',#2912,#2912,#2914,.T.);
#2912 = VERTEX_POINT('',#2913);
#2913 = CARTESIAN_POINT('',(163.25,-98.5,1.51));
#2914 = CIRCLE('',#2915,0.5);
#2915 = AXIS2_PLACEMENT_3D('',#2916,#2917,#2918);
#2916 = CARTESIAN_POINT('',(163.25,-98.,1.51));
#2917 = DIRECTION('',(-0.,0.,-1.));
#2918 = DIRECTION('',(-0.,-1.,0.));
#2919 = FACE_BOUND('',#2920,.T.);
#2920 = EDGE_LOOP('',(#2921));
#2921 = ORIENTED_EDGE('',*,*,#2922,.T.);
#2922 = EDGE_CURVE('',#2923,#2923,#2925,.T.);
#2923 = VERTEX_POINT('',#2924);
#2924 = CARTESIAN_POINT('',(163.25,-95.96,1.51));
#2925 = CIRCLE('',#2926,0.5);
#2926 = AXIS2_PLACEMENT_3D('',#2927,#2928,#2929);
#2927 = CARTESIAN_POINT('',(163.25,-95.46,1.51));
#2928 = DIRECTION('',(-0.,0.,-1.));
#2929 = DIRECTION('',(-0.,-1.,0.));
#2930 = FACE_BOUND('',#2931,.T.);
#2931 = EDGE_LOOP('',(#2932));
#2932 = ORIENTED_EDGE('',*,*,#2933,.T.);
#2933 = EDGE_CURVE('',#2934,#2934,#2936,.T.);
#2934 = VERTEX_POINT('',#2935);
#2935 = CARTESIAN_POINT('',(163.25,-93.42,1.51));
#2936 = CIRCLE('',#2937,0.5);
#2937 = AXIS2_PLACEMENT_3D('',#2938,#2939,#2940);
#2938 = CARTESIAN_POINT('',(163.25,-92.92,1.51));
#2939 = DIRECTION('',(-0.,0.,-1.));
#2940 = DIRECTION('',(-0.,-1.,0.));
#2941 = FACE_BOUND('',#2942,.T.);
#2942 = EDGE_LOOP('',(#2943));
#2943 = ORIENTED_EDGE('',*,*,#2944,.T.);
#2944 = EDGE_CURVE('',#2945,#2945,#2947,.T.);
#2945 = VERTEX_POINT('',#2946);
#2946 = CARTESIAN_POINT('',(163.25,-90.88,1.51));
#2947 = CIRCLE('',#2948,0.5);
#2948 = AXIS2_PLACEMENT_3D('',#2949,#2950,#2951);
#2949 = CARTESIAN_POINT('',(163.25,-90.38,1.51));
#2950 = DIRECTION('',(-0.,0.,-1.));
#2951 = DIRECTION('',(-0.,-1.,0.));
#2952 = FACE_BOUND('',#2953,.T.);
#2953 = EDGE_LOOP('',(#2954,#2965,#2974,#2982,#2991,#3000,#3009,#3017,
    #3026,#3035,#3044,#3052,#3061,#3070,#3079,#3087));
#2954 = ORIENTED_EDGE('',*,*,#2955,.F.);
#2955 = EDGE_CURVE('',#2956,#2958,#2960,.T.);
#2956 = VERTEX_POINT('',#2957);
#2957 = CARTESIAN_POINT('',(172.749485,-110.477438,1.51));
#2958 = VERTEX_POINT('',#2959);
#2959 = CARTESIAN_POINT('',(172.046712,-109.82886,1.51));
#2960 = CIRCLE('',#2961,0.499999422661);
#2961 = AXIS2_PLACEMENT_3D('',#2962,#2963,#2964);
#2962 = CARTESIAN_POINT('',(172.29897029551,-110.26056033,1.51));
#2963 = DIRECTION('',(0.,0.,1.));
#2964 = DIRECTION('',(0.901030449374,-0.433755840654,0.));
#2965 = ORIENTED_EDGE('',*,*,#2966,.F.);
#2966 = EDGE_CURVE('',#2967,#2956,#2969,.T.);
#2967 = VERTEX_POINT('',#2968);
#2968 = CARTESIAN_POINT('',(172.7,-110.694315,1.51));
#2969 = CIRCLE('',#2970,0.499989884977);
#2970 = AXIS2_PLACEMENT_3D('',#2971,#2972,#2973);
#2971 = CARTESIAN_POINT('',(173.19998988497,-110.6943140791,1.51));
#2972 = DIRECTION('',(0.,0.,-1.));
#2973 = DIRECTION('',(-0.999999999998,-1.841808653046E-06,-0.));
#2974 = ORIENTED_EDGE('',*,*,#2975,.F.);
#2975 = EDGE_CURVE('',#2976,#2967,#2978,.T.);
#2976 = VERTEX_POINT('',#2977);
#2977 = CARTESIAN_POINT('',(172.7,-112.1,1.51));
#2978 = LINE('',#2979,#2980);
#2979 = CARTESIAN_POINT('',(172.7,-112.1,1.51));
#2980 = VECTOR('',#2981,1.);
#2981 = DIRECTION('',(0.,1.,0.));
#2982 = ORIENTED_EDGE('',*,*,#2983,.F.);
#2983 = EDGE_CURVE('',#2984,#2976,#2986,.T.);
#2984 = VERTEX_POINT('',#2985);
#2985 = CARTESIAN_POINT('',(172.749485,-112.316878,1.51));
#2986 = CIRCLE('',#2987,0.499989885034);
#2987 = AXIS2_PLACEMENT_3D('',#2988,#2989,#2990);
#2988 = CARTESIAN_POINT('',(173.19998988503,-112.1000019208,1.51));
#2989 = DIRECTION('',(0.,0.,-1.));
#2990 = DIRECTION('',(-0.901027997796,-0.43376093322,-0.));
#2991 = ORIENTED_EDGE('',*,*,#2992,.F.);
#2992 = EDGE_CURVE('',#2993,#2984,#2995,.T.);
#2993 = VERTEX_POINT('',#2994);
#2994 = CARTESIAN_POINT('',(172.046712,-112.965457,1.51));
#2995 = CIRCLE('',#2996,0.499999448976);
#2996 = AXIS2_PLACEMENT_3D('',#2997,#2998,#2999);
#2997 = CARTESIAN_POINT('',(172.29897090428,-112.5337569951,1.51));
#2998 = DIRECTION('',(0.,0.,1.));
#2999 = DIRECTION('',(-0.504518364574,-0.863400961204,0.));
#3000 = ORIENTED_EDGE('',*,*,#3001,.F.);
#3001 = EDGE_CURVE('',#3002,#2993,#3004,.T.);
#3002 = VERTEX_POINT('',#3003);
#3003 = CARTESIAN_POINT('',(171.794453,-112.897158,1.51));
#3004 = CIRCLE('',#3005,0.500008729226);
#3005 = AXIS2_PLACEMENT_3D('',#3006,#3007,#3008);
#3006 = CARTESIAN_POINT('',(171.79445134314,-113.3971667292,1.51));
#3007 = DIRECTION('',(0.,0.,-1.));
#3008 = DIRECTION('',(3.313649317029E-06,0.999999999995,0.));
#3009 = ORIENTED_EDGE('',*,*,#3010,.F.);
#3010 = EDGE_CURVE('',#3011,#3002,#3013,.T.);
#3011 = VERTEX_POINT('',#3012);
#3012 = CARTESIAN_POINT('',(170.205549,-112.897158,1.51));
#3013 = LINE('',#3014,#3015);
#3014 = CARTESIAN_POINT('',(170.205549,-112.897158,1.51));
#3015 = VECTOR('',#3016,1.);
#3016 = DIRECTION('',(1.,0.,0.));
#3017 = ORIENTED_EDGE('',*,*,#3018,.F.);
#3018 = EDGE_CURVE('',#3019,#3011,#3021,.T.);
#3019 = VERTEX_POINT('',#3020);
#3020 = CARTESIAN_POINT('',(169.953291,-112.965457,1.51));
#3021 = CIRCLE('',#3022,0.500008729288);
#3022 = AXIS2_PLACEMENT_3D('',#3023,#3024,#3025);
#3023 = CARTESIAN_POINT('',(170.20555165687,-113.3971667292,1.51));
#3024 = DIRECTION('',(0.,0.,-1.));
#3025 = DIRECTION('',(-0.504512505685,0.863404384751,0.));
#3026 = ORIENTED_EDGE('',*,*,#3027,.F.);
#3027 = EDGE_CURVE('',#3028,#3019,#3030,.T.);
#3028 = VERTEX_POINT('',#3029);
#3029 = CARTESIAN_POINT('',(169.250517,-112.316878,1.51));
#3030 = CIRCLE('',#3031,0.500000669307);
#3031 = AXIS2_PLACEMENT_3D('',#3032,#3033,#3034);
#3032 = CARTESIAN_POINT('',(169.7010335355,-112.5337547404,1.51));
#3033 = DIRECTION('',(0.,0.,1.));
#3034 = DIRECTION('',(-0.901031864884,0.433752900236,0.));
#3035 = ORIENTED_EDGE('',*,*,#3036,.F.);
#3036 = EDGE_CURVE('',#3037,#3028,#3039,.T.);
#3037 = VERTEX_POINT('',#3038);
#3038 = CARTESIAN_POINT('',(169.300002,-112.100001,1.51));
#3039 = CIRCLE('',#3040,0.499989884978);
#3040 = AXIS2_PLACEMENT_3D('',#3041,#3042,#3043);
#3041 = CARTESIAN_POINT('',(168.80001211502,-112.1000019208,1.51));
#3042 = DIRECTION('',(0.,0.,-1.));
#3043 = DIRECTION('',(0.999999999998,1.841808596201E-06,0.));
#3044 = ORIENTED_EDGE('',*,*,#3045,.F.);
#3045 = EDGE_CURVE('',#3046,#3037,#3048,.T.);
#3046 = VERTEX_POINT('',#3047);
#3047 = CARTESIAN_POINT('',(169.300002,-110.694316,1.51));
#3048 = LINE('',#3049,#3050);
#3049 = CARTESIAN_POINT('',(169.300002,-110.694316,1.51));
#3050 = VECTOR('',#3051,1.);
#3051 = DIRECTION('',(0.,-1.,0.));
#3052 = ORIENTED_EDGE('',*,*,#3053,.F.);
#3053 = EDGE_CURVE('',#3054,#3046,#3056,.T.);
#3054 = VERTEX_POINT('',#3055);
#3055 = CARTESIAN_POINT('',(169.250517,-110.477438,1.51));
#3056 = CIRCLE('',#3057,0.499989885034);
#3057 = AXIS2_PLACEMENT_3D('',#3058,#3059,#3060);
#3058 = CARTESIAN_POINT('',(168.80001211496,-110.6943140791,1.51));
#3059 = DIRECTION('',(0.,0.,-1.));
#3060 = DIRECTION('',(0.901027997796,0.43376093322,0.));
#3061 = ORIENTED_EDGE('',*,*,#3062,.F.);
#3062 = EDGE_CURVE('',#3063,#3054,#3065,.T.);
#3063 = VERTEX_POINT('',#3064);
#3064 = CARTESIAN_POINT('',(169.95329,-109.828859,1.51));
#3065 = CIRCLE('',#3066,0.499999729127);
#3066 = AXIS2_PLACEMENT_3D('',#3067,#3068,#3069);
#3067 = CARTESIAN_POINT('',(169.70103174567,-110.2605597091,1.51));
#3068 = DIRECTION('',(0.,0.,1.));
#3069 = DIRECTION('',(0.504516781969,0.863401885979,-0.));
#3070 = ORIENTED_EDGE('',*,*,#3071,.F.);
#3071 = EDGE_CURVE('',#3072,#3063,#3074,.T.);
#3072 = VERTEX_POINT('',#3073);
#3073 = CARTESIAN_POINT('',(170.205549,-109.897159,1.51));
#3074 = CIRCLE('',#3075,0.50002311711);
#3075 = AXIS2_PLACEMENT_3D('',#3076,#3077,#3078);
#3076 = CARTESIAN_POINT('',(170.20555626378,-109.3971358829,1.51));
#3077 = DIRECTION('',(0.,0.,-1.));
#3078 = DIRECTION('',(-1.452689345975E-05,-0.999999999894,-0.));
#3079 = ORIENTED_EDGE('',*,*,#3080,.F.);
#3080 = EDGE_CURVE('',#3081,#3072,#3083,.T.);
#3081 = VERTEX_POINT('',#3082);
#3082 = CARTESIAN_POINT('',(171.794454,-109.897159,1.51));
#3083 = LINE('',#3084,#3085);
#3084 = CARTESIAN_POINT('',(171.794454,-109.897159,1.51));
#3085 = VECTOR('',#3086,1.);
#3086 = DIRECTION('',(-1.,0.,0.));
#3087 = ORIENTED_EDGE('',*,*,#3088,.F.);
#3088 = EDGE_CURVE('',#2958,#3081,#3089,.T.);
#3089 = CIRCLE('',#3090,0.500008729288);
#3090 = AXIS2_PLACEMENT_3D('',#3091,#3092,#3093);
#3091 = CARTESIAN_POINT('',(171.79445134312,-109.3971502707,1.51));
#3092 = DIRECTION('',(0.,0.,-1.));
#3093 = DIRECTION('',(0.504512505685,-0.863404384751,0.));
#3094 = FACE_BOUND('',#3095,.T.);
#3095 = EDGE_LOOP('',(#3096,#3107,#3116,#3124,#3133,#3142,#3151,#3159,
    #3168,#3177,#3186,#3194,#3203,#3212,#3221,#3229));
#3096 = ORIENTED_EDGE('',*,*,#3097,.F.);
#3097 = EDGE_CURVE('',#3098,#3100,#3102,.T.);
#3098 = VERTEX_POINT('',#3099);
#3099 = CARTESIAN_POINT('',(199.249485,-116.977438,1.51));
#3100 = VERTEX_POINT('',#3101);
#3101 = CARTESIAN_POINT('',(198.546712,-116.32886,1.51));
#3102 = CIRCLE('',#3103,0.499999422661);
#3103 = AXIS2_PLACEMENT_3D('',#3104,#3105,#3106);
#3104 = CARTESIAN_POINT('',(198.79897029551,-116.76056033,1.51));
#3105 = DIRECTION('',(0.,0.,1.));
#3106 = DIRECTION('',(0.901030449374,-0.433755840654,0.));
#3107 = ORIENTED_EDGE('',*,*,#3108,.F.);
#3108 = EDGE_CURVE('',#3109,#3098,#3111,.T.);
#3109 = VERTEX_POINT('',#3110);
#3110 = CARTESIAN_POINT('',(199.2,-117.194315,1.51));
#3111 = CIRCLE('',#3112,0.499989884977);
#3112 = AXIS2_PLACEMENT_3D('',#3113,#3114,#3115);
#3113 = CARTESIAN_POINT('',(199.69998988497,-117.1943140791,1.51));
#3114 = DIRECTION('',(0.,0.,-1.));
#3115 = DIRECTION('',(-0.999999999998,-1.841808653046E-06,-0.));
#3116 = ORIENTED_EDGE('',*,*,#3117,.F.);
#3117 = EDGE_CURVE('',#3118,#3109,#3120,.T.);
#3118 = VERTEX_POINT('',#3119);
#3119 = CARTESIAN_POINT('',(199.2,-118.6,1.51));
#3120 = LINE('',#3121,#3122);
#3121 = CARTESIAN_POINT('',(199.2,-118.6,1.51));
#3122 = VECTOR('',#3123,1.);
#3123 = DIRECTION('',(0.,1.,0.));
#3124 = ORIENTED_EDGE('',*,*,#3125,.F.);
#3125 = EDGE_CURVE('',#3126,#3118,#3128,.T.);
#3126 = VERTEX_POINT('',#3127);
#3127 = CARTESIAN_POINT('',(199.249485,-118.816878,1.51));
#3128 = CIRCLE('',#3129,0.499989885034);
#3129 = AXIS2_PLACEMENT_3D('',#3130,#3131,#3132);
#3130 = CARTESIAN_POINT('',(199.69998988503,-118.6000019208,1.51));
#3131 = DIRECTION('',(0.,0.,-1.));
#3132 = DIRECTION('',(-0.901027997796,-0.43376093322,-0.));
#3133 = ORIENTED_EDGE('',*,*,#3134,.F.);
#3134 = EDGE_CURVE('',#3135,#3126,#3137,.T.);
#3135 = VERTEX_POINT('',#3136);
#3136 = CARTESIAN_POINT('',(198.546712,-119.465457,1.51));
#3137 = CIRCLE('',#3138,0.499999448976);
#3138 = AXIS2_PLACEMENT_3D('',#3139,#3140,#3141);
#3139 = CARTESIAN_POINT('',(198.79897090428,-119.0337569951,1.51));
#3140 = DIRECTION('',(0.,0.,1.));
#3141 = DIRECTION('',(-0.504518364574,-0.863400961204,0.));
#3142 = ORIENTED_EDGE('',*,*,#3143,.F.);
#3143 = EDGE_CURVE('',#3144,#3135,#3146,.T.);
#3144 = VERTEX_POINT('',#3145);
#3145 = CARTESIAN_POINT('',(198.294453,-119.397158,1.51));
#3146 = CIRCLE('',#3147,0.500008729226);
#3147 = AXIS2_PLACEMENT_3D('',#3148,#3149,#3150);
#3148 = CARTESIAN_POINT('',(198.29445134314,-119.8971667292,1.51));
#3149 = DIRECTION('',(0.,0.,-1.));
#3150 = DIRECTION('',(3.313649317029E-06,0.999999999995,0.));
#3151 = ORIENTED_EDGE('',*,*,#3152,.F.);
#3152 = EDGE_CURVE('',#3153,#3144,#3155,.T.);
#3153 = VERTEX_POINT('',#3154);
#3154 = CARTESIAN_POINT('',(196.705549,-119.397158,1.51));
#3155 = LINE('',#3156,#3157);
#3156 = CARTESIAN_POINT('',(196.705549,-119.397158,1.51));
#3157 = VECTOR('',#3158,1.);
#3158 = DIRECTION('',(1.,0.,0.));
#3159 = ORIENTED_EDGE('',*,*,#3160,.F.);
#3160 = EDGE_CURVE('',#3161,#3153,#3163,.T.);
#3161 = VERTEX_POINT('',#3162);
#3162 = CARTESIAN_POINT('',(196.453291,-119.465457,1.51));
#3163 = CIRCLE('',#3164,0.500008729288);
#3164 = AXIS2_PLACEMENT_3D('',#3165,#3166,#3167);
#3165 = CARTESIAN_POINT('',(196.70555165687,-119.8971667292,1.51));
#3166 = DIRECTION('',(0.,0.,-1.));
#3167 = DIRECTION('',(-0.504512505685,0.863404384751,0.));
#3168 = ORIENTED_EDGE('',*,*,#3169,.F.);
#3169 = EDGE_CURVE('',#3170,#3161,#3172,.T.);
#3170 = VERTEX_POINT('',#3171);
#3171 = CARTESIAN_POINT('',(195.750517,-118.816878,1.51));
#3172 = CIRCLE('',#3173,0.500000669307);
#3173 = AXIS2_PLACEMENT_3D('',#3174,#3175,#3176);
#3174 = CARTESIAN_POINT('',(196.2010335355,-119.0337547404,1.51));
#3175 = DIRECTION('',(0.,0.,1.));
#3176 = DIRECTION('',(-0.901031864884,0.433752900236,0.));
#3177 = ORIENTED_EDGE('',*,*,#3178,.F.);
#3178 = EDGE_CURVE('',#3179,#3170,#3181,.T.);
#3179 = VERTEX_POINT('',#3180);
#3180 = CARTESIAN_POINT('',(195.800002,-118.600001,1.51));
#3181 = CIRCLE('',#3182,0.499989884978);
#3182 = AXIS2_PLACEMENT_3D('',#3183,#3184,#3185);
#3183 = CARTESIAN_POINT('',(195.30001211502,-118.6000019208,1.51));
#3184 = DIRECTION('',(0.,0.,-1.));
#3185 = DIRECTION('',(0.999999999998,1.841808596201E-06,0.));
#3186 = ORIENTED_EDGE('',*,*,#3187,.F.);
#3187 = EDGE_CURVE('',#3188,#3179,#3190,.T.);
#3188 = VERTEX_POINT('',#3189);
#3189 = CARTESIAN_POINT('',(195.800002,-117.194316,1.51));
#3190 = LINE('',#3191,#3192);
#3191 = CARTESIAN_POINT('',(195.800002,-117.194316,1.51));
#3192 = VECTOR('',#3193,1.);
#3193 = DIRECTION('',(0.,-1.,0.));
#3194 = ORIENTED_EDGE('',*,*,#3195,.F.);
#3195 = EDGE_CURVE('',#3196,#3188,#3198,.T.);
#3196 = VERTEX_POINT('',#3197);
#3197 = CARTESIAN_POINT('',(195.750517,-116.977438,1.51));
#3198 = CIRCLE('',#3199,0.499989885034);
#3199 = AXIS2_PLACEMENT_3D('',#3200,#3201,#3202);
#3200 = CARTESIAN_POINT('',(195.30001211496,-117.1943140791,1.51));
#3201 = DIRECTION('',(0.,0.,-1.));
#3202 = DIRECTION('',(0.901027997796,0.43376093322,0.));
#3203 = ORIENTED_EDGE('',*,*,#3204,.F.);
#3204 = EDGE_CURVE('',#3205,#3196,#3207,.T.);
#3205 = VERTEX_POINT('',#3206);
#3206 = CARTESIAN_POINT('',(196.45329,-116.328859,1.51));
#3207 = CIRCLE('',#3208,0.499999729127);
#3208 = AXIS2_PLACEMENT_3D('',#3209,#3210,#3211);
#3209 = CARTESIAN_POINT('',(196.20103174567,-116.7605597091,1.51));
#3210 = DIRECTION('',(0.,0.,1.));
#3211 = DIRECTION('',(0.504516781969,0.863401885979,-0.));
#3212 = ORIENTED_EDGE('',*,*,#3213,.F.);
#3213 = EDGE_CURVE('',#3214,#3205,#3216,.T.);
#3214 = VERTEX_POINT('',#3215);
#3215 = CARTESIAN_POINT('',(196.705549,-116.397159,1.51));
#3216 = CIRCLE('',#3217,0.50002311711);
#3217 = AXIS2_PLACEMENT_3D('',#3218,#3219,#3220);
#3218 = CARTESIAN_POINT('',(196.70555626378,-115.8971358829,1.51));
#3219 = DIRECTION('',(0.,0.,-1.));
#3220 = DIRECTION('',(-1.452689345975E-05,-0.999999999894,-0.));
#3221 = ORIENTED_EDGE('',*,*,#3222,.F.);
#3222 = EDGE_CURVE('',#3223,#3214,#3225,.T.);
#3223 = VERTEX_POINT('',#3224);
#3224 = CARTESIAN_POINT('',(198.294454,-116.397159,1.51));
#3225 = LINE('',#3226,#3227);
#3226 = CARTESIAN_POINT('',(198.294454,-116.397159,1.51));
#3227 = VECTOR('',#3228,1.);
#3228 = DIRECTION('',(-1.,0.,0.));
#3229 = ORIENTED_EDGE('',*,*,#3230,.F.);
#3230 = EDGE_CURVE('',#3100,#3223,#3231,.T.);
#3231 = CIRCLE('',#3232,0.500008729288);
#3232 = AXIS2_PLACEMENT_3D('',#3233,#3234,#3235);
#3233 = CARTESIAN_POINT('',(198.29445134312,-115.8971502707,1.51));
#3234 = DIRECTION('',(0.,0.,-1.));
#3235 = DIRECTION('',(0.504512505685,-0.863404384751,0.));
#3236 = FACE_BOUND('',#3237,.T.);
#3237 = EDGE_LOOP('',(#3238));
#3238 = ORIENTED_EDGE('',*,*,#3239,.T.);
#3239 = EDGE_CURVE('',#3240,#3240,#3242,.T.);
#3240 = VERTEX_POINT('',#3241);
#3241 = CARTESIAN_POINT('',(178.5,-101.04,1.51));
#3242 = CIRCLE('',#3243,0.5);
#3243 = AXIS2_PLACEMENT_3D('',#3244,#3245,#3246);
#3244 = CARTESIAN_POINT('',(178.5,-100.54,1.51));
#3245 = DIRECTION('',(-0.,0.,-1.));
#3246 = DIRECTION('',(-0.,-1.,0.));
#3247 = FACE_BOUND('',#3248,.T.);
#3248 = EDGE_LOOP('',(#3249));
#3249 = ORIENTED_EDGE('',*,*,#3250,.T.);
#3250 = EDGE_CURVE('',#3251,#3251,#3253,.T.);
#3251 = VERTEX_POINT('',#3252);
#3252 = CARTESIAN_POINT('',(188.92,-101.35,1.51));
#3253 = CIRCLE('',#3254,0.85);
#3254 = AXIS2_PLACEMENT_3D('',#3255,#3256,#3257);
#3255 = CARTESIAN_POINT('',(188.92,-100.5,1.51));
#3256 = DIRECTION('',(-0.,0.,-1.));
#3257 = DIRECTION('',(-3.343730521224E-14,-1.,0.));
#3258 = FACE_BOUND('',#3259,.T.);
#3259 = EDGE_LOOP('',(#3260));
#3260 = ORIENTED_EDGE('',*,*,#3261,.T.);
#3261 = EDGE_CURVE('',#3262,#3262,#3264,.T.);
#3262 = VERTEX_POINT('',#3263);
#3263 = CARTESIAN_POINT('',(194.,-102.5,1.51));
#3264 = CIRCLE('',#3265,2.);
#3265 = AXIS2_PLACEMENT_3D('',#3266,#3267,#3268);
#3266 = CARTESIAN_POINT('',(194.,-100.5,1.51));
#3267 = DIRECTION('',(-0.,0.,-1.));
#3268 = DIRECTION('',(-0.,-1.,0.));
#3269 = FACE_BOUND('',#3270,.T.);
#3270 = EDGE_LOOP('',(#3271));
#3271 = ORIENTED_EDGE('',*,*,#3272,.T.);
#3272 = EDGE_CURVE('',#3273,#3273,#3275,.T.);
#3273 = VERTEX_POINT('',#3274);
#3274 = CARTESIAN_POINT('',(178.5,-98.5,1.51));
#3275 = CIRCLE('',#3276,0.5);
#3276 = AXIS2_PLACEMENT_3D('',#3277,#3278,#3279);
#3277 = CARTESIAN_POINT('',(178.5,-98.,1.51));
#3278 = DIRECTION('',(-0.,0.,-1.));
#3279 = DIRECTION('',(-0.,-1.,0.));
#3280 = FACE_BOUND('',#3281,.T.);
#3281 = EDGE_LOOP('',(#3282));
#3282 = ORIENTED_EDGE('',*,*,#3283,.T.);
#3283 = EDGE_CURVE('',#3284,#3284,#3286,.T.);
#3284 = VERTEX_POINT('',#3285);
#3285 = CARTESIAN_POINT('',(178.5,-95.96,1.51));
#3286 = CIRCLE('',#3287,0.5);
#3287 = AXIS2_PLACEMENT_3D('',#3288,#3289,#3290);
#3288 = CARTESIAN_POINT('',(178.5,-95.46,1.51));
#3289 = DIRECTION('',(-0.,0.,-1.));
#3290 = DIRECTION('',(-0.,-1.,0.));
#3291 = FACE_BOUND('',#3292,.T.);
#3292 = EDGE_LOOP('',(#3293));
#3293 = ORIENTED_EDGE('',*,*,#3294,.T.);
#3294 = EDGE_CURVE('',#3295,#3295,#3297,.T.);
#3295 = VERTEX_POINT('',#3296);
#3296 = CARTESIAN_POINT('',(178.5,-93.42,1.51));
#3297 = CIRCLE('',#3298,0.5);
#3298 = AXIS2_PLACEMENT_3D('',#3299,#3300,#3301);
#3299 = CARTESIAN_POINT('',(178.5,-92.92,1.51));
#3300 = DIRECTION('',(-0.,0.,-1.));
#3301 = DIRECTION('',(-0.,-1.,0.));
#3302 = FACE_BOUND('',#3303,.T.);
#3303 = EDGE_LOOP('',(#3304));
#3304 = ORIENTED_EDGE('',*,*,#3305,.T.);
#3305 = EDGE_CURVE('',#3306,#3306,#3308,.T.);
#3306 = VERTEX_POINT('',#3307);
#3307 = CARTESIAN_POINT('',(178.5,-90.88,1.51));
#3308 = CIRCLE('',#3309,0.5);
#3309 = AXIS2_PLACEMENT_3D('',#3310,#3311,#3312);
#3310 = CARTESIAN_POINT('',(178.5,-90.38,1.51));
#3311 = DIRECTION('',(-0.,0.,-1.));
#3312 = DIRECTION('',(-0.,-1.,0.));
#3313 = FACE_BOUND('',#3314,.T.);
#3314 = EDGE_LOOP('',(#3315));
#3315 = ORIENTED_EDGE('',*,*,#3316,.T.);
#3316 = EDGE_CURVE('',#3317,#3317,#3319,.T.);
#3317 = VERTEX_POINT('',#3318);
#3318 = CARTESIAN_POINT('',(190.19,-98.71,1.51));
#3319 = CIRCLE('',#3320,0.75);
#3320 = AXIS2_PLACEMENT_3D('',#3321,#3322,#3323);
#3321 = CARTESIAN_POINT('',(190.19,-97.96,1.51));
#3322 = DIRECTION('',(-0.,0.,-1.));
#3323 = DIRECTION('',(-0.,-1.,0.));
#3324 = FACE_BOUND('',#3325,.T.);
#3325 = EDGE_LOOP('',(#3326));
#3326 = ORIENTED_EDGE('',*,*,#3327,.T.);
#3327 = EDGE_CURVE('',#3328,#3328,#3330,.T.);
#3328 = VERTEX_POINT('',#3329);
#3329 = CARTESIAN_POINT('',(199.08,-101.35,1.51));
#3330 = CIRCLE('',#3331,0.85);
#3331 = AXIS2_PLACEMENT_3D('',#3332,#3333,#3334);
#3332 = CARTESIAN_POINT('',(199.08,-100.5,1.51));
#3333 = DIRECTION('',(-0.,0.,-1.));
#3334 = DIRECTION('',(3.343730521224E-14,-1.,-0.));
#3335 = FACE_BOUND('',#3336,.T.);
#3336 = EDGE_LOOP('',(#3337));
#3337 = ORIENTED_EDGE('',*,*,#3338,.T.);
#3338 = EDGE_CURVE('',#3339,#3339,#3341,.T.);
#3339 = VERTEX_POINT('',#3340);
#3340 = CARTESIAN_POINT('',(196.54,-96.17,1.51));
#3341 = CIRCLE('',#3342,0.75);
#3342 = AXIS2_PLACEMENT_3D('',#3343,#3344,#3345);
#3343 = CARTESIAN_POINT('',(196.54,-95.42,1.51));
#3344 = DIRECTION('',(-0.,0.,-1.));
#3345 = DIRECTION('',(-0.,-1.,0.));
#3346 = FACE_BOUND('',#3347,.T.);
#3347 = EDGE_LOOP('',(#3348,#3359,#3368,#3376,#3385,#3394,#3403,#3411,
    #3420,#3429,#3438,#3446,#3455,#3464,#3473,#3481));
#3348 = ORIENTED_EDGE('',*,*,#3349,.F.);
#3349 = EDGE_CURVE('',#3350,#3352,#3354,.T.);
#3350 = VERTEX_POINT('',#3351);
#3351 = CARTESIAN_POINT('',(133.749485,-84.977438,1.51));
#3352 = VERTEX_POINT('',#3353);
#3353 = CARTESIAN_POINT('',(133.046712,-84.32886,1.51));
#3354 = CIRCLE('',#3355,0.499999422661);
#3355 = AXIS2_PLACEMENT_3D('',#3356,#3357,#3358);
#3356 = CARTESIAN_POINT('',(133.29897029551,-84.76056033009,1.51));
#3357 = DIRECTION('',(0.,0.,1.));
#3358 = DIRECTION('',(0.901030449374,-0.433755840654,0.));
#3359 = ORIENTED_EDGE('',*,*,#3360,.F.);
#3360 = EDGE_CURVE('',#3361,#3350,#3363,.T.);
#3361 = VERTEX_POINT('',#3362);
#3362 = CARTESIAN_POINT('',(133.7,-85.194316,1.51));
#3363 = CIRCLE('',#3364,0.499989885034);
#3364 = AXIS2_PLACEMENT_3D('',#3365,#3366,#3367);
#3365 = CARTESIAN_POINT('',(134.19998988503,-85.19431407913,1.51));
#3366 = DIRECTION('',(0.,0.,-1.));
#3367 = DIRECTION('',(-0.999999999993,-3.841811448942E-06,-0.));
#3368 = ORIENTED_EDGE('',*,*,#3369,.F.);
#3369 = EDGE_CURVE('',#3370,#3361,#3372,.T.);
#3370 = VERTEX_POINT('',#3371);
#3371 = CARTESIAN_POINT('',(133.7,-86.6,1.51));
#3372 = LINE('',#3373,#3374);
#3373 = CARTESIAN_POINT('',(133.7,-86.6,1.51));
#3374 = VECTOR('',#3375,1.);
#3375 = DIRECTION('',(0.,1.,0.));
#3376 = ORIENTED_EDGE('',*,*,#3377,.F.);
#3377 = EDGE_CURVE('',#3378,#3370,#3380,.T.);
#3378 = VERTEX_POINT('',#3379);
#3379 = CARTESIAN_POINT('',(133.749485,-86.816878,1.51));
#3380 = CIRCLE('',#3381,0.499989885034);
#3381 = AXIS2_PLACEMENT_3D('',#3382,#3383,#3384);
#3382 = CARTESIAN_POINT('',(134.19998988503,-86.60000192086,1.51));
#3383 = DIRECTION('',(0.,0.,-1.));
#3384 = DIRECTION('',(-0.901027997796,-0.43376093322,-0.));
#3385 = ORIENTED_EDGE('',*,*,#3386,.F.);
#3386 = EDGE_CURVE('',#3387,#3378,#3389,.T.);
#3387 = VERTEX_POINT('',#3388);
#3388 = CARTESIAN_POINT('',(133.046712,-87.465457,1.51));
#3389 = CIRCLE('',#3390,0.499999448976);
#3390 = AXIS2_PLACEMENT_3D('',#3391,#3392,#3393);
#3391 = CARTESIAN_POINT('',(133.29897090428,-87.03375699515,1.51));
#3392 = DIRECTION('',(0.,0.,1.));
#3393 = DIRECTION('',(-0.504518364574,-0.863400961204,0.));
#3394 = ORIENTED_EDGE('',*,*,#3395,.F.);
#3395 = EDGE_CURVE('',#3396,#3387,#3398,.T.);
#3396 = VERTEX_POINT('',#3397);
#3397 = CARTESIAN_POINT('',(132.794453,-87.397158,1.51));
#3398 = CIRCLE('',#3399,0.500008729226);
#3399 = AXIS2_PLACEMENT_3D('',#3400,#3401,#3402);
#3400 = CARTESIAN_POINT('',(132.79445134314,-87.89716672922,1.51));
#3401 = DIRECTION('',(0.,0.,-1.));
#3402 = DIRECTION('',(3.313649317029E-06,0.999999999995,0.));
#3403 = ORIENTED_EDGE('',*,*,#3404,.F.);
#3404 = EDGE_CURVE('',#3405,#3396,#3407,.T.);
#3405 = VERTEX_POINT('',#3406);
#3406 = CARTESIAN_POINT('',(131.205549,-87.397158,1.51));
#3407 = LINE('',#3408,#3409);
#3408 = CARTESIAN_POINT('',(131.205549,-87.397158,1.51));
#3409 = VECTOR('',#3410,1.);
#3410 = DIRECTION('',(1.,0.,0.));
#3411 = ORIENTED_EDGE('',*,*,#3412,.F.);
#3412 = EDGE_CURVE('',#3413,#3405,#3415,.T.);
#3413 = VERTEX_POINT('',#3414);
#3414 = CARTESIAN_POINT('',(130.953291,-87.465457,1.51));
#3415 = CIRCLE('',#3416,0.500008729288);
#3416 = AXIS2_PLACEMENT_3D('',#3417,#3418,#3419);
#3417 = CARTESIAN_POINT('',(131.20555165687,-87.89716672928,1.51));
#3418 = DIRECTION('',(0.,0.,-1.));
#3419 = DIRECTION('',(-0.504512505685,0.863404384751,0.));
#3420 = ORIENTED_EDGE('',*,*,#3421,.F.);
#3421 = EDGE_CURVE('',#3422,#3413,#3424,.T.);
#3422 = VERTEX_POINT('',#3423);
#3423 = CARTESIAN_POINT('',(130.250517,-86.816878,1.51));
#3424 = CIRCLE('',#3425,0.500000669307);
#3425 = AXIS2_PLACEMENT_3D('',#3426,#3427,#3428);
#3426 = CARTESIAN_POINT('',(130.7010335355,-87.03375474043,1.51));
#3427 = DIRECTION('',(0.,0.,1.));
#3428 = DIRECTION('',(-0.901031864884,0.433752900236,0.));
#3429 = ORIENTED_EDGE('',*,*,#3430,.F.);
#3430 = EDGE_CURVE('',#3431,#3422,#3433,.T.);
#3431 = VERTEX_POINT('',#3432);
#3432 = CARTESIAN_POINT('',(130.300002,-86.600001,1.51));
#3433 = CIRCLE('',#3434,0.499989884978);
#3434 = AXIS2_PLACEMENT_3D('',#3435,#3436,#3437);
#3435 = CARTESIAN_POINT('',(129.80001211502,-86.60000192088,1.51));
#3436 = DIRECTION('',(0.,0.,-1.));
#3437 = DIRECTION('',(0.999999999998,1.841808596201E-06,0.));
#3438 = ORIENTED_EDGE('',*,*,#3439,.F.);
#3439 = EDGE_CURVE('',#3440,#3431,#3442,.T.);
#3440 = VERTEX_POINT('',#3441);
#3441 = CARTESIAN_POINT('',(130.300002,-85.194316,1.51));
#3442 = LINE('',#3443,#3444);
#3443 = CARTESIAN_POINT('',(130.300002,-85.194316,1.51));
#3444 = VECTOR('',#3445,1.);
#3445 = DIRECTION('',(0.,-1.,0.));
#3446 = ORIENTED_EDGE('',*,*,#3447,.F.);
#3447 = EDGE_CURVE('',#3448,#3440,#3450,.T.);
#3448 = VERTEX_POINT('',#3449);
#3449 = CARTESIAN_POINT('',(130.250517,-84.977438,1.51));
#3450 = CIRCLE('',#3451,0.499989885034);
#3451 = AXIS2_PLACEMENT_3D('',#3452,#3453,#3454);
#3452 = CARTESIAN_POINT('',(129.80001211496,-85.19431407913,1.51));
#3453 = DIRECTION('',(0.,0.,-1.));
#3454 = DIRECTION('',(0.901027997796,0.43376093322,0.));
#3455 = ORIENTED_EDGE('',*,*,#3456,.F.);
#3456 = EDGE_CURVE('',#3457,#3448,#3459,.T.);
#3457 = VERTEX_POINT('',#3458);
#3458 = CARTESIAN_POINT('',(130.95329,-84.328859,1.51));
#3459 = CIRCLE('',#3460,0.499999729127);
#3460 = AXIS2_PLACEMENT_3D('',#3461,#3462,#3463);
#3461 = CARTESIAN_POINT('',(130.70103174567,-84.76055970911,1.51));
#3462 = DIRECTION('',(0.,0.,1.));
#3463 = DIRECTION('',(0.504516781969,0.863401885979,-0.));
#3464 = ORIENTED_EDGE('',*,*,#3465,.F.);
#3465 = EDGE_CURVE('',#3466,#3457,#3468,.T.);
#3466 = VERTEX_POINT('',#3467);
#3467 = CARTESIAN_POINT('',(131.205548,-84.397158,1.51));
#3468 = CIRCLE('',#3469,0.500008729288);
#3469 = AXIS2_PLACEMENT_3D('',#3470,#3471,#3472);
#3470 = CARTESIAN_POINT('',(131.20555065687,-83.89714927071,1.51));
#3471 = DIRECTION('',(0.,0.,-1.));
#3472 = DIRECTION('',(-5.313662938456E-06,-0.999999999986,-0.));
#3473 = ORIENTED_EDGE('',*,*,#3474,.F.);
#3474 = EDGE_CURVE('',#3475,#3466,#3477,.T.);
#3475 = VERTEX_POINT('',#3476);
#3476 = CARTESIAN_POINT('',(132.794454,-84.397159,1.51));
#3477 = LINE('',#3478,#3479);
#3478 = CARTESIAN_POINT('',(132.794454,-84.397159,1.51));
#3479 = VECTOR('',#3480,1.);
#3480 = DIRECTION('',(-1.,6.29363850017E-07,0.));
#3481 = ORIENTED_EDGE('',*,*,#3482,.F.);
#3482 = EDGE_CURVE('',#3352,#3475,#3483,.T.);
#3483 = CIRCLE('',#3484,0.500008729288);
#3484 = AXIS2_PLACEMENT_3D('',#3485,#3486,#3487);
#3485 = CARTESIAN_POINT('',(132.79445134312,-83.89715027071,1.51));
#3486 = DIRECTION('',(0.,0.,-1.));
#3487 = DIRECTION('',(0.504512505685,-0.863404384751,0.));
#3488 = FACE_BOUND('',#3489,.T.);
#3489 = EDGE_LOOP('',(#3490));
#3490 = ORIENTED_EDGE('',*,*,#3491,.T.);
#3491 = EDGE_CURVE('',#3492,#3492,#3494,.T.);
#3492 = VERTEX_POINT('',#3493);
#3493 = CARTESIAN_POINT('',(129.4,-80.,1.51));
#3494 = CIRCLE('',#3495,0.5);
#3495 = AXIS2_PLACEMENT_3D('',#3496,#3497,#3498);
#3496 = CARTESIAN_POINT('',(129.4,-79.5,1.51));
#3497 = DIRECTION('',(-0.,0.,-1.));
#3498 = DIRECTION('',(-0.,-1.,0.));
#3499 = FACE_BOUND('',#3500,.T.);
#3500 = EDGE_LOOP('',(#3501));
#3501 = ORIENTED_EDGE('',*,*,#3502,.T.);
#3502 = EDGE_CURVE('',#3503,#3503,#3505,.T.);
#3503 = VERTEX_POINT('',#3504);
#3504 = CARTESIAN_POINT('',(131.9,-80.,1.51));
#3505 = CIRCLE('',#3506,0.5);
#3506 = AXIS2_PLACEMENT_3D('',#3507,#3508,#3509);
#3507 = CARTESIAN_POINT('',(131.9,-79.5,1.51));
#3508 = DIRECTION('',(-0.,0.,-1.));
#3509 = DIRECTION('',(-0.,-1.,0.));
#3510 = FACE_BOUND('',#3511,.T.);
#3511 = EDGE_LOOP('',(#3512,#3523,#3532,#3540,#3549,#3558,#3567,#3575,
    #3584,#3593,#3602,#3610,#3619,#3628,#3637,#3645));
#3512 = ORIENTED_EDGE('',*,*,#3513,.F.);
#3513 = EDGE_CURVE('',#3514,#3516,#3518,.T.);
#3514 = VERTEX_POINT('',#3515);
#3515 = CARTESIAN_POINT('',(121.977438,-70.250515,1.51));
#3516 = VERTEX_POINT('',#3517);
#3517 = CARTESIAN_POINT('',(121.32886,-70.953288,1.51));
#3518 = CIRCLE('',#3519,0.499999422661);
#3519 = AXIS2_PLACEMENT_3D('',#3520,#3521,#3522);
#3520 = CARTESIAN_POINT('',(121.76056033009,-70.70102970448,1.51));
#3521 = DIRECTION('',(0.,0.,1.));
#3522 = DIRECTION('',(0.433755840654,0.901030449374,-0.));
#3523 = ORIENTED_EDGE('',*,*,#3524,.F.);
#3524 = EDGE_CURVE('',#3525,#3514,#3527,.T.);
#3525 = VERTEX_POINT('',#3526);
#3526 = CARTESIAN_POINT('',(122.194315,-70.3,1.51));
#3527 = CIRCLE('',#3528,0.499989884978);
#3528 = AXIS2_PLACEMENT_3D('',#3529,#3530,#3531);
#3529 = CARTESIAN_POINT('',(122.19431407911,-69.80001011502,1.51));
#3530 = DIRECTION('',(0.,0.,-1.));
#3531 = DIRECTION('',(1.841808653046E-06,-0.999999999998,0.));
#3532 = ORIENTED_EDGE('',*,*,#3533,.F.);
#3533 = EDGE_CURVE('',#3534,#3525,#3536,.T.);
#3534 = VERTEX_POINT('',#3535);
#3535 = CARTESIAN_POINT('',(123.6,-70.3,1.51));
#3536 = LINE('',#3537,#3538);
#3537 = CARTESIAN_POINT('',(123.6,-70.3,1.51));
#3538 = VECTOR('',#3539,1.);
#3539 = DIRECTION('',(-1.,0.,0.));
#3540 = ORIENTED_EDGE('',*,*,#3541,.F.);
#3541 = EDGE_CURVE('',#3542,#3534,#3544,.T.);
#3542 = VERTEX_POINT('',#3543);
#3543 = CARTESIAN_POINT('',(123.816878,-70.250515,1.51));
#3544 = CIRCLE('',#3545,0.499989885034);
#3545 = AXIS2_PLACEMENT_3D('',#3546,#3547,#3548);
#3546 = CARTESIAN_POINT('',(123.60000192086,-69.80001011496,1.51));
#3547 = DIRECTION('',(0.,0.,-1.));
#3548 = DIRECTION('',(0.43376093322,-0.901027997796,0.));
#3549 = ORIENTED_EDGE('',*,*,#3550,.F.);
#3550 = EDGE_CURVE('',#3551,#3542,#3553,.T.);
#3551 = VERTEX_POINT('',#3552);
#3552 = CARTESIAN_POINT('',(124.465457,-70.953288,1.51));
#3553 = CIRCLE('',#3554,0.499999448976);
#3554 = AXIS2_PLACEMENT_3D('',#3555,#3556,#3557);
#3555 = CARTESIAN_POINT('',(124.03375699515,-70.70102909571,1.51));
#3556 = DIRECTION('',(0.,0.,1.));
#3557 = DIRECTION('',(0.863400961204,-0.504518364574,0.));
#3558 = ORIENTED_EDGE('',*,*,#3559,.F.);
#3559 = EDGE_CURVE('',#3560,#3551,#3562,.T.);
#3560 = VERTEX_POINT('',#3561);
#3561 = CARTESIAN_POINT('',(124.397158,-71.205547,1.51));
#3562 = CIRCLE('',#3563,0.500008729226);
#3563 = AXIS2_PLACEMENT_3D('',#3564,#3565,#3566);
#3564 = CARTESIAN_POINT('',(124.89716672922,-71.20554865685,1.51));
#3565 = DIRECTION('',(0.,0.,-1.));
#3566 = DIRECTION('',(-0.999999999995,3.313649288608E-06,0.));
#3567 = ORIENTED_EDGE('',*,*,#3568,.F.);
#3568 = EDGE_CURVE('',#3569,#3560,#3571,.T.);
#3569 = VERTEX_POINT('',#3570);
#3570 = CARTESIAN_POINT('',(124.397158,-72.794451,1.51));
#3571 = LINE('',#3572,#3573);
#3572 = CARTESIAN_POINT('',(124.397158,-72.794451,1.51));
#3573 = VECTOR('',#3574,1.);
#3574 = DIRECTION('',(0.,1.,0.));
#3575 = ORIENTED_EDGE('',*,*,#3576,.F.);
#3576 = EDGE_CURVE('',#3577,#3569,#3579,.T.);
#3577 = VERTEX_POINT('',#3578);
#3578 = CARTESIAN_POINT('',(124.465457,-73.046709,1.51));
#3579 = CIRCLE('',#3580,0.500008729288);
#3580 = AXIS2_PLACEMENT_3D('',#3581,#3582,#3583);
#3581 = CARTESIAN_POINT('',(124.89716672928,-72.79444834312,1.51));
#3582 = DIRECTION('',(0.,0.,-1.));
#3583 = DIRECTION('',(-0.863404384751,-0.504512505685,-0.));
#3584 = ORIENTED_EDGE('',*,*,#3585,.F.);
#3585 = EDGE_CURVE('',#3586,#3577,#3588,.T.);
#3586 = VERTEX_POINT('',#3587);
#3587 = CARTESIAN_POINT('',(123.816878,-73.749483,1.51));
#3588 = CIRCLE('',#3589,0.500000669307);
#3589 = AXIS2_PLACEMENT_3D('',#3590,#3591,#3592);
#3590 = CARTESIAN_POINT('',(124.03375474043,-73.29896646449,1.51));
#3591 = DIRECTION('',(0.,0.,1.));
#3592 = DIRECTION('',(-0.433752900236,-0.901031864884,0.));
#3593 = ORIENTED_EDGE('',*,*,#3594,.F.);
#3594 = EDGE_CURVE('',#3595,#3586,#3597,.T.);
#3595 = VERTEX_POINT('',#3596);
#3596 = CARTESIAN_POINT('',(123.600001,-73.699998,1.51));
#3597 = CIRCLE('',#3598,0.499989884978);
#3598 = AXIS2_PLACEMENT_3D('',#3599,#3600,#3601);
#3599 = CARTESIAN_POINT('',(123.60000192088,-74.19998788497,1.51));
#3600 = DIRECTION('',(0.,0.,-1.));
#3601 = DIRECTION('',(-1.841808596201E-06,0.999999999998,0.));
#3602 = ORIENTED_EDGE('',*,*,#3603,.F.);
#3603 = EDGE_CURVE('',#3604,#3595,#3606,.T.);
#3604 = VERTEX_POINT('',#3605);
#3605 = CARTESIAN_POINT('',(122.194316,-73.699998,1.51));
#3606 = LINE('',#3607,#3608);
#3607 = CARTESIAN_POINT('',(122.194316,-73.699998,1.51));
#3608 = VECTOR('',#3609,1.);
#3609 = DIRECTION('',(1.,0.,0.));
#3610 = ORIENTED_EDGE('',*,*,#3611,.F.);
#3611 = EDGE_CURVE('',#3612,#3604,#3614,.T.);
#3612 = VERTEX_POINT('',#3613);
#3613 = CARTESIAN_POINT('',(121.977438,-73.749483,1.51));
#3614 = CIRCLE('',#3615,0.499989885034);
#3615 = AXIS2_PLACEMENT_3D('',#3616,#3617,#3618);
#3616 = CARTESIAN_POINT('',(122.19431407913,-74.19998788503,1.51));
#3617 = DIRECTION('',(0.,0.,-1.));
#3618 = DIRECTION('',(-0.43376093322,0.901027997796,0.));
#3619 = ORIENTED_EDGE('',*,*,#3620,.F.);
#3620 = EDGE_CURVE('',#3621,#3612,#3623,.T.);
#3621 = VERTEX_POINT('',#3622);
#3622 = CARTESIAN_POINT('',(121.328859,-73.04671,1.51));
#3623 = CIRCLE('',#3624,0.499999729127);
#3624 = AXIS2_PLACEMENT_3D('',#3625,#3626,#3627);
#3625 = CARTESIAN_POINT('',(121.76055970911,-73.29896825432,1.51));
#3626 = DIRECTION('',(0.,0.,1.));
#3627 = DIRECTION('',(-0.863401885979,0.504516781968,0.));
#3628 = ORIENTED_EDGE('',*,*,#3629,.F.);
#3629 = EDGE_CURVE('',#3630,#3621,#3632,.T.);
#3630 = VERTEX_POINT('',#3631);
#3631 = CARTESIAN_POINT('',(121.397159,-72.794451,1.51));
#3632 = CIRCLE('',#3633,0.50002311711);
#3633 = AXIS2_PLACEMENT_3D('',#3634,#3635,#3636);
#3634 = CARTESIAN_POINT('',(120.89713588294,-72.79444373621,1.51));
#3635 = DIRECTION('',(0.,0.,-1.));
#3636 = DIRECTION('',(0.999999999894,-1.452689337449E-05,0.));
#3637 = ORIENTED_EDGE('',*,*,#3638,.F.);
#3638 = EDGE_CURVE('',#3639,#3630,#3641,.T.);
#3639 = VERTEX_POINT('',#3640);
#3640 = CARTESIAN_POINT('',(121.397159,-71.205546,1.51));
#3641 = LINE('',#3642,#3643);
#3642 = CARTESIAN_POINT('',(121.397159,-71.205546,1.51));
#3643 = VECTOR('',#3644,1.);
#3644 = DIRECTION('',(0.,-1.,0.));
#3645 = ORIENTED_EDGE('',*,*,#3646,.F.);
#3646 = EDGE_CURVE('',#3516,#3639,#3647,.T.);
#3647 = CIRCLE('',#3648,0.500008729288);
#3648 = AXIS2_PLACEMENT_3D('',#3649,#3650,#3651);
#3649 = CARTESIAN_POINT('',(120.89715027071,-71.20554865687,1.51));
#3650 = DIRECTION('',(0.,0.,-1.));
#3651 = DIRECTION('',(0.863404384751,0.504512505685,0.));
#3652 = FACE_BOUND('',#3653,.T.);
#3653 = EDGE_LOOP('',(#3654,#3665,#3673,#3682));
#3654 = ORIENTED_EDGE('',*,*,#3655,.T.);
#3655 = EDGE_CURVE('',#3656,#3658,#3660,.T.);
#3656 = VERTEX_POINT('',#3657);
#3657 = CARTESIAN_POINT('',(125.55,-71.35,1.51));
#3658 = VERTEX_POINT('',#3659);
#3659 = CARTESIAN_POINT('',(127.05,-71.35,1.51));
#3660 = CIRCLE('',#3661,0.75);
#3661 = AXIS2_PLACEMENT_3D('',#3662,#3663,#3664);
#3662 = CARTESIAN_POINT('',(126.3,-71.35,1.51));
#3663 = DIRECTION('',(0.,-0.,-1.));
#3664 = DIRECTION('',(1.,0.,-0.));
#3665 = ORIENTED_EDGE('',*,*,#3666,.T.);
#3666 = EDGE_CURVE('',#3658,#3667,#3669,.T.);
#3667 = VERTEX_POINT('',#3668);
#3668 = CARTESIAN_POINT('',(127.05,-72.65,1.51));
#3669 = LINE('',#3670,#3671);
#3670 = CARTESIAN_POINT('',(127.05,-36.325,1.51));
#3671 = VECTOR('',#3672,1.);
#3672 = DIRECTION('',(0.,-1.,0.));
#3673 = ORIENTED_EDGE('',*,*,#3674,.T.);
#3674 = EDGE_CURVE('',#3667,#3675,#3677,.T.);
#3675 = VERTEX_POINT('',#3676);
#3676 = CARTESIAN_POINT('',(125.55,-72.65,1.51));
#3677 = CIRCLE('',#3678,0.75);
#3678 = AXIS2_PLACEMENT_3D('',#3679,#3680,#3681);
#3679 = CARTESIAN_POINT('',(126.3,-72.65,1.51));
#3680 = DIRECTION('',(-0.,0.,-1.));
#3681 = DIRECTION('',(-1.,0.,0.));
#3682 = ORIENTED_EDGE('',*,*,#3683,.T.);
#3683 = EDGE_CURVE('',#3675,#3656,#3684,.T.);
#3684 = LINE('',#3685,#3686);
#3685 = CARTESIAN_POINT('',(125.55,-35.675,1.51));
#3686 = VECTOR('',#3687,1.);
#3687 = DIRECTION('',(-0.,1.,0.));
#3688 = FACE_BOUND('',#3689,.T.);
#3689 = EDGE_LOOP('',(#3690));
#3690 = ORIENTED_EDGE('',*,*,#3691,.T.);
#3691 = EDGE_CURVE('',#3692,#3692,#3694,.T.);
#3692 = VERTEX_POINT('',#3693);
#3693 = CARTESIAN_POINT('',(134.4,-80.,1.51));
#3694 = CIRCLE('',#3695,0.5);
#3695 = AXIS2_PLACEMENT_3D('',#3696,#3697,#3698);
#3696 = CARTESIAN_POINT('',(134.4,-79.5,1.51));
#3697 = DIRECTION('',(-0.,0.,-1.));
#3698 = DIRECTION('',(-0.,-1.,0.));
#3699 = FACE_BOUND('',#3700,.T.);
#3700 = EDGE_LOOP('',(#3701,#3712,#3720,#3729));
#3701 = ORIENTED_EDGE('',*,*,#3702,.T.);
#3702 = EDGE_CURVE('',#3703,#3705,#3707,.T.);
#3703 = VERTEX_POINT('',#3704);
#3704 = CARTESIAN_POINT('',(136.75,-71.35,1.51));
#3705 = VERTEX_POINT('',#3706);
#3706 = CARTESIAN_POINT('',(138.25,-71.35,1.51));
#3707 = CIRCLE('',#3708,0.75);
#3708 = AXIS2_PLACEMENT_3D('',#3709,#3710,#3711);
#3709 = CARTESIAN_POINT('',(137.5,-71.35,1.51));
#3710 = DIRECTION('',(0.,-0.,-1.));
#3711 = DIRECTION('',(1.,0.,-0.));
#3712 = ORIENTED_EDGE('',*,*,#3713,.T.);
#3713 = EDGE_CURVE('',#3705,#3714,#3716,.T.);
#3714 = VERTEX_POINT('',#3715);
#3715 = CARTESIAN_POINT('',(138.25,-72.65,1.51));
#3716 = LINE('',#3717,#3718);
#3717 = CARTESIAN_POINT('',(138.25,-36.325,1.51));
#3718 = VECTOR('',#3719,1.);
#3719 = DIRECTION('',(0.,-1.,0.));
#3720 = ORIENTED_EDGE('',*,*,#3721,.T.);
#3721 = EDGE_CURVE('',#3714,#3722,#3724,.T.);
#3722 = VERTEX_POINT('',#3723);
#3723 = CARTESIAN_POINT('',(136.75,-72.65,1.51));
#3724 = CIRCLE('',#3725,0.75);
#3725 = AXIS2_PLACEMENT_3D('',#3726,#3727,#3728);
#3726 = CARTESIAN_POINT('',(137.5,-72.65,1.51));
#3727 = DIRECTION('',(-0.,0.,-1.));
#3728 = DIRECTION('',(-1.,0.,0.));
#3729 = ORIENTED_EDGE('',*,*,#3730,.T.);
#3730 = EDGE_CURVE('',#3722,#3703,#3731,.T.);
#3731 = LINE('',#3732,#3733);
#3732 = CARTESIAN_POINT('',(136.75,-35.675,1.51));
#3733 = VECTOR('',#3734,1.);
#3734 = DIRECTION('',(-0.,1.,0.));
#3735 = FACE_BOUND('',#3736,.T.);
#3736 = EDGE_LOOP('',(#3737));
#3737 = ORIENTED_EDGE('',*,*,#3738,.T.);
#3738 = EDGE_CURVE('',#3739,#3739,#3741,.T.);
#3739 = VERTEX_POINT('',#3740);
#3740 = CARTESIAN_POINT('',(163.25,-88.34,1.51));
#3741 = CIRCLE('',#3742,0.5);
#3742 = AXIS2_PLACEMENT_3D('',#3743,#3744,#3745);
#3743 = CARTESIAN_POINT('',(163.25,-87.84,1.51));
#3744 = DIRECTION('',(-0.,0.,-1.));
#3745 = DIRECTION('',(-0.,-1.,0.));
#3746 = FACE_BOUND('',#3747,.T.);
#3747 = EDGE_LOOP('',(#3748));
#3748 = ORIENTED_EDGE('',*,*,#3749,.T.);
#3749 = EDGE_CURVE('',#3750,#3750,#3752,.T.);
#3750 = VERTEX_POINT('',#3751);
#3751 = CARTESIAN_POINT('',(163.25,-85.8,1.51));
#3752 = CIRCLE('',#3753,0.5);
#3753 = AXIS2_PLACEMENT_3D('',#3754,#3755,#3756);
#3754 = CARTESIAN_POINT('',(163.25,-85.3,1.51));
#3755 = DIRECTION('',(-0.,0.,-1.));
#3756 = DIRECTION('',(-0.,-1.,0.));
#3757 = FACE_BOUND('',#3758,.T.);
#3758 = EDGE_LOOP('',(#3759,#3770,#3779,#3787,#3796,#3805,#3814,#3822,
    #3831,#3840,#3849,#3857,#3866,#3875,#3884,#3892));
#3759 = ORIENTED_EDGE('',*,*,#3760,.F.);
#3760 = EDGE_CURVE('',#3761,#3763,#3765,.T.);
#3761 = VERTEX_POINT('',#3762);
#3762 = CARTESIAN_POINT('',(162.853289,-73.828859,1.51));
#3763 = VERTEX_POINT('',#3764);
#3764 = CARTESIAN_POINT('',(162.150516,-74.477438,1.51));
#3765 = CIRCLE('',#3766,0.499999729127);
#3766 = AXIS2_PLACEMENT_3D('',#3767,#3768,#3769);
#3767 = CARTESIAN_POINT('',(162.60103074567,-74.26055970911,1.51));
#3768 = DIRECTION('',(0.,0.,1.));
#3769 = DIRECTION('',(0.504516781968,0.863401885979,-0.));
#3770 = ORIENTED_EDGE('',*,*,#3771,.F.);
#3771 = EDGE_CURVE('',#3772,#3761,#3774,.T.);
#3772 = VERTEX_POINT('',#3773);
#3773 = CARTESIAN_POINT('',(163.105547,-73.897158,1.51));
#3774 = CIRCLE('',#3775,0.500008729288);
#3775 = AXIS2_PLACEMENT_3D('',#3776,#3777,#3778);
#3776 = CARTESIAN_POINT('',(163.10554965687,-73.39714927071,1.51));
#3777 = DIRECTION('',(0.,0.,-1.));
#3778 = DIRECTION('',(-5.313662881614E-06,-0.999999999986,-0.));
#3779 = ORIENTED_EDGE('',*,*,#3780,.F.);
#3780 = EDGE_CURVE('',#3781,#3772,#3783,.T.);
#3781 = VERTEX_POINT('',#3782);
#3782 = CARTESIAN_POINT('',(164.694453,-73.897159,1.51));
#3783 = LINE('',#3784,#3785);
#3784 = CARTESIAN_POINT('',(164.694453,-73.897159,1.51));
#3785 = VECTOR('',#3786,1.);
#3786 = DIRECTION('',(-1.,6.29363850017E-07,0.));
#3787 = ORIENTED_EDGE('',*,*,#3788,.F.);
#3788 = EDGE_CURVE('',#3789,#3781,#3791,.T.);
#3789 = VERTEX_POINT('',#3790);
#3790 = CARTESIAN_POINT('',(164.946711,-73.82886,1.51));
#3791 = CIRCLE('',#3792,0.500008729288);
#3792 = AXIS2_PLACEMENT_3D('',#3793,#3794,#3795);
#3793 = CARTESIAN_POINT('',(164.69445034312,-73.39715027071,1.51));
#3794 = DIRECTION('',(0.,0.,-1.));
#3795 = DIRECTION('',(0.504512505685,-0.863404384751,0.));
#3796 = ORIENTED_EDGE('',*,*,#3797,.F.);
#3797 = EDGE_CURVE('',#3798,#3789,#3800,.T.);
#3798 = VERTEX_POINT('',#3799);
#3799 = CARTESIAN_POINT('',(165.649484,-74.477438,1.51));
#3800 = CIRCLE('',#3801,0.499999422661);
#3801 = AXIS2_PLACEMENT_3D('',#3802,#3803,#3804);
#3802 = CARTESIAN_POINT('',(165.19896929551,-74.26056033009,1.51));
#3803 = DIRECTION('',(0.,0.,1.));
#3804 = DIRECTION('',(0.901030449374,-0.433755840654,0.));
#3805 = ORIENTED_EDGE('',*,*,#3806,.F.);
#3806 = EDGE_CURVE('',#3807,#3798,#3809,.T.);
#3807 = VERTEX_POINT('',#3808);
#3808 = CARTESIAN_POINT('',(165.599999,-74.694316,1.51));
#3809 = CIRCLE('',#3810,0.499989885034);
#3810 = AXIS2_PLACEMENT_3D('',#3811,#3812,#3813);
#3811 = CARTESIAN_POINT('',(166.09998888503,-74.69431407913,1.51));
#3812 = DIRECTION('',(0.,0.,-1.));
#3813 = DIRECTION('',(-0.999999999993,-3.841811448942E-06,-0.));
#3814 = ORIENTED_EDGE('',*,*,#3815,.F.);
#3815 = EDGE_CURVE('',#3816,#3807,#3818,.T.);
#3816 = VERTEX_POINT('',#3817);
#3817 = CARTESIAN_POINT('',(165.599999,-76.1,1.51));
#3818 = LINE('',#3819,#3820);
#3819 = CARTESIAN_POINT('',(165.599999,-76.1,1.51));
#3820 = VECTOR('',#3821,1.);
#3821 = DIRECTION('',(0.,1.,0.));
#3822 = ORIENTED_EDGE('',*,*,#3823,.F.);
#3823 = EDGE_CURVE('',#3824,#3816,#3826,.T.);
#3824 = VERTEX_POINT('',#3825);
#3825 = CARTESIAN_POINT('',(165.649484,-76.316877,1.51));
#3826 = CIRCLE('',#3827,0.49998122973);
#3827 = AXIS2_PLACEMENT_3D('',#3828,#3829,#3830);
#3828 = CARTESIAN_POINT('',(166.09998022972,-76.10000289576,1.51));
#3829 = DIRECTION('',(0.,0.,-1.));
#3830 = DIRECTION('',(-0.901026284457,-0.433764492229,-0.));
#3831 = ORIENTED_EDGE('',*,*,#3832,.F.);
#3832 = EDGE_CURVE('',#3833,#3824,#3835,.T.);
#3833 = VERTEX_POINT('',#3834);
#3834 = CARTESIAN_POINT('',(164.946711,-76.965457,1.51));
#3835 = CIRCLE('',#3836,0.499999755443);
#3836 = AXIS2_PLACEMENT_3D('',#3837,#3838,#3839);
#3837 = CARTESIAN_POINT('',(165.19896986309,-76.53375661613,1.51));
#3838 = DIRECTION('',(0.,0.,1.));
#3839 = DIRECTION('',(-0.50451797296,-0.863401190039,0.));
#3840 = ORIENTED_EDGE('',*,*,#3841,.F.);
#3841 = EDGE_CURVE('',#3842,#3833,#3844,.T.);
#3842 = VERTEX_POINT('',#3843);
#3843 = CARTESIAN_POINT('',(164.694452,-76.897158,1.51));
#3844 = CIRCLE('',#3845,0.500008729226);
#3845 = AXIS2_PLACEMENT_3D('',#3846,#3847,#3848);
#3846 = CARTESIAN_POINT('',(164.69445034314,-77.39716672922,1.51));
#3847 = DIRECTION('',(0.,0.,-1.));
#3848 = DIRECTION('',(3.313649317029E-06,0.999999999995,0.));
#3849 = ORIENTED_EDGE('',*,*,#3850,.F.);
#3850 = EDGE_CURVE('',#3851,#3842,#3853,.T.);
#3851 = VERTEX_POINT('',#3852);
#3852 = CARTESIAN_POINT('',(163.105548,-76.897158,1.51));
#3853 = LINE('',#3854,#3855);
#3854 = CARTESIAN_POINT('',(163.105548,-76.897158,1.51));
#3855 = VECTOR('',#3856,1.);
#3856 = DIRECTION('',(1.,0.,0.));
#3857 = ORIENTED_EDGE('',*,*,#3858,.F.);
#3858 = EDGE_CURVE('',#3859,#3851,#3861,.T.);
#3859 = VERTEX_POINT('',#3860);
#3860 = CARTESIAN_POINT('',(162.853289,-76.965455,1.51));
#3861 = CIRCLE('',#3862,0.500040834725);
#3862 = AXIS2_PLACEMENT_3D('',#3863,#3864,#3865);
#3863 = CARTESIAN_POINT('',(163.10555492637,-77.39719883467,1.51));
#3864 = DIRECTION('',(0.,0.,-1.));
#3865 = DIRECTION('',(-0.50449065128,0.86341715455,0.));
#3866 = ORIENTED_EDGE('',*,*,#3867,.F.);
#3867 = EDGE_CURVE('',#3868,#3859,#3870,.T.);
#3868 = VERTEX_POINT('',#3869);
#3869 = CARTESIAN_POINT('',(162.150516,-76.316878,1.51));
#3870 = CIRCLE('',#3871,0.499999092786);
#3871 = AXIS2_PLACEMENT_3D('',#3872,#3873,#3874);
#3872 = CARTESIAN_POINT('',(162.60103060898,-76.53375510777,1.51));
#3873 = DIRECTION('',(0.,0.,1.));
#3874 = DIRECTION('',(-0.901030852831,0.43375500256,0.));
#3875 = ORIENTED_EDGE('',*,*,#3876,.F.);
#3876 = EDGE_CURVE('',#3877,#3868,#3879,.T.);
#3877 = VERTEX_POINT('',#3878);
#3878 = CARTESIAN_POINT('',(162.200001,-76.1,1.51));
#3879 = CIRCLE('',#3880,0.499989885034);
#3880 = AXIS2_PLACEMENT_3D('',#3881,#3882,#3883);
#3881 = CARTESIAN_POINT('',(161.70001111497,-76.10000192086,1.51));
#3882 = DIRECTION('',(0.,0.,-1.));
#3883 = DIRECTION('',(0.999999999993,3.841811733168E-06,0.));
#3884 = ORIENTED_EDGE('',*,*,#3885,.F.);
#3885 = EDGE_CURVE('',#3886,#3877,#3888,.T.);
#3886 = VERTEX_POINT('',#3887);
#3887 = CARTESIAN_POINT('',(162.200001,-74.694316,1.51));
#3888 = LINE('',#3889,#3890);
#3889 = CARTESIAN_POINT('',(162.200001,-74.694316,1.51));
#3890 = VECTOR('',#3891,1.);
#3891 = DIRECTION('',(0.,-1.,0.));
#3892 = ORIENTED_EDGE('',*,*,#3893,.F.);
#3893 = EDGE_CURVE('',#3763,#3886,#3894,.T.);
#3894 = CIRCLE('',#3895,0.499989885034);
#3895 = AXIS2_PLACEMENT_3D('',#3896,#3897,#3898);
#3896 = CARTESIAN_POINT('',(161.70001111497,-74.69431407913,1.51));
#3897 = DIRECTION('',(0.,0.,-1.));
#3898 = DIRECTION('',(0.901027997796,0.43376093322,0.));
#3899 = FACE_BOUND('',#3900,.T.);
#3900 = EDGE_LOOP('',(#3901));
#3901 = ORIENTED_EDGE('',*,*,#3902,.T.);
#3902 = EDGE_CURVE('',#3903,#3903,#3905,.T.);
#3903 = VERTEX_POINT('',#3904);
#3904 = CARTESIAN_POINT('',(129.4,-65.5,1.51));
#3905 = CIRCLE('',#3906,0.5);
#3906 = AXIS2_PLACEMENT_3D('',#3907,#3908,#3909);
#3907 = CARTESIAN_POINT('',(129.4,-65.,1.51));
#3908 = DIRECTION('',(-0.,0.,-1.));
#3909 = DIRECTION('',(-0.,-1.,0.));
#3910 = FACE_BOUND('',#3911,.T.);
#3911 = EDGE_LOOP('',(#3912));
#3912 = ORIENTED_EDGE('',*,*,#3913,.T.);
#3913 = EDGE_CURVE('',#3914,#3914,#3916,.T.);
#3914 = VERTEX_POINT('',#3915);
#3915 = CARTESIAN_POINT('',(134.4,-65.5,1.51));
#3916 = CIRCLE('',#3917,0.5);
#3917 = AXIS2_PLACEMENT_3D('',#3918,#3919,#3920);
#3918 = CARTESIAN_POINT('',(134.4,-65.,1.51));
#3919 = DIRECTION('',(-0.,0.,-1.));
#3920 = DIRECTION('',(-0.,-1.,0.));
#3921 = FACE_BOUND('',#3922,.T.);
#3922 = EDGE_LOOP('',(#3923,#3934,#3943,#3951,#3960,#3969,#3978,#3986,
    #3995,#4004,#4013,#4021,#4030,#4039,#4048,#4056));
#3923 = ORIENTED_EDGE('',*,*,#3924,.F.);
#3924 = EDGE_CURVE('',#3925,#3927,#3929,.T.);
#3925 = VERTEX_POINT('',#3926);
#3926 = CARTESIAN_POINT('',(124.965457,-52.82051,1.51));
#3927 = VERTEX_POINT('',#3928);
#3928 = CARTESIAN_POINT('',(124.316878,-52.117737,1.51));
#3929 = CIRCLE('',#3930,0.499999448976);
#3930 = AXIS2_PLACEMENT_3D('',#3931,#3932,#3933);
#3931 = CARTESIAN_POINT('',(124.53375699515,-52.56825109571,1.51));
#3932 = DIRECTION('',(0.,0.,1.));
#3933 = DIRECTION('',(0.863400961204,-0.504518364574,0.));
#3934 = ORIENTED_EDGE('',*,*,#3935,.F.);
#3935 = EDGE_CURVE('',#3936,#3925,#3938,.T.);
#3936 = VERTEX_POINT('',#3937);
#3937 = CARTESIAN_POINT('',(124.897158,-53.072769,1.51));
#3938 = CIRCLE('',#3939,0.500008729226);
#3939 = AXIS2_PLACEMENT_3D('',#3940,#3941,#3942);
#3940 = CARTESIAN_POINT('',(125.39716672922,-53.07277065685,1.51));
#3941 = DIRECTION('',(0.,0.,-1.));
#3942 = DIRECTION('',(-0.999999999995,3.313649302819E-06,0.));
#3943 = ORIENTED_EDGE('',*,*,#3944,.F.);
#3944 = EDGE_CURVE('',#3945,#3936,#3947,.T.);
#3945 = VERTEX_POINT('',#3946);
#3946 = CARTESIAN_POINT('',(124.897158,-54.661673,1.51));
#3947 = LINE('',#3948,#3949);
#3948 = CARTESIAN_POINT('',(124.897158,-54.661673,1.51));
#3949 = VECTOR('',#3950,1.);
#3950 = DIRECTION('',(0.,1.,0.));
#3951 = ORIENTED_EDGE('',*,*,#3952,.F.);
#3952 = EDGE_CURVE('',#3953,#3945,#3955,.T.);
#3953 = VERTEX_POINT('',#3954);
#3954 = CARTESIAN_POINT('',(124.965457,-54.913931,1.51));
#3955 = CIRCLE('',#3956,0.500008729288);
#3956 = AXIS2_PLACEMENT_3D('',#3957,#3958,#3959);
#3957 = CARTESIAN_POINT('',(125.39716672928,-54.66167034312,1.51));
#3958 = DIRECTION('',(0.,0.,-1.));
#3959 = DIRECTION('',(-0.863404384751,-0.504512505685,-0.));
#3960 = ORIENTED_EDGE('',*,*,#3961,.F.);
#3961 = EDGE_CURVE('',#3962,#3953,#3964,.T.);
#3962 = VERTEX_POINT('',#3963);
#3963 = CARTESIAN_POINT('',(124.316878,-55.616705,1.51));
#3964 = CIRCLE('',#3965,0.500000669307);
#3965 = AXIS2_PLACEMENT_3D('',#3966,#3967,#3968);
#3966 = CARTESIAN_POINT('',(124.53375474043,-55.16618846449,1.51));
#3967 = DIRECTION('',(0.,0.,1.));
#3968 = DIRECTION('',(-0.433752900236,-0.901031864884,0.));
#3969 = ORIENTED_EDGE('',*,*,#3970,.F.);
#3970 = EDGE_CURVE('',#3971,#3962,#3973,.T.);
#3971 = VERTEX_POINT('',#3972);
#3972 = CARTESIAN_POINT('',(124.100001,-55.56722,1.51));
#3973 = CIRCLE('',#3974,0.499989884978);
#3974 = AXIS2_PLACEMENT_3D('',#3975,#3976,#3977);
#3975 = CARTESIAN_POINT('',(124.10000192088,-56.06720988497,1.51));
#3976 = DIRECTION('',(0.,0.,-1.));
#3977 = DIRECTION('',(-1.841808596201E-06,0.999999999998,0.));
#3978 = ORIENTED_EDGE('',*,*,#3979,.F.);
#3979 = EDGE_CURVE('',#3980,#3971,#3982,.T.);
#3980 = VERTEX_POINT('',#3981);
#3981 = CARTESIAN_POINT('',(122.694316,-55.56722,1.51));
#3982 = LINE('',#3983,#3984);
#3983 = CARTESIAN_POINT('',(122.694316,-55.56722,1.51));
#3984 = VECTOR('',#3985,1.);
#3985 = DIRECTION('',(1.,0.,0.));
#3986 = ORIENTED_EDGE('',*,*,#3987,.F.);
#3987 = EDGE_CURVE('',#3988,#3980,#3990,.T.);
#3988 = VERTEX_POINT('',#3989);
#3989 = CARTESIAN_POINT('',(122.477438,-55.616705,1.51));
#3990 = CIRCLE('',#3991,0.499989885034);
#3991 = AXIS2_PLACEMENT_3D('',#3992,#3993,#3994);
#3992 = CARTESIAN_POINT('',(122.69431407913,-56.06720988503,1.51));
#3993 = DIRECTION('',(0.,0.,-1.));
#3994 = DIRECTION('',(-0.43376093322,0.901027997796,0.));
#3995 = ORIENTED_EDGE('',*,*,#3996,.F.);
#3996 = EDGE_CURVE('',#3997,#3988,#3999,.T.);
#3997 = VERTEX_POINT('',#3998);
#3998 = CARTESIAN_POINT('',(121.828859,-54.913932,1.51));
#3999 = CIRCLE('',#4000,0.499999729127);
#4000 = AXIS2_PLACEMENT_3D('',#4001,#4002,#4003);
#4001 = CARTESIAN_POINT('',(122.26055970911,-55.16619025432,1.51));
#4002 = DIRECTION('',(0.,0.,1.));
#4003 = DIRECTION('',(-0.863401885979,0.504516781968,0.));
#4004 = ORIENTED_EDGE('',*,*,#4005,.F.);
#4005 = EDGE_CURVE('',#4006,#3997,#4008,.T.);
#4006 = VERTEX_POINT('',#4007);
#4007 = CARTESIAN_POINT('',(121.897158,-54.661674,1.51));
#4008 = CIRCLE('',#4009,0.500008729288);
#4009 = AXIS2_PLACEMENT_3D('',#4010,#4011,#4012);
#4010 = CARTESIAN_POINT('',(121.39714927071,-54.66167134312,1.51));
#4011 = DIRECTION('',(0.,0.,-1.));
#4012 = DIRECTION('',(0.999999999986,-5.313662895824E-06,0.));
#4013 = ORIENTED_EDGE('',*,*,#4014,.F.);
#4014 = EDGE_CURVE('',#4015,#4006,#4017,.T.);
#4015 = VERTEX_POINT('',#4016);
#4016 = CARTESIAN_POINT('',(121.897159,-53.072768,1.51));
#4017 = LINE('',#4018,#4019);
#4018 = CARTESIAN_POINT('',(121.897159,-53.072768,1.51));
#4019 = VECTOR('',#4020,1.);
#4020 = DIRECTION('',(-6.29363850017E-07,-1.,0.));
#4021 = ORIENTED_EDGE('',*,*,#4022,.F.);
#4022 = EDGE_CURVE('',#4023,#4015,#4025,.T.);
#4023 = VERTEX_POINT('',#4024);
#4024 = CARTESIAN_POINT('',(121.82886,-52.82051,1.51));
#4025 = CIRCLE('',#4026,0.500008729288);
#4026 = AXIS2_PLACEMENT_3D('',#4027,#4028,#4029);
#4027 = CARTESIAN_POINT('',(121.39715027071,-53.07277065687,1.51));
#4028 = DIRECTION('',(0.,0.,-1.));
#4029 = DIRECTION('',(0.863404384751,0.504512505685,0.));
#4030 = ORIENTED_EDGE('',*,*,#4031,.F.);
#4031 = EDGE_CURVE('',#4032,#4023,#4034,.T.);
#4032 = VERTEX_POINT('',#4033);
#4033 = CARTESIAN_POINT('',(122.477438,-52.117737,1.51));
#4034 = CIRCLE('',#4035,0.499999422661);
#4035 = AXIS2_PLACEMENT_3D('',#4036,#4037,#4038);
#4036 = CARTESIAN_POINT('',(122.26056033009,-52.56825170448,1.51));
#4037 = DIRECTION('',(0.,0.,1.));
#4038 = DIRECTION('',(0.433755840654,0.901030449374,-0.));
#4039 = ORIENTED_EDGE('',*,*,#4040,.F.);
#4040 = EDGE_CURVE('',#4041,#4032,#4043,.T.);
#4041 = VERTEX_POINT('',#4042);
#4042 = CARTESIAN_POINT('',(122.694316,-52.167222,1.51));
#4043 = CIRCLE('',#4044,0.499989885034);
#4044 = AXIS2_PLACEMENT_3D('',#4045,#4046,#4047);
#4045 = CARTESIAN_POINT('',(122.69431407913,-51.66723211496,1.51));
#4046 = DIRECTION('',(0.,0.,-1.));
#4047 = DIRECTION('',(3.841811448942E-06,-0.999999999993,0.));
#4048 = ORIENTED_EDGE('',*,*,#4049,.F.);
#4049 = EDGE_CURVE('',#4050,#4041,#4052,.T.);
#4050 = VERTEX_POINT('',#4051);
#4051 = CARTESIAN_POINT('',(124.1,-52.167222,1.51));
#4052 = LINE('',#4053,#4054);
#4053 = CARTESIAN_POINT('',(124.1,-52.167222,1.51));
#4054 = VECTOR('',#4055,1.);
#4055 = DIRECTION('',(-1.,0.,0.));
#4056 = ORIENTED_EDGE('',*,*,#4057,.F.);
#4057 = EDGE_CURVE('',#3927,#4050,#4058,.T.);
#4058 = CIRCLE('',#4059,0.499989885034);
#4059 = AXIS2_PLACEMENT_3D('',#4060,#4061,#4062);
#4060 = CARTESIAN_POINT('',(124.10000192086,-51.66723211496,1.51));
#4061 = DIRECTION('',(0.,0.,-1.));
#4062 = DIRECTION('',(0.43376093322,-0.901027997796,0.));
#4063 = FACE_BOUND('',#4064,.T.);
#4064 = EDGE_LOOP('',(#4065));
#4065 = ORIENTED_EDGE('',*,*,#4066,.T.);
#4066 = EDGE_CURVE('',#4067,#4067,#4069,.T.);
#4067 = VERTEX_POINT('',#4068);
#4068 = CARTESIAN_POINT('',(178.5,-88.34,1.51));
#4069 = CIRCLE('',#4070,0.5);
#4070 = AXIS2_PLACEMENT_3D('',#4071,#4072,#4073);
#4071 = CARTESIAN_POINT('',(178.5,-87.84,1.51));
#4072 = DIRECTION('',(-0.,0.,-1.));
#4073 = DIRECTION('',(-0.,-1.,0.));
#4074 = FACE_BOUND('',#4075,.T.);
#4075 = EDGE_LOOP('',(#4076));
#4076 = ORIENTED_EDGE('',*,*,#4077,.T.);
#4077 = EDGE_CURVE('',#4078,#4078,#4080,.T.);
#4078 = VERTEX_POINT('',#4079);
#4079 = CARTESIAN_POINT('',(178.5,-85.8,1.51));
#4080 = CIRCLE('',#4081,0.5);
#4081 = AXIS2_PLACEMENT_3D('',#4082,#4083,#4084);
#4082 = CARTESIAN_POINT('',(178.5,-85.3,1.51));
#4083 = DIRECTION('',(-0.,0.,-1.));
#4084 = DIRECTION('',(-0.,-1.,0.));
#4085 = FACE_BOUND('',#4086,.T.);
#4086 = EDGE_LOOP('',(#4087,#4098,#4107,#4115,#4124,#4133,#4142,#4150,
    #4159,#4168,#4177,#4185,#4194,#4203,#4212,#4220));
#4087 = ORIENTED_EDGE('',*,*,#4088,.F.);
#4088 = EDGE_CURVE('',#4089,#4091,#4093,.T.);
#4089 = VERTEX_POINT('',#4090);
#4090 = CARTESIAN_POINT('',(176.45329,-73.828859,1.51));
#4091 = VERTEX_POINT('',#4092);
#4092 = CARTESIAN_POINT('',(175.750517,-74.477438,1.51));
#4093 = CIRCLE('',#4094,0.499999729127);
#4094 = AXIS2_PLACEMENT_3D('',#4095,#4096,#4097);
#4095 = CARTESIAN_POINT('',(176.20103174567,-74.26055970911,1.51));
#4096 = DIRECTION('',(0.,0.,1.));
#4097 = DIRECTION('',(0.504516781969,0.863401885979,-0.));
#4098 = ORIENTED_EDGE('',*,*,#4099,.F.);
#4099 = EDGE_CURVE('',#4100,#4089,#4102,.T.);
#4100 = VERTEX_POINT('',#4101);
#4101 = CARTESIAN_POINT('',(176.705549,-73.897159,1.51));
#4102 = CIRCLE('',#4103,0.50002311711);
#4103 = AXIS2_PLACEMENT_3D('',#4104,#4105,#4106);
#4104 = CARTESIAN_POINT('',(176.70555626378,-73.39713588294,1.51));
#4105 = DIRECTION('',(0.,0.,-1.));
#4106 = DIRECTION('',(-1.452689345975E-05,-0.999999999894,-0.));
#4107 = ORIENTED_EDGE('',*,*,#4108,.F.);
#4108 = EDGE_CURVE('',#4109,#4100,#4111,.T.);
#4109 = VERTEX_POINT('',#4110);
#4110 = CARTESIAN_POINT('',(178.294454,-73.897159,1.51));
#4111 = LINE('',#4112,#4113);
#4112 = CARTESIAN_POINT('',(178.294454,-73.897159,1.51));
#4113 = VECTOR('',#4114,1.);
#4114 = DIRECTION('',(-1.,0.,0.));
#4115 = ORIENTED_EDGE('',*,*,#4116,.F.);
#4116 = EDGE_CURVE('',#4117,#4109,#4119,.T.);
#4117 = VERTEX_POINT('',#4118);
#4118 = CARTESIAN_POINT('',(178.546712,-73.82886,1.51));
#4119 = CIRCLE('',#4120,0.500008729288);
#4120 = AXIS2_PLACEMENT_3D('',#4121,#4122,#4123);
#4121 = CARTESIAN_POINT('',(178.29445134312,-73.39715027071,1.51));
#4122 = DIRECTION('',(0.,0.,-1.));
#4123 = DIRECTION('',(0.504512505685,-0.863404384751,0.));
#4124 = ORIENTED_EDGE('',*,*,#4125,.F.);
#4125 = EDGE_CURVE('',#4126,#4117,#4128,.T.);
#4126 = VERTEX_POINT('',#4127);
#4127 = CARTESIAN_POINT('',(179.249485,-74.477438,1.51));
#4128 = CIRCLE('',#4129,0.499999422661);
#4129 = AXIS2_PLACEMENT_3D('',#4130,#4131,#4132);
#4130 = CARTESIAN_POINT('',(178.79897029551,-74.26056033009,1.51));
#4131 = DIRECTION('',(0.,0.,1.));
#4132 = DIRECTION('',(0.901030449374,-0.433755840654,0.));
#4133 = ORIENTED_EDGE('',*,*,#4134,.F.);
#4134 = EDGE_CURVE('',#4135,#4126,#4137,.T.);
#4135 = VERTEX_POINT('',#4136);
#4136 = CARTESIAN_POINT('',(179.2,-74.694316,1.51));
#4137 = CIRCLE('',#4138,0.499989885034);
#4138 = AXIS2_PLACEMENT_3D('',#4139,#4140,#4141);
#4139 = CARTESIAN_POINT('',(179.69998988503,-74.69431407913,1.51));
#4140 = DIRECTION('',(0.,0.,-1.));
#4141 = DIRECTION('',(-0.999999999993,-3.841811448942E-06,-0.));
#4142 = ORIENTED_EDGE('',*,*,#4143,.F.);
#4143 = EDGE_CURVE('',#4144,#4135,#4146,.T.);
#4144 = VERTEX_POINT('',#4145);
#4145 = CARTESIAN_POINT('',(179.2,-76.1,1.51));
#4146 = LINE('',#4147,#4148);
#4147 = CARTESIAN_POINT('',(179.2,-76.1,1.51));
#4148 = VECTOR('',#4149,1.);
#4149 = DIRECTION('',(0.,1.,0.));
#4150 = ORIENTED_EDGE('',*,*,#4151,.F.);
#4151 = EDGE_CURVE('',#4152,#4144,#4154,.T.);
#4152 = VERTEX_POINT('',#4153);
#4153 = CARTESIAN_POINT('',(179.249485,-76.316877,1.51));
#4154 = CIRCLE('',#4155,0.49998122973);
#4155 = AXIS2_PLACEMENT_3D('',#4156,#4157,#4158);
#4156 = CARTESIAN_POINT('',(179.69998122972,-76.10000289576,1.51));
#4157 = DIRECTION('',(0.,0.,-1.));
#4158 = DIRECTION('',(-0.901026284457,-0.433764492229,-0.));
#4159 = ORIENTED_EDGE('',*,*,#4160,.F.);
#4160 = EDGE_CURVE('',#4161,#4152,#4163,.T.);
#4161 = VERTEX_POINT('',#4162);
#4162 = CARTESIAN_POINT('',(178.546712,-76.965457,1.51));
#4163 = CIRCLE('',#4164,0.499999755443);
#4164 = AXIS2_PLACEMENT_3D('',#4165,#4166,#4167);
#4165 = CARTESIAN_POINT('',(178.79897086309,-76.53375661613,1.51));
#4166 = DIRECTION('',(0.,0.,1.));
#4167 = DIRECTION('',(-0.50451797296,-0.863401190039,0.));
#4168 = ORIENTED_EDGE('',*,*,#4169,.F.);
#4169 = EDGE_CURVE('',#4170,#4161,#4172,.T.);
#4170 = VERTEX_POINT('',#4171);
#4171 = CARTESIAN_POINT('',(178.294453,-76.897158,1.51));
#4172 = CIRCLE('',#4173,0.500008729226);
#4173 = AXIS2_PLACEMENT_3D('',#4174,#4175,#4176);
#4174 = CARTESIAN_POINT('',(178.29445134314,-77.39716672922,1.51));
#4175 = DIRECTION('',(0.,0.,-1.));
#4176 = DIRECTION('',(3.313649317029E-06,0.999999999995,0.));
#4177 = ORIENTED_EDGE('',*,*,#4178,.F.);
#4178 = EDGE_CURVE('',#4179,#4170,#4181,.T.);
#4179 = VERTEX_POINT('',#4180);
#4180 = CARTESIAN_POINT('',(176.705549,-76.897158,1.51));
#4181 = LINE('',#4182,#4183);
#4182 = CARTESIAN_POINT('',(176.705549,-76.897158,1.51));
#4183 = VECTOR('',#4184,1.);
#4184 = DIRECTION('',(1.,0.,0.));
#4185 = ORIENTED_EDGE('',*,*,#4186,.F.);
#4186 = EDGE_CURVE('',#4187,#4179,#4189,.T.);
#4187 = VERTEX_POINT('',#4188);
#4188 = CARTESIAN_POINT('',(176.45329,-76.965455,1.51));
#4189 = CIRCLE('',#4190,0.500040834725);
#4190 = AXIS2_PLACEMENT_3D('',#4191,#4192,#4193);
#4191 = CARTESIAN_POINT('',(176.70555592637,-77.39719883467,1.51));
#4192 = DIRECTION('',(0.,0.,-1.));
#4193 = DIRECTION('',(-0.50449065128,0.86341715455,0.));
#4194 = ORIENTED_EDGE('',*,*,#4195,.F.);
#4195 = EDGE_CURVE('',#4196,#4187,#4198,.T.);
#4196 = VERTEX_POINT('',#4197);
#4197 = CARTESIAN_POINT('',(175.750517,-76.316878,1.51));
#4198 = CIRCLE('',#4199,0.499999092786);
#4199 = AXIS2_PLACEMENT_3D('',#4200,#4201,#4202);
#4200 = CARTESIAN_POINT('',(176.20103160898,-76.53375510777,1.51));
#4201 = DIRECTION('',(0.,0.,1.));
#4202 = DIRECTION('',(-0.901030852831,0.43375500256,0.));
#4203 = ORIENTED_EDGE('',*,*,#4204,.F.);
#4204 = EDGE_CURVE('',#4205,#4196,#4207,.T.);
#4205 = VERTEX_POINT('',#4206);
#4206 = CARTESIAN_POINT('',(175.800002,-76.1,1.51));
#4207 = CIRCLE('',#4208,0.499989885034);
#4208 = AXIS2_PLACEMENT_3D('',#4209,#4210,#4211);
#4209 = CARTESIAN_POINT('',(175.30001211496,-76.10000192086,1.51));
#4210 = DIRECTION('',(0.,0.,-1.));
#4211 = DIRECTION('',(0.999999999993,3.841811363674E-06,0.));
#4212 = ORIENTED_EDGE('',*,*,#4213,.F.);
#4213 = EDGE_CURVE('',#4214,#4205,#4216,.T.);
#4214 = VERTEX_POINT('',#4215);
#4215 = CARTESIAN_POINT('',(175.800002,-74.694316,1.51));
#4216 = LINE('',#4217,#4218);
#4217 = CARTESIAN_POINT('',(175.800002,-74.694316,1.51));
#4218 = VECTOR('',#4219,1.);
#4219 = DIRECTION('',(0.,-1.,0.));
#4220 = ORIENTED_EDGE('',*,*,#4221,.F.);
#4221 = EDGE_CURVE('',#4091,#4214,#4222,.T.);
#4222 = CIRCLE('',#4223,0.499989885034);
#4223 = AXIS2_PLACEMENT_3D('',#4224,#4225,#4226);
#4224 = CARTESIAN_POINT('',(175.30001211496,-74.69431407913,1.51));
#4225 = DIRECTION('',(0.,0.,-1.));
#4226 = DIRECTION('',(0.901027997796,0.43376093322,0.));
#4227 = FACE_BOUND('',#4228,.T.);
#4228 = EDGE_LOOP('',(#4229,#4240,#4249,#4257,#4266,#4275,#4284,#4292,
    #4301,#4310,#4319,#4327,#4336,#4345,#4354,#4362));
#4229 = ORIENTED_EDGE('',*,*,#4230,.F.);
#4230 = EDGE_CURVE('',#4231,#4233,#4235,.T.);
#4231 = VERTEX_POINT('',#4232);
#4232 = CARTESIAN_POINT('',(206.953288,-84.334543,1.51));
#4233 = VERTEX_POINT('',#4234);
#4234 = CARTESIAN_POINT('',(206.250515,-84.983122,1.51));
#4235 = CIRCLE('',#4236,0.499999448976);
#4236 = AXIS2_PLACEMENT_3D('',#4237,#4238,#4239);
#4237 = CARTESIAN_POINT('',(206.70102909571,-84.76624300484,1.51));
#4238 = DIRECTION('',(0.,0.,1.));
#4239 = DIRECTION('',(0.504518364574,0.863400961204,-0.));
#4240 = ORIENTED_EDGE('',*,*,#4241,.F.);
#4241 = EDGE_CURVE('',#4242,#4231,#4244,.T.);
#4242 = VERTEX_POINT('',#4243);
#4243 = CARTESIAN_POINT('',(207.205547,-84.402842,1.51));
#4244 = CIRCLE('',#4245,0.500008729226);
#4245 = AXIS2_PLACEMENT_3D('',#4246,#4247,#4248);
#4246 = CARTESIAN_POINT('',(207.20554865685,-83.90283327077,1.51));
#4247 = DIRECTION('',(0.,0.,-1.));
#4248 = DIRECTION('',(-3.313649430713E-06,-0.999999999995,-0.));
#4249 = ORIENTED_EDGE('',*,*,#4250,.F.);
#4250 = EDGE_CURVE('',#4251,#4242,#4253,.T.);
#4251 = VERTEX_POINT('',#4252);
#4252 = CARTESIAN_POINT('',(208.794451,-84.402842,1.51));
#4253 = LINE('',#4254,#4255);
#4254 = CARTESIAN_POINT('',(208.794451,-84.402842,1.51));
#4255 = VECTOR('',#4256,1.);
#4256 = DIRECTION('',(-1.,0.,0.));
#4257 = ORIENTED_EDGE('',*,*,#4258,.F.);
#4258 = EDGE_CURVE('',#4259,#4251,#4261,.T.);
#4259 = VERTEX_POINT('',#4260);
#4260 = CARTESIAN_POINT('',(209.046709,-84.334543,1.51));
#4261 = CIRCLE('',#4262,0.500008729288);
#4262 = AXIS2_PLACEMENT_3D('',#4263,#4264,#4265);
#4263 = CARTESIAN_POINT('',(208.79444834312,-83.90283327071,1.51));
#4264 = DIRECTION('',(0.,0.,-1.));
#4265 = DIRECTION('',(0.504512505685,-0.863404384751,0.));
#4266 = ORIENTED_EDGE('',*,*,#4267,.F.);
#4267 = EDGE_CURVE('',#4268,#4259,#4270,.T.);
#4268 = VERTEX_POINT('',#4269);
#4269 = CARTESIAN_POINT('',(209.749483,-84.983122,1.51));
#4270 = CIRCLE('',#4271,0.500000669307);
#4271 = AXIS2_PLACEMENT_3D('',#4272,#4273,#4274);
#4272 = CARTESIAN_POINT('',(209.29896646449,-84.76624525956,1.51));
#4273 = DIRECTION('',(0.,0.,1.));
#4274 = DIRECTION('',(0.901031864884,-0.433752900236,0.));
#4275 = ORIENTED_EDGE('',*,*,#4276,.F.);
#4276 = EDGE_CURVE('',#4277,#4268,#4279,.T.);
#4277 = VERTEX_POINT('',#4278);
#4278 = CARTESIAN_POINT('',(209.699998,-85.199999,1.51));
#4279 = CIRCLE('',#4280,0.499989884978);
#4280 = AXIS2_PLACEMENT_3D('',#4281,#4282,#4283);
#4281 = CARTESIAN_POINT('',(210.19998788497,-85.19999807911,1.51));
#4282 = DIRECTION('',(0.,0.,-1.));
#4283 = DIRECTION('',(-0.999999999998,-1.841808624623E-06,-0.));
#4284 = ORIENTED_EDGE('',*,*,#4285,.F.);
#4285 = EDGE_CURVE('',#4286,#4277,#4288,.T.);
#4286 = VERTEX_POINT('',#4287);
#4287 = CARTESIAN_POINT('',(209.699998,-86.605684,1.51));
#4288 = LINE('',#4289,#4290);
#4289 = CARTESIAN_POINT('',(209.699998,-86.605684,1.51));
#4290 = VECTOR('',#4291,1.);
#4291 = DIRECTION('',(0.,1.,0.));
#4292 = ORIENTED_EDGE('',*,*,#4293,.F.);
#4293 = EDGE_CURVE('',#4294,#4286,#4296,.T.);
#4294 = VERTEX_POINT('',#4295);
#4295 = CARTESIAN_POINT('',(209.749483,-86.822562,1.51));
#4296 = CIRCLE('',#4297,0.499989885034);
#4297 = AXIS2_PLACEMENT_3D('',#4298,#4299,#4300);
#4298 = CARTESIAN_POINT('',(210.19998788503,-86.60568592086,1.51));
#4299 = DIRECTION('',(0.,0.,-1.));
#4300 = DIRECTION('',(-0.901027997796,-0.43376093322,-0.));
#4301 = ORIENTED_EDGE('',*,*,#4302,.F.);
#4302 = EDGE_CURVE('',#4303,#4294,#4305,.T.);
#4303 = VERTEX_POINT('',#4304);
#4304 = CARTESIAN_POINT('',(209.04671,-87.471141,1.51));
#4305 = CIRCLE('',#4306,0.499999729127);
#4306 = AXIS2_PLACEMENT_3D('',#4307,#4308,#4309);
#4307 = CARTESIAN_POINT('',(209.29896825432,-87.03944029088,1.51));
#4308 = DIRECTION('',(0.,0.,1.));
#4309 = DIRECTION('',(-0.504516781969,-0.863401885979,0.));
#4310 = ORIENTED_EDGE('',*,*,#4311,.F.);
#4311 = EDGE_CURVE('',#4312,#4303,#4314,.T.);
#4312 = VERTEX_POINT('',#4313);
#4313 = CARTESIAN_POINT('',(208.794452,-87.402842,1.51));
#4314 = CIRCLE('',#4315,0.500008729288);
#4315 = AXIS2_PLACEMENT_3D('',#4316,#4317,#4318);
#4316 = CARTESIAN_POINT('',(208.79444934312,-87.90285072928,1.51));
#4317 = DIRECTION('',(0.,0.,-1.));
#4318 = DIRECTION('',(5.313662824773E-06,0.999999999986,0.));
#4319 = ORIENTED_EDGE('',*,*,#4320,.F.);
#4320 = EDGE_CURVE('',#4321,#4312,#4323,.T.);
#4321 = VERTEX_POINT('',#4322);
#4322 = CARTESIAN_POINT('',(207.205546,-87.402841,1.51));
#4323 = LINE('',#4324,#4325);
#4324 = CARTESIAN_POINT('',(207.205546,-87.402841,1.51));
#4325 = VECTOR('',#4326,1.);
#4326 = DIRECTION('',(1.,-6.293638589608E-07,0.));
#4327 = ORIENTED_EDGE('',*,*,#4328,.F.);
#4328 = EDGE_CURVE('',#4329,#4321,#4331,.T.);
#4329 = VERTEX_POINT('',#4330);
#4330 = CARTESIAN_POINT('',(206.953288,-87.47114,1.51));
#4331 = CIRCLE('',#4332,0.500008729288);
#4332 = AXIS2_PLACEMENT_3D('',#4333,#4334,#4335);
#4333 = CARTESIAN_POINT('',(207.20554865687,-87.90284972928,1.51));
#4334 = DIRECTION('',(0.,0.,-1.));
#4335 = DIRECTION('',(-0.504512505685,0.863404384751,0.));
#4336 = ORIENTED_EDGE('',*,*,#4337,.F.);
#4337 = EDGE_CURVE('',#4338,#4329,#4340,.T.);
#4338 = VERTEX_POINT('',#4339);
#4339 = CARTESIAN_POINT('',(206.250515,-86.822562,1.51));
#4340 = CIRCLE('',#4341,0.499999422661);
#4341 = AXIS2_PLACEMENT_3D('',#4342,#4343,#4344);
#4342 = CARTESIAN_POINT('',(206.70102970448,-87.0394396699,1.51));
#4343 = DIRECTION('',(0.,0.,1.));
#4344 = DIRECTION('',(-0.901030449374,0.433755840654,0.));
#4345 = ORIENTED_EDGE('',*,*,#4346,.F.);
#4346 = EDGE_CURVE('',#4347,#4338,#4349,.T.);
#4347 = VERTEX_POINT('',#4348);
#4348 = CARTESIAN_POINT('',(206.3,-86.605684,1.51));
#4349 = CIRCLE('',#4350,0.499989885034);
#4350 = AXIS2_PLACEMENT_3D('',#4351,#4352,#4353);
#4351 = CARTESIAN_POINT('',(205.80001011496,-86.60568592086,1.51));
#4352 = DIRECTION('',(0.,0.,-1.));
#4353 = DIRECTION('',(0.999999999993,3.841811363674E-06,0.));
#4354 = ORIENTED_EDGE('',*,*,#4355,.F.);
#4355 = EDGE_CURVE('',#4356,#4347,#4358,.T.);
#4356 = VERTEX_POINT('',#4357);
#4357 = CARTESIAN_POINT('',(206.3,-85.2,1.51));
#4358 = LINE('',#4359,#4360);
#4359 = CARTESIAN_POINT('',(206.3,-85.2,1.51));
#4360 = VECTOR('',#4361,1.);
#4361 = DIRECTION('',(0.,-1.,0.));
#4362 = ORIENTED_EDGE('',*,*,#4363,.F.);
#4363 = EDGE_CURVE('',#4233,#4356,#4364,.T.);
#4364 = CIRCLE('',#4365,0.499989885034);
#4365 = AXIS2_PLACEMENT_3D('',#4366,#4367,#4368);
#4366 = CARTESIAN_POINT('',(205.80001011496,-85.19999807913,1.51));
#4367 = DIRECTION('',(0.,0.,-1.));
#4368 = DIRECTION('',(0.901027997796,0.43376093322,0.));
#4369 = FACE_BOUND('',#4370,.T.);
#4370 = EDGE_LOOP('',(#4371));
#4371 = ORIENTED_EDGE('',*,*,#4372,.T.);
#4372 = EDGE_CURVE('',#4373,#4373,#4375,.T.);
#4373 = VERTEX_POINT('',#4374);
#4374 = CARTESIAN_POINT('',(205.5,-80.,1.51));
#4375 = CIRCLE('',#4376,0.5);
#4376 = AXIS2_PLACEMENT_3D('',#4377,#4378,#4379);
#4377 = CARTESIAN_POINT('',(205.5,-79.5,1.51));
#4378 = DIRECTION('',(-0.,0.,-1.));
#4379 = DIRECTION('',(-0.,-1.,0.));
#4380 = FACE_BOUND('',#4381,.T.);
#4381 = EDGE_LOOP('',(#4382,#4393,#4401,#4410));
#4382 = ORIENTED_EDGE('',*,*,#4383,.T.);
#4383 = EDGE_CURVE('',#4384,#4386,#4388,.T.);
#4384 = VERTEX_POINT('',#4385);
#4385 = CARTESIAN_POINT('',(201.65,-71.35,1.51));
#4386 = VERTEX_POINT('',#4387);
#4387 = CARTESIAN_POINT('',(203.15,-71.35,1.51));
#4388 = CIRCLE('',#4389,0.75);
#4389 = AXIS2_PLACEMENT_3D('',#4390,#4391,#4392);
#4390 = CARTESIAN_POINT('',(202.4,-71.35,1.51));
#4391 = DIRECTION('',(0.,-0.,-1.));
#4392 = DIRECTION('',(1.,0.,-0.));
#4393 = ORIENTED_EDGE('',*,*,#4394,.T.);
#4394 = EDGE_CURVE('',#4386,#4395,#4397,.T.);
#4395 = VERTEX_POINT('',#4396);
#4396 = CARTESIAN_POINT('',(203.15,-72.65,1.51));
#4397 = LINE('',#4398,#4399);
#4398 = CARTESIAN_POINT('',(203.15,-36.325,1.51));
#4399 = VECTOR('',#4400,1.);
#4400 = DIRECTION('',(0.,-1.,0.));
#4401 = ORIENTED_EDGE('',*,*,#4402,.T.);
#4402 = EDGE_CURVE('',#4395,#4403,#4405,.T.);
#4403 = VERTEX_POINT('',#4404);
#4404 = CARTESIAN_POINT('',(201.65,-72.65,1.51));
#4405 = CIRCLE('',#4406,0.75);
#4406 = AXIS2_PLACEMENT_3D('',#4407,#4408,#4409);
#4407 = CARTESIAN_POINT('',(202.4,-72.65,1.51));
#4408 = DIRECTION('',(-0.,0.,-1.));
#4409 = DIRECTION('',(-1.,0.,0.));
#4410 = ORIENTED_EDGE('',*,*,#4411,.T.);
#4411 = EDGE_CURVE('',#4403,#4384,#4412,.T.);
#4412 = LINE('',#4413,#4414);
#4413 = CARTESIAN_POINT('',(201.65,-35.675,1.51));
#4414 = VECTOR('',#4415,1.);
#4415 = DIRECTION('',(-0.,1.,0.));
#4416 = FACE_BOUND('',#4417,.T.);
#4417 = EDGE_LOOP('',(#4418));
#4418 = ORIENTED_EDGE('',*,*,#4419,.T.);
#4419 = EDGE_CURVE('',#4420,#4420,#4422,.T.);
#4420 = VERTEX_POINT('',#4421);
#4421 = CARTESIAN_POINT('',(208.,-80.,1.51));
#4422 = CIRCLE('',#4423,0.5);
#4423 = AXIS2_PLACEMENT_3D('',#4424,#4425,#4426);
#4424 = CARTESIAN_POINT('',(208.,-79.5,1.51));
#4425 = DIRECTION('',(-0.,0.,-1.));
#4426 = DIRECTION('',(-0.,-1.,0.));
#4427 = FACE_BOUND('',#4428,.T.);
#4428 = EDGE_LOOP('',(#4429));
#4429 = ORIENTED_EDGE('',*,*,#4430,.T.);
#4430 = EDGE_CURVE('',#4431,#4431,#4433,.T.);
#4431 = VERTEX_POINT('',#4432);
#4432 = CARTESIAN_POINT('',(210.5,-80.,1.51));
#4433 = CIRCLE('',#4434,0.5);
#4434 = AXIS2_PLACEMENT_3D('',#4435,#4436,#4437);
#4435 = CARTESIAN_POINT('',(210.5,-79.5,1.51));
#4436 = DIRECTION('',(-0.,0.,-1.));
#4437 = DIRECTION('',(-0.,-1.,0.));
#4438 = FACE_BOUND('',#4439,.T.);
#4439 = EDGE_LOOP('',(#4440,#4451,#4459,#4468));
#4440 = ORIENTED_EDGE('',*,*,#4441,.T.);
#4441 = EDGE_CURVE('',#4442,#4444,#4446,.T.);
#4442 = VERTEX_POINT('',#4443);
#4443 = CARTESIAN_POINT('',(212.85,-71.35,1.51));
#4444 = VERTEX_POINT('',#4445);
#4445 = CARTESIAN_POINT('',(214.35,-71.35,1.51));
#4446 = CIRCLE('',#4447,0.75);
#4447 = AXIS2_PLACEMENT_3D('',#4448,#4449,#4450);
#4448 = CARTESIAN_POINT('',(213.6,-71.35,1.51));
#4449 = DIRECTION('',(0.,-0.,-1.));
#4450 = DIRECTION('',(1.,0.,-0.));
#4451 = ORIENTED_EDGE('',*,*,#4452,.T.);
#4452 = EDGE_CURVE('',#4444,#4453,#4455,.T.);
#4453 = VERTEX_POINT('',#4454);
#4454 = CARTESIAN_POINT('',(214.35,-72.65,1.51));
#4455 = LINE('',#4456,#4457);
#4456 = CARTESIAN_POINT('',(214.35,-36.325,1.51));
#4457 = VECTOR('',#4458,1.);
#4458 = DIRECTION('',(0.,-1.,0.));
#4459 = ORIENTED_EDGE('',*,*,#4460,.T.);
#4460 = EDGE_CURVE('',#4453,#4461,#4463,.T.);
#4461 = VERTEX_POINT('',#4462);
#4462 = CARTESIAN_POINT('',(212.85,-72.65,1.51));
#4463 = CIRCLE('',#4464,0.75);
#4464 = AXIS2_PLACEMENT_3D('',#4465,#4466,#4467);
#4465 = CARTESIAN_POINT('',(213.6,-72.65,1.51));
#4466 = DIRECTION('',(-0.,0.,-1.));
#4467 = DIRECTION('',(-1.,0.,0.));
#4468 = ORIENTED_EDGE('',*,*,#4469,.T.);
#4469 = EDGE_CURVE('',#4461,#4442,#4470,.T.);
#4470 = LINE('',#4471,#4472);
#4471 = CARTESIAN_POINT('',(212.85,-35.675,1.51));
#4472 = VECTOR('',#4473,1.);
#4473 = DIRECTION('',(-0.,1.,0.));
#4474 = FACE_BOUND('',#4475,.T.);
#4475 = EDGE_LOOP('',(#4476,#4487,#4496,#4504,#4513,#4522,#4531,#4539,
    #4548,#4557,#4566,#4574,#4583,#4592,#4601,#4609));
#4476 = ORIENTED_EDGE('',*,*,#4477,.F.);
#4477 = EDGE_CURVE('',#4478,#4480,#4482,.T.);
#4478 = VERTEX_POINT('',#4479);
#4479 = CARTESIAN_POINT('',(215.983122,-70.750517,1.51));
#4480 = VERTEX_POINT('',#4481);
#4481 = CARTESIAN_POINT('',(215.334543,-71.453291,1.51));
#4482 = CIRCLE('',#4483,0.500000669307);
#4483 = AXIS2_PLACEMENT_3D('',#4484,#4485,#4486);
#4484 = CARTESIAN_POINT('',(215.76624525956,-71.2010335355,1.51));
#4485 = DIRECTION('',(0.,0.,1.));
#4486 = DIRECTION('',(0.433752900236,0.901031864884,-0.));
#4487 = ORIENTED_EDGE('',*,*,#4488,.F.);
#4488 = EDGE_CURVE('',#4489,#4478,#4491,.T.);
#4489 = VERTEX_POINT('',#4490);
#4490 = CARTESIAN_POINT('',(216.2,-70.800002,1.51));
#4491 = CIRCLE('',#4492,0.499989885034);
#4492 = AXIS2_PLACEMENT_3D('',#4493,#4494,#4495);
#4493 = CARTESIAN_POINT('',(216.19999807913,-70.30001211497,1.51));
#4494 = DIRECTION('',(0.,0.,-1.));
#4495 = DIRECTION('',(3.84181142052E-06,-0.999999999993,0.));
#4496 = ORIENTED_EDGE('',*,*,#4497,.F.);
#4497 = EDGE_CURVE('',#4498,#4489,#4500,.T.);
#4498 = VERTEX_POINT('',#4499);
#4499 = CARTESIAN_POINT('',(217.605684,-70.800002,1.51));
#4500 = LINE('',#4501,#4502);
#4501 = CARTESIAN_POINT('',(217.605684,-70.800002,1.51));
#4502 = VECTOR('',#4503,1.);
#4503 = DIRECTION('',(-1.,0.,0.));
#4504 = ORIENTED_EDGE('',*,*,#4505,.F.);
#4505 = EDGE_CURVE('',#4506,#4498,#4508,.T.);
#4506 = VERTEX_POINT('',#4507);
#4507 = CARTESIAN_POINT('',(217.822562,-70.750517,1.51));
#4508 = CIRCLE('',#4509,0.499989885034);
#4509 = AXIS2_PLACEMENT_3D('',#4510,#4511,#4512);
#4510 = CARTESIAN_POINT('',(217.60568592086,-70.30001211496,1.51));
#4511 = DIRECTION('',(0.,0.,-1.));
#4512 = DIRECTION('',(0.43376093322,-0.901027997796,0.));
#4513 = ORIENTED_EDGE('',*,*,#4514,.F.);
#4514 = EDGE_CURVE('',#4515,#4506,#4517,.T.);
#4515 = VERTEX_POINT('',#4516);
#4516 = CARTESIAN_POINT('',(218.471141,-71.45329,1.51));
#4517 = CIRCLE('',#4518,0.499999729127);
#4518 = AXIS2_PLACEMENT_3D('',#4519,#4520,#4521);
#4519 = CARTESIAN_POINT('',(218.03944029088,-71.20103174567,1.51));
#4520 = DIRECTION('',(0.,0.,1.));
#4521 = DIRECTION('',(0.863401885979,-0.504516781969,0.));
#4522 = ORIENTED_EDGE('',*,*,#4523,.F.);
#4523 = EDGE_CURVE('',#4524,#4515,#4526,.T.);
#4524 = VERTEX_POINT('',#4525);
#4525 = CARTESIAN_POINT('',(218.402842,-71.705548,1.51));
#4526 = CIRCLE('',#4527,0.500008729289);
#4527 = AXIS2_PLACEMENT_3D('',#4528,#4529,#4530);
#4528 = CARTESIAN_POINT('',(218.90285072928,-71.70555065687,1.51));
#4529 = DIRECTION('',(0.,0.,-1.));
#4530 = DIRECTION('',(-0.999999999986,5.313662938454E-06,0.));
#4531 = ORIENTED_EDGE('',*,*,#4532,.F.);
#4532 = EDGE_CURVE('',#4533,#4524,#4535,.T.);
#4533 = VERTEX_POINT('',#4534);
#4534 = CARTESIAN_POINT('',(218.402841,-73.294454,1.51));
#4535 = LINE('',#4536,#4537);
#4536 = CARTESIAN_POINT('',(218.402841,-73.294454,1.51));
#4537 = VECTOR('',#4538,1.);
#4538 = DIRECTION('',(6.29363850017E-07,1.,0.));
#4539 = ORIENTED_EDGE('',*,*,#4540,.F.);
#4540 = EDGE_CURVE('',#4541,#4533,#4543,.T.);
#4541 = VERTEX_POINT('',#4542);
#4542 = CARTESIAN_POINT('',(218.47114,-73.546712,1.51));
#4543 = CIRCLE('',#4544,0.500008729289);
#4544 = AXIS2_PLACEMENT_3D('',#4545,#4546,#4547);
#4545 = CARTESIAN_POINT('',(218.90284972928,-73.29445134312,1.51));
#4546 = DIRECTION('',(0.,0.,-1.));
#4547 = DIRECTION('',(-0.863404384751,-0.504512505685,-0.));
#4548 = ORIENTED_EDGE('',*,*,#4549,.F.);
#4549 = EDGE_CURVE('',#4550,#4541,#4552,.T.);
#4550 = VERTEX_POINT('',#4551);
#4551 = CARTESIAN_POINT('',(217.822562,-74.249485,1.51));
#4552 = CIRCLE('',#4553,0.499999422661);
#4553 = AXIS2_PLACEMENT_3D('',#4554,#4555,#4556);
#4554 = CARTESIAN_POINT('',(218.0394396699,-73.79897029551,1.51));
#4555 = DIRECTION('',(0.,0.,1.));
#4556 = DIRECTION('',(-0.433755840654,-0.901030449374,0.));
#4557 = ORIENTED_EDGE('',*,*,#4558,.F.);
#4558 = EDGE_CURVE('',#4559,#4550,#4561,.T.);
#4559 = VERTEX_POINT('',#4560);
#4560 = CARTESIAN_POINT('',(217.605685,-74.2,1.51));
#4561 = CIRCLE('',#4562,0.499989884978);
#4562 = AXIS2_PLACEMENT_3D('',#4563,#4564,#4565);
#4563 = CARTESIAN_POINT('',(217.60568592088,-74.69998988497,1.51));
#4564 = DIRECTION('',(0.,0.,-1.));
#4565 = DIRECTION('',(-1.841808596201E-06,0.999999999998,0.));
#4566 = ORIENTED_EDGE('',*,*,#4567,.F.);
#4567 = EDGE_CURVE('',#4568,#4559,#4570,.T.);
#4568 = VERTEX_POINT('',#4569);
#4569 = CARTESIAN_POINT('',(216.2,-74.2,1.51));
#4570 = LINE('',#4571,#4572);
#4571 = CARTESIAN_POINT('',(216.2,-74.2,1.51));
#4572 = VECTOR('',#4573,1.);
#4573 = DIRECTION('',(1.,0.,0.));
#4574 = ORIENTED_EDGE('',*,*,#4575,.F.);
#4575 = EDGE_CURVE('',#4576,#4568,#4578,.T.);
#4576 = VERTEX_POINT('',#4577);
#4577 = CARTESIAN_POINT('',(215.983122,-74.249485,1.51));
#4578 = CIRCLE('',#4579,0.499989885034);
#4579 = AXIS2_PLACEMENT_3D('',#4580,#4581,#4582);
#4580 = CARTESIAN_POINT('',(216.19999807913,-74.69998988503,1.51));
#4581 = DIRECTION('',(0.,0.,-1.));
#4582 = DIRECTION('',(-0.43376093322,0.901027997796,0.));
#4583 = ORIENTED_EDGE('',*,*,#4584,.F.);
#4584 = EDGE_CURVE('',#4585,#4576,#4587,.T.);
#4585 = VERTEX_POINT('',#4586);
#4586 = CARTESIAN_POINT('',(215.334543,-73.546712,1.51));
#4587 = CIRCLE('',#4588,0.499999448976);
#4588 = AXIS2_PLACEMENT_3D('',#4589,#4590,#4591);
#4589 = CARTESIAN_POINT('',(215.76624300484,-73.79897090428,1.51));
#4590 = DIRECTION('',(0.,0.,1.));
#4591 = DIRECTION('',(-0.863400961204,0.504518364574,0.));
#4592 = ORIENTED_EDGE('',*,*,#4593,.F.);
#4593 = EDGE_CURVE('',#4594,#4585,#4596,.T.);
#4594 = VERTEX_POINT('',#4595);
#4595 = CARTESIAN_POINT('',(215.402842,-73.294453,1.51));
#4596 = CIRCLE('',#4597,0.500008729226);
#4597 = AXIS2_PLACEMENT_3D('',#4598,#4599,#4600);
#4598 = CARTESIAN_POINT('',(214.90283327077,-73.29445134314,1.51));
#4599 = DIRECTION('',(0.,0.,-1.));
#4600 = DIRECTION('',(0.999999999995,-3.313649089662E-06,0.));
#4601 = ORIENTED_EDGE('',*,*,#4602,.F.);
#4602 = EDGE_CURVE('',#4603,#4594,#4605,.T.);
#4603 = VERTEX_POINT('',#4604);
#4604 = CARTESIAN_POINT('',(215.402842,-71.705549,1.51));
#4605 = LINE('',#4606,#4607);
#4606 = CARTESIAN_POINT('',(215.402842,-71.705549,1.51));
#4607 = VECTOR('',#4608,1.);
#4608 = DIRECTION('',(0.,-1.,0.));
#4609 = ORIENTED_EDGE('',*,*,#4610,.F.);
#4610 = EDGE_CURVE('',#4480,#4603,#4611,.T.);
#4611 = CIRCLE('',#4612,0.500008729288);
#4612 = AXIS2_PLACEMENT_3D('',#4613,#4614,#4615);
#4613 = CARTESIAN_POINT('',(214.90283327071,-71.70555165687,1.51));
#4614 = DIRECTION('',(0.,0.,-1.));
#4615 = DIRECTION('',(0.863404384751,0.504512505686,0.));
#4616 = FACE_BOUND('',#4617,.T.);
#4617 = EDGE_LOOP('',(#4618,#4629,#4638,#4646,#4655,#4664,#4673,#4681,
    #4690,#4699,#4708,#4716,#4725,#4734,#4743,#4751));
#4618 = ORIENTED_EDGE('',*,*,#4619,.F.);
#4619 = EDGE_CURVE('',#4620,#4622,#4624,.T.);
#4620 = VERTEX_POINT('',#4621);
#4621 = CARTESIAN_POINT('',(172.426185,-59.244819,1.51));
#4622 = VERTEX_POINT('',#4623);
#4623 = CARTESIAN_POINT('',(171.723412,-59.893398,1.51));
#4624 = CIRCLE('',#4625,0.499999729127);
#4625 = AXIS2_PLACEMENT_3D('',#4626,#4627,#4628);
#4626 = CARTESIAN_POINT('',(172.17392674567,-59.67651970911,1.51));
#4627 = DIRECTION('',(0.,0.,1.));
#4628 = DIRECTION('',(0.504516781969,0.863401885979,-0.));
#4629 = ORIENTED_EDGE('',*,*,#4630,.F.);
#4630 = EDGE_CURVE('',#4631,#4620,#4633,.T.);
#4631 = VERTEX_POINT('',#4632);
#4632 = CARTESIAN_POINT('',(172.678444,-59.313119,1.51));
#4633 = CIRCLE('',#4634,0.50002311711);
#4634 = AXIS2_PLACEMENT_3D('',#4635,#4636,#4637);
#4635 = CARTESIAN_POINT('',(172.67845126378,-58.81309588294,1.51));
#4636 = DIRECTION('',(0.,0.,-1.));
#4637 = DIRECTION('',(-1.452689328924E-05,-0.999999999894,-0.));
#4638 = ORIENTED_EDGE('',*,*,#4639,.F.);
#4639 = EDGE_CURVE('',#4640,#4631,#4642,.T.);
#4640 = VERTEX_POINT('',#4641);
#4641 = CARTESIAN_POINT('',(174.267349,-59.313119,1.51));
#4642 = LINE('',#4643,#4644);
#4643 = CARTESIAN_POINT('',(174.267349,-59.313119,1.51));
#4644 = VECTOR('',#4645,1.);
#4645 = DIRECTION('',(-1.,0.,0.));
#4646 = ORIENTED_EDGE('',*,*,#4647,.F.);
#4647 = EDGE_CURVE('',#4648,#4640,#4650,.T.);
#4648 = VERTEX_POINT('',#4649);
#4649 = CARTESIAN_POINT('',(174.519607,-59.24482,1.51));
#4650 = CIRCLE('',#4651,0.500008729288);
#4651 = AXIS2_PLACEMENT_3D('',#4652,#4653,#4654);
#4652 = CARTESIAN_POINT('',(174.26734634312,-58.81311027071,1.51));
#4653 = DIRECTION('',(0.,0.,-1.));
#4654 = DIRECTION('',(0.504512505685,-0.863404384751,0.));
#4655 = ORIENTED_EDGE('',*,*,#4656,.F.);
#4656 = EDGE_CURVE('',#4657,#4648,#4659,.T.);
#4657 = VERTEX_POINT('',#4658);
#4658 = CARTESIAN_POINT('',(175.22238,-59.893398,1.51));
#4659 = CIRCLE('',#4660,0.499999422661);
#4660 = AXIS2_PLACEMENT_3D('',#4661,#4662,#4663);
#4661 = CARTESIAN_POINT('',(174.77186529551,-59.67652033009,1.51));
#4662 = DIRECTION('',(0.,0.,1.));
#4663 = DIRECTION('',(0.901030449374,-0.433755840654,0.));
#4664 = ORIENTED_EDGE('',*,*,#4665,.F.);
#4665 = EDGE_CURVE('',#4666,#4657,#4668,.T.);
#4666 = VERTEX_POINT('',#4667);
#4667 = CARTESIAN_POINT('',(175.172895,-60.110276,1.51));
#4668 = CIRCLE('',#4669,0.499989885034);
#4669 = AXIS2_PLACEMENT_3D('',#4670,#4671,#4672);
#4670 = CARTESIAN_POINT('',(175.67288488503,-60.11027407913,1.51));
#4671 = DIRECTION('',(0.,0.,-1.));
#4672 = DIRECTION('',(-0.999999999993,-3.841811790014E-06,-0.));
#4673 = ORIENTED_EDGE('',*,*,#4674,.F.);
#4674 = EDGE_CURVE('',#4675,#4666,#4677,.T.);
#4675 = VERTEX_POINT('',#4676);
#4676 = CARTESIAN_POINT('',(175.172895,-61.51596,1.51));
#4677 = LINE('',#4678,#4679);
#4678 = CARTESIAN_POINT('',(175.172895,-61.51596,1.51));
#4679 = VECTOR('',#4680,1.);
#4680 = DIRECTION('',(0.,1.,0.));
#4681 = ORIENTED_EDGE('',*,*,#4682,.F.);
#4682 = EDGE_CURVE('',#4683,#4675,#4685,.T.);
#4683 = VERTEX_POINT('',#4684);
#4684 = CARTESIAN_POINT('',(175.22238,-61.732838,1.51));
#4685 = CIRCLE('',#4686,0.499989885034);
#4686 = AXIS2_PLACEMENT_3D('',#4687,#4688,#4689);
#4687 = CARTESIAN_POINT('',(175.67288488503,-61.51596192086,1.51));
#4688 = DIRECTION('',(0.,0.,-1.));
#4689 = DIRECTION('',(-0.901027997796,-0.43376093322,-0.));
#4690 = ORIENTED_EDGE('',*,*,#4691,.F.);
#4691 = EDGE_CURVE('',#4692,#4683,#4694,.T.);
#4692 = VERTEX_POINT('',#4693);
#4693 = CARTESIAN_POINT('',(174.519607,-62.381417,1.51));
#4694 = CIRCLE('',#4695,0.499999448976);
#4695 = AXIS2_PLACEMENT_3D('',#4696,#4697,#4698);
#4696 = CARTESIAN_POINT('',(174.77186590428,-61.94971699515,1.51));
#4697 = DIRECTION('',(0.,0.,1.));
#4698 = DIRECTION('',(-0.504518364574,-0.863400961204,0.));
#4699 = ORIENTED_EDGE('',*,*,#4700,.F.);
#4700 = EDGE_CURVE('',#4701,#4692,#4703,.T.);
#4701 = VERTEX_POINT('',#4702);
#4702 = CARTESIAN_POINT('',(174.267348,-62.313118,1.51));
#4703 = CIRCLE('',#4704,0.500008729226);
#4704 = AXIS2_PLACEMENT_3D('',#4705,#4706,#4707);
#4705 = CARTESIAN_POINT('',(174.26734634314,-62.81312672922,1.51));
#4706 = DIRECTION('',(0.,0.,-1.));
#4707 = DIRECTION('',(3.313649260187E-06,0.999999999995,0.));
#4708 = ORIENTED_EDGE('',*,*,#4709,.F.);
#4709 = EDGE_CURVE('',#4710,#4701,#4712,.T.);
#4710 = VERTEX_POINT('',#4711);
#4711 = CARTESIAN_POINT('',(172.678444,-62.313118,1.51));
#4712 = LINE('',#4713,#4714);
#4713 = CARTESIAN_POINT('',(172.678444,-62.313118,1.51));
#4714 = VECTOR('',#4715,1.);
#4715 = DIRECTION('',(1.,0.,0.));
#4716 = ORIENTED_EDGE('',*,*,#4717,.F.);
#4717 = EDGE_CURVE('',#4718,#4710,#4720,.T.);
#4718 = VERTEX_POINT('',#4719);
#4719 = CARTESIAN_POINT('',(172.426185,-62.381415,1.51));
#4720 = CIRCLE('',#4721,0.500040834725);
#4721 = AXIS2_PLACEMENT_3D('',#4722,#4723,#4724);
#4722 = CARTESIAN_POINT('',(172.67845092637,-62.81315883467,1.51));
#4723 = DIRECTION('',(0.,0.,-1.));
#4724 = DIRECTION('',(-0.50449065128,0.86341715455,0.));
#4725 = ORIENTED_EDGE('',*,*,#4726,.F.);
#4726 = EDGE_CURVE('',#4727,#4718,#4729,.T.);
#4727 = VERTEX_POINT('',#4728);
#4728 = CARTESIAN_POINT('',(171.723412,-61.732838,1.51));
#4729 = CIRCLE('',#4730,0.499999092786);
#4730 = AXIS2_PLACEMENT_3D('',#4731,#4732,#4733);
#4731 = CARTESIAN_POINT('',(172.17392660898,-61.94971510777,1.51));
#4732 = DIRECTION('',(0.,0.,1.));
#4733 = DIRECTION('',(-0.901030852831,0.43375500256,0.));
#4734 = ORIENTED_EDGE('',*,*,#4735,.F.);
#4735 = EDGE_CURVE('',#4736,#4727,#4738,.T.);
#4736 = VERTEX_POINT('',#4737);
#4737 = CARTESIAN_POINT('',(171.772897,-61.51596,1.51));
#4738 = CIRCLE('',#4739,0.499989885034);
#4739 = AXIS2_PLACEMENT_3D('',#4740,#4741,#4742);
#4740 = CARTESIAN_POINT('',(171.27290711496,-61.51596192086,1.51));
#4741 = DIRECTION('',(0.,0.,-1.));
#4742 = DIRECTION('',(0.999999999993,3.841811392097E-06,0.));
#4743 = ORIENTED_EDGE('',*,*,#4744,.F.);
#4744 = EDGE_CURVE('',#4745,#4736,#4747,.T.);
#4745 = VERTEX_POINT('',#4746);
#4746 = CARTESIAN_POINT('',(171.772897,-60.110276,1.51));
#4747 = LINE('',#4748,#4749);
#4748 = CARTESIAN_POINT('',(171.772897,-60.110276,1.51));
#4749 = VECTOR('',#4750,1.);
#4750 = DIRECTION('',(0.,-1.,0.));
#4751 = ORIENTED_EDGE('',*,*,#4752,.F.);
#4752 = EDGE_CURVE('',#4622,#4745,#4753,.T.);
#4753 = CIRCLE('',#4754,0.499989885034);
#4754 = AXIS2_PLACEMENT_3D('',#4755,#4756,#4757);
#4755 = CARTESIAN_POINT('',(171.27290711496,-60.11027407913,1.51));
#4756 = DIRECTION('',(0.,0.,-1.));
#4757 = DIRECTION('',(0.901027997796,0.43376093322,0.));
#4758 = FACE_BOUND('',#4759,.T.);
#4759 = EDGE_LOOP('',(#4760));
#4760 = ORIENTED_EDGE('',*,*,#4761,.T.);
#4761 = EDGE_CURVE('',#4762,#4762,#4764,.T.);
#4762 = VERTEX_POINT('',#4763);
#4763 = CARTESIAN_POINT('',(205.5,-65.5,1.51));
#4764 = CIRCLE('',#4765,0.5);
#4765 = AXIS2_PLACEMENT_3D('',#4766,#4767,#4768);
#4766 = CARTESIAN_POINT('',(205.5,-65.,1.51));
#4767 = DIRECTION('',(-0.,0.,-1.));
#4768 = DIRECTION('',(-0.,-1.,0.));
#4769 = FACE_BOUND('',#4770,.T.);
#4770 = EDGE_LOOP('',(#4771));
#4771 = ORIENTED_EDGE('',*,*,#4772,.T.);
#4772 = EDGE_CURVE('',#4773,#4773,#4775,.T.);
#4773 = VERTEX_POINT('',#4774);
#4774 = CARTESIAN_POINT('',(210.5,-65.5,1.51));
#4775 = CIRCLE('',#4776,0.5);
#4776 = AXIS2_PLACEMENT_3D('',#4777,#4778,#4779);
#4777 = CARTESIAN_POINT('',(210.5,-65.,1.51));
#4778 = DIRECTION('',(-0.,0.,-1.));
#4779 = DIRECTION('',(-0.,-1.,0.));
#4780 = FACE_BOUND('',#4781,.T.);
#4781 = EDGE_LOOP('',(#4782,#4793,#4802,#4810,#4819,#4828,#4837,#4845,
    #4854,#4863,#4872,#4880,#4889,#4898,#4907,#4915));
#4782 = ORIENTED_EDGE('',*,*,#4783,.F.);
#4783 = EDGE_CURVE('',#4784,#4786,#4788,.T.);
#4784 = VERTEX_POINT('',#4785);
#4785 = CARTESIAN_POINT('',(217.318299,-52.82051,1.51));
#4786 = VERTEX_POINT('',#4787);
#4787 = CARTESIAN_POINT('',(216.66972,-52.117737,1.51));
#4788 = CIRCLE('',#4789,0.499999448976);
#4789 = AXIS2_PLACEMENT_3D('',#4790,#4791,#4792);
#4790 = CARTESIAN_POINT('',(216.88659899515,-52.56825109571,1.51));
#4791 = DIRECTION('',(0.,0.,1.));
#4792 = DIRECTION('',(0.863400961204,-0.504518364574,0.));
#4793 = ORIENTED_EDGE('',*,*,#4794,.F.);
#4794 = EDGE_CURVE('',#4795,#4784,#4797,.T.);
#4795 = VERTEX_POINT('',#4796);
#4796 = CARTESIAN_POINT('',(217.25,-53.072769,1.51));
#4797 = CIRCLE('',#4798,0.500008729227);
#4798 = AXIS2_PLACEMENT_3D('',#4799,#4800,#4801);
#4799 = CARTESIAN_POINT('',(217.75000872922,-53.07277065685,1.51));
#4800 = DIRECTION('',(0.,0.,-1.));
#4801 = DIRECTION('',(-0.999999999995,3.313649501765E-06,0.));
#4802 = ORIENTED_EDGE('',*,*,#4803,.F.);
#4803 = EDGE_CURVE('',#4804,#4795,#4806,.T.);
#4804 = VERTEX_POINT('',#4805);
#4805 = CARTESIAN_POINT('',(217.25,-54.661673,1.51));
#4806 = LINE('',#4807,#4808);
#4807 = CARTESIAN_POINT('',(217.25,-54.661673,1.51));
#4808 = VECTOR('',#4809,1.);
#4809 = DIRECTION('',(0.,1.,0.));
#4810 = ORIENTED_EDGE('',*,*,#4811,.F.);
#4811 = EDGE_CURVE('',#4812,#4804,#4814,.T.);
#4812 = VERTEX_POINT('',#4813);
#4813 = CARTESIAN_POINT('',(217.318299,-54.913931,1.51));
#4814 = CIRCLE('',#4815,0.500008729289);
#4815 = AXIS2_PLACEMENT_3D('',#4816,#4817,#4818);
#4816 = CARTESIAN_POINT('',(217.75000872928,-54.66167034312,1.51));
#4817 = DIRECTION('',(0.,0.,-1.));
#4818 = DIRECTION('',(-0.863404384751,-0.504512505685,-0.));
#4819 = ORIENTED_EDGE('',*,*,#4820,.F.);
#4820 = EDGE_CURVE('',#4821,#4812,#4823,.T.);
#4821 = VERTEX_POINT('',#4822);
#4822 = CARTESIAN_POINT('',(216.66972,-55.616705,1.51));
#4823 = CIRCLE('',#4824,0.500000669307);
#4824 = AXIS2_PLACEMENT_3D('',#4825,#4826,#4827);
#4825 = CARTESIAN_POINT('',(216.88659674043,-55.16618846449,1.51));
#4826 = DIRECTION('',(0.,0.,1.));
#4827 = DIRECTION('',(-0.433752900236,-0.901031864884,0.));
#4828 = ORIENTED_EDGE('',*,*,#4829,.F.);
#4829 = EDGE_CURVE('',#4830,#4821,#4832,.T.);
#4830 = VERTEX_POINT('',#4831);
#4831 = CARTESIAN_POINT('',(216.452843,-55.56722,1.51));
#4832 = CIRCLE('',#4833,0.499989884978);
#4833 = AXIS2_PLACEMENT_3D('',#4834,#4835,#4836);
#4834 = CARTESIAN_POINT('',(216.45284392088,-56.06720988497,1.51));
#4835 = DIRECTION('',(0.,0.,-1.));
#4836 = DIRECTION('',(-1.841808539356E-06,0.999999999998,0.));
#4837 = ORIENTED_EDGE('',*,*,#4838,.F.);
#4838 = EDGE_CURVE('',#4839,#4830,#4841,.T.);
#4839 = VERTEX_POINT('',#4840);
#4840 = CARTESIAN_POINT('',(215.047158,-55.56722,1.51));
#4841 = LINE('',#4842,#4843);
#4842 = CARTESIAN_POINT('',(215.047158,-55.56722,1.51));
#4843 = VECTOR('',#4844,1.);
#4844 = DIRECTION('',(1.,0.,0.));
#4845 = ORIENTED_EDGE('',*,*,#4846,.F.);
#4846 = EDGE_CURVE('',#4847,#4839,#4849,.T.);
#4847 = VERTEX_POINT('',#4848);
#4848 = CARTESIAN_POINT('',(214.83028,-55.616705,1.51));
#4849 = CIRCLE('',#4850,0.499989885034);
#4850 = AXIS2_PLACEMENT_3D('',#4851,#4852,#4853);
#4851 = CARTESIAN_POINT('',(215.04715607913,-56.06720988503,1.51));
#4852 = DIRECTION('',(0.,0.,-1.));
#4853 = DIRECTION('',(-0.43376093322,0.901027997796,0.));
#4854 = ORIENTED_EDGE('',*,*,#4855,.F.);
#4855 = EDGE_CURVE('',#4856,#4847,#4858,.T.);
#4856 = VERTEX_POINT('',#4857);
#4857 = CARTESIAN_POINT('',(214.181701,-54.913932,1.51));
#4858 = CIRCLE('',#4859,0.499999729127);
#4859 = AXIS2_PLACEMENT_3D('',#4860,#4861,#4862);
#4860 = CARTESIAN_POINT('',(214.61340170911,-55.16619025432,1.51));
#4861 = DIRECTION('',(0.,0.,1.));
#4862 = DIRECTION('',(-0.863401885979,0.504516781969,0.));
#4863 = ORIENTED_EDGE('',*,*,#4864,.F.);
#4864 = EDGE_CURVE('',#4865,#4856,#4867,.T.);
#4865 = VERTEX_POINT('',#4866);
#4866 = CARTESIAN_POINT('',(214.250001,-54.661673,1.51));
#4867 = CIRCLE('',#4868,0.50002311711);
#4868 = AXIS2_PLACEMENT_3D('',#4869,#4870,#4871);
#4869 = CARTESIAN_POINT('',(213.74997788294,-54.66166573621,1.51));
#4870 = DIRECTION('',(0.,0.,-1.));
#4871 = DIRECTION('',(0.999999999894,-1.452689344554E-05,0.));
#4872 = ORIENTED_EDGE('',*,*,#4873,.F.);
#4873 = EDGE_CURVE('',#4874,#4865,#4876,.T.);
#4874 = VERTEX_POINT('',#4875);
#4875 = CARTESIAN_POINT('',(214.250001,-53.072768,1.51));
#4876 = LINE('',#4877,#4878);
#4877 = CARTESIAN_POINT('',(214.250001,-53.072768,1.51));
#4878 = VECTOR('',#4879,1.);
#4879 = DIRECTION('',(0.,-1.,0.));
#4880 = ORIENTED_EDGE('',*,*,#4881,.F.);
#4881 = EDGE_CURVE('',#4882,#4874,#4884,.T.);
#4882 = VERTEX_POINT('',#4883);
#4883 = CARTESIAN_POINT('',(214.181702,-52.82051,1.51));
#4884 = CIRCLE('',#4885,0.500008729289);
#4885 = AXIS2_PLACEMENT_3D('',#4886,#4887,#4888);
#4886 = CARTESIAN_POINT('',(213.74999227071,-53.07277065687,1.51));
#4887 = DIRECTION('',(0.,0.,-1.));
#4888 = DIRECTION('',(0.863404384751,0.504512505685,0.));
#4889 = ORIENTED_EDGE('',*,*,#4890,.F.);
#4890 = EDGE_CURVE('',#4891,#4882,#4893,.T.);
#4891 = VERTEX_POINT('',#4892);
#4892 = CARTESIAN_POINT('',(214.83028,-52.117737,1.51));
#4893 = CIRCLE('',#4894,0.499999422661);
#4894 = AXIS2_PLACEMENT_3D('',#4895,#4896,#4897);
#4895 = CARTESIAN_POINT('',(214.61340233009,-52.56825170448,1.51));
#4896 = DIRECTION('',(0.,0.,1.));
#4897 = DIRECTION('',(0.433755840654,0.901030449374,-0.));
#4898 = ORIENTED_EDGE('',*,*,#4899,.F.);
#4899 = EDGE_CURVE('',#4900,#4891,#4902,.T.);
#4900 = VERTEX_POINT('',#4901);
#4901 = CARTESIAN_POINT('',(215.047157,-52.167222,1.51));
#4902 = CIRCLE('',#4903,0.499989884978);
#4903 = AXIS2_PLACEMENT_3D('',#4904,#4905,#4906);
#4904 = CARTESIAN_POINT('',(215.04715607911,-51.66723211502,1.51));
#4905 = DIRECTION('',(0.,0.,-1.));
#4906 = DIRECTION('',(1.841808539356E-06,-0.999999999998,0.));
#4907 = ORIENTED_EDGE('',*,*,#4908,.F.);
#4908 = EDGE_CURVE('',#4909,#4900,#4911,.T.);
#4909 = VERTEX_POINT('',#4910);
#4910 = CARTESIAN_POINT('',(216.452842,-52.167222,1.51));
#4911 = LINE('',#4912,#4913);
#4912 = CARTESIAN_POINT('',(216.452842,-52.167222,1.51));
#4913 = VECTOR('',#4914,1.);
#4914 = DIRECTION('',(-1.,0.,0.));
#4915 = ORIENTED_EDGE('',*,*,#4916,.F.);
#4916 = EDGE_CURVE('',#4786,#4909,#4917,.T.);
#4917 = CIRCLE('',#4918,0.499989885034);
#4918 = AXIS2_PLACEMENT_3D('',#4919,#4920,#4921);
#4919 = CARTESIAN_POINT('',(216.45284392086,-51.66723211496,1.51));
#4920 = DIRECTION('',(0.,0.,-1.));
#4921 = DIRECTION('',(0.43376093322,-0.901027997796,0.));
#4922 = PLANE('',#4923);
#4923 = AXIS2_PLACEMENT_3D('',#4924,#4925,#4926);
#4924 = CARTESIAN_POINT('',(0.,0.,1.51));
#4925 = DIRECTION('',(0.,0.,1.));
#4926 = DIRECTION('',(1.,0.,-0.));
#4927 = ADVANCED_FACE('',(#4928),#4939,.T.);
#4928 = FACE_BOUND('',#4929,.T.);
#4929 = EDGE_LOOP('',(#4930,#4936,#4937,#4938));
#4930 = ORIENTED_EDGE('',*,*,#4931,.T.);
#4931 = EDGE_CURVE('',#144,#2539,#4932,.T.);
#4932 = LINE('',#4933,#4934);
#4933 = CARTESIAN_POINT('',(120.5,-49.,0.));
#4934 = VECTOR('',#4935,1.);
#4935 = DIRECTION('',(0.,0.,1.));
#4936 = ORIENTED_EDGE('',*,*,#2538,.T.);
#4937 = ORIENTED_EDGE('',*,*,#79,.F.);
#4938 = ORIENTED_EDGE('',*,*,#143,.F.);
#4939 = PLANE('',#4940);
#4940 = AXIS2_PLACEMENT_3D('',#4941,#4942,#4943);
#4941 = CARTESIAN_POINT('',(120.5,-49.,0.));
#4942 = DIRECTION('',(0.,1.,0.));
#4943 = DIRECTION('',(1.,0.,0.));
#4944 = ADVANCED_FACE('',(#4945),#4956,.T.);
#4945 = FACE_BOUND('',#4946,.T.);
#4946 = EDGE_LOOP('',(#4947,#4948,#4949,#4955));
#4947 = ORIENTED_EDGE('',*,*,#119,.T.);
#4948 = ORIENTED_EDGE('',*,*,#2650,.T.);
#4949 = ORIENTED_EDGE('',*,*,#4950,.F.);
#4950 = EDGE_CURVE('',#248,#2643,#4951,.T.);
#4951 = LINE('',#4952,#4953);
#4952 = CARTESIAN_POINT('',(179.,-57.,0.));
#4953 = VECTOR('',#4954,1.);
#4954 = DIRECTION('',(0.,0.,1.));
#4955 = ORIENTED_EDGE('',*,*,#255,.F.);
#4956 = PLANE('',#4957);
#4957 = AXIS2_PLACEMENT_3D('',#4958,#4959,#4960);
#4958 = CARTESIAN_POINT('',(170.,-57.,0.));
#4959 = DIRECTION('',(0.,1.,0.));
#4960 = DIRECTION('',(1.,0.,0.));
#4961 = ADVANCED_FACE('',(#4962),#4973,.T.);
#4962 = FACE_BOUND('',#4963,.T.);
#4963 = EDGE_LOOP('',(#4964,#4970,#4971,#4972));
#4964 = ORIENTED_EDGE('',*,*,#4965,.T.);
#4965 = EDGE_CURVE('',#152,#2547,#4966,.T.);
#4966 = LINE('',#4967,#4968);
#4967 = CARTESIAN_POINT('',(120.5,-76.5,0.));
#4968 = VECTOR('',#4969,1.);
#4969 = DIRECTION('',(0.,0.,1.));
#4970 = ORIENTED_EDGE('',*,*,#2546,.T.);
#4971 = ORIENTED_EDGE('',*,*,#4931,.F.);
#4972 = ORIENTED_EDGE('',*,*,#151,.F.);
#4973 = PLANE('',#4974);
#4974 = AXIS2_PLACEMENT_3D('',#4975,#4976,#4977);
#4975 = CARTESIAN_POINT('',(120.5,-76.5,0.));
#4976 = DIRECTION('',(-1.,0.,0.));
#4977 = DIRECTION('',(0.,1.,0.));
#4978 = ADVANCED_FACE('',(#4979),#4990,.T.);
#4979 = FACE_BOUND('',#4980,.T.);
#4980 = EDGE_LOOP('',(#4981,#4982,#4983,#4989));
#4981 = ORIENTED_EDGE('',*,*,#4950,.T.);
#4982 = ORIENTED_EDGE('',*,*,#2642,.T.);
#4983 = ORIENTED_EDGE('',*,*,#4984,.F.);
#4984 = EDGE_CURVE('',#240,#2635,#4985,.T.);
#4985 = LINE('',#4986,#4987);
#4986 = CARTESIAN_POINT('',(185.5,-66.5,0.));
#4987 = VECTOR('',#4988,1.);
#4988 = DIRECTION('',(0.,0.,1.));
#4989 = ORIENTED_EDGE('',*,*,#247,.F.);
#4990 = PLANE('',#4991);
#4991 = AXIS2_PLACEMENT_3D('',#4992,#4993,#4994);
#4992 = CARTESIAN_POINT('',(179.,-57.,0.));
#4993 = DIRECTION('',(0.82530726125,0.564683915592,-0.));
#4994 = DIRECTION('',(0.564683915592,-0.82530726125,0.));
#4995 = ADVANCED_FACE('',(#4996),#5007,.T.);
#4996 = FACE_BOUND('',#4997,.T.);
#4997 = EDGE_LOOP('',(#4998,#5004,#5005,#5006));
#4998 = ORIENTED_EDGE('',*,*,#4999,.T.);
#4999 = EDGE_CURVE('',#160,#2555,#5000,.T.);
#5000 = LINE('',#5001,#5002);
#5001 = CARTESIAN_POINT('',(133.5,-100.,0.));
#5002 = VECTOR('',#5003,1.);
#5003 = DIRECTION('',(0.,0.,1.));
#5004 = ORIENTED_EDGE('',*,*,#2554,.T.);
#5005 = ORIENTED_EDGE('',*,*,#4965,.F.);
#5006 = ORIENTED_EDGE('',*,*,#159,.F.);
#5007 = PLANE('',#5008);
#5008 = AXIS2_PLACEMENT_3D('',#5009,#5010,#5011);
#5009 = CARTESIAN_POINT('',(133.5,-100.,0.));
#5010 = DIRECTION('',(-0.875034042418,-0.484061385167,0.));
#5011 = DIRECTION('',(-0.484061385167,0.875034042418,0.));
#5012 = ADVANCED_FACE('',(#5013),#5024,.T.);
#5013 = FACE_BOUND('',#5014,.T.);
#5014 = EDGE_LOOP('',(#5015,#5016,#5017,#5023));
#5015 = ORIENTED_EDGE('',*,*,#4984,.T.);
#5016 = ORIENTED_EDGE('',*,*,#2634,.T.);
#5017 = ORIENTED_EDGE('',*,*,#5018,.F.);
#5018 = EDGE_CURVE('',#232,#2627,#5019,.T.);
#5019 = LINE('',#5020,#5021);
#5020 = CARTESIAN_POINT('',(194.,-66.5,0.));
#5021 = VECTOR('',#5022,1.);
#5022 = DIRECTION('',(0.,0.,1.));
#5023 = ORIENTED_EDGE('',*,*,#239,.F.);
#5024 = PLANE('',#5025);
#5025 = AXIS2_PLACEMENT_3D('',#5026,#5027,#5028);
#5026 = CARTESIAN_POINT('',(185.5,-66.5,0.));
#5027 = DIRECTION('',(0.,1.,0.));
#5028 = DIRECTION('',(1.,0.,0.));
#5029 = ADVANCED_FACE('',(#5030),#5041,.T.);
#5030 = FACE_BOUND('',#5031,.T.);
#5031 = EDGE_LOOP('',(#5032,#5038,#5039,#5040));
#5032 = ORIENTED_EDGE('',*,*,#5033,.T.);
#5033 = EDGE_CURVE('',#168,#2563,#5034,.T.);
#5034 = LINE('',#5035,#5036);
#5035 = CARTESIAN_POINT('',(133.5,-123.,0.));
#5036 = VECTOR('',#5037,1.);
#5037 = DIRECTION('',(0.,0.,1.));
#5038 = ORIENTED_EDGE('',*,*,#2562,.T.);
#5039 = ORIENTED_EDGE('',*,*,#4999,.F.);
#5040 = ORIENTED_EDGE('',*,*,#167,.F.);
#5041 = PLANE('',#5042);
#5042 = AXIS2_PLACEMENT_3D('',#5043,#5044,#5045);
#5043 = CARTESIAN_POINT('',(133.5,-123.,0.));
#5044 = DIRECTION('',(-1.,0.,0.));
#5045 = DIRECTION('',(0.,1.,0.));
#5046 = ADVANCED_FACE('',(#5047),#5058,.T.);
#5047 = FACE_BOUND('',#5048,.T.);
#5048 = EDGE_LOOP('',(#5049,#5050,#5051,#5057));
#5049 = ORIENTED_EDGE('',*,*,#5018,.T.);
#5050 = ORIENTED_EDGE('',*,*,#2626,.T.);
#5051 = ORIENTED_EDGE('',*,*,#5052,.F.);
#5052 = EDGE_CURVE('',#224,#2619,#5053,.T.);
#5053 = LINE('',#5054,#5055);
#5054 = CARTESIAN_POINT('',(212.5,-49.,0.));
#5055 = VECTOR('',#5056,1.);
#5056 = DIRECTION('',(0.,0.,1.));
#5057 = ORIENTED_EDGE('',*,*,#231,.F.);
#5058 = PLANE('',#5059);
#5059 = AXIS2_PLACEMENT_3D('',#5060,#5061,#5062);
#5060 = CARTESIAN_POINT('',(194.,-66.5,0.));
#5061 = DIRECTION('',(-0.687199853876,0.726468416955,0.));
#5062 = DIRECTION('',(0.726468416955,0.687199853876,0.));
#5063 = ADVANCED_FACE('',(#5064),#5075,.T.);
#5064 = FACE_BOUND('',#5065,.T.);
#5065 = EDGE_LOOP('',(#5066,#5072,#5073,#5074));
#5066 = ORIENTED_EDGE('',*,*,#5067,.T.);
#5067 = EDGE_CURVE('',#176,#2571,#5068,.T.);
#5068 = LINE('',#5069,#5070);
#5069 = CARTESIAN_POINT('',(150.5,-130.5,0.));
#5070 = VECTOR('',#5071,1.);
#5071 = DIRECTION('',(0.,0.,1.));
#5072 = ORIENTED_EDGE('',*,*,#2570,.T.);
#5073 = ORIENTED_EDGE('',*,*,#5033,.F.);
#5074 = ORIENTED_EDGE('',*,*,#175,.F.);
#5075 = PLANE('',#5076);
#5076 = AXIS2_PLACEMENT_3D('',#5077,#5078,#5079);
#5077 = CARTESIAN_POINT('',(150.5,-130.5,0.));
#5078 = DIRECTION('',(-0.403640206576,-0.914917801573,0.));
#5079 = DIRECTION('',(-0.914917801573,0.403640206576,0.));
#5080 = ADVANCED_FACE('',(#5081),#5092,.T.);
#5081 = FACE_BOUND('',#5082,.T.);
#5082 = EDGE_LOOP('',(#5083,#5084,#5085,#5091));
#5083 = ORIENTED_EDGE('',*,*,#5052,.T.);
#5084 = ORIENTED_EDGE('',*,*,#2618,.T.);
#5085 = ORIENTED_EDGE('',*,*,#5086,.F.);
#5086 = EDGE_CURVE('',#216,#2611,#5087,.T.);
#5087 = LINE('',#5088,#5089);
#5088 = CARTESIAN_POINT('',(219.,-49.,0.));
#5089 = VECTOR('',#5090,1.);
#5090 = DIRECTION('',(0.,0.,1.));
#5091 = ORIENTED_EDGE('',*,*,#223,.F.);
#5092 = PLANE('',#5093);
#5093 = AXIS2_PLACEMENT_3D('',#5094,#5095,#5096);
#5094 = CARTESIAN_POINT('',(212.5,-49.,0.));
#5095 = DIRECTION('',(0.,1.,0.));
#5096 = DIRECTION('',(1.,0.,0.));
#5097 = ADVANCED_FACE('',(#5098),#5109,.T.);
#5098 = FACE_BOUND('',#5099,.T.);
#5099 = EDGE_LOOP('',(#5100,#5106,#5107,#5108));
#5100 = ORIENTED_EDGE('',*,*,#5101,.T.);
#5101 = EDGE_CURVE('',#184,#2579,#5102,.T.);
#5102 = LINE('',#5103,#5104);
#5103 = CARTESIAN_POINT('',(189.5,-130.5,0.));
#5104 = VECTOR('',#5105,1.);
#5105 = DIRECTION('',(0.,0.,1.));
#5106 = ORIENTED_EDGE('',*,*,#2578,.T.);
#5107 = ORIENTED_EDGE('',*,*,#5067,.F.);
#5108 = ORIENTED_EDGE('',*,*,#183,.F.);
#5109 = PLANE('',#5110);
#5110 = AXIS2_PLACEMENT_3D('',#5111,#5112,#5113);
#5111 = CARTESIAN_POINT('',(189.5,-130.5,0.));
#5112 = DIRECTION('',(0.,-1.,0.));
#5113 = DIRECTION('',(-1.,0.,0.));
#5114 = ADVANCED_FACE('',(#5115),#5126,.T.);
#5115 = FACE_BOUND('',#5116,.T.);
#5116 = EDGE_LOOP('',(#5117,#5118,#5119,#5125));
#5117 = ORIENTED_EDGE('',*,*,#5086,.T.);
#5118 = ORIENTED_EDGE('',*,*,#2610,.T.);
#5119 = ORIENTED_EDGE('',*,*,#5120,.F.);
#5120 = EDGE_CURVE('',#208,#2603,#5121,.T.);
#5121 = LINE('',#5122,#5123);
#5122 = CARTESIAN_POINT('',(219.,-77.,0.));
#5123 = VECTOR('',#5124,1.);
#5124 = DIRECTION('',(0.,0.,1.));
#5125 = ORIENTED_EDGE('',*,*,#215,.F.);
#5126 = PLANE('',#5127);
#5127 = AXIS2_PLACEMENT_3D('',#5128,#5129,#5130);
#5128 = CARTESIAN_POINT('',(219.,-49.,0.));
#5129 = DIRECTION('',(1.,0.,-0.));
#5130 = DIRECTION('',(0.,-1.,0.));
#5131 = ADVANCED_FACE('',(#5132),#5143,.T.);
#5132 = FACE_BOUND('',#5133,.T.);
#5133 = EDGE_LOOP('',(#5134,#5140,#5141,#5142));
#5134 = ORIENTED_EDGE('',*,*,#5135,.T.);
#5135 = EDGE_CURVE('',#192,#2587,#5136,.T.);
#5136 = LINE('',#5137,#5138);
#5137 = CARTESIAN_POINT('',(205.5,-124.,0.));
#5138 = VECTOR('',#5139,1.);
#5139 = DIRECTION('',(0.,0.,1.));
#5140 = ORIENTED_EDGE('',*,*,#2586,.T.);
#5141 = ORIENTED_EDGE('',*,*,#5101,.F.);
#5142 = ORIENTED_EDGE('',*,*,#191,.F.);
#5143 = PLANE('',#5144);
#5144 = AXIS2_PLACEMENT_3D('',#5145,#5146,#5147);
#5145 = CARTESIAN_POINT('',(205.5,-124.,0.));
#5146 = DIRECTION('',(0.376377046956,-0.926466577122,0.));
#5147 = DIRECTION('',(-0.926466577122,-0.376377046956,0.));
#5148 = ADVANCED_FACE('',(#5149),#5160,.T.);
#5149 = FACE_BOUND('',#5150,.T.);
#5150 = EDGE_LOOP('',(#5151,#5152,#5153,#5159));
#5151 = ORIENTED_EDGE('',*,*,#5120,.T.);
#5152 = ORIENTED_EDGE('',*,*,#2602,.T.);
#5153 = ORIENTED_EDGE('',*,*,#5154,.F.);
#5154 = EDGE_CURVE('',#200,#2595,#5155,.T.);
#5155 = LINE('',#5156,#5157);
#5156 = CARTESIAN_POINT('',(209.5,-96.,0.));
#5157 = VECTOR('',#5158,1.);
#5158 = DIRECTION('',(0.,0.,1.));
#5159 = ORIENTED_EDGE('',*,*,#207,.F.);
#5160 = PLANE('',#5161);
#5161 = AXIS2_PLACEMENT_3D('',#5162,#5163,#5164);
#5162 = CARTESIAN_POINT('',(219.,-77.,0.));
#5163 = DIRECTION('',(0.894427191,-0.4472135955,0.));
#5164 = DIRECTION('',(-0.4472135955,-0.894427191,0.));
#5165 = ADVANCED_FACE('',(#5166),#5172,.T.);
#5166 = FACE_BOUND('',#5167,.T.);
#5167 = EDGE_LOOP('',(#5168,#5169,#5170,#5171));
#5168 = ORIENTED_EDGE('',*,*,#5154,.T.);
#5169 = ORIENTED_EDGE('',*,*,#2594,.T.);
#5170 = ORIENTED_EDGE('',*,*,#5135,.F.);
#5171 = ORIENTED_EDGE('',*,*,#199,.F.);
#5172 = PLANE('',#5173);
#5173 = AXIS2_PLACEMENT_3D('',#5174,#5175,#5176);
#5174 = CARTESIAN_POINT('',(209.5,-96.,0.));
#5175 = DIRECTION('',(0.989949493661,-0.141421356237,0.));
#5176 = DIRECTION('',(-0.141421356237,-0.989949493661,0.));
#5177 = ADVANCED_FACE('',(#5178),#5194,.F.);
#5178 = FACE_BOUND('',#5179,.T.);
#5179 = EDGE_LOOP('',(#5180,#5186,#5187,#5193));
#5180 = ORIENTED_EDGE('',*,*,#5181,.T.);
#5181 = EDGE_CURVE('',#265,#2660,#5182,.T.);
#5182 = LINE('',#5183,#5184);
#5183 = CARTESIAN_POINT('',(145.249485,-116.977438,0.));
#5184 = VECTOR('',#5185,1.);
#5185 = DIRECTION('',(0.,0.,1.));
#5186 = ORIENTED_EDGE('',*,*,#2659,.T.);
#5187 = ORIENTED_EDGE('',*,*,#5188,.F.);
#5188 = EDGE_CURVE('',#267,#2662,#5189,.T.);
#5189 = LINE('',#5190,#5191);
#5190 = CARTESIAN_POINT('',(144.546712,-116.32886,0.));
#5191 = VECTOR('',#5192,1.);
#5192 = DIRECTION('',(0.,0.,1.));
#5193 = ORIENTED_EDGE('',*,*,#264,.F.);
#5194 = CYLINDRICAL_SURFACE('',#5195,0.499999422661);
#5195 = AXIS2_PLACEMENT_3D('',#5196,#5197,#5198);
#5196 = CARTESIAN_POINT('',(144.79897029551,-116.76056033,0.));
#5197 = DIRECTION('',(-0.,-0.,-1.));
#5198 = DIRECTION('',(0.901030449374,-0.433755840654,0.));
#5199 = ADVANCED_FACE('',(#5200),#5211,.T.);
#5200 = FACE_BOUND('',#5201,.T.);
#5201 = EDGE_LOOP('',(#5202,#5208,#5209,#5210));
#5202 = ORIENTED_EDGE('',*,*,#5203,.T.);
#5203 = EDGE_CURVE('',#276,#2671,#5204,.T.);
#5204 = LINE('',#5205,#5206);
#5205 = CARTESIAN_POINT('',(145.2,-117.194315,0.));
#5206 = VECTOR('',#5207,1.);
#5207 = DIRECTION('',(0.,0.,1.));
#5208 = ORIENTED_EDGE('',*,*,#2670,.T.);
#5209 = ORIENTED_EDGE('',*,*,#5181,.F.);
#5210 = ORIENTED_EDGE('',*,*,#275,.F.);
#5211 = CYLINDRICAL_SURFACE('',#5212,0.499989884977);
#5212 = AXIS2_PLACEMENT_3D('',#5213,#5214,#5215);
#5213 = CARTESIAN_POINT('',(145.69998988497,-117.1943140791,0.));
#5214 = DIRECTION('',(0.,0.,-1.));
#5215 = DIRECTION('',(-0.999999999998,-1.841808653046E-06,-0.));
#5216 = ADVANCED_FACE('',(#5217),#5228,.T.);
#5217 = FACE_BOUND('',#5218,.T.);
#5218 = EDGE_LOOP('',(#5219,#5220,#5221,#5227));
#5219 = ORIENTED_EDGE('',*,*,#5188,.T.);
#5220 = ORIENTED_EDGE('',*,*,#2792,.T.);
#5221 = ORIENTED_EDGE('',*,*,#5222,.F.);
#5222 = EDGE_CURVE('',#390,#2785,#5223,.T.);
#5223 = LINE('',#5224,#5225);
#5224 = CARTESIAN_POINT('',(144.294454,-116.397159,0.));
#5225 = VECTOR('',#5226,1.);
#5226 = DIRECTION('',(0.,0.,1.));
#5227 = ORIENTED_EDGE('',*,*,#397,.F.);
#5228 = CYLINDRICAL_SURFACE('',#5229,0.500008729288);
#5229 = AXIS2_PLACEMENT_3D('',#5230,#5231,#5232);
#5230 = CARTESIAN_POINT('',(144.29445134312,-115.8971502707,0.));
#5231 = DIRECTION('',(0.,0.,-1.));
#5232 = DIRECTION('',(0.504512505685,-0.863404384751,0.));
#5233 = ADVANCED_FACE('',(#5234),#5245,.T.);
#5234 = FACE_BOUND('',#5235,.T.);
#5235 = EDGE_LOOP('',(#5236,#5242,#5243,#5244));
#5236 = ORIENTED_EDGE('',*,*,#5237,.T.);
#5237 = EDGE_CURVE('',#285,#2680,#5238,.T.);
#5238 = LINE('',#5239,#5240);
#5239 = CARTESIAN_POINT('',(145.2,-118.6,0.));
#5240 = VECTOR('',#5241,1.);
#5241 = DIRECTION('',(0.,0.,1.));
#5242 = ORIENTED_EDGE('',*,*,#2679,.T.);
#5243 = ORIENTED_EDGE('',*,*,#5203,.F.);
#5244 = ORIENTED_EDGE('',*,*,#284,.F.);
#5245 = PLANE('',#5246);
#5246 = AXIS2_PLACEMENT_3D('',#5247,#5248,#5249);
#5247 = CARTESIAN_POINT('',(145.2,-118.6,0.));
#5248 = DIRECTION('',(-1.,0.,0.));
#5249 = DIRECTION('',(0.,1.,0.));
#5250 = ADVANCED_FACE('',(#5251),#5262,.T.);
#5251 = FACE_BOUND('',#5252,.T.);
#5252 = EDGE_LOOP('',(#5253,#5254,#5255,#5261));
#5253 = ORIENTED_EDGE('',*,*,#5222,.T.);
#5254 = ORIENTED_EDGE('',*,*,#2784,.T.);
#5255 = ORIENTED_EDGE('',*,*,#5256,.F.);
#5256 = EDGE_CURVE('',#381,#2776,#5257,.T.);
#5257 = LINE('',#5258,#5259);
#5258 = CARTESIAN_POINT('',(142.705549,-116.397159,0.));
#5259 = VECTOR('',#5260,1.);
#5260 = DIRECTION('',(0.,0.,1.));
#5261 = ORIENTED_EDGE('',*,*,#389,.F.);
#5262 = PLANE('',#5263);
#5263 = AXIS2_PLACEMENT_3D('',#5264,#5265,#5266);
#5264 = CARTESIAN_POINT('',(144.294454,-116.397159,0.));
#5265 = DIRECTION('',(0.,-1.,0.));
#5266 = DIRECTION('',(-1.,0.,0.));
#5267 = ADVANCED_FACE('',(#5268),#5279,.T.);
#5268 = FACE_BOUND('',#5269,.T.);
#5269 = EDGE_LOOP('',(#5270,#5276,#5277,#5278));
#5270 = ORIENTED_EDGE('',*,*,#5271,.T.);
#5271 = EDGE_CURVE('',#293,#2688,#5272,.T.);
#5272 = LINE('',#5273,#5274);
#5273 = CARTESIAN_POINT('',(145.249485,-118.816878,0.));
#5274 = VECTOR('',#5275,1.);
#5275 = DIRECTION('',(0.,0.,1.));
#5276 = ORIENTED_EDGE('',*,*,#2687,.T.);
#5277 = ORIENTED_EDGE('',*,*,#5237,.F.);
#5278 = ORIENTED_EDGE('',*,*,#292,.F.);
#5279 = CYLINDRICAL_SURFACE('',#5280,0.499989885034);
#5280 = AXIS2_PLACEMENT_3D('',#5281,#5282,#5283);
#5281 = CARTESIAN_POINT('',(145.69998988503,-118.6000019208,0.));
#5282 = DIRECTION('',(0.,0.,-1.));
#5283 = DIRECTION('',(-0.901027997796,-0.43376093322,-0.));
#5284 = ADVANCED_FACE('',(#5285),#5296,.T.);
#5285 = FACE_BOUND('',#5286,.T.);
#5286 = EDGE_LOOP('',(#5287,#5288,#5289,#5295));
#5287 = ORIENTED_EDGE('',*,*,#5256,.T.);
#5288 = ORIENTED_EDGE('',*,*,#2775,.T.);
#5289 = ORIENTED_EDGE('',*,*,#5290,.F.);
#5290 = EDGE_CURVE('',#372,#2767,#5291,.T.);
#5291 = LINE('',#5292,#5293);
#5292 = CARTESIAN_POINT('',(142.45329,-116.328859,0.));
#5293 = VECTOR('',#5294,1.);
#5294 = DIRECTION('',(0.,0.,1.));
#5295 = ORIENTED_EDGE('',*,*,#380,.F.);
#5296 = CYLINDRICAL_SURFACE('',#5297,0.50002311711);
#5297 = AXIS2_PLACEMENT_3D('',#5298,#5299,#5300);
#5298 = CARTESIAN_POINT('',(142.70555626378,-115.8971358829,0.));
#5299 = DIRECTION('',(0.,0.,-1.));
#5300 = DIRECTION('',(-1.452689345975E-05,-0.999999999894,-0.));
#5301 = ADVANCED_FACE('',(#5302),#5313,.F.);
#5302 = FACE_BOUND('',#5303,.T.);
#5303 = EDGE_LOOP('',(#5304,#5310,#5311,#5312));
#5304 = ORIENTED_EDGE('',*,*,#5305,.T.);
#5305 = EDGE_CURVE('',#302,#2697,#5306,.T.);
#5306 = LINE('',#5307,#5308);
#5307 = CARTESIAN_POINT('',(144.546712,-119.465457,0.));
#5308 = VECTOR('',#5309,1.);
#5309 = DIRECTION('',(0.,0.,1.));
#5310 = ORIENTED_EDGE('',*,*,#2696,.T.);
#5311 = ORIENTED_EDGE('',*,*,#5271,.F.);
#5312 = ORIENTED_EDGE('',*,*,#301,.F.);
#5313 = CYLINDRICAL_SURFACE('',#5314,0.499999448976);
#5314 = AXIS2_PLACEMENT_3D('',#5315,#5316,#5317);
#5315 = CARTESIAN_POINT('',(144.79897090428,-119.0337569951,0.));
#5316 = DIRECTION('',(-0.,-0.,-1.));
#5317 = DIRECTION('',(-0.504518364574,-0.863400961204,0.));
#5318 = ADVANCED_FACE('',(#5319),#5330,.F.);
#5319 = FACE_BOUND('',#5320,.T.);
#5320 = EDGE_LOOP('',(#5321,#5322,#5323,#5329));
#5321 = ORIENTED_EDGE('',*,*,#5290,.T.);
#5322 = ORIENTED_EDGE('',*,*,#2766,.T.);
#5323 = ORIENTED_EDGE('',*,*,#5324,.F.);
#5324 = EDGE_CURVE('',#363,#2758,#5325,.T.);
#5325 = LINE('',#5326,#5327);
#5326 = CARTESIAN_POINT('',(141.750517,-116.977438,0.));
#5327 = VECTOR('',#5328,1.);
#5328 = DIRECTION('',(0.,0.,1.));
#5329 = ORIENTED_EDGE('',*,*,#371,.F.);
#5330 = CYLINDRICAL_SURFACE('',#5331,0.499999729127);
#5331 = AXIS2_PLACEMENT_3D('',#5332,#5333,#5334);
#5332 = CARTESIAN_POINT('',(142.20103174567,-116.7605597091,0.));
#5333 = DIRECTION('',(-0.,-0.,-1.));
#5334 = DIRECTION('',(0.504516781969,0.863401885979,-0.));
#5335 = ADVANCED_FACE('',(#5336),#5347,.T.);
#5336 = FACE_BOUND('',#5337,.T.);
#5337 = EDGE_LOOP('',(#5338,#5344,#5345,#5346));
#5338 = ORIENTED_EDGE('',*,*,#5339,.T.);
#5339 = EDGE_CURVE('',#311,#2706,#5340,.T.);
#5340 = LINE('',#5341,#5342);
#5341 = CARTESIAN_POINT('',(144.294453,-119.397158,0.));
#5342 = VECTOR('',#5343,1.);
#5343 = DIRECTION('',(0.,0.,1.));
#5344 = ORIENTED_EDGE('',*,*,#2705,.T.);
#5345 = ORIENTED_EDGE('',*,*,#5305,.F.);
#5346 = ORIENTED_EDGE('',*,*,#310,.F.);
#5347 = CYLINDRICAL_SURFACE('',#5348,0.500008729226);
#5348 = AXIS2_PLACEMENT_3D('',#5349,#5350,#5351);
#5349 = CARTESIAN_POINT('',(144.29445134314,-119.8971667292,0.));
#5350 = DIRECTION('',(0.,0.,-1.));
#5351 = DIRECTION('',(3.313649317029E-06,0.999999999995,0.));
#5352 = ADVANCED_FACE('',(#5353),#5364,.T.);
#5353 = FACE_BOUND('',#5354,.T.);
#5354 = EDGE_LOOP('',(#5355,#5356,#5357,#5363));
#5355 = ORIENTED_EDGE('',*,*,#5324,.T.);
#5356 = ORIENTED_EDGE('',*,*,#2757,.T.);
#5357 = ORIENTED_EDGE('',*,*,#5358,.F.);
#5358 = EDGE_CURVE('',#355,#2750,#5359,.T.);
#5359 = LINE('',#5360,#5361);
#5360 = CARTESIAN_POINT('',(141.800002,-117.194316,0.));
#5361 = VECTOR('',#5362,1.);
#5362 = DIRECTION('',(0.,0.,1.));
#5363 = ORIENTED_EDGE('',*,*,#362,.F.);
#5364 = CYLINDRICAL_SURFACE('',#5365,0.499989885034);
#5365 = AXIS2_PLACEMENT_3D('',#5366,#5367,#5368);
#5366 = CARTESIAN_POINT('',(141.30001211496,-117.1943140791,0.));
#5367 = DIRECTION('',(0.,0.,-1.));
#5368 = DIRECTION('',(0.901027997796,0.43376093322,0.));
#5369 = ADVANCED_FACE('',(#5370),#5381,.T.);
#5370 = FACE_BOUND('',#5371,.T.);
#5371 = EDGE_LOOP('',(#5372,#5378,#5379,#5380));
#5372 = ORIENTED_EDGE('',*,*,#5373,.T.);
#5373 = EDGE_CURVE('',#320,#2715,#5374,.T.);
#5374 = LINE('',#5375,#5376);
#5375 = CARTESIAN_POINT('',(142.705549,-119.397158,0.));
#5376 = VECTOR('',#5377,1.);
#5377 = DIRECTION('',(0.,0.,1.));
#5378 = ORIENTED_EDGE('',*,*,#2714,.T.);
#5379 = ORIENTED_EDGE('',*,*,#5339,.F.);
#5380 = ORIENTED_EDGE('',*,*,#319,.F.);
#5381 = PLANE('',#5382);
#5382 = AXIS2_PLACEMENT_3D('',#5383,#5384,#5385);
#5383 = CARTESIAN_POINT('',(142.705549,-119.397158,0.));
#5384 = DIRECTION('',(0.,1.,0.));
#5385 = DIRECTION('',(1.,0.,0.));
#5386 = ADVANCED_FACE('',(#5387),#5398,.T.);
#5387 = FACE_BOUND('',#5388,.T.);
#5388 = EDGE_LOOP('',(#5389,#5390,#5391,#5397));
#5389 = ORIENTED_EDGE('',*,*,#5358,.T.);
#5390 = ORIENTED_EDGE('',*,*,#2749,.T.);
#5391 = ORIENTED_EDGE('',*,*,#5392,.F.);
#5392 = EDGE_CURVE('',#346,#2741,#5393,.T.);
#5393 = LINE('',#5394,#5395);
#5394 = CARTESIAN_POINT('',(141.800002,-118.600001,0.));
#5395 = VECTOR('',#5396,1.);
#5396 = DIRECTION('',(0.,0.,1.));
#5397 = ORIENTED_EDGE('',*,*,#354,.F.);
#5398 = PLANE('',#5399);
#5399 = AXIS2_PLACEMENT_3D('',#5400,#5401,#5402);
#5400 = CARTESIAN_POINT('',(141.800002,-117.194316,0.));
#5401 = DIRECTION('',(1.,0.,-0.));
#5402 = DIRECTION('',(0.,-1.,0.));
#5403 = ADVANCED_FACE('',(#5404),#5415,.T.);
#5404 = FACE_BOUND('',#5405,.T.);
#5405 = EDGE_LOOP('',(#5406,#5412,#5413,#5414));
#5406 = ORIENTED_EDGE('',*,*,#5407,.T.);
#5407 = EDGE_CURVE('',#328,#2723,#5408,.T.);
#5408 = LINE('',#5409,#5410);
#5409 = CARTESIAN_POINT('',(142.453291,-119.465457,0.));
#5410 = VECTOR('',#5411,1.);
#5411 = DIRECTION('',(0.,0.,1.));
#5412 = ORIENTED_EDGE('',*,*,#2722,.T.);
#5413 = ORIENTED_EDGE('',*,*,#5373,.F.);
#5414 = ORIENTED_EDGE('',*,*,#327,.F.);
#5415 = CYLINDRICAL_SURFACE('',#5416,0.500008729288);
#5416 = AXIS2_PLACEMENT_3D('',#5417,#5418,#5419);
#5417 = CARTESIAN_POINT('',(142.70555165687,-119.8971667292,0.));
#5418 = DIRECTION('',(0.,0.,-1.));
#5419 = DIRECTION('',(-0.504512505685,0.863404384751,0.));
#5420 = ADVANCED_FACE('',(#5421),#5432,.T.);
#5421 = FACE_BOUND('',#5422,.T.);
#5422 = EDGE_LOOP('',(#5423,#5424,#5425,#5431));
#5423 = ORIENTED_EDGE('',*,*,#5392,.T.);
#5424 = ORIENTED_EDGE('',*,*,#2740,.T.);
#5425 = ORIENTED_EDGE('',*,*,#5426,.F.);
#5426 = EDGE_CURVE('',#337,#2732,#5427,.T.);
#5427 = LINE('',#5428,#5429);
#5428 = CARTESIAN_POINT('',(141.750517,-118.816878,0.));
#5429 = VECTOR('',#5430,1.);
#5430 = DIRECTION('',(0.,0.,1.));
#5431 = ORIENTED_EDGE('',*,*,#345,.F.);
#5432 = CYLINDRICAL_SURFACE('',#5433,0.499989884978);
#5433 = AXIS2_PLACEMENT_3D('',#5434,#5435,#5436);
#5434 = CARTESIAN_POINT('',(141.30001211502,-118.6000019208,0.));
#5435 = DIRECTION('',(0.,0.,-1.));
#5436 = DIRECTION('',(0.999999999998,1.841808596201E-06,0.));
#5437 = ADVANCED_FACE('',(#5438),#5444,.F.);
#5438 = FACE_BOUND('',#5439,.T.);
#5439 = EDGE_LOOP('',(#5440,#5441,#5442,#5443));
#5440 = ORIENTED_EDGE('',*,*,#5426,.T.);
#5441 = ORIENTED_EDGE('',*,*,#2731,.T.);
#5442 = ORIENTED_EDGE('',*,*,#5407,.F.);
#5443 = ORIENTED_EDGE('',*,*,#336,.F.);
#5444 = CYLINDRICAL_SURFACE('',#5445,0.500000669307);
#5445 = AXIS2_PLACEMENT_3D('',#5446,#5447,#5448);
#5446 = CARTESIAN_POINT('',(142.2010335355,-119.0337547404,0.));
#5447 = DIRECTION('',(-0.,-0.,-1.));
#5448 = DIRECTION('',(-0.901031864884,0.433752900236,0.));
#5449 = ADVANCED_FACE('',(#5450),#5461,.F.);
#5450 = FACE_BOUND('',#5451,.T.);
#5451 = EDGE_LOOP('',(#5452,#5453,#5459,#5460));
#5452 = ORIENTED_EDGE('',*,*,#406,.T.);
#5453 = ORIENTED_EDGE('',*,*,#5454,.T.);
#5454 = EDGE_CURVE('',#407,#2802,#5455,.T.);
#5455 = LINE('',#5456,#5457);
#5456 = CARTESIAN_POINT('',(153.,-126.31,-4.6E-02));
#5457 = VECTOR('',#5458,1.);
#5458 = DIRECTION('',(0.,0.,1.));
#5459 = ORIENTED_EDGE('',*,*,#2801,.F.);
#5460 = ORIENTED_EDGE('',*,*,#5454,.F.);
#5461 = CYLINDRICAL_SURFACE('',#5462,0.5);
#5462 = AXIS2_PLACEMENT_3D('',#5463,#5464,#5465);
#5463 = CARTESIAN_POINT('',(153.,-125.81,-4.6E-02));
#5464 = DIRECTION('',(-0.,-0.,-1.));
#5465 = DIRECTION('',(-0.,-1.,0.));
#5466 = ADVANCED_FACE('',(#5467),#5478,.F.);
#5467 = FACE_BOUND('',#5468,.T.);
#5468 = EDGE_LOOP('',(#5469,#5470,#5476,#5477));
#5469 = ORIENTED_EDGE('',*,*,#417,.T.);
#5470 = ORIENTED_EDGE('',*,*,#5471,.T.);
#5471 = EDGE_CURVE('',#418,#2813,#5472,.T.);
#5472 = LINE('',#5473,#5474);
#5473 = CARTESIAN_POINT('',(153.,-123.77,-4.6E-02));
#5474 = VECTOR('',#5475,1.);
#5475 = DIRECTION('',(0.,0.,1.));
#5476 = ORIENTED_EDGE('',*,*,#2812,.F.);
#5477 = ORIENTED_EDGE('',*,*,#5471,.F.);
#5478 = CYLINDRICAL_SURFACE('',#5479,0.5);
#5479 = AXIS2_PLACEMENT_3D('',#5480,#5481,#5482);
#5480 = CARTESIAN_POINT('',(153.,-123.27,-4.6E-02));
#5481 = DIRECTION('',(-0.,-0.,-1.));
#5482 = DIRECTION('',(-0.,-1.,0.));
#5483 = ADVANCED_FACE('',(#5484),#5495,.F.);
#5484 = FACE_BOUND('',#5485,.T.);
#5485 = EDGE_LOOP('',(#5486,#5487,#5493,#5494));
#5486 = ORIENTED_EDGE('',*,*,#428,.T.);
#5487 = ORIENTED_EDGE('',*,*,#5488,.T.);
#5488 = EDGE_CURVE('',#429,#2824,#5489,.T.);
#5489 = LINE('',#5490,#5491);
#5490 = CARTESIAN_POINT('',(153.,-121.23,-4.6E-02));
#5491 = VECTOR('',#5492,1.);
#5492 = DIRECTION('',(0.,0.,1.));
#5493 = ORIENTED_EDGE('',*,*,#2823,.F.);
#5494 = ORIENTED_EDGE('',*,*,#5488,.F.);
#5495 = CYLINDRICAL_SURFACE('',#5496,0.5);
#5496 = AXIS2_PLACEMENT_3D('',#5497,#5498,#5499);
#5497 = CARTESIAN_POINT('',(153.,-120.73,-4.6E-02));
#5498 = DIRECTION('',(-0.,-0.,-1.));
#5499 = DIRECTION('',(-0.,-1.,0.));
#5500 = ADVANCED_FACE('',(#5501),#5512,.F.);
#5501 = FACE_BOUND('',#5502,.T.);
#5502 = EDGE_LOOP('',(#5503,#5504,#5510,#5511));
#5503 = ORIENTED_EDGE('',*,*,#439,.T.);
#5504 = ORIENTED_EDGE('',*,*,#5505,.T.);
#5505 = EDGE_CURVE('',#440,#2835,#5506,.T.);
#5506 = LINE('',#5507,#5508);
#5507 = CARTESIAN_POINT('',(153.,-118.69,-4.6E-02));
#5508 = VECTOR('',#5509,1.);
#5509 = DIRECTION('',(0.,0.,1.));
#5510 = ORIENTED_EDGE('',*,*,#2834,.F.);
#5511 = ORIENTED_EDGE('',*,*,#5505,.F.);
#5512 = CYLINDRICAL_SURFACE('',#5513,0.5);
#5513 = AXIS2_PLACEMENT_3D('',#5514,#5515,#5516);
#5514 = CARTESIAN_POINT('',(153.,-118.19,-4.6E-02));
#5515 = DIRECTION('',(-0.,-0.,-1.));
#5516 = DIRECTION('',(-0.,-1.,0.));
#5517 = ADVANCED_FACE('',(#5518),#5529,.F.);
#5518 = FACE_BOUND('',#5519,.T.);
#5519 = EDGE_LOOP('',(#5520,#5521,#5527,#5528));
#5520 = ORIENTED_EDGE('',*,*,#450,.T.);
#5521 = ORIENTED_EDGE('',*,*,#5522,.T.);
#5522 = EDGE_CURVE('',#451,#2846,#5523,.T.);
#5523 = LINE('',#5524,#5525);
#5524 = CARTESIAN_POINT('',(141.42,-101.35,-4.6E-02));
#5525 = VECTOR('',#5526,1.);
#5526 = DIRECTION('',(0.,0.,1.));
#5527 = ORIENTED_EDGE('',*,*,#2845,.F.);
#5528 = ORIENTED_EDGE('',*,*,#5522,.F.);
#5529 = CYLINDRICAL_SURFACE('',#5530,0.85);
#5530 = AXIS2_PLACEMENT_3D('',#5531,#5532,#5533);
#5531 = CARTESIAN_POINT('',(141.42,-100.5,-4.6E-02));
#5532 = DIRECTION('',(-0.,-0.,-1.));
#5533 = DIRECTION('',(-3.343730521224E-14,-1.,0.));
#5534 = ADVANCED_FACE('',(#5535),#5546,.F.);
#5535 = FACE_BOUND('',#5536,.T.);
#5536 = EDGE_LOOP('',(#5537,#5538,#5544,#5545));
#5537 = ORIENTED_EDGE('',*,*,#461,.T.);
#5538 = ORIENTED_EDGE('',*,*,#5539,.T.);
#5539 = EDGE_CURVE('',#462,#2857,#5540,.T.);
#5540 = LINE('',#5541,#5542);
#5541 = CARTESIAN_POINT('',(142.69,-98.71,-4.6E-02));
#5542 = VECTOR('',#5543,1.);
#5543 = DIRECTION('',(0.,0.,1.));
#5544 = ORIENTED_EDGE('',*,*,#2856,.F.);
#5545 = ORIENTED_EDGE('',*,*,#5539,.F.);
#5546 = CYLINDRICAL_SURFACE('',#5547,0.75);
#5547 = AXIS2_PLACEMENT_3D('',#5548,#5549,#5550);
#5548 = CARTESIAN_POINT('',(142.69,-97.96,-4.6E-02));
#5549 = DIRECTION('',(-0.,-0.,-1.));
#5550 = DIRECTION('',(-0.,-1.,0.));
#5551 = ADVANCED_FACE('',(#5552),#5563,.F.);
#5552 = FACE_BOUND('',#5553,.T.);
#5553 = EDGE_LOOP('',(#5554,#5555,#5561,#5562));
#5554 = ORIENTED_EDGE('',*,*,#472,.T.);
#5555 = ORIENTED_EDGE('',*,*,#5556,.T.);
#5556 = EDGE_CURVE('',#473,#2868,#5557,.T.);
#5557 = LINE('',#5558,#5559);
#5558 = CARTESIAN_POINT('',(146.5,-102.5,-4.6E-02));
#5559 = VECTOR('',#5560,1.);
#5560 = DIRECTION('',(0.,0.,1.));
#5561 = ORIENTED_EDGE('',*,*,#2867,.F.);
#5562 = ORIENTED_EDGE('',*,*,#5556,.F.);
#5563 = CYLINDRICAL_SURFACE('',#5564,2.);
#5564 = AXIS2_PLACEMENT_3D('',#5565,#5566,#5567);
#5565 = CARTESIAN_POINT('',(146.5,-100.5,-4.6E-02));
#5566 = DIRECTION('',(-0.,-0.,-1.));
#5567 = DIRECTION('',(-0.,-1.,0.));
#5568 = ADVANCED_FACE('',(#5569),#5580,.F.);
#5569 = FACE_BOUND('',#5570,.T.);
#5570 = EDGE_LOOP('',(#5571,#5572,#5578,#5579));
#5571 = ORIENTED_EDGE('',*,*,#483,.T.);
#5572 = ORIENTED_EDGE('',*,*,#5573,.T.);
#5573 = EDGE_CURVE('',#484,#2879,#5574,.T.);
#5574 = LINE('',#5575,#5576);
#5575 = CARTESIAN_POINT('',(151.58,-101.35,-4.6E-02));
#5576 = VECTOR('',#5577,1.);
#5577 = DIRECTION('',(0.,0.,1.));
#5578 = ORIENTED_EDGE('',*,*,#2878,.F.);
#5579 = ORIENTED_EDGE('',*,*,#5573,.F.);
#5580 = CYLINDRICAL_SURFACE('',#5581,0.85);
#5581 = AXIS2_PLACEMENT_3D('',#5582,#5583,#5584);
#5582 = CARTESIAN_POINT('',(151.58,-100.5,-4.6E-02));
#5583 = DIRECTION('',(-0.,0.,-1.));
#5584 = DIRECTION('',(3.343730521224E-14,-1.,-0.));
#5585 = ADVANCED_FACE('',(#5586),#5597,.F.);
#5586 = FACE_BOUND('',#5587,.T.);
#5587 = EDGE_LOOP('',(#5588,#5589,#5595,#5596));
#5588 = ORIENTED_EDGE('',*,*,#494,.T.);
#5589 = ORIENTED_EDGE('',*,*,#5590,.T.);
#5590 = EDGE_CURVE('',#495,#2890,#5591,.T.);
#5591 = LINE('',#5592,#5593);
#5592 = CARTESIAN_POINT('',(163.25,-101.04,-4.6E-02));
#5593 = VECTOR('',#5594,1.);
#5594 = DIRECTION('',(0.,0.,1.));
#5595 = ORIENTED_EDGE('',*,*,#2889,.F.);
#5596 = ORIENTED_EDGE('',*,*,#5590,.F.);
#5597 = CYLINDRICAL_SURFACE('',#5598,0.5);
#5598 = AXIS2_PLACEMENT_3D('',#5599,#5600,#5601);
#5599 = CARTESIAN_POINT('',(163.25,-100.54,-4.6E-02));
#5600 = DIRECTION('',(-0.,-0.,-1.));
#5601 = DIRECTION('',(-0.,-1.,0.));
#5602 = ADVANCED_FACE('',(#5603),#5614,.F.);
#5603 = FACE_BOUND('',#5604,.T.);
#5604 = EDGE_LOOP('',(#5605,#5606,#5612,#5613));
#5605 = ORIENTED_EDGE('',*,*,#505,.T.);
#5606 = ORIENTED_EDGE('',*,*,#5607,.T.);
#5607 = EDGE_CURVE('',#506,#2901,#5608,.T.);
#5608 = LINE('',#5609,#5610);
#5609 = CARTESIAN_POINT('',(149.04,-96.17,-4.6E-02));
#5610 = VECTOR('',#5611,1.);
#5611 = DIRECTION('',(0.,0.,1.));
#5612 = ORIENTED_EDGE('',*,*,#2900,.F.);
#5613 = ORIENTED_EDGE('',*,*,#5607,.F.);
#5614 = CYLINDRICAL_SURFACE('',#5615,0.75);
#5615 = AXIS2_PLACEMENT_3D('',#5616,#5617,#5618);
#5616 = CARTESIAN_POINT('',(149.04,-95.42,-4.6E-02));
#5617 = DIRECTION('',(-0.,-0.,-1.));
#5618 = DIRECTION('',(-0.,-1.,0.));
#5619 = ADVANCED_FACE('',(#5620),#5631,.F.);
#5620 = FACE_BOUND('',#5621,.T.);
#5621 = EDGE_LOOP('',(#5622,#5623,#5629,#5630));
#5622 = ORIENTED_EDGE('',*,*,#516,.T.);
#5623 = ORIENTED_EDGE('',*,*,#5624,.T.);
#5624 = EDGE_CURVE('',#517,#2912,#5625,.T.);
#5625 = LINE('',#5626,#5627);
#5626 = CARTESIAN_POINT('',(163.25,-98.5,-4.6E-02));
#5627 = VECTOR('',#5628,1.);
#5628 = DIRECTION('',(0.,0.,1.));
#5629 = ORIENTED_EDGE('',*,*,#2911,.F.);
#5630 = ORIENTED_EDGE('',*,*,#5624,.F.);
#5631 = CYLINDRICAL_SURFACE('',#5632,0.5);
#5632 = AXIS2_PLACEMENT_3D('',#5633,#5634,#5635);
#5633 = CARTESIAN_POINT('',(163.25,-98.,-4.6E-02));
#5634 = DIRECTION('',(-0.,-0.,-1.));
#5635 = DIRECTION('',(-0.,-1.,0.));
#5636 = ADVANCED_FACE('',(#5637),#5648,.F.);
#5637 = FACE_BOUND('',#5638,.T.);
#5638 = EDGE_LOOP('',(#5639,#5640,#5646,#5647));
#5639 = ORIENTED_EDGE('',*,*,#527,.T.);
#5640 = ORIENTED_EDGE('',*,*,#5641,.T.);
#5641 = EDGE_CURVE('',#528,#2923,#5642,.T.);
#5642 = LINE('',#5643,#5644);
#5643 = CARTESIAN_POINT('',(163.25,-95.96,-4.6E-02));
#5644 = VECTOR('',#5645,1.);
#5645 = DIRECTION('',(0.,0.,1.));
#5646 = ORIENTED_EDGE('',*,*,#2922,.F.);
#5647 = ORIENTED_EDGE('',*,*,#5641,.F.);
#5648 = CYLINDRICAL_SURFACE('',#5649,0.5);
#5649 = AXIS2_PLACEMENT_3D('',#5650,#5651,#5652);
#5650 = CARTESIAN_POINT('',(163.25,-95.46,-4.6E-02));
#5651 = DIRECTION('',(-0.,-0.,-1.));
#5652 = DIRECTION('',(-0.,-1.,0.));
#5653 = ADVANCED_FACE('',(#5654),#5665,.F.);
#5654 = FACE_BOUND('',#5655,.T.);
#5655 = EDGE_LOOP('',(#5656,#5657,#5663,#5664));
#5656 = ORIENTED_EDGE('',*,*,#538,.T.);
#5657 = ORIENTED_EDGE('',*,*,#5658,.T.);
#5658 = EDGE_CURVE('',#539,#2934,#5659,.T.);
#5659 = LINE('',#5660,#5661);
#5660 = CARTESIAN_POINT('',(163.25,-93.42,-4.6E-02));
#5661 = VECTOR('',#5662,1.);
#5662 = DIRECTION('',(0.,0.,1.));
#5663 = ORIENTED_EDGE('',*,*,#2933,.F.);
#5664 = ORIENTED_EDGE('',*,*,#5658,.F.);
#5665 = CYLINDRICAL_SURFACE('',#5666,0.5);
#5666 = AXIS2_PLACEMENT_3D('',#5667,#5668,#5669);
#5667 = CARTESIAN_POINT('',(163.25,-92.92,-4.6E-02));
#5668 = DIRECTION('',(-0.,-0.,-1.));
#5669 = DIRECTION('',(-0.,-1.,0.));
#5670 = ADVANCED_FACE('',(#5671),#5682,.F.);
#5671 = FACE_BOUND('',#5672,.T.);
#5672 = EDGE_LOOP('',(#5673,#5674,#5680,#5681));
#5673 = ORIENTED_EDGE('',*,*,#549,.T.);
#5674 = ORIENTED_EDGE('',*,*,#5675,.T.);
#5675 = EDGE_CURVE('',#550,#2945,#5676,.T.);
#5676 = LINE('',#5677,#5678);
#5677 = CARTESIAN_POINT('',(163.25,-90.88,-4.6E-02));
#5678 = VECTOR('',#5679,1.);
#5679 = DIRECTION('',(0.,0.,1.));
#5680 = ORIENTED_EDGE('',*,*,#2944,.F.);
#5681 = ORIENTED_EDGE('',*,*,#5675,.F.);
#5682 = CYLINDRICAL_SURFACE('',#5683,0.5);
#5683 = AXIS2_PLACEMENT_3D('',#5684,#5685,#5686);
#5684 = CARTESIAN_POINT('',(163.25,-90.38,-4.6E-02));
#5685 = DIRECTION('',(-0.,-0.,-1.));
#5686 = DIRECTION('',(-0.,-1.,0.));
#5687 = ADVANCED_FACE('',(#5688),#5704,.F.);
#5688 = FACE_BOUND('',#5689,.T.);
#5689 = EDGE_LOOP('',(#5690,#5696,#5697,#5703));
#5690 = ORIENTED_EDGE('',*,*,#5691,.T.);
#5691 = EDGE_CURVE('',#561,#2956,#5692,.T.);
#5692 = LINE('',#5693,#5694);
#5693 = CARTESIAN_POINT('',(172.749485,-110.477438,0.));
#5694 = VECTOR('',#5695,1.);
#5695 = DIRECTION('',(0.,0.,1.));
#5696 = ORIENTED_EDGE('',*,*,#2955,.T.);
#5697 = ORIENTED_EDGE('',*,*,#5698,.F.);
#5698 = EDGE_CURVE('',#563,#2958,#5699,.T.);
#5699 = LINE('',#5700,#5701);
#5700 = CARTESIAN_POINT('',(172.046712,-109.82886,0.));
#5701 = VECTOR('',#5702,1.);
#5702 = DIRECTION('',(0.,0.,1.));
#5703 = ORIENTED_EDGE('',*,*,#560,.F.);
#5704 = CYLINDRICAL_SURFACE('',#5705,0.499999422661);
#5705 = AXIS2_PLACEMENT_3D('',#5706,#5707,#5708);
#5706 = CARTESIAN_POINT('',(172.29897029551,-110.26056033,0.));
#5707 = DIRECTION('',(-0.,-0.,-1.));
#5708 = DIRECTION('',(0.901030449374,-0.433755840654,0.));
#5709 = ADVANCED_FACE('',(#5710),#5721,.T.);
#5710 = FACE_BOUND('',#5711,.T.);
#5711 = EDGE_LOOP('',(#5712,#5718,#5719,#5720));
#5712 = ORIENTED_EDGE('',*,*,#5713,.T.);
#5713 = EDGE_CURVE('',#572,#2967,#5714,.T.);
#5714 = LINE('',#5715,#5716);
#5715 = CARTESIAN_POINT('',(172.7,-110.694315,0.));
#5716 = VECTOR('',#5717,1.);
#5717 = DIRECTION('',(0.,0.,1.));
#5718 = ORIENTED_EDGE('',*,*,#2966,.T.);
#5719 = ORIENTED_EDGE('',*,*,#5691,.F.);
#5720 = ORIENTED_EDGE('',*,*,#571,.F.);
#5721 = CYLINDRICAL_SURFACE('',#5722,0.499989884977);
#5722 = AXIS2_PLACEMENT_3D('',#5723,#5724,#5725);
#5723 = CARTESIAN_POINT('',(173.19998988497,-110.6943140791,0.));
#5724 = DIRECTION('',(0.,0.,-1.));
#5725 = DIRECTION('',(-0.999999999998,-1.841808653046E-06,-0.));
#5726 = ADVANCED_FACE('',(#5727),#5738,.T.);
#5727 = FACE_BOUND('',#5728,.T.);
#5728 = EDGE_LOOP('',(#5729,#5730,#5731,#5737));
#5729 = ORIENTED_EDGE('',*,*,#5698,.T.);
#5730 = ORIENTED_EDGE('',*,*,#3088,.T.);
#5731 = ORIENTED_EDGE('',*,*,#5732,.F.);
#5732 = EDGE_CURVE('',#686,#3081,#5733,.T.);
#5733 = LINE('',#5734,#5735);
#5734 = CARTESIAN_POINT('',(171.794454,-109.897159,0.));
#5735 = VECTOR('',#5736,1.);
#5736 = DIRECTION('',(0.,0.,1.));
#5737 = ORIENTED_EDGE('',*,*,#693,.F.);
#5738 = CYLINDRICAL_SURFACE('',#5739,0.500008729288);
#5739 = AXIS2_PLACEMENT_3D('',#5740,#5741,#5742);
#5740 = CARTESIAN_POINT('',(171.79445134312,-109.3971502707,0.));
#5741 = DIRECTION('',(0.,0.,-1.));
#5742 = DIRECTION('',(0.504512505685,-0.863404384751,0.));
#5743 = ADVANCED_FACE('',(#5744),#5755,.T.);
#5744 = FACE_BOUND('',#5745,.T.);
#5745 = EDGE_LOOP('',(#5746,#5752,#5753,#5754));
#5746 = ORIENTED_EDGE('',*,*,#5747,.T.);
#5747 = EDGE_CURVE('',#581,#2976,#5748,.T.);
#5748 = LINE('',#5749,#5750);
#5749 = CARTESIAN_POINT('',(172.7,-112.1,0.));
#5750 = VECTOR('',#5751,1.);
#5751 = DIRECTION('',(0.,0.,1.));
#5752 = ORIENTED_EDGE('',*,*,#2975,.T.);
#5753 = ORIENTED_EDGE('',*,*,#5713,.F.);
#5754 = ORIENTED_EDGE('',*,*,#580,.F.);
#5755 = PLANE('',#5756);
#5756 = AXIS2_PLACEMENT_3D('',#5757,#5758,#5759);
#5757 = CARTESIAN_POINT('',(172.7,-112.1,0.));
#5758 = DIRECTION('',(-1.,0.,0.));
#5759 = DIRECTION('',(0.,1.,0.));
#5760 = ADVANCED_FACE('',(#5761),#5772,.T.);
#5761 = FACE_BOUND('',#5762,.T.);
#5762 = EDGE_LOOP('',(#5763,#5764,#5765,#5771));
#5763 = ORIENTED_EDGE('',*,*,#5732,.T.);
#5764 = ORIENTED_EDGE('',*,*,#3080,.T.);
#5765 = ORIENTED_EDGE('',*,*,#5766,.F.);
#5766 = EDGE_CURVE('',#677,#3072,#5767,.T.);
#5767 = LINE('',#5768,#5769);
#5768 = CARTESIAN_POINT('',(170.205549,-109.897159,0.));
#5769 = VECTOR('',#5770,1.);
#5770 = DIRECTION('',(0.,0.,1.));
#5771 = ORIENTED_EDGE('',*,*,#685,.F.);
#5772 = PLANE('',#5773);
#5773 = AXIS2_PLACEMENT_3D('',#5774,#5775,#5776);
#5774 = CARTESIAN_POINT('',(171.794454,-109.897159,0.));
#5775 = DIRECTION('',(0.,-1.,0.));
#5776 = DIRECTION('',(-1.,0.,0.));
#5777 = ADVANCED_FACE('',(#5778),#5789,.T.);
#5778 = FACE_BOUND('',#5779,.T.);
#5779 = EDGE_LOOP('',(#5780,#5786,#5787,#5788));
#5780 = ORIENTED_EDGE('',*,*,#5781,.T.);
#5781 = EDGE_CURVE('',#589,#2984,#5782,.T.);
#5782 = LINE('',#5783,#5784);
#5783 = CARTESIAN_POINT('',(172.749485,-112.316878,0.));
#5784 = VECTOR('',#5785,1.);
#5785 = DIRECTION('',(0.,0.,1.));
#5786 = ORIENTED_EDGE('',*,*,#2983,.T.);
#5787 = ORIENTED_EDGE('',*,*,#5747,.F.);
#5788 = ORIENTED_EDGE('',*,*,#588,.F.);
#5789 = CYLINDRICAL_SURFACE('',#5790,0.499989885034);
#5790 = AXIS2_PLACEMENT_3D('',#5791,#5792,#5793);
#5791 = CARTESIAN_POINT('',(173.19998988503,-112.1000019208,0.));
#5792 = DIRECTION('',(0.,0.,-1.));
#5793 = DIRECTION('',(-0.901027997796,-0.43376093322,-0.));
#5794 = ADVANCED_FACE('',(#5795),#5806,.T.);
#5795 = FACE_BOUND('',#5796,.T.);
#5796 = EDGE_LOOP('',(#5797,#5798,#5799,#5805));
#5797 = ORIENTED_EDGE('',*,*,#5766,.T.);
#5798 = ORIENTED_EDGE('',*,*,#3071,.T.);
#5799 = ORIENTED_EDGE('',*,*,#5800,.F.);
#5800 = EDGE_CURVE('',#668,#3063,#5801,.T.);
#5801 = LINE('',#5802,#5803);
#5802 = CARTESIAN_POINT('',(169.95329,-109.828859,0.));
#5803 = VECTOR('',#5804,1.);
#5804 = DIRECTION('',(0.,0.,1.));
#5805 = ORIENTED_EDGE('',*,*,#676,.F.);
#5806 = CYLINDRICAL_SURFACE('',#5807,0.50002311711);
#5807 = AXIS2_PLACEMENT_3D('',#5808,#5809,#5810);
#5808 = CARTESIAN_POINT('',(170.20555626378,-109.3971358829,0.));
#5809 = DIRECTION('',(0.,0.,-1.));
#5810 = DIRECTION('',(-1.452689345975E-05,-0.999999999894,-0.));
#5811 = ADVANCED_FACE('',(#5812),#5823,.F.);
#5812 = FACE_BOUND('',#5813,.T.);
#5813 = EDGE_LOOP('',(#5814,#5820,#5821,#5822));
#5814 = ORIENTED_EDGE('',*,*,#5815,.T.);
#5815 = EDGE_CURVE('',#598,#2993,#5816,.T.);
#5816 = LINE('',#5817,#5818);
#5817 = CARTESIAN_POINT('',(172.046712,-112.965457,0.));
#5818 = VECTOR('',#5819,1.);
#5819 = DIRECTION('',(0.,0.,1.));
#5820 = ORIENTED_EDGE('',*,*,#2992,.T.);
#5821 = ORIENTED_EDGE('',*,*,#5781,.F.);
#5822 = ORIENTED_EDGE('',*,*,#597,.F.);
#5823 = CYLINDRICAL_SURFACE('',#5824,0.499999448976);
#5824 = AXIS2_PLACEMENT_3D('',#5825,#5826,#5827);
#5825 = CARTESIAN_POINT('',(172.29897090428,-112.5337569951,0.));
#5826 = DIRECTION('',(-0.,-0.,-1.));
#5827 = DIRECTION('',(-0.504518364574,-0.863400961204,0.));
#5828 = ADVANCED_FACE('',(#5829),#5840,.F.);
#5829 = FACE_BOUND('',#5830,.T.);
#5830 = EDGE_LOOP('',(#5831,#5832,#5833,#5839));
#5831 = ORIENTED_EDGE('',*,*,#5800,.T.);
#5832 = ORIENTED_EDGE('',*,*,#3062,.T.);
#5833 = ORIENTED_EDGE('',*,*,#5834,.F.);
#5834 = EDGE_CURVE('',#659,#3054,#5835,.T.);
#5835 = LINE('',#5836,#5837);
#5836 = CARTESIAN_POINT('',(169.250517,-110.477438,0.));
#5837 = VECTOR('',#5838,1.);
#5838 = DIRECTION('',(0.,0.,1.));
#5839 = ORIENTED_EDGE('',*,*,#667,.F.);
#5840 = CYLINDRICAL_SURFACE('',#5841,0.499999729127);
#5841 = AXIS2_PLACEMENT_3D('',#5842,#5843,#5844);
#5842 = CARTESIAN_POINT('',(169.70103174567,-110.2605597091,0.));
#5843 = DIRECTION('',(-0.,-0.,-1.));
#5844 = DIRECTION('',(0.504516781969,0.863401885979,-0.));
#5845 = ADVANCED_FACE('',(#5846),#5857,.T.);
#5846 = FACE_BOUND('',#5847,.T.);
#5847 = EDGE_LOOP('',(#5848,#5854,#5855,#5856));
#5848 = ORIENTED_EDGE('',*,*,#5849,.T.);
#5849 = EDGE_CURVE('',#607,#3002,#5850,.T.);
#5850 = LINE('',#5851,#5852);
#5851 = CARTESIAN_POINT('',(171.794453,-112.897158,0.));
#5852 = VECTOR('',#5853,1.);
#5853 = DIRECTION('',(0.,0.,1.));
#5854 = ORIENTED_EDGE('',*,*,#3001,.T.);
#5855 = ORIENTED_EDGE('',*,*,#5815,.F.);
#5856 = ORIENTED_EDGE('',*,*,#606,.F.);
#5857 = CYLINDRICAL_SURFACE('',#5858,0.500008729226);
#5858 = AXIS2_PLACEMENT_3D('',#5859,#5860,#5861);
#5859 = CARTESIAN_POINT('',(171.79445134314,-113.3971667292,0.));
#5860 = DIRECTION('',(0.,0.,-1.));
#5861 = DIRECTION('',(3.313649317029E-06,0.999999999995,0.));
#5862 = ADVANCED_FACE('',(#5863),#5874,.T.);
#5863 = FACE_BOUND('',#5864,.T.);
#5864 = EDGE_LOOP('',(#5865,#5866,#5867,#5873));
#5865 = ORIENTED_EDGE('',*,*,#5834,.T.);
#5866 = ORIENTED_EDGE('',*,*,#3053,.T.);
#5867 = ORIENTED_EDGE('',*,*,#5868,.F.);
#5868 = EDGE_CURVE('',#651,#3046,#5869,.T.);
#5869 = LINE('',#5870,#5871);
#5870 = CARTESIAN_POINT('',(169.300002,-110.694316,0.));
#5871 = VECTOR('',#5872,1.);
#5872 = DIRECTION('',(0.,0.,1.));
#5873 = ORIENTED_EDGE('',*,*,#658,.F.);
#5874 = CYLINDRICAL_SURFACE('',#5875,0.499989885034);
#5875 = AXIS2_PLACEMENT_3D('',#5876,#5877,#5878);
#5876 = CARTESIAN_POINT('',(168.80001211496,-110.6943140791,0.));
#5877 = DIRECTION('',(0.,0.,-1.));
#5878 = DIRECTION('',(0.901027997796,0.43376093322,0.));
#5879 = ADVANCED_FACE('',(#5880),#5891,.T.);
#5880 = FACE_BOUND('',#5881,.T.);
#5881 = EDGE_LOOP('',(#5882,#5888,#5889,#5890));
#5882 = ORIENTED_EDGE('',*,*,#5883,.T.);
#5883 = EDGE_CURVE('',#616,#3011,#5884,.T.);
#5884 = LINE('',#5885,#5886);
#5885 = CARTESIAN_POINT('',(170.205549,-112.897158,0.));
#5886 = VECTOR('',#5887,1.);
#5887 = DIRECTION('',(0.,0.,1.));
#5888 = ORIENTED_EDGE('',*,*,#3010,.T.);
#5889 = ORIENTED_EDGE('',*,*,#5849,.F.);
#5890 = ORIENTED_EDGE('',*,*,#615,.F.);
#5891 = PLANE('',#5892);
#5892 = AXIS2_PLACEMENT_3D('',#5893,#5894,#5895);
#5893 = CARTESIAN_POINT('',(170.205549,-112.897158,0.));
#5894 = DIRECTION('',(0.,1.,0.));
#5895 = DIRECTION('',(1.,0.,0.));
#5896 = ADVANCED_FACE('',(#5897),#5908,.T.);
#5897 = FACE_BOUND('',#5898,.T.);
#5898 = EDGE_LOOP('',(#5899,#5900,#5901,#5907));
#5899 = ORIENTED_EDGE('',*,*,#5868,.T.);
#5900 = ORIENTED_EDGE('',*,*,#3045,.T.);
#5901 = ORIENTED_EDGE('',*,*,#5902,.F.);
#5902 = EDGE_CURVE('',#642,#3037,#5903,.T.);
#5903 = LINE('',#5904,#5905);
#5904 = CARTESIAN_POINT('',(169.300002,-112.100001,0.));
#5905 = VECTOR('',#5906,1.);
#5906 = DIRECTION('',(0.,0.,1.));
#5907 = ORIENTED_EDGE('',*,*,#650,.F.);
#5908 = PLANE('',#5909);
#5909 = AXIS2_PLACEMENT_3D('',#5910,#5911,#5912);
#5910 = CARTESIAN_POINT('',(169.300002,-110.694316,0.));
#5911 = DIRECTION('',(1.,0.,-0.));
#5912 = DIRECTION('',(0.,-1.,0.));
#5913 = ADVANCED_FACE('',(#5914),#5925,.T.);
#5914 = FACE_BOUND('',#5915,.T.);
#5915 = EDGE_LOOP('',(#5916,#5922,#5923,#5924));
#5916 = ORIENTED_EDGE('',*,*,#5917,.T.);
#5917 = EDGE_CURVE('',#624,#3019,#5918,.T.);
#5918 = LINE('',#5919,#5920);
#5919 = CARTESIAN_POINT('',(169.953291,-112.965457,0.));
#5920 = VECTOR('',#5921,1.);
#5921 = DIRECTION('',(0.,0.,1.));
#5922 = ORIENTED_EDGE('',*,*,#3018,.T.);
#5923 = ORIENTED_EDGE('',*,*,#5883,.F.);
#5924 = ORIENTED_EDGE('',*,*,#623,.F.);
#5925 = CYLINDRICAL_SURFACE('',#5926,0.500008729288);
#5926 = AXIS2_PLACEMENT_3D('',#5927,#5928,#5929);
#5927 = CARTESIAN_POINT('',(170.20555165687,-113.3971667292,0.));
#5928 = DIRECTION('',(0.,0.,-1.));
#5929 = DIRECTION('',(-0.504512505685,0.863404384751,0.));
#5930 = ADVANCED_FACE('',(#5931),#5942,.T.);
#5931 = FACE_BOUND('',#5932,.T.);
#5932 = EDGE_LOOP('',(#5933,#5934,#5935,#5941));
#5933 = ORIENTED_EDGE('',*,*,#5902,.T.);
#5934 = ORIENTED_EDGE('',*,*,#3036,.T.);
#5935 = ORIENTED_EDGE('',*,*,#5936,.F.);
#5936 = EDGE_CURVE('',#633,#3028,#5937,.T.);
#5937 = LINE('',#5938,#5939);
#5938 = CARTESIAN_POINT('',(169.250517,-112.316878,0.));
#5939 = VECTOR('',#5940,1.);
#5940 = DIRECTION('',(0.,0.,1.));
#5941 = ORIENTED_EDGE('',*,*,#641,.F.);
#5942 = CYLINDRICAL_SURFACE('',#5943,0.499989884978);
#5943 = AXIS2_PLACEMENT_3D('',#5944,#5945,#5946);
#5944 = CARTESIAN_POINT('',(168.80001211502,-112.1000019208,0.));
#5945 = DIRECTION('',(0.,0.,-1.));
#5946 = DIRECTION('',(0.999999999998,1.841808596201E-06,0.));
#5947 = ADVANCED_FACE('',(#5948),#5954,.F.);
#5948 = FACE_BOUND('',#5949,.T.);
#5949 = EDGE_LOOP('',(#5950,#5951,#5952,#5953));
#5950 = ORIENTED_EDGE('',*,*,#5936,.T.);
#5951 = ORIENTED_EDGE('',*,*,#3027,.T.);
#5952 = ORIENTED_EDGE('',*,*,#5917,.F.);
#5953 = ORIENTED_EDGE('',*,*,#632,.F.);
#5954 = CYLINDRICAL_SURFACE('',#5955,0.500000669307);
#5955 = AXIS2_PLACEMENT_3D('',#5956,#5957,#5958);
#5956 = CARTESIAN_POINT('',(169.7010335355,-112.5337547404,0.));
#5957 = DIRECTION('',(-0.,-0.,-1.));
#5958 = DIRECTION('',(-0.901031864884,0.433752900236,0.));
#5959 = ADVANCED_FACE('',(#5960),#5976,.F.);
#5960 = FACE_BOUND('',#5961,.T.);
#5961 = EDGE_LOOP('',(#5962,#5968,#5969,#5975));
#5962 = ORIENTED_EDGE('',*,*,#5963,.T.);
#5963 = EDGE_CURVE('',#703,#3098,#5964,.T.);
#5964 = LINE('',#5965,#5966);
#5965 = CARTESIAN_POINT('',(199.249485,-116.977438,0.));
#5966 = VECTOR('',#5967,1.);
#5967 = DIRECTION('',(0.,0.,1.));
#5968 = ORIENTED_EDGE('',*,*,#3097,.T.);
#5969 = ORIENTED_EDGE('',*,*,#5970,.F.);
#5970 = EDGE_CURVE('',#705,#3100,#5971,.T.);
#5971 = LINE('',#5972,#5973);
#5972 = CARTESIAN_POINT('',(198.546712,-116.32886,0.));
#5973 = VECTOR('',#5974,1.);
#5974 = DIRECTION('',(0.,0.,1.));
#5975 = ORIENTED_EDGE('',*,*,#702,.F.);
#5976 = CYLINDRICAL_SURFACE('',#5977,0.499999422661);
#5977 = AXIS2_PLACEMENT_3D('',#5978,#5979,#5980);
#5978 = CARTESIAN_POINT('',(198.79897029551,-116.76056033,0.));
#5979 = DIRECTION('',(-0.,-0.,-1.));
#5980 = DIRECTION('',(0.901030449374,-0.433755840654,0.));
#5981 = ADVANCED_FACE('',(#5982),#5993,.T.);
#5982 = FACE_BOUND('',#5983,.T.);
#5983 = EDGE_LOOP('',(#5984,#5990,#5991,#5992));
#5984 = ORIENTED_EDGE('',*,*,#5985,.T.);
#5985 = EDGE_CURVE('',#714,#3109,#5986,.T.);
#5986 = LINE('',#5987,#5988);
#5987 = CARTESIAN_POINT('',(199.2,-117.194315,0.));
#5988 = VECTOR('',#5989,1.);
#5989 = DIRECTION('',(0.,0.,1.));
#5990 = ORIENTED_EDGE('',*,*,#3108,.T.);
#5991 = ORIENTED_EDGE('',*,*,#5963,.F.);
#5992 = ORIENTED_EDGE('',*,*,#713,.F.);
#5993 = CYLINDRICAL_SURFACE('',#5994,0.499989884977);
#5994 = AXIS2_PLACEMENT_3D('',#5995,#5996,#5997);
#5995 = CARTESIAN_POINT('',(199.69998988497,-117.1943140791,0.));
#5996 = DIRECTION('',(0.,0.,-1.));
#5997 = DIRECTION('',(-0.999999999998,-1.841808653046E-06,-0.));
#5998 = ADVANCED_FACE('',(#5999),#6010,.T.);
#5999 = FACE_BOUND('',#6000,.T.);
#6000 = EDGE_LOOP('',(#6001,#6002,#6003,#6009));
#6001 = ORIENTED_EDGE('',*,*,#5970,.T.);
#6002 = ORIENTED_EDGE('',*,*,#3230,.T.);
#6003 = ORIENTED_EDGE('',*,*,#6004,.F.);
#6004 = EDGE_CURVE('',#828,#3223,#6005,.T.);
#6005 = LINE('',#6006,#6007);
#6006 = CARTESIAN_POINT('',(198.294454,-116.397159,0.));
#6007 = VECTOR('',#6008,1.);
#6008 = DIRECTION('',(0.,0.,1.));
#6009 = ORIENTED_EDGE('',*,*,#835,.F.);
#6010 = CYLINDRICAL_SURFACE('',#6011,0.500008729288);
#6011 = AXIS2_PLACEMENT_3D('',#6012,#6013,#6014);
#6012 = CARTESIAN_POINT('',(198.29445134312,-115.8971502707,0.));
#6013 = DIRECTION('',(0.,0.,-1.));
#6014 = DIRECTION('',(0.504512505685,-0.863404384751,0.));
#6015 = ADVANCED_FACE('',(#6016),#6027,.T.);
#6016 = FACE_BOUND('',#6017,.T.);
#6017 = EDGE_LOOP('',(#6018,#6024,#6025,#6026));
#6018 = ORIENTED_EDGE('',*,*,#6019,.T.);
#6019 = EDGE_CURVE('',#723,#3118,#6020,.T.);
#6020 = LINE('',#6021,#6022);
#6021 = CARTESIAN_POINT('',(199.2,-118.6,0.));
#6022 = VECTOR('',#6023,1.);
#6023 = DIRECTION('',(0.,0.,1.));
#6024 = ORIENTED_EDGE('',*,*,#3117,.T.);
#6025 = ORIENTED_EDGE('',*,*,#5985,.F.);
#6026 = ORIENTED_EDGE('',*,*,#722,.F.);
#6027 = PLANE('',#6028);
#6028 = AXIS2_PLACEMENT_3D('',#6029,#6030,#6031);
#6029 = CARTESIAN_POINT('',(199.2,-118.6,0.));
#6030 = DIRECTION('',(-1.,0.,0.));
#6031 = DIRECTION('',(0.,1.,0.));
#6032 = ADVANCED_FACE('',(#6033),#6044,.T.);
#6033 = FACE_BOUND('',#6034,.T.);
#6034 = EDGE_LOOP('',(#6035,#6036,#6037,#6043));
#6035 = ORIENTED_EDGE('',*,*,#6004,.T.);
#6036 = ORIENTED_EDGE('',*,*,#3222,.T.);
#6037 = ORIENTED_EDGE('',*,*,#6038,.F.);
#6038 = EDGE_CURVE('',#819,#3214,#6039,.T.);
#6039 = LINE('',#6040,#6041);
#6040 = CARTESIAN_POINT('',(196.705549,-116.397159,0.));
#6041 = VECTOR('',#6042,1.);
#6042 = DIRECTION('',(0.,0.,1.));
#6043 = ORIENTED_EDGE('',*,*,#827,.F.);
#6044 = PLANE('',#6045);
#6045 = AXIS2_PLACEMENT_3D('',#6046,#6047,#6048);
#6046 = CARTESIAN_POINT('',(198.294454,-116.397159,0.));
#6047 = DIRECTION('',(0.,-1.,0.));
#6048 = DIRECTION('',(-1.,0.,0.));
#6049 = ADVANCED_FACE('',(#6050),#6061,.T.);
#6050 = FACE_BOUND('',#6051,.T.);
#6051 = EDGE_LOOP('',(#6052,#6058,#6059,#6060));
#6052 = ORIENTED_EDGE('',*,*,#6053,.T.);
#6053 = EDGE_CURVE('',#731,#3126,#6054,.T.);
#6054 = LINE('',#6055,#6056);
#6055 = CARTESIAN_POINT('',(199.249485,-118.816878,0.));
#6056 = VECTOR('',#6057,1.);
#6057 = DIRECTION('',(0.,0.,1.));
#6058 = ORIENTED_EDGE('',*,*,#3125,.T.);
#6059 = ORIENTED_EDGE('',*,*,#6019,.F.);
#6060 = ORIENTED_EDGE('',*,*,#730,.F.);
#6061 = CYLINDRICAL_SURFACE('',#6062,0.499989885034);
#6062 = AXIS2_PLACEMENT_3D('',#6063,#6064,#6065);
#6063 = CARTESIAN_POINT('',(199.69998988503,-118.6000019208,0.));
#6064 = DIRECTION('',(0.,0.,-1.));
#6065 = DIRECTION('',(-0.901027997796,-0.43376093322,-0.));
#6066 = ADVANCED_FACE('',(#6067),#6078,.T.);
#6067 = FACE_BOUND('',#6068,.T.);
#6068 = EDGE_LOOP('',(#6069,#6070,#6071,#6077));
#6069 = ORIENTED_EDGE('',*,*,#6038,.T.);
#6070 = ORIENTED_EDGE('',*,*,#3213,.T.);
#6071 = ORIENTED_EDGE('',*,*,#6072,.F.);
#6072 = EDGE_CURVE('',#810,#3205,#6073,.T.);
#6073 = LINE('',#6074,#6075);
#6074 = CARTESIAN_POINT('',(196.45329,-116.328859,0.));
#6075 = VECTOR('',#6076,1.);
#6076 = DIRECTION('',(0.,0.,1.));
#6077 = ORIENTED_EDGE('',*,*,#818,.F.);
#6078 = CYLINDRICAL_SURFACE('',#6079,0.50002311711);
#6079 = AXIS2_PLACEMENT_3D('',#6080,#6081,#6082);
#6080 = CARTESIAN_POINT('',(196.70555626378,-115.8971358829,0.));
#6081 = DIRECTION('',(0.,0.,-1.));
#6082 = DIRECTION('',(-1.452689345975E-05,-0.999999999894,-0.));
#6083 = ADVANCED_FACE('',(#6084),#6095,.F.);
#6084 = FACE_BOUND('',#6085,.T.);
#6085 = EDGE_LOOP('',(#6086,#6092,#6093,#6094));
#6086 = ORIENTED_EDGE('',*,*,#6087,.T.);
#6087 = EDGE_CURVE('',#740,#3135,#6088,.T.);
#6088 = LINE('',#6089,#6090);
#6089 = CARTESIAN_POINT('',(198.546712,-119.465457,0.));
#6090 = VECTOR('',#6091,1.);
#6091 = DIRECTION('',(0.,0.,1.));
#6092 = ORIENTED_EDGE('',*,*,#3134,.T.);
#6093 = ORIENTED_EDGE('',*,*,#6053,.F.);
#6094 = ORIENTED_EDGE('',*,*,#739,.F.);
#6095 = CYLINDRICAL_SURFACE('',#6096,0.499999448976);
#6096 = AXIS2_PLACEMENT_3D('',#6097,#6098,#6099);
#6097 = CARTESIAN_POINT('',(198.79897090428,-119.0337569951,0.));
#6098 = DIRECTION('',(-0.,-0.,-1.));
#6099 = DIRECTION('',(-0.504518364574,-0.863400961204,0.));
#6100 = ADVANCED_FACE('',(#6101),#6112,.F.);
#6101 = FACE_BOUND('',#6102,.T.);
#6102 = EDGE_LOOP('',(#6103,#6104,#6105,#6111));
#6103 = ORIENTED_EDGE('',*,*,#6072,.T.);
#6104 = ORIENTED_EDGE('',*,*,#3204,.T.);
#6105 = ORIENTED_EDGE('',*,*,#6106,.F.);
#6106 = EDGE_CURVE('',#801,#3196,#6107,.T.);
#6107 = LINE('',#6108,#6109);
#6108 = CARTESIAN_POINT('',(195.750517,-116.977438,0.));
#6109 = VECTOR('',#6110,1.);
#6110 = DIRECTION('',(0.,0.,1.));
#6111 = ORIENTED_EDGE('',*,*,#809,.F.);
#6112 = CYLINDRICAL_SURFACE('',#6113,0.499999729127);
#6113 = AXIS2_PLACEMENT_3D('',#6114,#6115,#6116);
#6114 = CARTESIAN_POINT('',(196.20103174567,-116.7605597091,0.));
#6115 = DIRECTION('',(-0.,-0.,-1.));
#6116 = DIRECTION('',(0.504516781969,0.863401885979,-0.));
#6117 = ADVANCED_FACE('',(#6118),#6129,.T.);
#6118 = FACE_BOUND('',#6119,.T.);
#6119 = EDGE_LOOP('',(#6120,#6126,#6127,#6128));
#6120 = ORIENTED_EDGE('',*,*,#6121,.T.);
#6121 = EDGE_CURVE('',#749,#3144,#6122,.T.);
#6122 = LINE('',#6123,#6124);
#6123 = CARTESIAN_POINT('',(198.294453,-119.397158,0.));
#6124 = VECTOR('',#6125,1.);
#6125 = DIRECTION('',(0.,0.,1.));
#6126 = ORIENTED_EDGE('',*,*,#3143,.T.);
#6127 = ORIENTED_EDGE('',*,*,#6087,.F.);
#6128 = ORIENTED_EDGE('',*,*,#748,.F.);
#6129 = CYLINDRICAL_SURFACE('',#6130,0.500008729226);
#6130 = AXIS2_PLACEMENT_3D('',#6131,#6132,#6133);
#6131 = CARTESIAN_POINT('',(198.29445134314,-119.8971667292,0.));
#6132 = DIRECTION('',(0.,0.,-1.));
#6133 = DIRECTION('',(3.313649317029E-06,0.999999999995,0.));
#6134 = ADVANCED_FACE('',(#6135),#6146,.T.);
#6135 = FACE_BOUND('',#6136,.T.);
#6136 = EDGE_LOOP('',(#6137,#6138,#6139,#6145));
#6137 = ORIENTED_EDGE('',*,*,#6106,.T.);
#6138 = ORIENTED_EDGE('',*,*,#3195,.T.);
#6139 = ORIENTED_EDGE('',*,*,#6140,.F.);
#6140 = EDGE_CURVE('',#793,#3188,#6141,.T.);
#6141 = LINE('',#6142,#6143);
#6142 = CARTESIAN_POINT('',(195.800002,-117.194316,0.));
#6143 = VECTOR('',#6144,1.);
#6144 = DIRECTION('',(0.,0.,1.));
#6145 = ORIENTED_EDGE('',*,*,#800,.F.);
#6146 = CYLINDRICAL_SURFACE('',#6147,0.499989885034);
#6147 = AXIS2_PLACEMENT_3D('',#6148,#6149,#6150);
#6148 = CARTESIAN_POINT('',(195.30001211496,-117.1943140791,0.));
#6149 = DIRECTION('',(0.,0.,-1.));
#6150 = DIRECTION('',(0.901027997796,0.43376093322,0.));
#6151 = ADVANCED_FACE('',(#6152),#6163,.T.);
#6152 = FACE_BOUND('',#6153,.T.);
#6153 = EDGE_LOOP('',(#6154,#6160,#6161,#6162));
#6154 = ORIENTED_EDGE('',*,*,#6155,.T.);
#6155 = EDGE_CURVE('',#758,#3153,#6156,.T.);
#6156 = LINE('',#6157,#6158);
#6157 = CARTESIAN_POINT('',(196.705549,-119.397158,0.));
#6158 = VECTOR('',#6159,1.);
#6159 = DIRECTION('',(0.,0.,1.));
#6160 = ORIENTED_EDGE('',*,*,#3152,.T.);
#6161 = ORIENTED_EDGE('',*,*,#6121,.F.);
#6162 = ORIENTED_EDGE('',*,*,#757,.F.);
#6163 = PLANE('',#6164);
#6164 = AXIS2_PLACEMENT_3D('',#6165,#6166,#6167);
#6165 = CARTESIAN_POINT('',(196.705549,-119.397158,0.));
#6166 = DIRECTION('',(0.,1.,0.));
#6167 = DIRECTION('',(1.,0.,0.));
#6168 = ADVANCED_FACE('',(#6169),#6180,.T.);
#6169 = FACE_BOUND('',#6170,.T.);
#6170 = EDGE_LOOP('',(#6171,#6172,#6173,#6179));
#6171 = ORIENTED_EDGE('',*,*,#6140,.T.);
#6172 = ORIENTED_EDGE('',*,*,#3187,.T.);
#6173 = ORIENTED_EDGE('',*,*,#6174,.F.);
#6174 = EDGE_CURVE('',#784,#3179,#6175,.T.);
#6175 = LINE('',#6176,#6177);
#6176 = CARTESIAN_POINT('',(195.800002,-118.600001,0.));
#6177 = VECTOR('',#6178,1.);
#6178 = DIRECTION('',(0.,0.,1.));
#6179 = ORIENTED_EDGE('',*,*,#792,.F.);
#6180 = PLANE('',#6181);
#6181 = AXIS2_PLACEMENT_3D('',#6182,#6183,#6184);
#6182 = CARTESIAN_POINT('',(195.800002,-117.194316,0.));
#6183 = DIRECTION('',(1.,0.,-0.));
#6184 = DIRECTION('',(0.,-1.,0.));
#6185 = ADVANCED_FACE('',(#6186),#6197,.T.);
#6186 = FACE_BOUND('',#6187,.T.);
#6187 = EDGE_LOOP('',(#6188,#6194,#6195,#6196));
#6188 = ORIENTED_EDGE('',*,*,#6189,.T.);
#6189 = EDGE_CURVE('',#766,#3161,#6190,.T.);
#6190 = LINE('',#6191,#6192);
#6191 = CARTESIAN_POINT('',(196.453291,-119.465457,0.));
#6192 = VECTOR('',#6193,1.);
#6193 = DIRECTION('',(0.,0.,1.));
#6194 = ORIENTED_EDGE('',*,*,#3160,.T.);
#6195 = ORIENTED_EDGE('',*,*,#6155,.F.);
#6196 = ORIENTED_EDGE('',*,*,#765,.F.);
#6197 = CYLINDRICAL_SURFACE('',#6198,0.500008729288);
#6198 = AXIS2_PLACEMENT_3D('',#6199,#6200,#6201);
#6199 = CARTESIAN_POINT('',(196.70555165687,-119.8971667292,0.));
#6200 = DIRECTION('',(0.,0.,-1.));
#6201 = DIRECTION('',(-0.504512505685,0.863404384751,0.));
#6202 = ADVANCED_FACE('',(#6203),#6214,.T.);
#6203 = FACE_BOUND('',#6204,.T.);
#6204 = EDGE_LOOP('',(#6205,#6206,#6207,#6213));
#6205 = ORIENTED_EDGE('',*,*,#6174,.T.);
#6206 = ORIENTED_EDGE('',*,*,#3178,.T.);
#6207 = ORIENTED_EDGE('',*,*,#6208,.F.);
#6208 = EDGE_CURVE('',#775,#3170,#6209,.T.);
#6209 = LINE('',#6210,#6211);
#6210 = CARTESIAN_POINT('',(195.750517,-118.816878,0.));
#6211 = VECTOR('',#6212,1.);
#6212 = DIRECTION('',(0.,0.,1.));
#6213 = ORIENTED_EDGE('',*,*,#783,.F.);
#6214 = CYLINDRICAL_SURFACE('',#6215,0.499989884978);
#6215 = AXIS2_PLACEMENT_3D('',#6216,#6217,#6218);
#6216 = CARTESIAN_POINT('',(195.30001211502,-118.6000019208,0.));
#6217 = DIRECTION('',(0.,0.,-1.));
#6218 = DIRECTION('',(0.999999999998,1.841808596201E-06,0.));
#6219 = ADVANCED_FACE('',(#6220),#6226,.F.);
#6220 = FACE_BOUND('',#6221,.T.);
#6221 = EDGE_LOOP('',(#6222,#6223,#6224,#6225));
#6222 = ORIENTED_EDGE('',*,*,#6208,.T.);
#6223 = ORIENTED_EDGE('',*,*,#3169,.T.);
#6224 = ORIENTED_EDGE('',*,*,#6189,.F.);
#6225 = ORIENTED_EDGE('',*,*,#774,.F.);
#6226 = CYLINDRICAL_SURFACE('',#6227,0.500000669307);
#6227 = AXIS2_PLACEMENT_3D('',#6228,#6229,#6230);
#6228 = CARTESIAN_POINT('',(196.2010335355,-119.0337547404,0.));
#6229 = DIRECTION('',(-0.,-0.,-1.));
#6230 = DIRECTION('',(-0.901031864884,0.433752900236,0.));
#6231 = ADVANCED_FACE('',(#6232),#6243,.F.);
#6232 = FACE_BOUND('',#6233,.T.);
#6233 = EDGE_LOOP('',(#6234,#6235,#6241,#6242));
#6234 = ORIENTED_EDGE('',*,*,#844,.T.);
#6235 = ORIENTED_EDGE('',*,*,#6236,.T.);
#6236 = EDGE_CURVE('',#845,#3240,#6237,.T.);
#6237 = LINE('',#6238,#6239);
#6238 = CARTESIAN_POINT('',(178.5,-101.04,-4.6E-02));
#6239 = VECTOR('',#6240,1.);
#6240 = DIRECTION('',(0.,0.,1.));
#6241 = ORIENTED_EDGE('',*,*,#3239,.F.);
#6242 = ORIENTED_EDGE('',*,*,#6236,.F.);
#6243 = CYLINDRICAL_SURFACE('',#6244,0.5);
#6244 = AXIS2_PLACEMENT_3D('',#6245,#6246,#6247);
#6245 = CARTESIAN_POINT('',(178.5,-100.54,-4.6E-02));
#6246 = DIRECTION('',(-0.,-0.,-1.));
#6247 = DIRECTION('',(-0.,-1.,0.));
#6248 = ADVANCED_FACE('',(#6249),#6260,.F.);
#6249 = FACE_BOUND('',#6250,.T.);
#6250 = EDGE_LOOP('',(#6251,#6252,#6258,#6259));
#6251 = ORIENTED_EDGE('',*,*,#855,.T.);
#6252 = ORIENTED_EDGE('',*,*,#6253,.T.);
#6253 = EDGE_CURVE('',#856,#3251,#6254,.T.);
#6254 = LINE('',#6255,#6256);
#6255 = CARTESIAN_POINT('',(188.92,-101.35,-4.6E-02));
#6256 = VECTOR('',#6257,1.);
#6257 = DIRECTION('',(0.,0.,1.));
#6258 = ORIENTED_EDGE('',*,*,#3250,.F.);
#6259 = ORIENTED_EDGE('',*,*,#6253,.F.);
#6260 = CYLINDRICAL_SURFACE('',#6261,0.85);
#6261 = AXIS2_PLACEMENT_3D('',#6262,#6263,#6264);
#6262 = CARTESIAN_POINT('',(188.92,-100.5,-4.6E-02));
#6263 = DIRECTION('',(-0.,-0.,-1.));
#6264 = DIRECTION('',(-3.343730521224E-14,-1.,0.));
#6265 = ADVANCED_FACE('',(#6266),#6277,.F.);
#6266 = FACE_BOUND('',#6267,.T.);
#6267 = EDGE_LOOP('',(#6268,#6269,#6275,#6276));
#6268 = ORIENTED_EDGE('',*,*,#866,.T.);
#6269 = ORIENTED_EDGE('',*,*,#6270,.T.);
#6270 = EDGE_CURVE('',#867,#3262,#6271,.T.);
#6271 = LINE('',#6272,#6273);
#6272 = CARTESIAN_POINT('',(194.,-102.5,-4.6E-02));
#6273 = VECTOR('',#6274,1.);
#6274 = DIRECTION('',(0.,0.,1.));
#6275 = ORIENTED_EDGE('',*,*,#3261,.F.);
#6276 = ORIENTED_EDGE('',*,*,#6270,.F.);
#6277 = CYLINDRICAL_SURFACE('',#6278,2.);
#6278 = AXIS2_PLACEMENT_3D('',#6279,#6280,#6281);
#6279 = CARTESIAN_POINT('',(194.,-100.5,-4.6E-02));
#6280 = DIRECTION('',(-0.,-0.,-1.));
#6281 = DIRECTION('',(-0.,-1.,0.));
#6282 = ADVANCED_FACE('',(#6283),#6294,.F.);
#6283 = FACE_BOUND('',#6284,.T.);
#6284 = EDGE_LOOP('',(#6285,#6286,#6292,#6293));
#6285 = ORIENTED_EDGE('',*,*,#877,.T.);
#6286 = ORIENTED_EDGE('',*,*,#6287,.T.);
#6287 = EDGE_CURVE('',#878,#3273,#6288,.T.);
#6288 = LINE('',#6289,#6290);
#6289 = CARTESIAN_POINT('',(178.5,-98.5,-4.6E-02));
#6290 = VECTOR('',#6291,1.);
#6291 = DIRECTION('',(0.,0.,1.));
#6292 = ORIENTED_EDGE('',*,*,#3272,.F.);
#6293 = ORIENTED_EDGE('',*,*,#6287,.F.);
#6294 = CYLINDRICAL_SURFACE('',#6295,0.5);
#6295 = AXIS2_PLACEMENT_3D('',#6296,#6297,#6298);
#6296 = CARTESIAN_POINT('',(178.5,-98.,-4.6E-02));
#6297 = DIRECTION('',(-0.,-0.,-1.));
#6298 = DIRECTION('',(-0.,-1.,0.));
#6299 = ADVANCED_FACE('',(#6300),#6311,.F.);
#6300 = FACE_BOUND('',#6301,.T.);
#6301 = EDGE_LOOP('',(#6302,#6303,#6309,#6310));
#6302 = ORIENTED_EDGE('',*,*,#888,.T.);
#6303 = ORIENTED_EDGE('',*,*,#6304,.T.);
#6304 = EDGE_CURVE('',#889,#3284,#6305,.T.);
#6305 = LINE('',#6306,#6307);
#6306 = CARTESIAN_POINT('',(178.5,-95.96,-4.6E-02));
#6307 = VECTOR('',#6308,1.);
#6308 = DIRECTION('',(0.,0.,1.));
#6309 = ORIENTED_EDGE('',*,*,#3283,.F.);
#6310 = ORIENTED_EDGE('',*,*,#6304,.F.);
#6311 = CYLINDRICAL_SURFACE('',#6312,0.5);
#6312 = AXIS2_PLACEMENT_3D('',#6313,#6314,#6315);
#6313 = CARTESIAN_POINT('',(178.5,-95.46,-4.6E-02));
#6314 = DIRECTION('',(-0.,-0.,-1.));
#6315 = DIRECTION('',(-0.,-1.,0.));
#6316 = ADVANCED_FACE('',(#6317),#6328,.F.);
#6317 = FACE_BOUND('',#6318,.T.);
#6318 = EDGE_LOOP('',(#6319,#6320,#6326,#6327));
#6319 = ORIENTED_EDGE('',*,*,#899,.T.);
#6320 = ORIENTED_EDGE('',*,*,#6321,.T.);
#6321 = EDGE_CURVE('',#900,#3295,#6322,.T.);
#6322 = LINE('',#6323,#6324);
#6323 = CARTESIAN_POINT('',(178.5,-93.42,-4.6E-02));
#6324 = VECTOR('',#6325,1.);
#6325 = DIRECTION('',(0.,0.,1.));
#6326 = ORIENTED_EDGE('',*,*,#3294,.F.);
#6327 = ORIENTED_EDGE('',*,*,#6321,.F.);
#6328 = CYLINDRICAL_SURFACE('',#6329,0.5);
#6329 = AXIS2_PLACEMENT_3D('',#6330,#6331,#6332);
#6330 = CARTESIAN_POINT('',(178.5,-92.92,-4.6E-02));
#6331 = DIRECTION('',(-0.,-0.,-1.));
#6332 = DIRECTION('',(-0.,-1.,0.));
#6333 = ADVANCED_FACE('',(#6334),#6345,.F.);
#6334 = FACE_BOUND('',#6335,.T.);
#6335 = EDGE_LOOP('',(#6336,#6337,#6343,#6344));
#6336 = ORIENTED_EDGE('',*,*,#910,.T.);
#6337 = ORIENTED_EDGE('',*,*,#6338,.T.);
#6338 = EDGE_CURVE('',#911,#3306,#6339,.T.);
#6339 = LINE('',#6340,#6341);
#6340 = CARTESIAN_POINT('',(178.5,-90.88,-4.6E-02));
#6341 = VECTOR('',#6342,1.);
#6342 = DIRECTION('',(0.,0.,1.));
#6343 = ORIENTED_EDGE('',*,*,#3305,.F.);
#6344 = ORIENTED_EDGE('',*,*,#6338,.F.);
#6345 = CYLINDRICAL_SURFACE('',#6346,0.5);
#6346 = AXIS2_PLACEMENT_3D('',#6347,#6348,#6349);
#6347 = CARTESIAN_POINT('',(178.5,-90.38,-4.6E-02));
#6348 = DIRECTION('',(-0.,-0.,-1.));
#6349 = DIRECTION('',(-0.,-1.,0.));
#6350 = ADVANCED_FACE('',(#6351),#6362,.F.);
#6351 = FACE_BOUND('',#6352,.T.);
#6352 = EDGE_LOOP('',(#6353,#6354,#6360,#6361));
#6353 = ORIENTED_EDGE('',*,*,#921,.T.);
#6354 = ORIENTED_EDGE('',*,*,#6355,.T.);
#6355 = EDGE_CURVE('',#922,#3317,#6356,.T.);
#6356 = LINE('',#6357,#6358);
#6357 = CARTESIAN_POINT('',(190.19,-98.71,-4.6E-02));
#6358 = VECTOR('',#6359,1.);
#6359 = DIRECTION('',(0.,0.,1.));
#6360 = ORIENTED_EDGE('',*,*,#3316,.F.);
#6361 = ORIENTED_EDGE('',*,*,#6355,.F.);
#6362 = CYLINDRICAL_SURFACE('',#6363,0.75);
#6363 = AXIS2_PLACEMENT_3D('',#6364,#6365,#6366);
#6364 = CARTESIAN_POINT('',(190.19,-97.96,-4.6E-02));
#6365 = DIRECTION('',(-0.,-0.,-1.));
#6366 = DIRECTION('',(-0.,-1.,0.));
#6367 = ADVANCED_FACE('',(#6368),#6379,.F.);
#6368 = FACE_BOUND('',#6369,.T.);
#6369 = EDGE_LOOP('',(#6370,#6371,#6377,#6378));
#6370 = ORIENTED_EDGE('',*,*,#932,.T.);
#6371 = ORIENTED_EDGE('',*,*,#6372,.T.);
#6372 = EDGE_CURVE('',#933,#3328,#6373,.T.);
#6373 = LINE('',#6374,#6375);
#6374 = CARTESIAN_POINT('',(199.08,-101.35,-4.6E-02));
#6375 = VECTOR('',#6376,1.);
#6376 = DIRECTION('',(0.,0.,1.));
#6377 = ORIENTED_EDGE('',*,*,#3327,.F.);
#6378 = ORIENTED_EDGE('',*,*,#6372,.F.);
#6379 = CYLINDRICAL_SURFACE('',#6380,0.85);
#6380 = AXIS2_PLACEMENT_3D('',#6381,#6382,#6383);
#6381 = CARTESIAN_POINT('',(199.08,-100.5,-4.6E-02));
#6382 = DIRECTION('',(-0.,0.,-1.));
#6383 = DIRECTION('',(3.343730521224E-14,-1.,-0.));
#6384 = ADVANCED_FACE('',(#6385),#6396,.F.);
#6385 = FACE_BOUND('',#6386,.T.);
#6386 = EDGE_LOOP('',(#6387,#6388,#6394,#6395));
#6387 = ORIENTED_EDGE('',*,*,#943,.T.);
#6388 = ORIENTED_EDGE('',*,*,#6389,.T.);
#6389 = EDGE_CURVE('',#944,#3339,#6390,.T.);
#6390 = LINE('',#6391,#6392);
#6391 = CARTESIAN_POINT('',(196.54,-96.17,-4.6E-02));
#6392 = VECTOR('',#6393,1.);
#6393 = DIRECTION('',(0.,0.,1.));
#6394 = ORIENTED_EDGE('',*,*,#3338,.F.);
#6395 = ORIENTED_EDGE('',*,*,#6389,.F.);
#6396 = CYLINDRICAL_SURFACE('',#6397,0.75);
#6397 = AXIS2_PLACEMENT_3D('',#6398,#6399,#6400);
#6398 = CARTESIAN_POINT('',(196.54,-95.42,-4.6E-02));
#6399 = DIRECTION('',(-0.,-0.,-1.));
#6400 = DIRECTION('',(-0.,-1.,0.));
#6401 = ADVANCED_FACE('',(#6402),#6418,.F.);
#6402 = FACE_BOUND('',#6403,.T.);
#6403 = EDGE_LOOP('',(#6404,#6410,#6411,#6417));
#6404 = ORIENTED_EDGE('',*,*,#6405,.T.);
#6405 = EDGE_CURVE('',#955,#3350,#6406,.T.);
#6406 = LINE('',#6407,#6408);
#6407 = CARTESIAN_POINT('',(133.749485,-84.977438,0.));
#6408 = VECTOR('',#6409,1.);
#6409 = DIRECTION('',(0.,0.,1.));
#6410 = ORIENTED_EDGE('',*,*,#3349,.T.);
#6411 = ORIENTED_EDGE('',*,*,#6412,.F.);
#6412 = EDGE_CURVE('',#957,#3352,#6413,.T.);
#6413 = LINE('',#6414,#6415);
#6414 = CARTESIAN_POINT('',(133.046712,-84.32886,0.));
#6415 = VECTOR('',#6416,1.);
#6416 = DIRECTION('',(0.,0.,1.));
#6417 = ORIENTED_EDGE('',*,*,#954,.F.);
#6418 = CYLINDRICAL_SURFACE('',#6419,0.499999422661);
#6419 = AXIS2_PLACEMENT_3D('',#6420,#6421,#6422);
#6420 = CARTESIAN_POINT('',(133.29897029551,-84.76056033009,0.));
#6421 = DIRECTION('',(-0.,-0.,-1.));
#6422 = DIRECTION('',(0.901030449374,-0.433755840654,0.));
#6423 = ADVANCED_FACE('',(#6424),#6435,.T.);
#6424 = FACE_BOUND('',#6425,.T.);
#6425 = EDGE_LOOP('',(#6426,#6432,#6433,#6434));
#6426 = ORIENTED_EDGE('',*,*,#6427,.T.);
#6427 = EDGE_CURVE('',#966,#3361,#6428,.T.);
#6428 = LINE('',#6429,#6430);
#6429 = CARTESIAN_POINT('',(133.7,-85.194316,0.));
#6430 = VECTOR('',#6431,1.);
#6431 = DIRECTION('',(0.,0.,1.));
#6432 = ORIENTED_EDGE('',*,*,#3360,.T.);
#6433 = ORIENTED_EDGE('',*,*,#6405,.F.);
#6434 = ORIENTED_EDGE('',*,*,#965,.F.);
#6435 = CYLINDRICAL_SURFACE('',#6436,0.499989885034);
#6436 = AXIS2_PLACEMENT_3D('',#6437,#6438,#6439);
#6437 = CARTESIAN_POINT('',(134.19998988503,-85.19431407913,0.));
#6438 = DIRECTION('',(0.,0.,-1.));
#6439 = DIRECTION('',(-0.999999999993,-3.841811448942E-06,-0.));
#6440 = ADVANCED_FACE('',(#6441),#6452,.T.);
#6441 = FACE_BOUND('',#6442,.T.);
#6442 = EDGE_LOOP('',(#6443,#6444,#6445,#6451));
#6443 = ORIENTED_EDGE('',*,*,#6412,.T.);
#6444 = ORIENTED_EDGE('',*,*,#3482,.T.);
#6445 = ORIENTED_EDGE('',*,*,#6446,.F.);
#6446 = EDGE_CURVE('',#1080,#3475,#6447,.T.);
#6447 = LINE('',#6448,#6449);
#6448 = CARTESIAN_POINT('',(132.794454,-84.397159,0.));
#6449 = VECTOR('',#6450,1.);
#6450 = DIRECTION('',(0.,0.,1.));
#6451 = ORIENTED_EDGE('',*,*,#1087,.F.);
#6452 = CYLINDRICAL_SURFACE('',#6453,0.500008729288);
#6453 = AXIS2_PLACEMENT_3D('',#6454,#6455,#6456);
#6454 = CARTESIAN_POINT('',(132.79445134312,-83.89715027071,0.));
#6455 = DIRECTION('',(0.,0.,-1.));
#6456 = DIRECTION('',(0.504512505685,-0.863404384751,0.));
#6457 = ADVANCED_FACE('',(#6458),#6469,.T.);
#6458 = FACE_BOUND('',#6459,.T.);
#6459 = EDGE_LOOP('',(#6460,#6466,#6467,#6468));
#6460 = ORIENTED_EDGE('',*,*,#6461,.T.);
#6461 = EDGE_CURVE('',#975,#3370,#6462,.T.);
#6462 = LINE('',#6463,#6464);
#6463 = CARTESIAN_POINT('',(133.7,-86.6,0.));
#6464 = VECTOR('',#6465,1.);
#6465 = DIRECTION('',(0.,0.,1.));
#6466 = ORIENTED_EDGE('',*,*,#3369,.T.);
#6467 = ORIENTED_EDGE('',*,*,#6427,.F.);
#6468 = ORIENTED_EDGE('',*,*,#974,.F.);
#6469 = PLANE('',#6470);
#6470 = AXIS2_PLACEMENT_3D('',#6471,#6472,#6473);
#6471 = CARTESIAN_POINT('',(133.7,-86.6,0.));
#6472 = DIRECTION('',(-1.,0.,0.));
#6473 = DIRECTION('',(0.,1.,0.));
#6474 = ADVANCED_FACE('',(#6475),#6486,.T.);
#6475 = FACE_BOUND('',#6476,.T.);
#6476 = EDGE_LOOP('',(#6477,#6478,#6479,#6485));
#6477 = ORIENTED_EDGE('',*,*,#6446,.T.);
#6478 = ORIENTED_EDGE('',*,*,#3474,.T.);
#6479 = ORIENTED_EDGE('',*,*,#6480,.F.);
#6480 = EDGE_CURVE('',#1071,#3466,#6481,.T.);
#6481 = LINE('',#6482,#6483);
#6482 = CARTESIAN_POINT('',(131.205548,-84.397158,0.));
#6483 = VECTOR('',#6484,1.);
#6484 = DIRECTION('',(0.,0.,1.));
#6485 = ORIENTED_EDGE('',*,*,#1079,.F.);
#6486 = PLANE('',#6487);
#6487 = AXIS2_PLACEMENT_3D('',#6488,#6489,#6490);
#6488 = CARTESIAN_POINT('',(132.794454,-84.397159,0.));
#6489 = DIRECTION('',(-6.29363850017E-07,-1.,0.));
#6490 = DIRECTION('',(-1.,6.29363850017E-07,0.));
#6491 = ADVANCED_FACE('',(#6492),#6503,.T.);
#6492 = FACE_BOUND('',#6493,.T.);
#6493 = EDGE_LOOP('',(#6494,#6500,#6501,#6502));
#6494 = ORIENTED_EDGE('',*,*,#6495,.T.);
#6495 = EDGE_CURVE('',#983,#3378,#6496,.T.);
#6496 = LINE('',#6497,#6498);
#6497 = CARTESIAN_POINT('',(133.749485,-86.816878,0.));
#6498 = VECTOR('',#6499,1.);
#6499 = DIRECTION('',(0.,0.,1.));
#6500 = ORIENTED_EDGE('',*,*,#3377,.T.);
#6501 = ORIENTED_EDGE('',*,*,#6461,.F.);
#6502 = ORIENTED_EDGE('',*,*,#982,.F.);
#6503 = CYLINDRICAL_SURFACE('',#6504,0.499989885034);
#6504 = AXIS2_PLACEMENT_3D('',#6505,#6506,#6507);
#6505 = CARTESIAN_POINT('',(134.19998988503,-86.60000192086,0.));
#6506 = DIRECTION('',(0.,0.,-1.));
#6507 = DIRECTION('',(-0.901027997796,-0.43376093322,-0.));
#6508 = ADVANCED_FACE('',(#6509),#6520,.T.);
#6509 = FACE_BOUND('',#6510,.T.);
#6510 = EDGE_LOOP('',(#6511,#6512,#6513,#6519));
#6511 = ORIENTED_EDGE('',*,*,#6480,.T.);
#6512 = ORIENTED_EDGE('',*,*,#3465,.T.);
#6513 = ORIENTED_EDGE('',*,*,#6514,.F.);
#6514 = EDGE_CURVE('',#1062,#3457,#6515,.T.);
#6515 = LINE('',#6516,#6517);
#6516 = CARTESIAN_POINT('',(130.95329,-84.328859,0.));
#6517 = VECTOR('',#6518,1.);
#6518 = DIRECTION('',(0.,0.,1.));
#6519 = ORIENTED_EDGE('',*,*,#1070,.F.);
#6520 = CYLINDRICAL_SURFACE('',#6521,0.500008729288);
#6521 = AXIS2_PLACEMENT_3D('',#6522,#6523,#6524);
#6522 = CARTESIAN_POINT('',(131.20555065687,-83.89714927071,0.));
#6523 = DIRECTION('',(0.,0.,-1.));
#6524 = DIRECTION('',(-5.313662938456E-06,-0.999999999986,-0.));
#6525 = ADVANCED_FACE('',(#6526),#6537,.F.);
#6526 = FACE_BOUND('',#6527,.T.);
#6527 = EDGE_LOOP('',(#6528,#6534,#6535,#6536));
#6528 = ORIENTED_EDGE('',*,*,#6529,.T.);
#6529 = EDGE_CURVE('',#992,#3387,#6530,.T.);
#6530 = LINE('',#6531,#6532);
#6531 = CARTESIAN_POINT('',(133.046712,-87.465457,0.));
#6532 = VECTOR('',#6533,1.);
#6533 = DIRECTION('',(0.,0.,1.));
#6534 = ORIENTED_EDGE('',*,*,#3386,.T.);
#6535 = ORIENTED_EDGE('',*,*,#6495,.F.);
#6536 = ORIENTED_EDGE('',*,*,#991,.F.);
#6537 = CYLINDRICAL_SURFACE('',#6538,0.499999448976);
#6538 = AXIS2_PLACEMENT_3D('',#6539,#6540,#6541);
#6539 = CARTESIAN_POINT('',(133.29897090428,-87.03375699515,0.));
#6540 = DIRECTION('',(-0.,-0.,-1.));
#6541 = DIRECTION('',(-0.504518364574,-0.863400961204,0.));
#6542 = ADVANCED_FACE('',(#6543),#6554,.F.);
#6543 = FACE_BOUND('',#6544,.T.);
#6544 = EDGE_LOOP('',(#6545,#6546,#6547,#6553));
#6545 = ORIENTED_EDGE('',*,*,#6514,.T.);
#6546 = ORIENTED_EDGE('',*,*,#3456,.T.);
#6547 = ORIENTED_EDGE('',*,*,#6548,.F.);
#6548 = EDGE_CURVE('',#1053,#3448,#6549,.T.);
#6549 = LINE('',#6550,#6551);
#6550 = CARTESIAN_POINT('',(130.250517,-84.977438,0.));
#6551 = VECTOR('',#6552,1.);
#6552 = DIRECTION('',(0.,0.,1.));
#6553 = ORIENTED_EDGE('',*,*,#1061,.F.);
#6554 = CYLINDRICAL_SURFACE('',#6555,0.499999729127);
#6555 = AXIS2_PLACEMENT_3D('',#6556,#6557,#6558);
#6556 = CARTESIAN_POINT('',(130.70103174567,-84.76055970911,0.));
#6557 = DIRECTION('',(-0.,-0.,-1.));
#6558 = DIRECTION('',(0.504516781969,0.863401885979,-0.));
#6559 = ADVANCED_FACE('',(#6560),#6571,.T.);
#6560 = FACE_BOUND('',#6561,.T.);
#6561 = EDGE_LOOP('',(#6562,#6568,#6569,#6570));
#6562 = ORIENTED_EDGE('',*,*,#6563,.T.);
#6563 = EDGE_CURVE('',#1001,#3396,#6564,.T.);
#6564 = LINE('',#6565,#6566);
#6565 = CARTESIAN_POINT('',(132.794453,-87.397158,0.));
#6566 = VECTOR('',#6567,1.);
#6567 = DIRECTION('',(0.,0.,1.));
#6568 = ORIENTED_EDGE('',*,*,#3395,.T.);
#6569 = ORIENTED_EDGE('',*,*,#6529,.F.);
#6570 = ORIENTED_EDGE('',*,*,#1000,.F.);
#6571 = CYLINDRICAL_SURFACE('',#6572,0.500008729226);
#6572 = AXIS2_PLACEMENT_3D('',#6573,#6574,#6575);
#6573 = CARTESIAN_POINT('',(132.79445134314,-87.89716672922,0.));
#6574 = DIRECTION('',(0.,0.,-1.));
#6575 = DIRECTION('',(3.313649317029E-06,0.999999999995,0.));
#6576 = ADVANCED_FACE('',(#6577),#6588,.T.);
#6577 = FACE_BOUND('',#6578,.T.);
#6578 = EDGE_LOOP('',(#6579,#6580,#6581,#6587));
#6579 = ORIENTED_EDGE('',*,*,#6548,.T.);
#6580 = ORIENTED_EDGE('',*,*,#3447,.T.);
#6581 = ORIENTED_EDGE('',*,*,#6582,.F.);
#6582 = EDGE_CURVE('',#1045,#3440,#6583,.T.);
#6583 = LINE('',#6584,#6585);
#6584 = CARTESIAN_POINT('',(130.300002,-85.194316,0.));
#6585 = VECTOR('',#6586,1.);
#6586 = DIRECTION('',(0.,0.,1.));
#6587 = ORIENTED_EDGE('',*,*,#1052,.F.);
#6588 = CYLINDRICAL_SURFACE('',#6589,0.499989885034);
#6589 = AXIS2_PLACEMENT_3D('',#6590,#6591,#6592);
#6590 = CARTESIAN_POINT('',(129.80001211496,-85.19431407913,0.));
#6591 = DIRECTION('',(0.,0.,-1.));
#6592 = DIRECTION('',(0.901027997796,0.43376093322,0.));
#6593 = ADVANCED_FACE('',(#6594),#6605,.T.);
#6594 = FACE_BOUND('',#6595,.T.);
#6595 = EDGE_LOOP('',(#6596,#6602,#6603,#6604));
#6596 = ORIENTED_EDGE('',*,*,#6597,.T.);
#6597 = EDGE_CURVE('',#1010,#3405,#6598,.T.);
#6598 = LINE('',#6599,#6600);
#6599 = CARTESIAN_POINT('',(131.205549,-87.397158,0.));
#6600 = VECTOR('',#6601,1.);
#6601 = DIRECTION('',(0.,0.,1.));
#6602 = ORIENTED_EDGE('',*,*,#3404,.T.);
#6603 = ORIENTED_EDGE('',*,*,#6563,.F.);
#6604 = ORIENTED_EDGE('',*,*,#1009,.F.);
#6605 = PLANE('',#6606);
#6606 = AXIS2_PLACEMENT_3D('',#6607,#6608,#6609);
#6607 = CARTESIAN_POINT('',(131.205549,-87.397158,0.));
#6608 = DIRECTION('',(0.,1.,0.));
#6609 = DIRECTION('',(1.,0.,0.));
#6610 = ADVANCED_FACE('',(#6611),#6622,.T.);
#6611 = FACE_BOUND('',#6612,.T.);
#6612 = EDGE_LOOP('',(#6613,#6614,#6615,#6621));
#6613 = ORIENTED_EDGE('',*,*,#6582,.T.);
#6614 = ORIENTED_EDGE('',*,*,#3439,.T.);
#6615 = ORIENTED_EDGE('',*,*,#6616,.F.);
#6616 = EDGE_CURVE('',#1036,#3431,#6617,.T.);
#6617 = LINE('',#6618,#6619);
#6618 = CARTESIAN_POINT('',(130.300002,-86.600001,0.));
#6619 = VECTOR('',#6620,1.);
#6620 = DIRECTION('',(0.,0.,1.));
#6621 = ORIENTED_EDGE('',*,*,#1044,.F.);
#6622 = PLANE('',#6623);
#6623 = AXIS2_PLACEMENT_3D('',#6624,#6625,#6626);
#6624 = CARTESIAN_POINT('',(130.300002,-85.194316,0.));
#6625 = DIRECTION('',(1.,0.,-0.));
#6626 = DIRECTION('',(0.,-1.,0.));
#6627 = ADVANCED_FACE('',(#6628),#6639,.T.);
#6628 = FACE_BOUND('',#6629,.T.);
#6629 = EDGE_LOOP('',(#6630,#6636,#6637,#6638));
#6630 = ORIENTED_EDGE('',*,*,#6631,.T.);
#6631 = EDGE_CURVE('',#1018,#3413,#6632,.T.);
#6632 = LINE('',#6633,#6634);
#6633 = CARTESIAN_POINT('',(130.953291,-87.465457,0.));
#6634 = VECTOR('',#6635,1.);
#6635 = DIRECTION('',(0.,0.,1.));
#6636 = ORIENTED_EDGE('',*,*,#3412,.T.);
#6637 = ORIENTED_EDGE('',*,*,#6597,.F.);
#6638 = ORIENTED_EDGE('',*,*,#1017,.F.);
#6639 = CYLINDRICAL_SURFACE('',#6640,0.500008729288);
#6640 = AXIS2_PLACEMENT_3D('',#6641,#6642,#6643);
#6641 = CARTESIAN_POINT('',(131.20555165687,-87.89716672928,0.));
#6642 = DIRECTION('',(0.,0.,-1.));
#6643 = DIRECTION('',(-0.504512505685,0.863404384751,0.));
#6644 = ADVANCED_FACE('',(#6645),#6656,.T.);
#6645 = FACE_BOUND('',#6646,.T.);
#6646 = EDGE_LOOP('',(#6647,#6648,#6649,#6655));
#6647 = ORIENTED_EDGE('',*,*,#6616,.T.);
#6648 = ORIENTED_EDGE('',*,*,#3430,.T.);
#6649 = ORIENTED_EDGE('',*,*,#6650,.F.);
#6650 = EDGE_CURVE('',#1027,#3422,#6651,.T.);
#6651 = LINE('',#6652,#6653);
#6652 = CARTESIAN_POINT('',(130.250517,-86.816878,0.));
#6653 = VECTOR('',#6654,1.);
#6654 = DIRECTION('',(0.,0.,1.));
#6655 = ORIENTED_EDGE('',*,*,#1035,.F.);
#6656 = CYLINDRICAL_SURFACE('',#6657,0.499989884978);
#6657 = AXIS2_PLACEMENT_3D('',#6658,#6659,#6660);
#6658 = CARTESIAN_POINT('',(129.80001211502,-86.60000192088,0.));
#6659 = DIRECTION('',(0.,0.,-1.));
#6660 = DIRECTION('',(0.999999999998,1.841808596201E-06,0.));
#6661 = ADVANCED_FACE('',(#6662),#6668,.F.);
#6662 = FACE_BOUND('',#6663,.T.);
#6663 = EDGE_LOOP('',(#6664,#6665,#6666,#6667));
#6664 = ORIENTED_EDGE('',*,*,#6650,.T.);
#6665 = ORIENTED_EDGE('',*,*,#3421,.T.);
#6666 = ORIENTED_EDGE('',*,*,#6631,.F.);
#6667 = ORIENTED_EDGE('',*,*,#1026,.F.);
#6668 = CYLINDRICAL_SURFACE('',#6669,0.500000669307);
#6669 = AXIS2_PLACEMENT_3D('',#6670,#6671,#6672);
#6670 = CARTESIAN_POINT('',(130.7010335355,-87.03375474043,0.));
#6671 = DIRECTION('',(-0.,-0.,-1.));
#6672 = DIRECTION('',(-0.901031864884,0.433752900236,0.));
#6673 = ADVANCED_FACE('',(#6674),#6685,.F.);
#6674 = FACE_BOUND('',#6675,.T.);
#6675 = EDGE_LOOP('',(#6676,#6677,#6683,#6684));
#6676 = ORIENTED_EDGE('',*,*,#1096,.T.);
#6677 = ORIENTED_EDGE('',*,*,#6678,.T.);
#6678 = EDGE_CURVE('',#1097,#3492,#6679,.T.);
#6679 = LINE('',#6680,#6681);
#6680 = CARTESIAN_POINT('',(129.4,-80.,-4.6E-02));
#6681 = VECTOR('',#6682,1.);
#6682 = DIRECTION('',(0.,0.,1.));
#6683 = ORIENTED_EDGE('',*,*,#3491,.F.);
#6684 = ORIENTED_EDGE('',*,*,#6678,.F.);
#6685 = CYLINDRICAL_SURFACE('',#6686,0.5);
#6686 = AXIS2_PLACEMENT_3D('',#6687,#6688,#6689);
#6687 = CARTESIAN_POINT('',(129.4,-79.5,-4.6E-02));
#6688 = DIRECTION('',(-0.,-0.,-1.));
#6689 = DIRECTION('',(-0.,-1.,0.));
#6690 = ADVANCED_FACE('',(#6691),#6702,.F.);
#6691 = FACE_BOUND('',#6692,.T.);
#6692 = EDGE_LOOP('',(#6693,#6694,#6700,#6701));
#6693 = ORIENTED_EDGE('',*,*,#1107,.T.);
#6694 = ORIENTED_EDGE('',*,*,#6695,.T.);
#6695 = EDGE_CURVE('',#1108,#3503,#6696,.T.);
#6696 = LINE('',#6697,#6698);
#6697 = CARTESIAN_POINT('',(131.9,-80.,-4.6E-02));
#6698 = VECTOR('',#6699,1.);
#6699 = DIRECTION('',(0.,0.,1.));
#6700 = ORIENTED_EDGE('',*,*,#3502,.F.);
#6701 = ORIENTED_EDGE('',*,*,#6695,.F.);
#6702 = CYLINDRICAL_SURFACE('',#6703,0.5);
#6703 = AXIS2_PLACEMENT_3D('',#6704,#6705,#6706);
#6704 = CARTESIAN_POINT('',(131.9,-79.5,-4.6E-02));
#6705 = DIRECTION('',(-0.,-0.,-1.));
#6706 = DIRECTION('',(-0.,-1.,0.));
#6707 = ADVANCED_FACE('',(#6708),#6724,.F.);
#6708 = FACE_BOUND('',#6709,.T.);
#6709 = EDGE_LOOP('',(#6710,#6716,#6717,#6723));
#6710 = ORIENTED_EDGE('',*,*,#6711,.T.);
#6711 = EDGE_CURVE('',#1119,#3514,#6712,.T.);
#6712 = LINE('',#6713,#6714);
#6713 = CARTESIAN_POINT('',(121.977438,-70.250515,0.));
#6714 = VECTOR('',#6715,1.);
#6715 = DIRECTION('',(0.,0.,1.));
#6716 = ORIENTED_EDGE('',*,*,#3513,.T.);
#6717 = ORIENTED_EDGE('',*,*,#6718,.F.);
#6718 = EDGE_CURVE('',#1121,#3516,#6719,.T.);
#6719 = LINE('',#6720,#6721);
#6720 = CARTESIAN_POINT('',(121.32886,-70.953288,0.));
#6721 = VECTOR('',#6722,1.);
#6722 = DIRECTION('',(0.,0.,1.));
#6723 = ORIENTED_EDGE('',*,*,#1118,.F.);
#6724 = CYLINDRICAL_SURFACE('',#6725,0.499999422661);
#6725 = AXIS2_PLACEMENT_3D('',#6726,#6727,#6728);
#6726 = CARTESIAN_POINT('',(121.76056033009,-70.70102970448,0.));
#6727 = DIRECTION('',(-0.,-0.,-1.));
#6728 = DIRECTION('',(0.433755840654,0.901030449374,-0.));
#6729 = ADVANCED_FACE('',(#6730),#6741,.T.);
#6730 = FACE_BOUND('',#6731,.T.);
#6731 = EDGE_LOOP('',(#6732,#6738,#6739,#6740));
#6732 = ORIENTED_EDGE('',*,*,#6733,.T.);
#6733 = EDGE_CURVE('',#1130,#3525,#6734,.T.);
#6734 = LINE('',#6735,#6736);
#6735 = CARTESIAN_POINT('',(122.194315,-70.3,0.));
#6736 = VECTOR('',#6737,1.);
#6737 = DIRECTION('',(0.,0.,1.));
#6738 = ORIENTED_EDGE('',*,*,#3524,.T.);
#6739 = ORIENTED_EDGE('',*,*,#6711,.F.);
#6740 = ORIENTED_EDGE('',*,*,#1129,.F.);
#6741 = CYLINDRICAL_SURFACE('',#6742,0.499989884978);
#6742 = AXIS2_PLACEMENT_3D('',#6743,#6744,#6745);
#6743 = CARTESIAN_POINT('',(122.19431407911,-69.80001011502,0.));
#6744 = DIRECTION('',(0.,0.,-1.));
#6745 = DIRECTION('',(1.841808653046E-06,-0.999999999998,0.));
#6746 = ADVANCED_FACE('',(#6747),#6758,.T.);
#6747 = FACE_BOUND('',#6748,.T.);
#6748 = EDGE_LOOP('',(#6749,#6750,#6751,#6757));
#6749 = ORIENTED_EDGE('',*,*,#6718,.T.);
#6750 = ORIENTED_EDGE('',*,*,#3646,.T.);
#6751 = ORIENTED_EDGE('',*,*,#6752,.F.);
#6752 = EDGE_CURVE('',#1244,#3639,#6753,.T.);
#6753 = LINE('',#6754,#6755);
#6754 = CARTESIAN_POINT('',(121.397159,-71.205546,0.));
#6755 = VECTOR('',#6756,1.);
#6756 = DIRECTION('',(0.,0.,1.));
#6757 = ORIENTED_EDGE('',*,*,#1251,.F.);
#6758 = CYLINDRICAL_SURFACE('',#6759,0.500008729288);
#6759 = AXIS2_PLACEMENT_3D('',#6760,#6761,#6762);
#6760 = CARTESIAN_POINT('',(120.89715027071,-71.20554865687,0.));
#6761 = DIRECTION('',(0.,0.,-1.));
#6762 = DIRECTION('',(0.863404384751,0.504512505685,0.));
#6763 = ADVANCED_FACE('',(#6764),#6775,.T.);
#6764 = FACE_BOUND('',#6765,.T.);
#6765 = EDGE_LOOP('',(#6766,#6772,#6773,#6774));
#6766 = ORIENTED_EDGE('',*,*,#6767,.T.);
#6767 = EDGE_CURVE('',#1139,#3534,#6768,.T.);
#6768 = LINE('',#6769,#6770);
#6769 = CARTESIAN_POINT('',(123.6,-70.3,0.));
#6770 = VECTOR('',#6771,1.);
#6771 = DIRECTION('',(0.,0.,1.));
#6772 = ORIENTED_EDGE('',*,*,#3533,.T.);
#6773 = ORIENTED_EDGE('',*,*,#6733,.F.);
#6774 = ORIENTED_EDGE('',*,*,#1138,.F.);
#6775 = PLANE('',#6776);
#6776 = AXIS2_PLACEMENT_3D('',#6777,#6778,#6779);
#6777 = CARTESIAN_POINT('',(123.6,-70.3,0.));
#6778 = DIRECTION('',(0.,-1.,0.));
#6779 = DIRECTION('',(-1.,0.,0.));
#6780 = ADVANCED_FACE('',(#6781),#6792,.T.);
#6781 = FACE_BOUND('',#6782,.T.);
#6782 = EDGE_LOOP('',(#6783,#6784,#6785,#6791));
#6783 = ORIENTED_EDGE('',*,*,#6752,.T.);
#6784 = ORIENTED_EDGE('',*,*,#3638,.T.);
#6785 = ORIENTED_EDGE('',*,*,#6786,.F.);
#6786 = EDGE_CURVE('',#1235,#3630,#6787,.T.);
#6787 = LINE('',#6788,#6789);
#6788 = CARTESIAN_POINT('',(121.397159,-72.794451,0.));
#6789 = VECTOR('',#6790,1.);
#6790 = DIRECTION('',(0.,0.,1.));
#6791 = ORIENTED_EDGE('',*,*,#1243,.F.);
#6792 = PLANE('',#6793);
#6793 = AXIS2_PLACEMENT_3D('',#6794,#6795,#6796);
#6794 = CARTESIAN_POINT('',(121.397159,-71.205546,0.));
#6795 = DIRECTION('',(1.,0.,-0.));
#6796 = DIRECTION('',(0.,-1.,0.));
#6797 = ADVANCED_FACE('',(#6798),#6809,.T.);
#6798 = FACE_BOUND('',#6799,.T.);
#6799 = EDGE_LOOP('',(#6800,#6806,#6807,#6808));
#6800 = ORIENTED_EDGE('',*,*,#6801,.T.);
#6801 = EDGE_CURVE('',#1147,#3542,#6802,.T.);
#6802 = LINE('',#6803,#6804);
#6803 = CARTESIAN_POINT('',(123.816878,-70.250515,0.));
#6804 = VECTOR('',#6805,1.);
#6805 = DIRECTION('',(0.,0.,1.));
#6806 = ORIENTED_EDGE('',*,*,#3541,.T.);
#6807 = ORIENTED_EDGE('',*,*,#6767,.F.);
#6808 = ORIENTED_EDGE('',*,*,#1146,.F.);
#6809 = CYLINDRICAL_SURFACE('',#6810,0.499989885034);
#6810 = AXIS2_PLACEMENT_3D('',#6811,#6812,#6813);
#6811 = CARTESIAN_POINT('',(123.60000192086,-69.80001011496,0.));
#6812 = DIRECTION('',(0.,0.,-1.));
#6813 = DIRECTION('',(0.43376093322,-0.901027997796,0.));
#6814 = ADVANCED_FACE('',(#6815),#6826,.T.);
#6815 = FACE_BOUND('',#6816,.T.);
#6816 = EDGE_LOOP('',(#6817,#6818,#6819,#6825));
#6817 = ORIENTED_EDGE('',*,*,#6786,.T.);
#6818 = ORIENTED_EDGE('',*,*,#3629,.T.);
#6819 = ORIENTED_EDGE('',*,*,#6820,.F.);
#6820 = EDGE_CURVE('',#1226,#3621,#6821,.T.);
#6821 = LINE('',#6822,#6823);
#6822 = CARTESIAN_POINT('',(121.328859,-73.04671,0.));
#6823 = VECTOR('',#6824,1.);
#6824 = DIRECTION('',(0.,0.,1.));
#6825 = ORIENTED_EDGE('',*,*,#1234,.F.);
#6826 = CYLINDRICAL_SURFACE('',#6827,0.50002311711);
#6827 = AXIS2_PLACEMENT_3D('',#6828,#6829,#6830);
#6828 = CARTESIAN_POINT('',(120.89713588294,-72.79444373621,0.));
#6829 = DIRECTION('',(0.,0.,-1.));
#6830 = DIRECTION('',(0.999999999894,-1.452689337449E-05,0.));
#6831 = ADVANCED_FACE('',(#6832),#6843,.F.);
#6832 = FACE_BOUND('',#6833,.T.);
#6833 = EDGE_LOOP('',(#6834,#6840,#6841,#6842));
#6834 = ORIENTED_EDGE('',*,*,#6835,.T.);
#6835 = EDGE_CURVE('',#1156,#3551,#6836,.T.);
#6836 = LINE('',#6837,#6838);
#6837 = CARTESIAN_POINT('',(124.465457,-70.953288,0.));
#6838 = VECTOR('',#6839,1.);
#6839 = DIRECTION('',(0.,0.,1.));
#6840 = ORIENTED_EDGE('',*,*,#3550,.T.);
#6841 = ORIENTED_EDGE('',*,*,#6801,.F.);
#6842 = ORIENTED_EDGE('',*,*,#1155,.F.);
#6843 = CYLINDRICAL_SURFACE('',#6844,0.499999448976);
#6844 = AXIS2_PLACEMENT_3D('',#6845,#6846,#6847);
#6845 = CARTESIAN_POINT('',(124.03375699515,-70.70102909571,0.));
#6846 = DIRECTION('',(-0.,-0.,-1.));
#6847 = DIRECTION('',(0.863400961204,-0.504518364574,0.));
#6848 = ADVANCED_FACE('',(#6849),#6860,.F.);
#6849 = FACE_BOUND('',#6850,.T.);
#6850 = EDGE_LOOP('',(#6851,#6852,#6853,#6859));
#6851 = ORIENTED_EDGE('',*,*,#6820,.T.);
#6852 = ORIENTED_EDGE('',*,*,#3620,.T.);
#6853 = ORIENTED_EDGE('',*,*,#6854,.F.);
#6854 = EDGE_CURVE('',#1217,#3612,#6855,.T.);
#6855 = LINE('',#6856,#6857);
#6856 = CARTESIAN_POINT('',(121.977438,-73.749483,0.));
#6857 = VECTOR('',#6858,1.);
#6858 = DIRECTION('',(0.,0.,1.));
#6859 = ORIENTED_EDGE('',*,*,#1225,.F.);
#6860 = CYLINDRICAL_SURFACE('',#6861,0.499999729127);
#6861 = AXIS2_PLACEMENT_3D('',#6862,#6863,#6864);
#6862 = CARTESIAN_POINT('',(121.76055970911,-73.29896825432,0.));
#6863 = DIRECTION('',(-0.,-0.,-1.));
#6864 = DIRECTION('',(-0.863401885979,0.504516781968,0.));
#6865 = ADVANCED_FACE('',(#6866),#6877,.T.);
#6866 = FACE_BOUND('',#6867,.T.);
#6867 = EDGE_LOOP('',(#6868,#6874,#6875,#6876));
#6868 = ORIENTED_EDGE('',*,*,#6869,.T.);
#6869 = EDGE_CURVE('',#1165,#3560,#6870,.T.);
#6870 = LINE('',#6871,#6872);
#6871 = CARTESIAN_POINT('',(124.397158,-71.205547,0.));
#6872 = VECTOR('',#6873,1.);
#6873 = DIRECTION('',(0.,0.,1.));
#6874 = ORIENTED_EDGE('',*,*,#3559,.T.);
#6875 = ORIENTED_EDGE('',*,*,#6835,.F.);
#6876 = ORIENTED_EDGE('',*,*,#1164,.F.);
#6877 = CYLINDRICAL_SURFACE('',#6878,0.500008729226);
#6878 = AXIS2_PLACEMENT_3D('',#6879,#6880,#6881);
#6879 = CARTESIAN_POINT('',(124.89716672922,-71.20554865685,0.));
#6880 = DIRECTION('',(0.,0.,-1.));
#6881 = DIRECTION('',(-0.999999999995,3.313649288608E-06,0.));
#6882 = ADVANCED_FACE('',(#6883),#6894,.T.);
#6883 = FACE_BOUND('',#6884,.T.);
#6884 = EDGE_LOOP('',(#6885,#6886,#6887,#6893));
#6885 = ORIENTED_EDGE('',*,*,#6854,.T.);
#6886 = ORIENTED_EDGE('',*,*,#3611,.T.);
#6887 = ORIENTED_EDGE('',*,*,#6888,.F.);
#6888 = EDGE_CURVE('',#1209,#3604,#6889,.T.);
#6889 = LINE('',#6890,#6891);
#6890 = CARTESIAN_POINT('',(122.194316,-73.699998,0.));
#6891 = VECTOR('',#6892,1.);
#6892 = DIRECTION('',(0.,0.,1.));
#6893 = ORIENTED_EDGE('',*,*,#1216,.F.);
#6894 = CYLINDRICAL_SURFACE('',#6895,0.499989885034);
#6895 = AXIS2_PLACEMENT_3D('',#6896,#6897,#6898);
#6896 = CARTESIAN_POINT('',(122.19431407913,-74.19998788503,0.));
#6897 = DIRECTION('',(0.,0.,-1.));
#6898 = DIRECTION('',(-0.43376093322,0.901027997796,0.));
#6899 = ADVANCED_FACE('',(#6900),#6911,.T.);
#6900 = FACE_BOUND('',#6901,.T.);
#6901 = EDGE_LOOP('',(#6902,#6908,#6909,#6910));
#6902 = ORIENTED_EDGE('',*,*,#6903,.T.);
#6903 = EDGE_CURVE('',#1174,#3569,#6904,.T.);
#6904 = LINE('',#6905,#6906);
#6905 = CARTESIAN_POINT('',(124.397158,-72.794451,0.));
#6906 = VECTOR('',#6907,1.);
#6907 = DIRECTION('',(0.,0.,1.));
#6908 = ORIENTED_EDGE('',*,*,#3568,.T.);
#6909 = ORIENTED_EDGE('',*,*,#6869,.F.);
#6910 = ORIENTED_EDGE('',*,*,#1173,.F.);
#6911 = PLANE('',#6912);
#6912 = AXIS2_PLACEMENT_3D('',#6913,#6914,#6915);
#6913 = CARTESIAN_POINT('',(124.397158,-72.794451,0.));
#6914 = DIRECTION('',(-1.,0.,0.));
#6915 = DIRECTION('',(0.,1.,0.));
#6916 = ADVANCED_FACE('',(#6917),#6928,.T.);
#6917 = FACE_BOUND('',#6918,.T.);
#6918 = EDGE_LOOP('',(#6919,#6920,#6921,#6927));
#6919 = ORIENTED_EDGE('',*,*,#6888,.T.);
#6920 = ORIENTED_EDGE('',*,*,#3603,.T.);
#6921 = ORIENTED_EDGE('',*,*,#6922,.F.);
#6922 = EDGE_CURVE('',#1200,#3595,#6923,.T.);
#6923 = LINE('',#6924,#6925);
#6924 = CARTESIAN_POINT('',(123.600001,-73.699998,0.));
#6925 = VECTOR('',#6926,1.);
#6926 = DIRECTION('',(0.,0.,1.));
#6927 = ORIENTED_EDGE('',*,*,#1208,.F.);
#6928 = PLANE('',#6929);
#6929 = AXIS2_PLACEMENT_3D('',#6930,#6931,#6932);
#6930 = CARTESIAN_POINT('',(122.194316,-73.699998,0.));
#6931 = DIRECTION('',(0.,1.,0.));
#6932 = DIRECTION('',(1.,0.,0.));
#6933 = ADVANCED_FACE('',(#6934),#6945,.T.);
#6934 = FACE_BOUND('',#6935,.T.);
#6935 = EDGE_LOOP('',(#6936,#6942,#6943,#6944));
#6936 = ORIENTED_EDGE('',*,*,#6937,.T.);
#6937 = EDGE_CURVE('',#1182,#3577,#6938,.T.);
#6938 = LINE('',#6939,#6940);
#6939 = CARTESIAN_POINT('',(124.465457,-73.046709,0.));
#6940 = VECTOR('',#6941,1.);
#6941 = DIRECTION('',(0.,0.,1.));
#6942 = ORIENTED_EDGE('',*,*,#3576,.T.);
#6943 = ORIENTED_EDGE('',*,*,#6903,.F.);
#6944 = ORIENTED_EDGE('',*,*,#1181,.F.);
#6945 = CYLINDRICAL_SURFACE('',#6946,0.500008729288);
#6946 = AXIS2_PLACEMENT_3D('',#6947,#6948,#6949);
#6947 = CARTESIAN_POINT('',(124.89716672928,-72.79444834312,0.));
#6948 = DIRECTION('',(0.,0.,-1.));
#6949 = DIRECTION('',(-0.863404384751,-0.504512505685,-0.));
#6950 = ADVANCED_FACE('',(#6951),#6962,.T.);
#6951 = FACE_BOUND('',#6952,.T.);
#6952 = EDGE_LOOP('',(#6953,#6954,#6955,#6961));
#6953 = ORIENTED_EDGE('',*,*,#6922,.T.);
#6954 = ORIENTED_EDGE('',*,*,#3594,.T.);
#6955 = ORIENTED_EDGE('',*,*,#6956,.F.);
#6956 = EDGE_CURVE('',#1191,#3586,#6957,.T.);
#6957 = LINE('',#6958,#6959);
#6958 = CARTESIAN_POINT('',(123.816878,-73.749483,0.));
#6959 = VECTOR('',#6960,1.);
#6960 = DIRECTION('',(0.,0.,1.));
#6961 = ORIENTED_EDGE('',*,*,#1199,.F.);
#6962 = CYLINDRICAL_SURFACE('',#6963,0.499989884978);
#6963 = AXIS2_PLACEMENT_3D('',#6964,#6965,#6966);
#6964 = CARTESIAN_POINT('',(123.60000192088,-74.19998788497,0.));
#6965 = DIRECTION('',(0.,0.,-1.));
#6966 = DIRECTION('',(-1.841808596201E-06,0.999999999998,0.));
#6967 = ADVANCED_FACE('',(#6968),#6974,.F.);
#6968 = FACE_BOUND('',#6969,.T.);
#6969 = EDGE_LOOP('',(#6970,#6971,#6972,#6973));
#6970 = ORIENTED_EDGE('',*,*,#6956,.T.);
#6971 = ORIENTED_EDGE('',*,*,#3585,.T.);
#6972 = ORIENTED_EDGE('',*,*,#6937,.F.);
#6973 = ORIENTED_EDGE('',*,*,#1190,.F.);
#6974 = CYLINDRICAL_SURFACE('',#6975,0.500000669307);
#6975 = AXIS2_PLACEMENT_3D('',#6976,#6977,#6978);
#6976 = CARTESIAN_POINT('',(124.03375474043,-73.29896646449,0.));
#6977 = DIRECTION('',(-0.,-0.,-1.));
#6978 = DIRECTION('',(-0.433752900236,-0.901031864884,0.));
#6979 = ADVANCED_FACE('',(#6980),#6996,.F.);
#6980 = FACE_BOUND('',#6981,.T.);
#6981 = EDGE_LOOP('',(#6982,#6983,#6989,#6990));
#6982 = ORIENTED_EDGE('',*,*,#1260,.T.);
#6983 = ORIENTED_EDGE('',*,*,#6984,.T.);
#6984 = EDGE_CURVE('',#1263,#3658,#6985,.T.);
#6985 = LINE('',#6986,#6987);
#6986 = CARTESIAN_POINT('',(127.05,-71.35,-4.6E-02));
#6987 = VECTOR('',#6988,1.);
#6988 = DIRECTION('',(0.,0.,1.));
#6989 = ORIENTED_EDGE('',*,*,#3655,.F.);
#6990 = ORIENTED_EDGE('',*,*,#6991,.F.);
#6991 = EDGE_CURVE('',#1261,#3656,#6992,.T.);
#6992 = LINE('',#6993,#6994);
#6993 = CARTESIAN_POINT('',(125.55,-71.35,-4.6E-02));
#6994 = VECTOR('',#6995,1.);
#6995 = DIRECTION('',(0.,0.,1.));
#6996 = CYLINDRICAL_SURFACE('',#6997,0.75);
#6997 = AXIS2_PLACEMENT_3D('',#6998,#6999,#7000);
#6998 = CARTESIAN_POINT('',(126.3,-71.35,-4.6E-02));
#6999 = DIRECTION('',(-0.,-0.,-1.));
#7000 = DIRECTION('',(1.,0.,-0.));
#7001 = ADVANCED_FACE('',(#7002),#7013,.T.);
#7002 = FACE_BOUND('',#7003,.T.);
#7003 = EDGE_LOOP('',(#7004,#7005,#7006,#7007));
#7004 = ORIENTED_EDGE('',*,*,#1288,.T.);
#7005 = ORIENTED_EDGE('',*,*,#6991,.T.);
#7006 = ORIENTED_EDGE('',*,*,#3683,.F.);
#7007 = ORIENTED_EDGE('',*,*,#7008,.F.);
#7008 = EDGE_CURVE('',#1280,#3675,#7009,.T.);
#7009 = LINE('',#7010,#7011);
#7010 = CARTESIAN_POINT('',(125.55,-72.65,-4.6E-02));
#7011 = VECTOR('',#7012,1.);
#7012 = DIRECTION('',(0.,0.,1.));
#7013 = PLANE('',#7014);
#7014 = AXIS2_PLACEMENT_3D('',#7015,#7016,#7017);
#7015 = CARTESIAN_POINT('',(125.55,-71.35,-4.6E-02));
#7016 = DIRECTION('',(1.,0.,-0.));
#7017 = DIRECTION('',(0.,-1.,0.));
#7018 = ADVANCED_FACE('',(#7019),#7030,.F.);
#7019 = FACE_BOUND('',#7020,.T.);
#7020 = EDGE_LOOP('',(#7021,#7022,#7023,#7024));
#7021 = ORIENTED_EDGE('',*,*,#1279,.T.);
#7022 = ORIENTED_EDGE('',*,*,#7008,.T.);
#7023 = ORIENTED_EDGE('',*,*,#3674,.F.);
#7024 = ORIENTED_EDGE('',*,*,#7025,.F.);
#7025 = EDGE_CURVE('',#1272,#3667,#7026,.T.);
#7026 = LINE('',#7027,#7028);
#7027 = CARTESIAN_POINT('',(127.05,-72.65,-4.6E-02));
#7028 = VECTOR('',#7029,1.);
#7029 = DIRECTION('',(0.,0.,1.));
#7030 = CYLINDRICAL_SURFACE('',#7031,0.75);
#7031 = AXIS2_PLACEMENT_3D('',#7032,#7033,#7034);
#7032 = CARTESIAN_POINT('',(126.3,-72.65,-4.6E-02));
#7033 = DIRECTION('',(-0.,-0.,-1.));
#7034 = DIRECTION('',(-1.,0.,-0.));
#7035 = ADVANCED_FACE('',(#7036),#7042,.T.);
#7036 = FACE_BOUND('',#7037,.T.);
#7037 = EDGE_LOOP('',(#7038,#7039,#7040,#7041));
#7038 = ORIENTED_EDGE('',*,*,#1271,.T.);
#7039 = ORIENTED_EDGE('',*,*,#7025,.T.);
#7040 = ORIENTED_EDGE('',*,*,#3666,.F.);
#7041 = ORIENTED_EDGE('',*,*,#6984,.F.);
#7042 = PLANE('',#7043);
#7043 = AXIS2_PLACEMENT_3D('',#7044,#7045,#7046);
#7044 = CARTESIAN_POINT('',(127.05,-72.65,-4.6E-02));
#7045 = DIRECTION('',(-1.,0.,0.));
#7046 = DIRECTION('',(0.,1.,0.));
#7047 = ADVANCED_FACE('',(#7048),#7059,.F.);
#7048 = FACE_BOUND('',#7049,.T.);
#7049 = EDGE_LOOP('',(#7050,#7051,#7057,#7058));
#7050 = ORIENTED_EDGE('',*,*,#1296,.T.);
#7051 = ORIENTED_EDGE('',*,*,#7052,.T.);
#7052 = EDGE_CURVE('',#1297,#3692,#7053,.T.);
#7053 = LINE('',#7054,#7055);
#7054 = CARTESIAN_POINT('',(134.4,-80.,-4.6E-02));
#7055 = VECTOR('',#7056,1.);
#7056 = DIRECTION('',(0.,0.,1.));
#7057 = ORIENTED_EDGE('',*,*,#3691,.F.);
#7058 = ORIENTED_EDGE('',*,*,#7052,.F.);
#7059 = CYLINDRICAL_SURFACE('',#7060,0.5);
#7060 = AXIS2_PLACEMENT_3D('',#7061,#7062,#7063);
#7061 = CARTESIAN_POINT('',(134.4,-79.5,-4.6E-02));
#7062 = DIRECTION('',(-0.,-0.,-1.));
#7063 = DIRECTION('',(-0.,-1.,0.));
#7064 = ADVANCED_FACE('',(#7065),#7081,.F.);
#7065 = FACE_BOUND('',#7066,.T.);
#7066 = EDGE_LOOP('',(#7067,#7068,#7074,#7075));
#7067 = ORIENTED_EDGE('',*,*,#1307,.T.);
#7068 = ORIENTED_EDGE('',*,*,#7069,.T.);
#7069 = EDGE_CURVE('',#1310,#3705,#7070,.T.);
#7070 = LINE('',#7071,#7072);
#7071 = CARTESIAN_POINT('',(138.25,-71.35,-4.6E-02));
#7072 = VECTOR('',#7073,1.);
#7073 = DIRECTION('',(0.,0.,1.));
#7074 = ORIENTED_EDGE('',*,*,#3702,.F.);
#7075 = ORIENTED_EDGE('',*,*,#7076,.F.);
#7076 = EDGE_CURVE('',#1308,#3703,#7077,.T.);
#7077 = LINE('',#7078,#7079);
#7078 = CARTESIAN_POINT('',(136.75,-71.35,-4.6E-02));
#7079 = VECTOR('',#7080,1.);
#7080 = DIRECTION('',(0.,0.,1.));
#7081 = CYLINDRICAL_SURFACE('',#7082,0.75);
#7082 = AXIS2_PLACEMENT_3D('',#7083,#7084,#7085);
#7083 = CARTESIAN_POINT('',(137.5,-71.35,-4.6E-02));
#7084 = DIRECTION('',(-0.,-0.,-1.));
#7085 = DIRECTION('',(1.,0.,-0.));
#7086 = ADVANCED_FACE('',(#7087),#7098,.T.);
#7087 = FACE_BOUND('',#7088,.T.);
#7088 = EDGE_LOOP('',(#7089,#7090,#7091,#7092));
#7089 = ORIENTED_EDGE('',*,*,#1335,.T.);
#7090 = ORIENTED_EDGE('',*,*,#7076,.T.);
#7091 = ORIENTED_EDGE('',*,*,#3730,.F.);
#7092 = ORIENTED_EDGE('',*,*,#7093,.F.);
#7093 = EDGE_CURVE('',#1327,#3722,#7094,.T.);
#7094 = LINE('',#7095,#7096);
#7095 = CARTESIAN_POINT('',(136.75,-72.65,-4.6E-02));
#7096 = VECTOR('',#7097,1.);
#7097 = DIRECTION('',(0.,0.,1.));
#7098 = PLANE('',#7099);
#7099 = AXIS2_PLACEMENT_3D('',#7100,#7101,#7102);
#7100 = CARTESIAN_POINT('',(136.75,-71.35,-4.6E-02));
#7101 = DIRECTION('',(1.,0.,-0.));
#7102 = DIRECTION('',(0.,-1.,0.));
#7103 = ADVANCED_FACE('',(#7104),#7115,.F.);
#7104 = FACE_BOUND('',#7105,.T.);
#7105 = EDGE_LOOP('',(#7106,#7107,#7108,#7109));
#7106 = ORIENTED_EDGE('',*,*,#1326,.T.);
#7107 = ORIENTED_EDGE('',*,*,#7093,.T.);
#7108 = ORIENTED_EDGE('',*,*,#3721,.F.);
#7109 = ORIENTED_EDGE('',*,*,#7110,.F.);
#7110 = EDGE_CURVE('',#1319,#3714,#7111,.T.);
#7111 = LINE('',#7112,#7113);
#7112 = CARTESIAN_POINT('',(138.25,-72.65,-4.6E-02));
#7113 = VECTOR('',#7114,1.);
#7114 = DIRECTION('',(0.,0.,1.));
#7115 = CYLINDRICAL_SURFACE('',#7116,0.75);
#7116 = AXIS2_PLACEMENT_3D('',#7117,#7118,#7119);
#7117 = CARTESIAN_POINT('',(137.5,-72.65,-4.6E-02));
#7118 = DIRECTION('',(-0.,-0.,-1.));
#7119 = DIRECTION('',(-1.,0.,-0.));
#7120 = ADVANCED_FACE('',(#7121),#7127,.T.);
#7121 = FACE_BOUND('',#7122,.T.);
#7122 = EDGE_LOOP('',(#7123,#7124,#7125,#7126));
#7123 = ORIENTED_EDGE('',*,*,#1318,.T.);
#7124 = ORIENTED_EDGE('',*,*,#7110,.T.);
#7125 = ORIENTED_EDGE('',*,*,#3713,.F.);
#7126 = ORIENTED_EDGE('',*,*,#7069,.F.);
#7127 = PLANE('',#7128);
#7128 = AXIS2_PLACEMENT_3D('',#7129,#7130,#7131);
#7129 = CARTESIAN_POINT('',(138.25,-72.65,-4.6E-02));
#7130 = DIRECTION('',(-1.,0.,0.));
#7131 = DIRECTION('',(0.,1.,0.));
#7132 = ADVANCED_FACE('',(#7133),#7144,.F.);
#7133 = FACE_BOUND('',#7134,.T.);
#7134 = EDGE_LOOP('',(#7135,#7136,#7142,#7143));
#7135 = ORIENTED_EDGE('',*,*,#1343,.T.);
#7136 = ORIENTED_EDGE('',*,*,#7137,.T.);
#7137 = EDGE_CURVE('',#1344,#3739,#7138,.T.);
#7138 = LINE('',#7139,#7140);
#7139 = CARTESIAN_POINT('',(163.25,-88.34,-4.6E-02));
#7140 = VECTOR('',#7141,1.);
#7141 = DIRECTION('',(0.,0.,1.));
#7142 = ORIENTED_EDGE('',*,*,#3738,.F.);
#7143 = ORIENTED_EDGE('',*,*,#7137,.F.);
#7144 = CYLINDRICAL_SURFACE('',#7145,0.5);
#7145 = AXIS2_PLACEMENT_3D('',#7146,#7147,#7148);
#7146 = CARTESIAN_POINT('',(163.25,-87.84,-4.6E-02));
#7147 = DIRECTION('',(-0.,-0.,-1.));
#7148 = DIRECTION('',(-0.,-1.,0.));
#7149 = ADVANCED_FACE('',(#7150),#7161,.F.);
#7150 = FACE_BOUND('',#7151,.T.);
#7151 = EDGE_LOOP('',(#7152,#7153,#7159,#7160));
#7152 = ORIENTED_EDGE('',*,*,#1354,.T.);
#7153 = ORIENTED_EDGE('',*,*,#7154,.T.);
#7154 = EDGE_CURVE('',#1355,#3750,#7155,.T.);
#7155 = LINE('',#7156,#7157);
#7156 = CARTESIAN_POINT('',(163.25,-85.8,-4.6E-02));
#7157 = VECTOR('',#7158,1.);
#7158 = DIRECTION('',(0.,0.,1.));
#7159 = ORIENTED_EDGE('',*,*,#3749,.F.);
#7160 = ORIENTED_EDGE('',*,*,#7154,.F.);
#7161 = CYLINDRICAL_SURFACE('',#7162,0.5);
#7162 = AXIS2_PLACEMENT_3D('',#7163,#7164,#7165);
#7163 = CARTESIAN_POINT('',(163.25,-85.3,-4.6E-02));
#7164 = DIRECTION('',(-0.,-0.,-1.));
#7165 = DIRECTION('',(-0.,-1.,0.));
#7166 = ADVANCED_FACE('',(#7167),#7183,.F.);
#7167 = FACE_BOUND('',#7168,.T.);
#7168 = EDGE_LOOP('',(#7169,#7175,#7176,#7182));
#7169 = ORIENTED_EDGE('',*,*,#7170,.T.);
#7170 = EDGE_CURVE('',#1366,#3761,#7171,.T.);
#7171 = LINE('',#7172,#7173);
#7172 = CARTESIAN_POINT('',(162.853289,-73.828859,0.));
#7173 = VECTOR('',#7174,1.);
#7174 = DIRECTION('',(0.,0.,1.));
#7175 = ORIENTED_EDGE('',*,*,#3760,.T.);
#7176 = ORIENTED_EDGE('',*,*,#7177,.F.);
#7177 = EDGE_CURVE('',#1368,#3763,#7178,.T.);
#7178 = LINE('',#7179,#7180);
#7179 = CARTESIAN_POINT('',(162.150516,-74.477438,0.));
#7180 = VECTOR('',#7181,1.);
#7181 = DIRECTION('',(0.,0.,1.));
#7182 = ORIENTED_EDGE('',*,*,#1365,.F.);
#7183 = CYLINDRICAL_SURFACE('',#7184,0.499999729127);
#7184 = AXIS2_PLACEMENT_3D('',#7185,#7186,#7187);
#7185 = CARTESIAN_POINT('',(162.60103074567,-74.26055970911,0.));
#7186 = DIRECTION('',(-0.,-0.,-1.));
#7187 = DIRECTION('',(0.504516781968,0.863401885979,-0.));
#7188 = ADVANCED_FACE('',(#7189),#7200,.T.);
#7189 = FACE_BOUND('',#7190,.T.);
#7190 = EDGE_LOOP('',(#7191,#7197,#7198,#7199));
#7191 = ORIENTED_EDGE('',*,*,#7192,.T.);
#7192 = EDGE_CURVE('',#1377,#3772,#7193,.T.);
#7193 = LINE('',#7194,#7195);
#7194 = CARTESIAN_POINT('',(163.105547,-73.897158,0.));
#7195 = VECTOR('',#7196,1.);
#7196 = DIRECTION('',(0.,0.,1.));
#7197 = ORIENTED_EDGE('',*,*,#3771,.T.);
#7198 = ORIENTED_EDGE('',*,*,#7170,.F.);
#7199 = ORIENTED_EDGE('',*,*,#1376,.F.);
#7200 = CYLINDRICAL_SURFACE('',#7201,0.500008729288);
#7201 = AXIS2_PLACEMENT_3D('',#7202,#7203,#7204);
#7202 = CARTESIAN_POINT('',(163.10554965687,-73.39714927071,0.));
#7203 = DIRECTION('',(0.,0.,-1.));
#7204 = DIRECTION('',(-5.313662881614E-06,-0.999999999986,-0.));
#7205 = ADVANCED_FACE('',(#7206),#7217,.T.);
#7206 = FACE_BOUND('',#7207,.T.);
#7207 = EDGE_LOOP('',(#7208,#7209,#7210,#7216));
#7208 = ORIENTED_EDGE('',*,*,#7177,.T.);
#7209 = ORIENTED_EDGE('',*,*,#3893,.T.);
#7210 = ORIENTED_EDGE('',*,*,#7211,.F.);
#7211 = EDGE_CURVE('',#1491,#3886,#7212,.T.);
#7212 = LINE('',#7213,#7214);
#7213 = CARTESIAN_POINT('',(162.200001,-74.694316,0.));
#7214 = VECTOR('',#7215,1.);
#7215 = DIRECTION('',(0.,0.,1.));
#7216 = ORIENTED_EDGE('',*,*,#1498,.F.);
#7217 = CYLINDRICAL_SURFACE('',#7218,0.499989885034);
#7218 = AXIS2_PLACEMENT_3D('',#7219,#7220,#7221);
#7219 = CARTESIAN_POINT('',(161.70001111497,-74.69431407913,0.));
#7220 = DIRECTION('',(0.,0.,-1.));
#7221 = DIRECTION('',(0.901027997796,0.43376093322,0.));
#7222 = ADVANCED_FACE('',(#7223),#7234,.T.);
#7223 = FACE_BOUND('',#7224,.T.);
#7224 = EDGE_LOOP('',(#7225,#7231,#7232,#7233));
#7225 = ORIENTED_EDGE('',*,*,#7226,.T.);
#7226 = EDGE_CURVE('',#1386,#3781,#7227,.T.);
#7227 = LINE('',#7228,#7229);
#7228 = CARTESIAN_POINT('',(164.694453,-73.897159,0.));
#7229 = VECTOR('',#7230,1.);
#7230 = DIRECTION('',(0.,0.,1.));
#7231 = ORIENTED_EDGE('',*,*,#3780,.T.);
#7232 = ORIENTED_EDGE('',*,*,#7192,.F.);
#7233 = ORIENTED_EDGE('',*,*,#1385,.F.);
#7234 = PLANE('',#7235);
#7235 = AXIS2_PLACEMENT_3D('',#7236,#7237,#7238);
#7236 = CARTESIAN_POINT('',(164.694453,-73.897159,0.));
#7237 = DIRECTION('',(-6.29363850017E-07,-1.,0.));
#7238 = DIRECTION('',(-1.,6.29363850017E-07,0.));
#7239 = ADVANCED_FACE('',(#7240),#7251,.T.);
#7240 = FACE_BOUND('',#7241,.T.);
#7241 = EDGE_LOOP('',(#7242,#7243,#7244,#7250));
#7242 = ORIENTED_EDGE('',*,*,#7211,.T.);
#7243 = ORIENTED_EDGE('',*,*,#3885,.T.);
#7244 = ORIENTED_EDGE('',*,*,#7245,.F.);
#7245 = EDGE_CURVE('',#1482,#3877,#7246,.T.);
#7246 = LINE('',#7247,#7248);
#7247 = CARTESIAN_POINT('',(162.200001,-76.1,0.));
#7248 = VECTOR('',#7249,1.);
#7249 = DIRECTION('',(0.,0.,1.));
#7250 = ORIENTED_EDGE('',*,*,#1490,.F.);
#7251 = PLANE('',#7252);
#7252 = AXIS2_PLACEMENT_3D('',#7253,#7254,#7255);
#7253 = CARTESIAN_POINT('',(162.200001,-74.694316,0.));
#7254 = DIRECTION('',(1.,0.,-0.));
#7255 = DIRECTION('',(0.,-1.,0.));
#7256 = ADVANCED_FACE('',(#7257),#7268,.T.);
#7257 = FACE_BOUND('',#7258,.T.);
#7258 = EDGE_LOOP('',(#7259,#7265,#7266,#7267));
#7259 = ORIENTED_EDGE('',*,*,#7260,.T.);
#7260 = EDGE_CURVE('',#1394,#3789,#7261,.T.);
#7261 = LINE('',#7262,#7263);
#7262 = CARTESIAN_POINT('',(164.946711,-73.82886,0.));
#7263 = VECTOR('',#7264,1.);
#7264 = DIRECTION('',(0.,0.,1.));
#7265 = ORIENTED_EDGE('',*,*,#3788,.T.);
#7266 = ORIENTED_EDGE('',*,*,#7226,.F.);
#7267 = ORIENTED_EDGE('',*,*,#1393,.F.);
#7268 = CYLINDRICAL_SURFACE('',#7269,0.500008729288);
#7269 = AXIS2_PLACEMENT_3D('',#7270,#7271,#7272);
#7270 = CARTESIAN_POINT('',(164.69445034312,-73.39715027071,0.));
#7271 = DIRECTION('',(0.,0.,-1.));
#7272 = DIRECTION('',(0.504512505685,-0.863404384751,0.));
#7273 = ADVANCED_FACE('',(#7274),#7285,.T.);
#7274 = FACE_BOUND('',#7275,.T.);
#7275 = EDGE_LOOP('',(#7276,#7277,#7278,#7284));
#7276 = ORIENTED_EDGE('',*,*,#7245,.T.);
#7277 = ORIENTED_EDGE('',*,*,#3876,.T.);
#7278 = ORIENTED_EDGE('',*,*,#7279,.F.);
#7279 = EDGE_CURVE('',#1473,#3868,#7280,.T.);
#7280 = LINE('',#7281,#7282);
#7281 = CARTESIAN_POINT('',(162.150516,-76.316878,0.));
#7282 = VECTOR('',#7283,1.);
#7283 = DIRECTION('',(0.,0.,1.));
#7284 = ORIENTED_EDGE('',*,*,#1481,.F.);
#7285 = CYLINDRICAL_SURFACE('',#7286,0.499989885034);
#7286 = AXIS2_PLACEMENT_3D('',#7287,#7288,#7289);
#7287 = CARTESIAN_POINT('',(161.70001111497,-76.10000192086,0.));
#7288 = DIRECTION('',(0.,0.,-1.));
#7289 = DIRECTION('',(0.999999999993,3.841811733168E-06,0.));
#7290 = ADVANCED_FACE('',(#7291),#7302,.F.);
#7291 = FACE_BOUND('',#7292,.T.);
#7292 = EDGE_LOOP('',(#7293,#7299,#7300,#7301));
#7293 = ORIENTED_EDGE('',*,*,#7294,.T.);
#7294 = EDGE_CURVE('',#1403,#3798,#7295,.T.);
#7295 = LINE('',#7296,#7297);
#7296 = CARTESIAN_POINT('',(165.649484,-74.477438,0.));
#7297 = VECTOR('',#7298,1.);
#7298 = DIRECTION('',(0.,0.,1.));
#7299 = ORIENTED_EDGE('',*,*,#3797,.T.);
#7300 = ORIENTED_EDGE('',*,*,#7260,.F.);
#7301 = ORIENTED_EDGE('',*,*,#1402,.F.);
#7302 = CYLINDRICAL_SURFACE('',#7303,0.499999422661);
#7303 = AXIS2_PLACEMENT_3D('',#7304,#7305,#7306);
#7304 = CARTESIAN_POINT('',(165.19896929551,-74.26056033009,0.));
#7305 = DIRECTION('',(-0.,-0.,-1.));
#7306 = DIRECTION('',(0.901030449374,-0.433755840654,0.));
#7307 = ADVANCED_FACE('',(#7308),#7319,.F.);
#7308 = FACE_BOUND('',#7309,.T.);
#7309 = EDGE_LOOP('',(#7310,#7311,#7312,#7318));
#7310 = ORIENTED_EDGE('',*,*,#7279,.T.);
#7311 = ORIENTED_EDGE('',*,*,#3867,.T.);
#7312 = ORIENTED_EDGE('',*,*,#7313,.F.);
#7313 = EDGE_CURVE('',#1464,#3859,#7314,.T.);
#7314 = LINE('',#7315,#7316);
#7315 = CARTESIAN_POINT('',(162.853289,-76.965455,0.));
#7316 = VECTOR('',#7317,1.);
#7317 = DIRECTION('',(0.,0.,1.));
#7318 = ORIENTED_EDGE('',*,*,#1472,.F.);
#7319 = CYLINDRICAL_SURFACE('',#7320,0.499999092786);
#7320 = AXIS2_PLACEMENT_3D('',#7321,#7322,#7323);
#7321 = CARTESIAN_POINT('',(162.60103060898,-76.53375510777,0.));
#7322 = DIRECTION('',(-0.,-0.,-1.));
#7323 = DIRECTION('',(-0.901030852831,0.43375500256,0.));
#7324 = ADVANCED_FACE('',(#7325),#7336,.T.);
#7325 = FACE_BOUND('',#7326,.T.);
#7326 = EDGE_LOOP('',(#7327,#7333,#7334,#7335));
#7327 = ORIENTED_EDGE('',*,*,#7328,.T.);
#7328 = EDGE_CURVE('',#1412,#3807,#7329,.T.);
#7329 = LINE('',#7330,#7331);
#7330 = CARTESIAN_POINT('',(165.599999,-74.694316,0.));
#7331 = VECTOR('',#7332,1.);
#7332 = DIRECTION('',(0.,0.,1.));
#7333 = ORIENTED_EDGE('',*,*,#3806,.T.);
#7334 = ORIENTED_EDGE('',*,*,#7294,.F.);
#7335 = ORIENTED_EDGE('',*,*,#1411,.F.);
#7336 = CYLINDRICAL_SURFACE('',#7337,0.499989885034);
#7337 = AXIS2_PLACEMENT_3D('',#7338,#7339,#7340);
#7338 = CARTESIAN_POINT('',(166.09998888503,-74.69431407913,0.));
#7339 = DIRECTION('',(0.,0.,-1.));
#7340 = DIRECTION('',(-0.999999999993,-3.841811448942E-06,-0.));
#7341 = ADVANCED_FACE('',(#7342),#7353,.T.);
#7342 = FACE_BOUND('',#7343,.T.);
#7343 = EDGE_LOOP('',(#7344,#7345,#7346,#7352));
#7344 = ORIENTED_EDGE('',*,*,#7313,.T.);
#7345 = ORIENTED_EDGE('',*,*,#3858,.T.);
#7346 = ORIENTED_EDGE('',*,*,#7347,.F.);
#7347 = EDGE_CURVE('',#1456,#3851,#7348,.T.);
#7348 = LINE('',#7349,#7350);
#7349 = CARTESIAN_POINT('',(163.105548,-76.897158,0.));
#7350 = VECTOR('',#7351,1.);
#7351 = DIRECTION('',(0.,0.,1.));
#7352 = ORIENTED_EDGE('',*,*,#1463,.F.);
#7353 = CYLINDRICAL_SURFACE('',#7354,0.500040834725);
#7354 = AXIS2_PLACEMENT_3D('',#7355,#7356,#7357);
#7355 = CARTESIAN_POINT('',(163.10555492637,-77.39719883467,0.));
#7356 = DIRECTION('',(0.,0.,-1.));
#7357 = DIRECTION('',(-0.50449065128,0.86341715455,0.));
#7358 = ADVANCED_FACE('',(#7359),#7370,.T.);
#7359 = FACE_BOUND('',#7360,.T.);
#7360 = EDGE_LOOP('',(#7361,#7367,#7368,#7369));
#7361 = ORIENTED_EDGE('',*,*,#7362,.T.);
#7362 = EDGE_CURVE('',#1421,#3816,#7363,.T.);
#7363 = LINE('',#7364,#7365);
#7364 = CARTESIAN_POINT('',(165.599999,-76.1,0.));
#7365 = VECTOR('',#7366,1.);
#7366 = DIRECTION('',(0.,0.,1.));
#7367 = ORIENTED_EDGE('',*,*,#3815,.T.);
#7368 = ORIENTED_EDGE('',*,*,#7328,.F.);
#7369 = ORIENTED_EDGE('',*,*,#1420,.F.);
#7370 = PLANE('',#7371);
#7371 = AXIS2_PLACEMENT_3D('',#7372,#7373,#7374);
#7372 = CARTESIAN_POINT('',(165.599999,-76.1,0.));
#7373 = DIRECTION('',(-1.,0.,0.));
#7374 = DIRECTION('',(0.,1.,0.));
#7375 = ADVANCED_FACE('',(#7376),#7387,.T.);
#7376 = FACE_BOUND('',#7377,.T.);
#7377 = EDGE_LOOP('',(#7378,#7379,#7380,#7386));
#7378 = ORIENTED_EDGE('',*,*,#7347,.T.);
#7379 = ORIENTED_EDGE('',*,*,#3850,.T.);
#7380 = ORIENTED_EDGE('',*,*,#7381,.F.);
#7381 = EDGE_CURVE('',#1447,#3842,#7382,.T.);
#7382 = LINE('',#7383,#7384);
#7383 = CARTESIAN_POINT('',(164.694452,-76.897158,0.));
#7384 = VECTOR('',#7385,1.);
#7385 = DIRECTION('',(0.,0.,1.));
#7386 = ORIENTED_EDGE('',*,*,#1455,.F.);
#7387 = PLANE('',#7388);
#7388 = AXIS2_PLACEMENT_3D('',#7389,#7390,#7391);
#7389 = CARTESIAN_POINT('',(163.105548,-76.897158,0.));
#7390 = DIRECTION('',(0.,1.,0.));
#7391 = DIRECTION('',(1.,0.,0.));
#7392 = ADVANCED_FACE('',(#7393),#7404,.T.);
#7393 = FACE_BOUND('',#7394,.T.);
#7394 = EDGE_LOOP('',(#7395,#7401,#7402,#7403));
#7395 = ORIENTED_EDGE('',*,*,#7396,.T.);
#7396 = EDGE_CURVE('',#1429,#3824,#7397,.T.);
#7397 = LINE('',#7398,#7399);
#7398 = CARTESIAN_POINT('',(165.649484,-76.316877,0.));
#7399 = VECTOR('',#7400,1.);
#7400 = DIRECTION('',(0.,0.,1.));
#7401 = ORIENTED_EDGE('',*,*,#3823,.T.);
#7402 = ORIENTED_EDGE('',*,*,#7362,.F.);
#7403 = ORIENTED_EDGE('',*,*,#1428,.F.);
#7404 = CYLINDRICAL_SURFACE('',#7405,0.49998122973);
#7405 = AXIS2_PLACEMENT_3D('',#7406,#7407,#7408);
#7406 = CARTESIAN_POINT('',(166.09998022972,-76.10000289576,0.));
#7407 = DIRECTION('',(0.,0.,-1.));
#7408 = DIRECTION('',(-0.901026284457,-0.433764492229,-0.));
#7409 = ADVANCED_FACE('',(#7410),#7421,.T.);
#7410 = FACE_BOUND('',#7411,.T.);
#7411 = EDGE_LOOP('',(#7412,#7413,#7414,#7420));
#7412 = ORIENTED_EDGE('',*,*,#7381,.T.);
#7413 = ORIENTED_EDGE('',*,*,#3841,.T.);
#7414 = ORIENTED_EDGE('',*,*,#7415,.F.);
#7415 = EDGE_CURVE('',#1438,#3833,#7416,.T.);
#7416 = LINE('',#7417,#7418);
#7417 = CARTESIAN_POINT('',(164.946711,-76.965457,0.));
#7418 = VECTOR('',#7419,1.);
#7419 = DIRECTION('',(0.,0.,1.));
#7420 = ORIENTED_EDGE('',*,*,#1446,.F.);
#7421 = CYLINDRICAL_SURFACE('',#7422,0.500008729226);
#7422 = AXIS2_PLACEMENT_3D('',#7423,#7424,#7425);
#7423 = CARTESIAN_POINT('',(164.69445034314,-77.39716672922,0.));
#7424 = DIRECTION('',(0.,0.,-1.));
#7425 = DIRECTION('',(3.313649317029E-06,0.999999999995,0.));
#7426 = ADVANCED_FACE('',(#7427),#7433,.F.);
#7427 = FACE_BOUND('',#7428,.T.);
#7428 = EDGE_LOOP('',(#7429,#7430,#7431,#7432));
#7429 = ORIENTED_EDGE('',*,*,#7415,.T.);
#7430 = ORIENTED_EDGE('',*,*,#3832,.T.);
#7431 = ORIENTED_EDGE('',*,*,#7396,.F.);
#7432 = ORIENTED_EDGE('',*,*,#1437,.F.);
#7433 = CYLINDRICAL_SURFACE('',#7434,0.499999755443);
#7434 = AXIS2_PLACEMENT_3D('',#7435,#7436,#7437);
#7435 = CARTESIAN_POINT('',(165.19896986309,-76.53375661613,0.));
#7436 = DIRECTION('',(-0.,-0.,-1.));
#7437 = DIRECTION('',(-0.50451797296,-0.863401190039,0.));
#7438 = ADVANCED_FACE('',(#7439),#7450,.F.);
#7439 = FACE_BOUND('',#7440,.T.);
#7440 = EDGE_LOOP('',(#7441,#7442,#7448,#7449));
#7441 = ORIENTED_EDGE('',*,*,#1507,.T.);
#7442 = ORIENTED_EDGE('',*,*,#7443,.T.);
#7443 = EDGE_CURVE('',#1508,#3903,#7444,.T.);
#7444 = LINE('',#7445,#7446);
#7445 = CARTESIAN_POINT('',(129.4,-65.5,-4.6E-02));
#7446 = VECTOR('',#7447,1.);
#7447 = DIRECTION('',(0.,0.,1.));
#7448 = ORIENTED_EDGE('',*,*,#3902,.F.);
#7449 = ORIENTED_EDGE('',*,*,#7443,.F.);
#7450 = CYLINDRICAL_SURFACE('',#7451,0.5);
#7451 = AXIS2_PLACEMENT_3D('',#7452,#7453,#7454);
#7452 = CARTESIAN_POINT('',(129.4,-65.,-4.6E-02));
#7453 = DIRECTION('',(-0.,-0.,-1.));
#7454 = DIRECTION('',(-0.,-1.,0.));
#7455 = ADVANCED_FACE('',(#7456),#7467,.F.);
#7456 = FACE_BOUND('',#7457,.T.);
#7457 = EDGE_LOOP('',(#7458,#7459,#7465,#7466));
#7458 = ORIENTED_EDGE('',*,*,#1518,.T.);
#7459 = ORIENTED_EDGE('',*,*,#7460,.T.);
#7460 = EDGE_CURVE('',#1519,#3914,#7461,.T.);
#7461 = LINE('',#7462,#7463);
#7462 = CARTESIAN_POINT('',(134.4,-65.5,-4.6E-02));
#7463 = VECTOR('',#7464,1.);
#7464 = DIRECTION('',(0.,0.,1.));
#7465 = ORIENTED_EDGE('',*,*,#3913,.F.);
#7466 = ORIENTED_EDGE('',*,*,#7460,.F.);
#7467 = CYLINDRICAL_SURFACE('',#7468,0.5);
#7468 = AXIS2_PLACEMENT_3D('',#7469,#7470,#7471);
#7469 = CARTESIAN_POINT('',(134.4,-65.,-4.6E-02));
#7470 = DIRECTION('',(-0.,-0.,-1.));
#7471 = DIRECTION('',(-0.,-1.,0.));
#7472 = ADVANCED_FACE('',(#7473),#7489,.F.);
#7473 = FACE_BOUND('',#7474,.T.);
#7474 = EDGE_LOOP('',(#7475,#7481,#7482,#7488));
#7475 = ORIENTED_EDGE('',*,*,#7476,.T.);
#7476 = EDGE_CURVE('',#1530,#3925,#7477,.T.);
#7477 = LINE('',#7478,#7479);
#7478 = CARTESIAN_POINT('',(124.965457,-52.82051,0.));
#7479 = VECTOR('',#7480,1.);
#7480 = DIRECTION('',(0.,0.,1.));
#7481 = ORIENTED_EDGE('',*,*,#3924,.T.);
#7482 = ORIENTED_EDGE('',*,*,#7483,.F.);
#7483 = EDGE_CURVE('',#1532,#3927,#7484,.T.);
#7484 = LINE('',#7485,#7486);
#7485 = CARTESIAN_POINT('',(124.316878,-52.117737,0.));
#7486 = VECTOR('',#7487,1.);
#7487 = DIRECTION('',(0.,0.,1.));
#7488 = ORIENTED_EDGE('',*,*,#1529,.F.);
#7489 = CYLINDRICAL_SURFACE('',#7490,0.499999448976);
#7490 = AXIS2_PLACEMENT_3D('',#7491,#7492,#7493);
#7491 = CARTESIAN_POINT('',(124.53375699515,-52.56825109571,0.));
#7492 = DIRECTION('',(-0.,-0.,-1.));
#7493 = DIRECTION('',(0.863400961204,-0.504518364574,0.));
#7494 = ADVANCED_FACE('',(#7495),#7506,.T.);
#7495 = FACE_BOUND('',#7496,.T.);
#7496 = EDGE_LOOP('',(#7497,#7503,#7504,#7505));
#7497 = ORIENTED_EDGE('',*,*,#7498,.T.);
#7498 = EDGE_CURVE('',#1541,#3936,#7499,.T.);
#7499 = LINE('',#7500,#7501);
#7500 = CARTESIAN_POINT('',(124.897158,-53.072769,0.));
#7501 = VECTOR('',#7502,1.);
#7502 = DIRECTION('',(0.,0.,1.));
#7503 = ORIENTED_EDGE('',*,*,#3935,.T.);
#7504 = ORIENTED_EDGE('',*,*,#7476,.F.);
#7505 = ORIENTED_EDGE('',*,*,#1540,.F.);
#7506 = CYLINDRICAL_SURFACE('',#7507,0.500008729226);
#7507 = AXIS2_PLACEMENT_3D('',#7508,#7509,#7510);
#7508 = CARTESIAN_POINT('',(125.39716672922,-53.07277065685,0.));
#7509 = DIRECTION('',(0.,0.,-1.));
#7510 = DIRECTION('',(-0.999999999995,3.313649302819E-06,0.));
#7511 = ADVANCED_FACE('',(#7512),#7523,.T.);
#7512 = FACE_BOUND('',#7513,.T.);
#7513 = EDGE_LOOP('',(#7514,#7515,#7516,#7522));
#7514 = ORIENTED_EDGE('',*,*,#7483,.T.);
#7515 = ORIENTED_EDGE('',*,*,#4057,.T.);
#7516 = ORIENTED_EDGE('',*,*,#7517,.F.);
#7517 = EDGE_CURVE('',#1655,#4050,#7518,.T.);
#7518 = LINE('',#7519,#7520);
#7519 = CARTESIAN_POINT('',(124.1,-52.167222,0.));
#7520 = VECTOR('',#7521,1.);
#7521 = DIRECTION('',(0.,0.,1.));
#7522 = ORIENTED_EDGE('',*,*,#1662,.F.);
#7523 = CYLINDRICAL_SURFACE('',#7524,0.499989885034);
#7524 = AXIS2_PLACEMENT_3D('',#7525,#7526,#7527);
#7525 = CARTESIAN_POINT('',(124.10000192086,-51.66723211496,0.));
#7526 = DIRECTION('',(0.,0.,-1.));
#7527 = DIRECTION('',(0.43376093322,-0.901027997796,0.));
#7528 = ADVANCED_FACE('',(#7529),#7540,.T.);
#7529 = FACE_BOUND('',#7530,.T.);
#7530 = EDGE_LOOP('',(#7531,#7537,#7538,#7539));
#7531 = ORIENTED_EDGE('',*,*,#7532,.T.);
#7532 = EDGE_CURVE('',#1550,#3945,#7533,.T.);
#7533 = LINE('',#7534,#7535);
#7534 = CARTESIAN_POINT('',(124.897158,-54.661673,0.));
#7535 = VECTOR('',#7536,1.);
#7536 = DIRECTION('',(0.,0.,1.));
#7537 = ORIENTED_EDGE('',*,*,#3944,.T.);
#7538 = ORIENTED_EDGE('',*,*,#7498,.F.);
#7539 = ORIENTED_EDGE('',*,*,#1549,.F.);
#7540 = PLANE('',#7541);
#7541 = AXIS2_PLACEMENT_3D('',#7542,#7543,#7544);
#7542 = CARTESIAN_POINT('',(124.897158,-54.661673,0.));
#7543 = DIRECTION('',(-1.,0.,0.));
#7544 = DIRECTION('',(0.,1.,0.));
#7545 = ADVANCED_FACE('',(#7546),#7557,.T.);
#7546 = FACE_BOUND('',#7547,.T.);
#7547 = EDGE_LOOP('',(#7548,#7549,#7550,#7556));
#7548 = ORIENTED_EDGE('',*,*,#7517,.T.);
#7549 = ORIENTED_EDGE('',*,*,#4049,.T.);
#7550 = ORIENTED_EDGE('',*,*,#7551,.F.);
#7551 = EDGE_CURVE('',#1646,#4041,#7552,.T.);
#7552 = LINE('',#7553,#7554);
#7553 = CARTESIAN_POINT('',(122.694316,-52.167222,0.));
#7554 = VECTOR('',#7555,1.);
#7555 = DIRECTION('',(0.,0.,1.));
#7556 = ORIENTED_EDGE('',*,*,#1654,.F.);
#7557 = PLANE('',#7558);
#7558 = AXIS2_PLACEMENT_3D('',#7559,#7560,#7561);
#7559 = CARTESIAN_POINT('',(124.1,-52.167222,0.));
#7560 = DIRECTION('',(0.,-1.,0.));
#7561 = DIRECTION('',(-1.,0.,0.));
#7562 = ADVANCED_FACE('',(#7563),#7574,.T.);
#7563 = FACE_BOUND('',#7564,.T.);
#7564 = EDGE_LOOP('',(#7565,#7571,#7572,#7573));
#7565 = ORIENTED_EDGE('',*,*,#7566,.T.);
#7566 = EDGE_CURVE('',#1558,#3953,#7567,.T.);
#7567 = LINE('',#7568,#7569);
#7568 = CARTESIAN_POINT('',(124.965457,-54.913931,0.));
#7569 = VECTOR('',#7570,1.);
#7570 = DIRECTION('',(0.,0.,1.));
#7571 = ORIENTED_EDGE('',*,*,#3952,.T.);
#7572 = ORIENTED_EDGE('',*,*,#7532,.F.);
#7573 = ORIENTED_EDGE('',*,*,#1557,.F.);
#7574 = CYLINDRICAL_SURFACE('',#7575,0.500008729288);
#7575 = AXIS2_PLACEMENT_3D('',#7576,#7577,#7578);
#7576 = CARTESIAN_POINT('',(125.39716672928,-54.66167034312,0.));
#7577 = DIRECTION('',(0.,0.,-1.));
#7578 = DIRECTION('',(-0.863404384751,-0.504512505685,-0.));
#7579 = ADVANCED_FACE('',(#7580),#7591,.T.);
#7580 = FACE_BOUND('',#7581,.T.);
#7581 = EDGE_LOOP('',(#7582,#7583,#7584,#7590));
#7582 = ORIENTED_EDGE('',*,*,#7551,.T.);
#7583 = ORIENTED_EDGE('',*,*,#4040,.T.);
#7584 = ORIENTED_EDGE('',*,*,#7585,.F.);
#7585 = EDGE_CURVE('',#1637,#4032,#7586,.T.);
#7586 = LINE('',#7587,#7588);
#7587 = CARTESIAN_POINT('',(122.477438,-52.117737,0.));
#7588 = VECTOR('',#7589,1.);
#7589 = DIRECTION('',(0.,0.,1.));
#7590 = ORIENTED_EDGE('',*,*,#1645,.F.);
#7591 = CYLINDRICAL_SURFACE('',#7592,0.499989885034);
#7592 = AXIS2_PLACEMENT_3D('',#7593,#7594,#7595);
#7593 = CARTESIAN_POINT('',(122.69431407913,-51.66723211496,0.));
#7594 = DIRECTION('',(0.,0.,-1.));
#7595 = DIRECTION('',(3.841811448942E-06,-0.999999999993,0.));
#7596 = ADVANCED_FACE('',(#7597),#7608,.F.);
#7597 = FACE_BOUND('',#7598,.T.);
#7598 = EDGE_LOOP('',(#7599,#7605,#7606,#7607));
#7599 = ORIENTED_EDGE('',*,*,#7600,.T.);
#7600 = EDGE_CURVE('',#1567,#3962,#7601,.T.);
#7601 = LINE('',#7602,#7603);
#7602 = CARTESIAN_POINT('',(124.316878,-55.616705,0.));
#7603 = VECTOR('',#7604,1.);
#7604 = DIRECTION('',(0.,0.,1.));
#7605 = ORIENTED_EDGE('',*,*,#3961,.T.);
#7606 = ORIENTED_EDGE('',*,*,#7566,.F.);
#7607 = ORIENTED_EDGE('',*,*,#1566,.F.);
#7608 = CYLINDRICAL_SURFACE('',#7609,0.500000669307);
#7609 = AXIS2_PLACEMENT_3D('',#7610,#7611,#7612);
#7610 = CARTESIAN_POINT('',(124.53375474043,-55.16618846449,0.));
#7611 = DIRECTION('',(-0.,-0.,-1.));
#7612 = DIRECTION('',(-0.433752900236,-0.901031864884,0.));
#7613 = ADVANCED_FACE('',(#7614),#7625,.F.);
#7614 = FACE_BOUND('',#7615,.T.);
#7615 = EDGE_LOOP('',(#7616,#7617,#7618,#7624));
#7616 = ORIENTED_EDGE('',*,*,#7585,.T.);
#7617 = ORIENTED_EDGE('',*,*,#4031,.T.);
#7618 = ORIENTED_EDGE('',*,*,#7619,.F.);
#7619 = EDGE_CURVE('',#1628,#4023,#7620,.T.);
#7620 = LINE('',#7621,#7622);
#7621 = CARTESIAN_POINT('',(121.82886,-52.82051,0.));
#7622 = VECTOR('',#7623,1.);
#7623 = DIRECTION('',(0.,0.,1.));
#7624 = ORIENTED_EDGE('',*,*,#1636,.F.);
#7625 = CYLINDRICAL_SURFACE('',#7626,0.499999422661);
#7626 = AXIS2_PLACEMENT_3D('',#7627,#7628,#7629);
#7627 = CARTESIAN_POINT('',(122.26056033009,-52.56825170448,0.));
#7628 = DIRECTION('',(-0.,-0.,-1.));
#7629 = DIRECTION('',(0.433755840654,0.901030449374,-0.));
#7630 = ADVANCED_FACE('',(#7631),#7642,.T.);
#7631 = FACE_BOUND('',#7632,.T.);
#7632 = EDGE_LOOP('',(#7633,#7639,#7640,#7641));
#7633 = ORIENTED_EDGE('',*,*,#7634,.T.);
#7634 = EDGE_CURVE('',#1576,#3971,#7635,.T.);
#7635 = LINE('',#7636,#7637);
#7636 = CARTESIAN_POINT('',(124.100001,-55.56722,0.));
#7637 = VECTOR('',#7638,1.);
#7638 = DIRECTION('',(0.,0.,1.));
#7639 = ORIENTED_EDGE('',*,*,#3970,.T.);
#7640 = ORIENTED_EDGE('',*,*,#7600,.F.);
#7641 = ORIENTED_EDGE('',*,*,#1575,.F.);
#7642 = CYLINDRICAL_SURFACE('',#7643,0.499989884978);
#7643 = AXIS2_PLACEMENT_3D('',#7644,#7645,#7646);
#7644 = CARTESIAN_POINT('',(124.10000192088,-56.06720988497,0.));
#7645 = DIRECTION('',(0.,0.,-1.));
#7646 = DIRECTION('',(-1.841808596201E-06,0.999999999998,0.));
#7647 = ADVANCED_FACE('',(#7648),#7659,.T.);
#7648 = FACE_BOUND('',#7649,.T.);
#7649 = EDGE_LOOP('',(#7650,#7651,#7652,#7658));
#7650 = ORIENTED_EDGE('',*,*,#7619,.T.);
#7651 = ORIENTED_EDGE('',*,*,#4022,.T.);
#7652 = ORIENTED_EDGE('',*,*,#7653,.F.);
#7653 = EDGE_CURVE('',#1620,#4015,#7654,.T.);
#7654 = LINE('',#7655,#7656);
#7655 = CARTESIAN_POINT('',(121.897159,-53.072768,0.));
#7656 = VECTOR('',#7657,1.);
#7657 = DIRECTION('',(0.,0.,1.));
#7658 = ORIENTED_EDGE('',*,*,#1627,.F.);
#7659 = CYLINDRICAL_SURFACE('',#7660,0.500008729288);
#7660 = AXIS2_PLACEMENT_3D('',#7661,#7662,#7663);
#7661 = CARTESIAN_POINT('',(121.39715027071,-53.07277065687,0.));
#7662 = DIRECTION('',(0.,0.,-1.));
#7663 = DIRECTION('',(0.863404384751,0.504512505685,0.));
#7664 = ADVANCED_FACE('',(#7665),#7676,.T.);
#7665 = FACE_BOUND('',#7666,.T.);
#7666 = EDGE_LOOP('',(#7667,#7673,#7674,#7675));
#7667 = ORIENTED_EDGE('',*,*,#7668,.T.);
#7668 = EDGE_CURVE('',#1585,#3980,#7669,.T.);
#7669 = LINE('',#7670,#7671);
#7670 = CARTESIAN_POINT('',(122.694316,-55.56722,0.));
#7671 = VECTOR('',#7672,1.);
#7672 = DIRECTION('',(0.,0.,1.));
#7673 = ORIENTED_EDGE('',*,*,#3979,.T.);
#7674 = ORIENTED_EDGE('',*,*,#7634,.F.);
#7675 = ORIENTED_EDGE('',*,*,#1584,.F.);
#7676 = PLANE('',#7677);
#7677 = AXIS2_PLACEMENT_3D('',#7678,#7679,#7680);
#7678 = CARTESIAN_POINT('',(122.694316,-55.56722,0.));
#7679 = DIRECTION('',(0.,1.,0.));
#7680 = DIRECTION('',(1.,0.,0.));
#7681 = ADVANCED_FACE('',(#7682),#7693,.T.);
#7682 = FACE_BOUND('',#7683,.T.);
#7683 = EDGE_LOOP('',(#7684,#7685,#7686,#7692));
#7684 = ORIENTED_EDGE('',*,*,#7653,.T.);
#7685 = ORIENTED_EDGE('',*,*,#4014,.T.);
#7686 = ORIENTED_EDGE('',*,*,#7687,.F.);
#7687 = EDGE_CURVE('',#1611,#4006,#7688,.T.);
#7688 = LINE('',#7689,#7690);
#7689 = CARTESIAN_POINT('',(121.897158,-54.661674,0.));
#7690 = VECTOR('',#7691,1.);
#7691 = DIRECTION('',(0.,0.,1.));
#7692 = ORIENTED_EDGE('',*,*,#1619,.F.);
#7693 = PLANE('',#7694);
#7694 = AXIS2_PLACEMENT_3D('',#7695,#7696,#7697);
#7695 = CARTESIAN_POINT('',(121.897159,-53.072768,0.));
#7696 = DIRECTION('',(1.,-6.29363850017E-07,0.));
#7697 = DIRECTION('',(-6.29363850017E-07,-1.,0.));
#7698 = ADVANCED_FACE('',(#7699),#7710,.T.);
#7699 = FACE_BOUND('',#7700,.T.);
#7700 = EDGE_LOOP('',(#7701,#7707,#7708,#7709));
#7701 = ORIENTED_EDGE('',*,*,#7702,.T.);
#7702 = EDGE_CURVE('',#1593,#3988,#7703,.T.);
#7703 = LINE('',#7704,#7705);
#7704 = CARTESIAN_POINT('',(122.477438,-55.616705,0.));
#7705 = VECTOR('',#7706,1.);
#7706 = DIRECTION('',(0.,0.,1.));
#7707 = ORIENTED_EDGE('',*,*,#3987,.T.);
#7708 = ORIENTED_EDGE('',*,*,#7668,.F.);
#7709 = ORIENTED_EDGE('',*,*,#1592,.F.);
#7710 = CYLINDRICAL_SURFACE('',#7711,0.499989885034);
#7711 = AXIS2_PLACEMENT_3D('',#7712,#7713,#7714);
#7712 = CARTESIAN_POINT('',(122.69431407913,-56.06720988503,0.));
#7713 = DIRECTION('',(0.,0.,-1.));
#7714 = DIRECTION('',(-0.43376093322,0.901027997796,0.));
#7715 = ADVANCED_FACE('',(#7716),#7727,.T.);
#7716 = FACE_BOUND('',#7717,.T.);
#7717 = EDGE_LOOP('',(#7718,#7719,#7720,#7726));
#7718 = ORIENTED_EDGE('',*,*,#7687,.T.);
#7719 = ORIENTED_EDGE('',*,*,#4005,.T.);
#7720 = ORIENTED_EDGE('',*,*,#7721,.F.);
#7721 = EDGE_CURVE('',#1602,#3997,#7722,.T.);
#7722 = LINE('',#7723,#7724);
#7723 = CARTESIAN_POINT('',(121.828859,-54.913932,0.));
#7724 = VECTOR('',#7725,1.);
#7725 = DIRECTION('',(0.,0.,1.));
#7726 = ORIENTED_EDGE('',*,*,#1610,.F.);
#7727 = CYLINDRICAL_SURFACE('',#7728,0.500008729288);
#7728 = AXIS2_PLACEMENT_3D('',#7729,#7730,#7731);
#7729 = CARTESIAN_POINT('',(121.39714927071,-54.66167134312,0.));
#7730 = DIRECTION('',(0.,0.,-1.));
#7731 = DIRECTION('',(0.999999999986,-5.313662895824E-06,0.));
#7732 = ADVANCED_FACE('',(#7733),#7739,.F.);
#7733 = FACE_BOUND('',#7734,.T.);
#7734 = EDGE_LOOP('',(#7735,#7736,#7737,#7738));
#7735 = ORIENTED_EDGE('',*,*,#7721,.T.);
#7736 = ORIENTED_EDGE('',*,*,#3996,.T.);
#7737 = ORIENTED_EDGE('',*,*,#7702,.F.);
#7738 = ORIENTED_EDGE('',*,*,#1601,.F.);
#7739 = CYLINDRICAL_SURFACE('',#7740,0.499999729127);
#7740 = AXIS2_PLACEMENT_3D('',#7741,#7742,#7743);
#7741 = CARTESIAN_POINT('',(122.26055970911,-55.16619025432,0.));
#7742 = DIRECTION('',(-0.,-0.,-1.));
#7743 = DIRECTION('',(-0.863401885979,0.504516781968,0.));
#7744 = ADVANCED_FACE('',(#7745),#7756,.F.);
#7745 = FACE_BOUND('',#7746,.T.);
#7746 = EDGE_LOOP('',(#7747,#7748,#7754,#7755));
#7747 = ORIENTED_EDGE('',*,*,#1671,.T.);
#7748 = ORIENTED_EDGE('',*,*,#7749,.T.);
#7749 = EDGE_CURVE('',#1672,#4067,#7750,.T.);
#7750 = LINE('',#7751,#7752);
#7751 = CARTESIAN_POINT('',(178.5,-88.34,-4.6E-02));
#7752 = VECTOR('',#7753,1.);
#7753 = DIRECTION('',(0.,0.,1.));
#7754 = ORIENTED_EDGE('',*,*,#4066,.F.);
#7755 = ORIENTED_EDGE('',*,*,#7749,.F.);
#7756 = CYLINDRICAL_SURFACE('',#7757,0.5);
#7757 = AXIS2_PLACEMENT_3D('',#7758,#7759,#7760);
#7758 = CARTESIAN_POINT('',(178.5,-87.84,-4.6E-02));
#7759 = DIRECTION('',(-0.,-0.,-1.));
#7760 = DIRECTION('',(-0.,-1.,0.));
#7761 = ADVANCED_FACE('',(#7762),#7773,.F.);
#7762 = FACE_BOUND('',#7763,.T.);
#7763 = EDGE_LOOP('',(#7764,#7765,#7771,#7772));
#7764 = ORIENTED_EDGE('',*,*,#1682,.T.);
#7765 = ORIENTED_EDGE('',*,*,#7766,.T.);
#7766 = EDGE_CURVE('',#1683,#4078,#7767,.T.);
#7767 = LINE('',#7768,#7769);
#7768 = CARTESIAN_POINT('',(178.5,-85.8,-4.6E-02));
#7769 = VECTOR('',#7770,1.);
#7770 = DIRECTION('',(0.,0.,1.));
#7771 = ORIENTED_EDGE('',*,*,#4077,.F.);
#7772 = ORIENTED_EDGE('',*,*,#7766,.F.);
#7773 = CYLINDRICAL_SURFACE('',#7774,0.5);
#7774 = AXIS2_PLACEMENT_3D('',#7775,#7776,#7777);
#7775 = CARTESIAN_POINT('',(178.5,-85.3,-4.6E-02));
#7776 = DIRECTION('',(-0.,-0.,-1.));
#7777 = DIRECTION('',(-0.,-1.,0.));
#7778 = ADVANCED_FACE('',(#7779),#7795,.F.);
#7779 = FACE_BOUND('',#7780,.T.);
#7780 = EDGE_LOOP('',(#7781,#7787,#7788,#7794));
#7781 = ORIENTED_EDGE('',*,*,#7782,.T.);
#7782 = EDGE_CURVE('',#1694,#4089,#7783,.T.);
#7783 = LINE('',#7784,#7785);
#7784 = CARTESIAN_POINT('',(176.45329,-73.828859,0.));
#7785 = VECTOR('',#7786,1.);
#7786 = DIRECTION('',(0.,0.,1.));
#7787 = ORIENTED_EDGE('',*,*,#4088,.T.);
#7788 = ORIENTED_EDGE('',*,*,#7789,.F.);
#7789 = EDGE_CURVE('',#1696,#4091,#7790,.T.);
#7790 = LINE('',#7791,#7792);
#7791 = CARTESIAN_POINT('',(175.750517,-74.477438,0.));
#7792 = VECTOR('',#7793,1.);
#7793 = DIRECTION('',(0.,0.,1.));
#7794 = ORIENTED_EDGE('',*,*,#1693,.F.);
#7795 = CYLINDRICAL_SURFACE('',#7796,0.499999729127);
#7796 = AXIS2_PLACEMENT_3D('',#7797,#7798,#7799);
#7797 = CARTESIAN_POINT('',(176.20103174567,-74.26055970911,0.));
#7798 = DIRECTION('',(-0.,-0.,-1.));
#7799 = DIRECTION('',(0.504516781969,0.863401885979,-0.));
#7800 = ADVANCED_FACE('',(#7801),#7812,.T.);
#7801 = FACE_BOUND('',#7802,.T.);
#7802 = EDGE_LOOP('',(#7803,#7809,#7810,#7811));
#7803 = ORIENTED_EDGE('',*,*,#7804,.T.);
#7804 = EDGE_CURVE('',#1705,#4100,#7805,.T.);
#7805 = LINE('',#7806,#7807);
#7806 = CARTESIAN_POINT('',(176.705549,-73.897159,0.));
#7807 = VECTOR('',#7808,1.);
#7808 = DIRECTION('',(0.,0.,1.));
#7809 = ORIENTED_EDGE('',*,*,#4099,.T.);
#7810 = ORIENTED_EDGE('',*,*,#7782,.F.);
#7811 = ORIENTED_EDGE('',*,*,#1704,.F.);
#7812 = CYLINDRICAL_SURFACE('',#7813,0.50002311711);
#7813 = AXIS2_PLACEMENT_3D('',#7814,#7815,#7816);
#7814 = CARTESIAN_POINT('',(176.70555626378,-73.39713588294,0.));
#7815 = DIRECTION('',(0.,0.,-1.));
#7816 = DIRECTION('',(-1.452689345975E-05,-0.999999999894,-0.));
#7817 = ADVANCED_FACE('',(#7818),#7829,.T.);
#7818 = FACE_BOUND('',#7819,.T.);
#7819 = EDGE_LOOP('',(#7820,#7821,#7822,#7828));
#7820 = ORIENTED_EDGE('',*,*,#7789,.T.);
#7821 = ORIENTED_EDGE('',*,*,#4221,.T.);
#7822 = ORIENTED_EDGE('',*,*,#7823,.F.);
#7823 = EDGE_CURVE('',#1819,#4214,#7824,.T.);
#7824 = LINE('',#7825,#7826);
#7825 = CARTESIAN_POINT('',(175.800002,-74.694316,0.));
#7826 = VECTOR('',#7827,1.);
#7827 = DIRECTION('',(0.,0.,1.));
#7828 = ORIENTED_EDGE('',*,*,#1826,.F.);
#7829 = CYLINDRICAL_SURFACE('',#7830,0.499989885034);
#7830 = AXIS2_PLACEMENT_3D('',#7831,#7832,#7833);
#7831 = CARTESIAN_POINT('',(175.30001211496,-74.69431407913,0.));
#7832 = DIRECTION('',(0.,0.,-1.));
#7833 = DIRECTION('',(0.901027997796,0.43376093322,0.));
#7834 = ADVANCED_FACE('',(#7835),#7846,.T.);
#7835 = FACE_BOUND('',#7836,.T.);
#7836 = EDGE_LOOP('',(#7837,#7843,#7844,#7845));
#7837 = ORIENTED_EDGE('',*,*,#7838,.T.);
#7838 = EDGE_CURVE('',#1714,#4109,#7839,.T.);
#7839 = LINE('',#7840,#7841);
#7840 = CARTESIAN_POINT('',(178.294454,-73.897159,0.));
#7841 = VECTOR('',#7842,1.);
#7842 = DIRECTION('',(0.,0.,1.));
#7843 = ORIENTED_EDGE('',*,*,#4108,.T.);
#7844 = ORIENTED_EDGE('',*,*,#7804,.F.);
#7845 = ORIENTED_EDGE('',*,*,#1713,.F.);
#7846 = PLANE('',#7847);
#7847 = AXIS2_PLACEMENT_3D('',#7848,#7849,#7850);
#7848 = CARTESIAN_POINT('',(178.294454,-73.897159,0.));
#7849 = DIRECTION('',(0.,-1.,0.));
#7850 = DIRECTION('',(-1.,0.,0.));
#7851 = ADVANCED_FACE('',(#7852),#7863,.T.);
#7852 = FACE_BOUND('',#7853,.T.);
#7853 = EDGE_LOOP('',(#7854,#7855,#7856,#7862));
#7854 = ORIENTED_EDGE('',*,*,#7823,.T.);
#7855 = ORIENTED_EDGE('',*,*,#4213,.T.);
#7856 = ORIENTED_EDGE('',*,*,#7857,.F.);
#7857 = EDGE_CURVE('',#1810,#4205,#7858,.T.);
#7858 = LINE('',#7859,#7860);
#7859 = CARTESIAN_POINT('',(175.800002,-76.1,0.));
#7860 = VECTOR('',#7861,1.);
#7861 = DIRECTION('',(0.,0.,1.));
#7862 = ORIENTED_EDGE('',*,*,#1818,.F.);
#7863 = PLANE('',#7864);
#7864 = AXIS2_PLACEMENT_3D('',#7865,#7866,#7867);
#7865 = CARTESIAN_POINT('',(175.800002,-74.694316,0.));
#7866 = DIRECTION('',(1.,0.,-0.));
#7867 = DIRECTION('',(0.,-1.,0.));
#7868 = ADVANCED_FACE('',(#7869),#7880,.T.);
#7869 = FACE_BOUND('',#7870,.T.);
#7870 = EDGE_LOOP('',(#7871,#7877,#7878,#7879));
#7871 = ORIENTED_EDGE('',*,*,#7872,.T.);
#7872 = EDGE_CURVE('',#1722,#4117,#7873,.T.);
#7873 = LINE('',#7874,#7875);
#7874 = CARTESIAN_POINT('',(178.546712,-73.82886,0.));
#7875 = VECTOR('',#7876,1.);
#7876 = DIRECTION('',(0.,0.,1.));
#7877 = ORIENTED_EDGE('',*,*,#4116,.T.);
#7878 = ORIENTED_EDGE('',*,*,#7838,.F.);
#7879 = ORIENTED_EDGE('',*,*,#1721,.F.);
#7880 = CYLINDRICAL_SURFACE('',#7881,0.500008729288);
#7881 = AXIS2_PLACEMENT_3D('',#7882,#7883,#7884);
#7882 = CARTESIAN_POINT('',(178.29445134312,-73.39715027071,0.));
#7883 = DIRECTION('',(0.,0.,-1.));
#7884 = DIRECTION('',(0.504512505685,-0.863404384751,0.));
#7885 = ADVANCED_FACE('',(#7886),#7897,.T.);
#7886 = FACE_BOUND('',#7887,.T.);
#7887 = EDGE_LOOP('',(#7888,#7889,#7890,#7896));
#7888 = ORIENTED_EDGE('',*,*,#7857,.T.);
#7889 = ORIENTED_EDGE('',*,*,#4204,.T.);
#7890 = ORIENTED_EDGE('',*,*,#7891,.F.);
#7891 = EDGE_CURVE('',#1801,#4196,#7892,.T.);
#7892 = LINE('',#7893,#7894);
#7893 = CARTESIAN_POINT('',(175.750517,-76.316878,0.));
#7894 = VECTOR('',#7895,1.);
#7895 = DIRECTION('',(0.,0.,1.));
#7896 = ORIENTED_EDGE('',*,*,#1809,.F.);
#7897 = CYLINDRICAL_SURFACE('',#7898,0.499989885034);
#7898 = AXIS2_PLACEMENT_3D('',#7899,#7900,#7901);
#7899 = CARTESIAN_POINT('',(175.30001211496,-76.10000192086,0.));
#7900 = DIRECTION('',(0.,0.,-1.));
#7901 = DIRECTION('',(0.999999999993,3.841811363674E-06,0.));
#7902 = ADVANCED_FACE('',(#7903),#7914,.F.);
#7903 = FACE_BOUND('',#7904,.T.);
#7904 = EDGE_LOOP('',(#7905,#7911,#7912,#7913));
#7905 = ORIENTED_EDGE('',*,*,#7906,.T.);
#7906 = EDGE_CURVE('',#1731,#4126,#7907,.T.);
#7907 = LINE('',#7908,#7909);
#7908 = CARTESIAN_POINT('',(179.249485,-74.477438,0.));
#7909 = VECTOR('',#7910,1.);
#7910 = DIRECTION('',(0.,0.,1.));
#7911 = ORIENTED_EDGE('',*,*,#4125,.T.);
#7912 = ORIENTED_EDGE('',*,*,#7872,.F.);
#7913 = ORIENTED_EDGE('',*,*,#1730,.F.);
#7914 = CYLINDRICAL_SURFACE('',#7915,0.499999422661);
#7915 = AXIS2_PLACEMENT_3D('',#7916,#7917,#7918);
#7916 = CARTESIAN_POINT('',(178.79897029551,-74.26056033009,0.));
#7917 = DIRECTION('',(-0.,-0.,-1.));
#7918 = DIRECTION('',(0.901030449374,-0.433755840654,0.));
#7919 = ADVANCED_FACE('',(#7920),#7931,.F.);
#7920 = FACE_BOUND('',#7921,.T.);
#7921 = EDGE_LOOP('',(#7922,#7923,#7924,#7930));
#7922 = ORIENTED_EDGE('',*,*,#7891,.T.);
#7923 = ORIENTED_EDGE('',*,*,#4195,.T.);
#7924 = ORIENTED_EDGE('',*,*,#7925,.F.);
#7925 = EDGE_CURVE('',#1792,#4187,#7926,.T.);
#7926 = LINE('',#7927,#7928);
#7927 = CARTESIAN_POINT('',(176.45329,-76.965455,0.));
#7928 = VECTOR('',#7929,1.);
#7929 = DIRECTION('',(0.,0.,1.));
#7930 = ORIENTED_EDGE('',*,*,#1800,.F.);
#7931 = CYLINDRICAL_SURFACE('',#7932,0.499999092786);
#7932 = AXIS2_PLACEMENT_3D('',#7933,#7934,#7935);
#7933 = CARTESIAN_POINT('',(176.20103160898,-76.53375510777,0.));
#7934 = DIRECTION('',(-0.,-0.,-1.));
#7935 = DIRECTION('',(-0.901030852831,0.43375500256,0.));
#7936 = ADVANCED_FACE('',(#7937),#7948,.T.);
#7937 = FACE_BOUND('',#7938,.T.);
#7938 = EDGE_LOOP('',(#7939,#7945,#7946,#7947));
#7939 = ORIENTED_EDGE('',*,*,#7940,.T.);
#7940 = EDGE_CURVE('',#1740,#4135,#7941,.T.);
#7941 = LINE('',#7942,#7943);
#7942 = CARTESIAN_POINT('',(179.2,-74.694316,0.));
#7943 = VECTOR('',#7944,1.);
#7944 = DIRECTION('',(0.,0.,1.));
#7945 = ORIENTED_EDGE('',*,*,#4134,.T.);
#7946 = ORIENTED_EDGE('',*,*,#7906,.F.);
#7947 = ORIENTED_EDGE('',*,*,#1739,.F.);
#7948 = CYLINDRICAL_SURFACE('',#7949,0.499989885034);
#7949 = AXIS2_PLACEMENT_3D('',#7950,#7951,#7952);
#7950 = CARTESIAN_POINT('',(179.69998988503,-74.69431407913,0.));
#7951 = DIRECTION('',(0.,0.,-1.));
#7952 = DIRECTION('',(-0.999999999993,-3.841811448942E-06,-0.));
#7953 = ADVANCED_FACE('',(#7954),#7965,.T.);
#7954 = FACE_BOUND('',#7955,.T.);
#7955 = EDGE_LOOP('',(#7956,#7957,#7958,#7964));
#7956 = ORIENTED_EDGE('',*,*,#7925,.T.);
#7957 = ORIENTED_EDGE('',*,*,#4186,.T.);
#7958 = ORIENTED_EDGE('',*,*,#7959,.F.);
#7959 = EDGE_CURVE('',#1784,#4179,#7960,.T.);
#7960 = LINE('',#7961,#7962);
#7961 = CARTESIAN_POINT('',(176.705549,-76.897158,0.));
#7962 = VECTOR('',#7963,1.);
#7963 = DIRECTION('',(0.,0.,1.));
#7964 = ORIENTED_EDGE('',*,*,#1791,.F.);
#7965 = CYLINDRICAL_SURFACE('',#7966,0.500040834725);
#7966 = AXIS2_PLACEMENT_3D('',#7967,#7968,#7969);
#7967 = CARTESIAN_POINT('',(176.70555592637,-77.39719883467,0.));
#7968 = DIRECTION('',(0.,0.,-1.));
#7969 = DIRECTION('',(-0.50449065128,0.86341715455,0.));
#7970 = ADVANCED_FACE('',(#7971),#7982,.T.);
#7971 = FACE_BOUND('',#7972,.T.);
#7972 = EDGE_LOOP('',(#7973,#7979,#7980,#7981));
#7973 = ORIENTED_EDGE('',*,*,#7974,.T.);
#7974 = EDGE_CURVE('',#1749,#4144,#7975,.T.);
#7975 = LINE('',#7976,#7977);
#7976 = CARTESIAN_POINT('',(179.2,-76.1,0.));
#7977 = VECTOR('',#7978,1.);
#7978 = DIRECTION('',(0.,0.,1.));
#7979 = ORIENTED_EDGE('',*,*,#4143,.T.);
#7980 = ORIENTED_EDGE('',*,*,#7940,.F.);
#7981 = ORIENTED_EDGE('',*,*,#1748,.F.);
#7982 = PLANE('',#7983);
#7983 = AXIS2_PLACEMENT_3D('',#7984,#7985,#7986);
#7984 = CARTESIAN_POINT('',(179.2,-76.1,0.));
#7985 = DIRECTION('',(-1.,0.,0.));
#7986 = DIRECTION('',(0.,1.,0.));
#7987 = ADVANCED_FACE('',(#7988),#7999,.T.);
#7988 = FACE_BOUND('',#7989,.T.);
#7989 = EDGE_LOOP('',(#7990,#7991,#7992,#7998));
#7990 = ORIENTED_EDGE('',*,*,#7959,.T.);
#7991 = ORIENTED_EDGE('',*,*,#4178,.T.);
#7992 = ORIENTED_EDGE('',*,*,#7993,.F.);
#7993 = EDGE_CURVE('',#1775,#4170,#7994,.T.);
#7994 = LINE('',#7995,#7996);
#7995 = CARTESIAN_POINT('',(178.294453,-76.897158,0.));
#7996 = VECTOR('',#7997,1.);
#7997 = DIRECTION('',(0.,0.,1.));
#7998 = ORIENTED_EDGE('',*,*,#1783,.F.);
#7999 = PLANE('',#8000);
#8000 = AXIS2_PLACEMENT_3D('',#8001,#8002,#8003);
#8001 = CARTESIAN_POINT('',(176.705549,-76.897158,0.));
#8002 = DIRECTION('',(0.,1.,0.));
#8003 = DIRECTION('',(1.,0.,0.));
#8004 = ADVANCED_FACE('',(#8005),#8016,.T.);
#8005 = FACE_BOUND('',#8006,.T.);
#8006 = EDGE_LOOP('',(#8007,#8013,#8014,#8015));
#8007 = ORIENTED_EDGE('',*,*,#8008,.T.);
#8008 = EDGE_CURVE('',#1757,#4152,#8009,.T.);
#8009 = LINE('',#8010,#8011);
#8010 = CARTESIAN_POINT('',(179.249485,-76.316877,0.));
#8011 = VECTOR('',#8012,1.);
#8012 = DIRECTION('',(0.,0.,1.));
#8013 = ORIENTED_EDGE('',*,*,#4151,.T.);
#8014 = ORIENTED_EDGE('',*,*,#7974,.F.);
#8015 = ORIENTED_EDGE('',*,*,#1756,.F.);
#8016 = CYLINDRICAL_SURFACE('',#8017,0.49998122973);
#8017 = AXIS2_PLACEMENT_3D('',#8018,#8019,#8020);
#8018 = CARTESIAN_POINT('',(179.69998122972,-76.10000289576,0.));
#8019 = DIRECTION('',(0.,0.,-1.));
#8020 = DIRECTION('',(-0.901026284457,-0.433764492229,-0.));
#8021 = ADVANCED_FACE('',(#8022),#8033,.T.);
#8022 = FACE_BOUND('',#8023,.T.);
#8023 = EDGE_LOOP('',(#8024,#8025,#8026,#8032));
#8024 = ORIENTED_EDGE('',*,*,#7993,.T.);
#8025 = ORIENTED_EDGE('',*,*,#4169,.T.);
#8026 = ORIENTED_EDGE('',*,*,#8027,.F.);
#8027 = EDGE_CURVE('',#1766,#4161,#8028,.T.);
#8028 = LINE('',#8029,#8030);
#8029 = CARTESIAN_POINT('',(178.546712,-76.965457,0.));
#8030 = VECTOR('',#8031,1.);
#8031 = DIRECTION('',(0.,0.,1.));
#8032 = ORIENTED_EDGE('',*,*,#1774,.F.);
#8033 = CYLINDRICAL_SURFACE('',#8034,0.500008729226);
#8034 = AXIS2_PLACEMENT_3D('',#8035,#8036,#8037);
#8035 = CARTESIAN_POINT('',(178.29445134314,-77.39716672922,0.));
#8036 = DIRECTION('',(0.,0.,-1.));
#8037 = DIRECTION('',(3.313649317029E-06,0.999999999995,0.));
#8038 = ADVANCED_FACE('',(#8039),#8045,.F.);
#8039 = FACE_BOUND('',#8040,.T.);
#8040 = EDGE_LOOP('',(#8041,#8042,#8043,#8044));
#8041 = ORIENTED_EDGE('',*,*,#8027,.T.);
#8042 = ORIENTED_EDGE('',*,*,#4160,.T.);
#8043 = ORIENTED_EDGE('',*,*,#8008,.F.);
#8044 = ORIENTED_EDGE('',*,*,#1765,.F.);
#8045 = CYLINDRICAL_SURFACE('',#8046,0.499999755443);
#8046 = AXIS2_PLACEMENT_3D('',#8047,#8048,#8049);
#8047 = CARTESIAN_POINT('',(178.79897086309,-76.53375661613,0.));
#8048 = DIRECTION('',(-0.,-0.,-1.));
#8049 = DIRECTION('',(-0.50451797296,-0.863401190039,0.));
#8050 = ADVANCED_FACE('',(#8051),#8067,.F.);
#8051 = FACE_BOUND('',#8052,.T.);
#8052 = EDGE_LOOP('',(#8053,#8059,#8060,#8066));
#8053 = ORIENTED_EDGE('',*,*,#8054,.T.);
#8054 = EDGE_CURVE('',#1836,#4231,#8055,.T.);
#8055 = LINE('',#8056,#8057);
#8056 = CARTESIAN_POINT('',(206.953288,-84.334543,0.));
#8057 = VECTOR('',#8058,1.);
#8058 = DIRECTION('',(0.,0.,1.));
#8059 = ORIENTED_EDGE('',*,*,#4230,.T.);
#8060 = ORIENTED_EDGE('',*,*,#8061,.F.);
#8061 = EDGE_CURVE('',#1838,#4233,#8062,.T.);
#8062 = LINE('',#8063,#8064);
#8063 = CARTESIAN_POINT('',(206.250515,-84.983122,0.));
#8064 = VECTOR('',#8065,1.);
#8065 = DIRECTION('',(0.,0.,1.));
#8066 = ORIENTED_EDGE('',*,*,#1835,.F.);
#8067 = CYLINDRICAL_SURFACE('',#8068,0.499999448976);
#8068 = AXIS2_PLACEMENT_3D('',#8069,#8070,#8071);
#8069 = CARTESIAN_POINT('',(206.70102909571,-84.76624300484,0.));
#8070 = DIRECTION('',(-0.,-0.,-1.));
#8071 = DIRECTION('',(0.504518364574,0.863400961204,-0.));
#8072 = ADVANCED_FACE('',(#8073),#8084,.T.);
#8073 = FACE_BOUND('',#8074,.T.);
#8074 = EDGE_LOOP('',(#8075,#8081,#8082,#8083));
#8075 = ORIENTED_EDGE('',*,*,#8076,.T.);
#8076 = EDGE_CURVE('',#1847,#4242,#8077,.T.);
#8077 = LINE('',#8078,#8079);
#8078 = CARTESIAN_POINT('',(207.205547,-84.402842,0.));
#8079 = VECTOR('',#8080,1.);
#8080 = DIRECTION('',(0.,0.,1.));
#8081 = ORIENTED_EDGE('',*,*,#4241,.T.);
#8082 = ORIENTED_EDGE('',*,*,#8054,.F.);
#8083 = ORIENTED_EDGE('',*,*,#1846,.F.);
#8084 = CYLINDRICAL_SURFACE('',#8085,0.500008729226);
#8085 = AXIS2_PLACEMENT_3D('',#8086,#8087,#8088);
#8086 = CARTESIAN_POINT('',(207.20554865685,-83.90283327077,0.));
#8087 = DIRECTION('',(0.,0.,-1.));
#8088 = DIRECTION('',(-3.313649430713E-06,-0.999999999995,-0.));
#8089 = ADVANCED_FACE('',(#8090),#8101,.T.);
#8090 = FACE_BOUND('',#8091,.T.);
#8091 = EDGE_LOOP('',(#8092,#8093,#8094,#8100));
#8092 = ORIENTED_EDGE('',*,*,#8061,.T.);
#8093 = ORIENTED_EDGE('',*,*,#4363,.T.);
#8094 = ORIENTED_EDGE('',*,*,#8095,.F.);
#8095 = EDGE_CURVE('',#1961,#4356,#8096,.T.);
#8096 = LINE('',#8097,#8098);
#8097 = CARTESIAN_POINT('',(206.3,-85.2,0.));
#8098 = VECTOR('',#8099,1.);
#8099 = DIRECTION('',(0.,0.,1.));
#8100 = ORIENTED_EDGE('',*,*,#1968,.F.);
#8101 = CYLINDRICAL_SURFACE('',#8102,0.499989885034);
#8102 = AXIS2_PLACEMENT_3D('',#8103,#8104,#8105);
#8103 = CARTESIAN_POINT('',(205.80001011496,-85.19999807913,0.));
#8104 = DIRECTION('',(0.,0.,-1.));
#8105 = DIRECTION('',(0.901027997796,0.43376093322,0.));
#8106 = ADVANCED_FACE('',(#8107),#8118,.T.);
#8107 = FACE_BOUND('',#8108,.T.);
#8108 = EDGE_LOOP('',(#8109,#8115,#8116,#8117));
#8109 = ORIENTED_EDGE('',*,*,#8110,.T.);
#8110 = EDGE_CURVE('',#1856,#4251,#8111,.T.);
#8111 = LINE('',#8112,#8113);
#8112 = CARTESIAN_POINT('',(208.794451,-84.402842,0.));
#8113 = VECTOR('',#8114,1.);
#8114 = DIRECTION('',(0.,0.,1.));
#8115 = ORIENTED_EDGE('',*,*,#4250,.T.);
#8116 = ORIENTED_EDGE('',*,*,#8076,.F.);
#8117 = ORIENTED_EDGE('',*,*,#1855,.F.);
#8118 = PLANE('',#8119);
#8119 = AXIS2_PLACEMENT_3D('',#8120,#8121,#8122);
#8120 = CARTESIAN_POINT('',(208.794451,-84.402842,0.));
#8121 = DIRECTION('',(0.,-1.,0.));
#8122 = DIRECTION('',(-1.,0.,0.));
#8123 = ADVANCED_FACE('',(#8124),#8135,.T.);
#8124 = FACE_BOUND('',#8125,.T.);
#8125 = EDGE_LOOP('',(#8126,#8127,#8128,#8134));
#8126 = ORIENTED_EDGE('',*,*,#8095,.T.);
#8127 = ORIENTED_EDGE('',*,*,#4355,.T.);
#8128 = ORIENTED_EDGE('',*,*,#8129,.F.);
#8129 = EDGE_CURVE('',#1952,#4347,#8130,.T.);
#8130 = LINE('',#8131,#8132);
#8131 = CARTESIAN_POINT('',(206.3,-86.605684,0.));
#8132 = VECTOR('',#8133,1.);
#8133 = DIRECTION('',(0.,0.,1.));
#8134 = ORIENTED_EDGE('',*,*,#1960,.F.);
#8135 = PLANE('',#8136);
#8136 = AXIS2_PLACEMENT_3D('',#8137,#8138,#8139);
#8137 = CARTESIAN_POINT('',(206.3,-85.2,0.));
#8138 = DIRECTION('',(1.,0.,-0.));
#8139 = DIRECTION('',(0.,-1.,0.));
#8140 = ADVANCED_FACE('',(#8141),#8152,.T.);
#8141 = FACE_BOUND('',#8142,.T.);
#8142 = EDGE_LOOP('',(#8143,#8149,#8150,#8151));
#8143 = ORIENTED_EDGE('',*,*,#8144,.T.);
#8144 = EDGE_CURVE('',#1864,#4259,#8145,.T.);
#8145 = LINE('',#8146,#8147);
#8146 = CARTESIAN_POINT('',(209.046709,-84.334543,0.));
#8147 = VECTOR('',#8148,1.);
#8148 = DIRECTION('',(0.,0.,1.));
#8149 = ORIENTED_EDGE('',*,*,#4258,.T.);
#8150 = ORIENTED_EDGE('',*,*,#8110,.F.);
#8151 = ORIENTED_EDGE('',*,*,#1863,.F.);
#8152 = CYLINDRICAL_SURFACE('',#8153,0.500008729288);
#8153 = AXIS2_PLACEMENT_3D('',#8154,#8155,#8156);
#8154 = CARTESIAN_POINT('',(208.79444834312,-83.90283327071,0.));
#8155 = DIRECTION('',(0.,0.,-1.));
#8156 = DIRECTION('',(0.504512505685,-0.863404384751,0.));
#8157 = ADVANCED_FACE('',(#8158),#8169,.T.);
#8158 = FACE_BOUND('',#8159,.T.);
#8159 = EDGE_LOOP('',(#8160,#8161,#8162,#8168));
#8160 = ORIENTED_EDGE('',*,*,#8129,.T.);
#8161 = ORIENTED_EDGE('',*,*,#4346,.T.);
#8162 = ORIENTED_EDGE('',*,*,#8163,.F.);
#8163 = EDGE_CURVE('',#1943,#4338,#8164,.T.);
#8164 = LINE('',#8165,#8166);
#8165 = CARTESIAN_POINT('',(206.250515,-86.822562,0.));
#8166 = VECTOR('',#8167,1.);
#8167 = DIRECTION('',(0.,0.,1.));
#8168 = ORIENTED_EDGE('',*,*,#1951,.F.);
#8169 = CYLINDRICAL_SURFACE('',#8170,0.499989885034);
#8170 = AXIS2_PLACEMENT_3D('',#8171,#8172,#8173);
#8171 = CARTESIAN_POINT('',(205.80001011496,-86.60568592086,0.));
#8172 = DIRECTION('',(0.,0.,-1.));
#8173 = DIRECTION('',(0.999999999993,3.841811363674E-06,0.));
#8174 = ADVANCED_FACE('',(#8175),#8186,.F.);
#8175 = FACE_BOUND('',#8176,.T.);
#8176 = EDGE_LOOP('',(#8177,#8183,#8184,#8185));
#8177 = ORIENTED_EDGE('',*,*,#8178,.T.);
#8178 = EDGE_CURVE('',#1873,#4268,#8179,.T.);
#8179 = LINE('',#8180,#8181);
#8180 = CARTESIAN_POINT('',(209.749483,-84.983122,0.));
#8181 = VECTOR('',#8182,1.);
#8182 = DIRECTION('',(0.,0.,1.));
#8183 = ORIENTED_EDGE('',*,*,#4267,.T.);
#8184 = ORIENTED_EDGE('',*,*,#8144,.F.);
#8185 = ORIENTED_EDGE('',*,*,#1872,.F.);
#8186 = CYLINDRICAL_SURFACE('',#8187,0.500000669307);
#8187 = AXIS2_PLACEMENT_3D('',#8188,#8189,#8190);
#8188 = CARTESIAN_POINT('',(209.29896646449,-84.76624525956,0.));
#8189 = DIRECTION('',(-0.,-0.,-1.));
#8190 = DIRECTION('',(0.901031864884,-0.433752900236,0.));
#8191 = ADVANCED_FACE('',(#8192),#8203,.F.);
#8192 = FACE_BOUND('',#8193,.T.);
#8193 = EDGE_LOOP('',(#8194,#8195,#8196,#8202));
#8194 = ORIENTED_EDGE('',*,*,#8163,.T.);
#8195 = ORIENTED_EDGE('',*,*,#4337,.T.);
#8196 = ORIENTED_EDGE('',*,*,#8197,.F.);
#8197 = EDGE_CURVE('',#1934,#4329,#8198,.T.);
#8198 = LINE('',#8199,#8200);
#8199 = CARTESIAN_POINT('',(206.953288,-87.47114,0.));
#8200 = VECTOR('',#8201,1.);
#8201 = DIRECTION('',(0.,0.,1.));
#8202 = ORIENTED_EDGE('',*,*,#1942,.F.);
#8203 = CYLINDRICAL_SURFACE('',#8204,0.499999422661);
#8204 = AXIS2_PLACEMENT_3D('',#8205,#8206,#8207);
#8205 = CARTESIAN_POINT('',(206.70102970448,-87.0394396699,0.));
#8206 = DIRECTION('',(-0.,-0.,-1.));
#8207 = DIRECTION('',(-0.901030449374,0.433755840654,0.));
#8208 = ADVANCED_FACE('',(#8209),#8220,.T.);
#8209 = FACE_BOUND('',#8210,.T.);
#8210 = EDGE_LOOP('',(#8211,#8217,#8218,#8219));
#8211 = ORIENTED_EDGE('',*,*,#8212,.T.);
#8212 = EDGE_CURVE('',#1882,#4277,#8213,.T.);
#8213 = LINE('',#8214,#8215);
#8214 = CARTESIAN_POINT('',(209.699998,-85.199999,0.));
#8215 = VECTOR('',#8216,1.);
#8216 = DIRECTION('',(0.,0.,1.));
#8217 = ORIENTED_EDGE('',*,*,#4276,.T.);
#8218 = ORIENTED_EDGE('',*,*,#8178,.F.);
#8219 = ORIENTED_EDGE('',*,*,#1881,.F.);
#8220 = CYLINDRICAL_SURFACE('',#8221,0.499989884978);
#8221 = AXIS2_PLACEMENT_3D('',#8222,#8223,#8224);
#8222 = CARTESIAN_POINT('',(210.19998788497,-85.19999807911,0.));
#8223 = DIRECTION('',(0.,0.,-1.));
#8224 = DIRECTION('',(-0.999999999998,-1.841808624623E-06,-0.));
#8225 = ADVANCED_FACE('',(#8226),#8237,.T.);
#8226 = FACE_BOUND('',#8227,.T.);
#8227 = EDGE_LOOP('',(#8228,#8229,#8230,#8236));
#8228 = ORIENTED_EDGE('',*,*,#8197,.T.);
#8229 = ORIENTED_EDGE('',*,*,#4328,.T.);
#8230 = ORIENTED_EDGE('',*,*,#8231,.F.);
#8231 = EDGE_CURVE('',#1926,#4321,#8232,.T.);
#8232 = LINE('',#8233,#8234);
#8233 = CARTESIAN_POINT('',(207.205546,-87.402841,0.));
#8234 = VECTOR('',#8235,1.);
#8235 = DIRECTION('',(0.,0.,1.));
#8236 = ORIENTED_EDGE('',*,*,#1933,.F.);
#8237 = CYLINDRICAL_SURFACE('',#8238,0.500008729288);
#8238 = AXIS2_PLACEMENT_3D('',#8239,#8240,#8241);
#8239 = CARTESIAN_POINT('',(207.20554865687,-87.90284972928,0.));
#8240 = DIRECTION('',(0.,0.,-1.));
#8241 = DIRECTION('',(-0.504512505685,0.863404384751,0.));
#8242 = ADVANCED_FACE('',(#8243),#8254,.T.);
#8243 = FACE_BOUND('',#8244,.T.);
#8244 = EDGE_LOOP('',(#8245,#8251,#8252,#8253));
#8245 = ORIENTED_EDGE('',*,*,#8246,.T.);
#8246 = EDGE_CURVE('',#1891,#4286,#8247,.T.);
#8247 = LINE('',#8248,#8249);
#8248 = CARTESIAN_POINT('',(209.699998,-86.605684,0.));
#8249 = VECTOR('',#8250,1.);
#8250 = DIRECTION('',(0.,0.,1.));
#8251 = ORIENTED_EDGE('',*,*,#4285,.T.);
#8252 = ORIENTED_EDGE('',*,*,#8212,.F.);
#8253 = ORIENTED_EDGE('',*,*,#1890,.F.);
#8254 = PLANE('',#8255);
#8255 = AXIS2_PLACEMENT_3D('',#8256,#8257,#8258);
#8256 = CARTESIAN_POINT('',(209.699998,-86.605684,0.));
#8257 = DIRECTION('',(-1.,0.,0.));
#8258 = DIRECTION('',(0.,1.,0.));
#8259 = ADVANCED_FACE('',(#8260),#8271,.T.);
#8260 = FACE_BOUND('',#8261,.T.);
#8261 = EDGE_LOOP('',(#8262,#8263,#8264,#8270));
#8262 = ORIENTED_EDGE('',*,*,#8231,.T.);
#8263 = ORIENTED_EDGE('',*,*,#4320,.T.);
#8264 = ORIENTED_EDGE('',*,*,#8265,.F.);
#8265 = EDGE_CURVE('',#1917,#4312,#8266,.T.);
#8266 = LINE('',#8267,#8268);
#8267 = CARTESIAN_POINT('',(208.794452,-87.402842,0.));
#8268 = VECTOR('',#8269,1.);
#8269 = DIRECTION('',(0.,0.,1.));
#8270 = ORIENTED_EDGE('',*,*,#1925,.F.);
#8271 = PLANE('',#8272);
#8272 = AXIS2_PLACEMENT_3D('',#8273,#8274,#8275);
#8273 = CARTESIAN_POINT('',(207.205546,-87.402841,0.));
#8274 = DIRECTION('',(6.293638589608E-07,1.,-0.));
#8275 = DIRECTION('',(1.,-6.293638589608E-07,0.));
#8276 = ADVANCED_FACE('',(#8277),#8288,.T.);
#8277 = FACE_BOUND('',#8278,.T.);
#8278 = EDGE_LOOP('',(#8279,#8285,#8286,#8287));
#8279 = ORIENTED_EDGE('',*,*,#8280,.T.);
#8280 = EDGE_CURVE('',#1899,#4294,#8281,.T.);
#8281 = LINE('',#8282,#8283);
#8282 = CARTESIAN_POINT('',(209.749483,-86.822562,0.));
#8283 = VECTOR('',#8284,1.);
#8284 = DIRECTION('',(0.,0.,1.));
#8285 = ORIENTED_EDGE('',*,*,#4293,.T.);
#8286 = ORIENTED_EDGE('',*,*,#8246,.F.);
#8287 = ORIENTED_EDGE('',*,*,#1898,.F.);
#8288 = CYLINDRICAL_SURFACE('',#8289,0.499989885034);
#8289 = AXIS2_PLACEMENT_3D('',#8290,#8291,#8292);
#8290 = CARTESIAN_POINT('',(210.19998788503,-86.60568592086,0.));
#8291 = DIRECTION('',(0.,0.,-1.));
#8292 = DIRECTION('',(-0.901027997796,-0.43376093322,-0.));
#8293 = ADVANCED_FACE('',(#8294),#8305,.T.);
#8294 = FACE_BOUND('',#8295,.T.);
#8295 = EDGE_LOOP('',(#8296,#8297,#8298,#8304));
#8296 = ORIENTED_EDGE('',*,*,#8265,.T.);
#8297 = ORIENTED_EDGE('',*,*,#4311,.T.);
#8298 = ORIENTED_EDGE('',*,*,#8299,.F.);
#8299 = EDGE_CURVE('',#1908,#4303,#8300,.T.);
#8300 = LINE('',#8301,#8302);
#8301 = CARTESIAN_POINT('',(209.04671,-87.471141,0.));
#8302 = VECTOR('',#8303,1.);
#8303 = DIRECTION('',(0.,0.,1.));
#8304 = ORIENTED_EDGE('',*,*,#1916,.F.);
#8305 = CYLINDRICAL_SURFACE('',#8306,0.500008729288);
#8306 = AXIS2_PLACEMENT_3D('',#8307,#8308,#8309);
#8307 = CARTESIAN_POINT('',(208.79444934312,-87.90285072928,0.));
#8308 = DIRECTION('',(0.,0.,-1.));
#8309 = DIRECTION('',(5.313662824773E-06,0.999999999986,0.));
#8310 = ADVANCED_FACE('',(#8311),#8317,.F.);
#8311 = FACE_BOUND('',#8312,.T.);
#8312 = EDGE_LOOP('',(#8313,#8314,#8315,#8316));
#8313 = ORIENTED_EDGE('',*,*,#8299,.T.);
#8314 = ORIENTED_EDGE('',*,*,#4302,.T.);
#8315 = ORIENTED_EDGE('',*,*,#8280,.F.);
#8316 = ORIENTED_EDGE('',*,*,#1907,.F.);
#8317 = CYLINDRICAL_SURFACE('',#8318,0.499999729127);
#8318 = AXIS2_PLACEMENT_3D('',#8319,#8320,#8321);
#8319 = CARTESIAN_POINT('',(209.29896825432,-87.03944029088,0.));
#8320 = DIRECTION('',(-0.,-0.,-1.));
#8321 = DIRECTION('',(-0.504516781969,-0.863401885979,0.));
#8322 = ADVANCED_FACE('',(#8323),#8334,.F.);
#8323 = FACE_BOUND('',#8324,.T.);
#8324 = EDGE_LOOP('',(#8325,#8326,#8332,#8333));
#8325 = ORIENTED_EDGE('',*,*,#1977,.T.);
#8326 = ORIENTED_EDGE('',*,*,#8327,.T.);
#8327 = EDGE_CURVE('',#1978,#4373,#8328,.T.);
#8328 = LINE('',#8329,#8330);
#8329 = CARTESIAN_POINT('',(205.5,-80.,-4.6E-02));
#8330 = VECTOR('',#8331,1.);
#8331 = DIRECTION('',(0.,0.,1.));
#8332 = ORIENTED_EDGE('',*,*,#4372,.F.);
#8333 = ORIENTED_EDGE('',*,*,#8327,.F.);
#8334 = CYLINDRICAL_SURFACE('',#8335,0.5);
#8335 = AXIS2_PLACEMENT_3D('',#8336,#8337,#8338);
#8336 = CARTESIAN_POINT('',(205.5,-79.5,-4.6E-02));
#8337 = DIRECTION('',(-0.,-0.,-1.));
#8338 = DIRECTION('',(-0.,-1.,0.));
#8339 = ADVANCED_FACE('',(#8340),#8356,.F.);
#8340 = FACE_BOUND('',#8341,.T.);
#8341 = EDGE_LOOP('',(#8342,#8343,#8349,#8350));
#8342 = ORIENTED_EDGE('',*,*,#1988,.T.);
#8343 = ORIENTED_EDGE('',*,*,#8344,.T.);
#8344 = EDGE_CURVE('',#1991,#4386,#8345,.T.);
#8345 = LINE('',#8346,#8347);
#8346 = CARTESIAN_POINT('',(203.15,-71.35,-4.6E-02));
#8347 = VECTOR('',#8348,1.);
#8348 = DIRECTION('',(0.,0.,1.));
#8349 = ORIENTED_EDGE('',*,*,#4383,.F.);
#8350 = ORIENTED_EDGE('',*,*,#8351,.F.);
#8351 = EDGE_CURVE('',#1989,#4384,#8352,.T.);
#8352 = LINE('',#8353,#8354);
#8353 = CARTESIAN_POINT('',(201.65,-71.35,-4.6E-02));
#8354 = VECTOR('',#8355,1.);
#8355 = DIRECTION('',(0.,0.,1.));
#8356 = CYLINDRICAL_SURFACE('',#8357,0.75);
#8357 = AXIS2_PLACEMENT_3D('',#8358,#8359,#8360);
#8358 = CARTESIAN_POINT('',(202.4,-71.35,-4.6E-02));
#8359 = DIRECTION('',(-0.,-0.,-1.));
#8360 = DIRECTION('',(1.,0.,-0.));
#8361 = ADVANCED_FACE('',(#8362),#8373,.T.);
#8362 = FACE_BOUND('',#8363,.T.);
#8363 = EDGE_LOOP('',(#8364,#8365,#8366,#8367));
#8364 = ORIENTED_EDGE('',*,*,#2016,.T.);
#8365 = ORIENTED_EDGE('',*,*,#8351,.T.);
#8366 = ORIENTED_EDGE('',*,*,#4411,.F.);
#8367 = ORIENTED_EDGE('',*,*,#8368,.F.);
#8368 = EDGE_CURVE('',#2008,#4403,#8369,.T.);
#8369 = LINE('',#8370,#8371);
#8370 = CARTESIAN_POINT('',(201.65,-72.65,-4.6E-02));
#8371 = VECTOR('',#8372,1.);
#8372 = DIRECTION('',(0.,0.,1.));
#8373 = PLANE('',#8374);
#8374 = AXIS2_PLACEMENT_3D('',#8375,#8376,#8377);
#8375 = CARTESIAN_POINT('',(201.65,-71.35,-4.6E-02));
#8376 = DIRECTION('',(1.,0.,-0.));
#8377 = DIRECTION('',(0.,-1.,0.));
#8378 = ADVANCED_FACE('',(#8379),#8390,.F.);
#8379 = FACE_BOUND('',#8380,.T.);
#8380 = EDGE_LOOP('',(#8381,#8382,#8383,#8384));
#8381 = ORIENTED_EDGE('',*,*,#2007,.T.);
#8382 = ORIENTED_EDGE('',*,*,#8368,.T.);
#8383 = ORIENTED_EDGE('',*,*,#4402,.F.);
#8384 = ORIENTED_EDGE('',*,*,#8385,.F.);
#8385 = EDGE_CURVE('',#2000,#4395,#8386,.T.);
#8386 = LINE('',#8387,#8388);
#8387 = CARTESIAN_POINT('',(203.15,-72.65,-4.6E-02));
#8388 = VECTOR('',#8389,1.);
#8389 = DIRECTION('',(0.,0.,1.));
#8390 = CYLINDRICAL_SURFACE('',#8391,0.75);
#8391 = AXIS2_PLACEMENT_3D('',#8392,#8393,#8394);
#8392 = CARTESIAN_POINT('',(202.4,-72.65,-4.6E-02));
#8393 = DIRECTION('',(-0.,-0.,-1.));
#8394 = DIRECTION('',(-1.,0.,-0.));
#8395 = ADVANCED_FACE('',(#8396),#8402,.T.);
#8396 = FACE_BOUND('',#8397,.T.);
#8397 = EDGE_LOOP('',(#8398,#8399,#8400,#8401));
#8398 = ORIENTED_EDGE('',*,*,#1999,.T.);
#8399 = ORIENTED_EDGE('',*,*,#8385,.T.);
#8400 = ORIENTED_EDGE('',*,*,#4394,.F.);
#8401 = ORIENTED_EDGE('',*,*,#8344,.F.);
#8402 = PLANE('',#8403);
#8403 = AXIS2_PLACEMENT_3D('',#8404,#8405,#8406);
#8404 = CARTESIAN_POINT('',(203.15,-72.65,-4.6E-02));
#8405 = DIRECTION('',(-1.,0.,0.));
#8406 = DIRECTION('',(0.,1.,0.));
#8407 = ADVANCED_FACE('',(#8408),#8419,.F.);
#8408 = FACE_BOUND('',#8409,.T.);
#8409 = EDGE_LOOP('',(#8410,#8411,#8417,#8418));
#8410 = ORIENTED_EDGE('',*,*,#2024,.T.);
#8411 = ORIENTED_EDGE('',*,*,#8412,.T.);
#8412 = EDGE_CURVE('',#2025,#4420,#8413,.T.);
#8413 = LINE('',#8414,#8415);
#8414 = CARTESIAN_POINT('',(208.,-80.,-4.6E-02));
#8415 = VECTOR('',#8416,1.);
#8416 = DIRECTION('',(0.,0.,1.));
#8417 = ORIENTED_EDGE('',*,*,#4419,.F.);
#8418 = ORIENTED_EDGE('',*,*,#8412,.F.);
#8419 = CYLINDRICAL_SURFACE('',#8420,0.5);
#8420 = AXIS2_PLACEMENT_3D('',#8421,#8422,#8423);
#8421 = CARTESIAN_POINT('',(208.,-79.5,-4.6E-02));
#8422 = DIRECTION('',(-0.,-0.,-1.));
#8423 = DIRECTION('',(-0.,-1.,0.));
#8424 = ADVANCED_FACE('',(#8425),#8436,.F.);
#8425 = FACE_BOUND('',#8426,.T.);
#8426 = EDGE_LOOP('',(#8427,#8428,#8434,#8435));
#8427 = ORIENTED_EDGE('',*,*,#2035,.T.);
#8428 = ORIENTED_EDGE('',*,*,#8429,.T.);
#8429 = EDGE_CURVE('',#2036,#4431,#8430,.T.);
#8430 = LINE('',#8431,#8432);
#8431 = CARTESIAN_POINT('',(210.5,-80.,-4.6E-02));
#8432 = VECTOR('',#8433,1.);
#8433 = DIRECTION('',(0.,0.,1.));
#8434 = ORIENTED_EDGE('',*,*,#4430,.F.);
#8435 = ORIENTED_EDGE('',*,*,#8429,.F.);
#8436 = CYLINDRICAL_SURFACE('',#8437,0.5);
#8437 = AXIS2_PLACEMENT_3D('',#8438,#8439,#8440);
#8438 = CARTESIAN_POINT('',(210.5,-79.5,-4.6E-02));
#8439 = DIRECTION('',(-0.,-0.,-1.));
#8440 = DIRECTION('',(-0.,-1.,0.));
#8441 = ADVANCED_FACE('',(#8442),#8458,.F.);
#8442 = FACE_BOUND('',#8443,.T.);
#8443 = EDGE_LOOP('',(#8444,#8445,#8451,#8452));
#8444 = ORIENTED_EDGE('',*,*,#2046,.T.);
#8445 = ORIENTED_EDGE('',*,*,#8446,.T.);
#8446 = EDGE_CURVE('',#2049,#4444,#8447,.T.);
#8447 = LINE('',#8448,#8449);
#8448 = CARTESIAN_POINT('',(214.35,-71.35,-4.6E-02));
#8449 = VECTOR('',#8450,1.);
#8450 = DIRECTION('',(0.,0.,1.));
#8451 = ORIENTED_EDGE('',*,*,#4441,.F.);
#8452 = ORIENTED_EDGE('',*,*,#8453,.F.);
#8453 = EDGE_CURVE('',#2047,#4442,#8454,.T.);
#8454 = LINE('',#8455,#8456);
#8455 = CARTESIAN_POINT('',(212.85,-71.35,-4.6E-02));
#8456 = VECTOR('',#8457,1.);
#8457 = DIRECTION('',(0.,0.,1.));
#8458 = CYLINDRICAL_SURFACE('',#8459,0.75);
#8459 = AXIS2_PLACEMENT_3D('',#8460,#8461,#8462);
#8460 = CARTESIAN_POINT('',(213.6,-71.35,-4.6E-02));
#8461 = DIRECTION('',(-0.,-0.,-1.));
#8462 = DIRECTION('',(1.,0.,-0.));
#8463 = ADVANCED_FACE('',(#8464),#8475,.T.);
#8464 = FACE_BOUND('',#8465,.T.);
#8465 = EDGE_LOOP('',(#8466,#8467,#8468,#8469));
#8466 = ORIENTED_EDGE('',*,*,#2074,.T.);
#8467 = ORIENTED_EDGE('',*,*,#8453,.T.);
#8468 = ORIENTED_EDGE('',*,*,#4469,.F.);
#8469 = ORIENTED_EDGE('',*,*,#8470,.F.);
#8470 = EDGE_CURVE('',#2066,#4461,#8471,.T.);
#8471 = LINE('',#8472,#8473);
#8472 = CARTESIAN_POINT('',(212.85,-72.65,-4.6E-02));
#8473 = VECTOR('',#8474,1.);
#8474 = DIRECTION('',(0.,0.,1.));
#8475 = PLANE('',#8476);
#8476 = AXIS2_PLACEMENT_3D('',#8477,#8478,#8479);
#8477 = CARTESIAN_POINT('',(212.85,-71.35,-4.6E-02));
#8478 = DIRECTION('',(1.,0.,-0.));
#8479 = DIRECTION('',(0.,-1.,0.));
#8480 = ADVANCED_FACE('',(#8481),#8492,.F.);
#8481 = FACE_BOUND('',#8482,.T.);
#8482 = EDGE_LOOP('',(#8483,#8484,#8485,#8486));
#8483 = ORIENTED_EDGE('',*,*,#2065,.T.);
#8484 = ORIENTED_EDGE('',*,*,#8470,.T.);
#8485 = ORIENTED_EDGE('',*,*,#4460,.F.);
#8486 = ORIENTED_EDGE('',*,*,#8487,.F.);
#8487 = EDGE_CURVE('',#2058,#4453,#8488,.T.);
#8488 = LINE('',#8489,#8490);
#8489 = CARTESIAN_POINT('',(214.35,-72.65,-4.6E-02));
#8490 = VECTOR('',#8491,1.);
#8491 = DIRECTION('',(0.,0.,1.));
#8492 = CYLINDRICAL_SURFACE('',#8493,0.75);
#8493 = AXIS2_PLACEMENT_3D('',#8494,#8495,#8496);
#8494 = CARTESIAN_POINT('',(213.6,-72.65,-4.6E-02));
#8495 = DIRECTION('',(-0.,-0.,-1.));
#8496 = DIRECTION('',(-1.,0.,-0.));
#8497 = ADVANCED_FACE('',(#8498),#8504,.T.);
#8498 = FACE_BOUND('',#8499,.T.);
#8499 = EDGE_LOOP('',(#8500,#8501,#8502,#8503));
#8500 = ORIENTED_EDGE('',*,*,#2057,.T.);
#8501 = ORIENTED_EDGE('',*,*,#8487,.T.);
#8502 = ORIENTED_EDGE('',*,*,#4452,.F.);
#8503 = ORIENTED_EDGE('',*,*,#8446,.F.);
#8504 = PLANE('',#8505);
#8505 = AXIS2_PLACEMENT_3D('',#8506,#8507,#8508);
#8506 = CARTESIAN_POINT('',(214.35,-72.65,-4.6E-02));
#8507 = DIRECTION('',(-1.,0.,0.));
#8508 = DIRECTION('',(0.,1.,0.));
#8509 = ADVANCED_FACE('',(#8510),#8526,.F.);
#8510 = FACE_BOUND('',#8511,.T.);
#8511 = EDGE_LOOP('',(#8512,#8518,#8519,#8525));
#8512 = ORIENTED_EDGE('',*,*,#8513,.T.);
#8513 = EDGE_CURVE('',#2083,#4478,#8514,.T.);
#8514 = LINE('',#8515,#8516);
#8515 = CARTESIAN_POINT('',(215.983122,-70.750517,0.));
#8516 = VECTOR('',#8517,1.);
#8517 = DIRECTION('',(0.,0.,1.));
#8518 = ORIENTED_EDGE('',*,*,#4477,.T.);
#8519 = ORIENTED_EDGE('',*,*,#8520,.F.);
#8520 = EDGE_CURVE('',#2085,#4480,#8521,.T.);
#8521 = LINE('',#8522,#8523);
#8522 = CARTESIAN_POINT('',(215.334543,-71.453291,0.));
#8523 = VECTOR('',#8524,1.);
#8524 = DIRECTION('',(0.,0.,1.));
#8525 = ORIENTED_EDGE('',*,*,#2082,.F.);
#8526 = CYLINDRICAL_SURFACE('',#8527,0.500000669307);
#8527 = AXIS2_PLACEMENT_3D('',#8528,#8529,#8530);
#8528 = CARTESIAN_POINT('',(215.76624525956,-71.2010335355,0.));
#8529 = DIRECTION('',(-0.,-0.,-1.));
#8530 = DIRECTION('',(0.433752900236,0.901031864884,-0.));
#8531 = ADVANCED_FACE('',(#8532),#8543,.T.);
#8532 = FACE_BOUND('',#8533,.T.);
#8533 = EDGE_LOOP('',(#8534,#8540,#8541,#8542));
#8534 = ORIENTED_EDGE('',*,*,#8535,.T.);
#8535 = EDGE_CURVE('',#2094,#4489,#8536,.T.);
#8536 = LINE('',#8537,#8538);
#8537 = CARTESIAN_POINT('',(216.2,-70.800002,0.));
#8538 = VECTOR('',#8539,1.);
#8539 = DIRECTION('',(0.,0.,1.));
#8540 = ORIENTED_EDGE('',*,*,#4488,.T.);
#8541 = ORIENTED_EDGE('',*,*,#8513,.F.);
#8542 = ORIENTED_EDGE('',*,*,#2093,.F.);
#8543 = CYLINDRICAL_SURFACE('',#8544,0.499989885034);
#8544 = AXIS2_PLACEMENT_3D('',#8545,#8546,#8547);
#8545 = CARTESIAN_POINT('',(216.19999807913,-70.30001211497,0.));
#8546 = DIRECTION('',(0.,0.,-1.));
#8547 = DIRECTION('',(3.84181142052E-06,-0.999999999993,0.));
#8548 = ADVANCED_FACE('',(#8549),#8560,.T.);
#8549 = FACE_BOUND('',#8550,.T.);
#8550 = EDGE_LOOP('',(#8551,#8552,#8553,#8559));
#8551 = ORIENTED_EDGE('',*,*,#8520,.T.);
#8552 = ORIENTED_EDGE('',*,*,#4610,.T.);
#8553 = ORIENTED_EDGE('',*,*,#8554,.F.);
#8554 = EDGE_CURVE('',#2208,#4603,#8555,.T.);
#8555 = LINE('',#8556,#8557);
#8556 = CARTESIAN_POINT('',(215.402842,-71.705549,0.));
#8557 = VECTOR('',#8558,1.);
#8558 = DIRECTION('',(0.,0.,1.));
#8559 = ORIENTED_EDGE('',*,*,#2215,.F.);
#8560 = CYLINDRICAL_SURFACE('',#8561,0.500008729288);
#8561 = AXIS2_PLACEMENT_3D('',#8562,#8563,#8564);
#8562 = CARTESIAN_POINT('',(214.90283327071,-71.70555165687,0.));
#8563 = DIRECTION('',(0.,0.,-1.));
#8564 = DIRECTION('',(0.863404384751,0.504512505686,0.));
#8565 = ADVANCED_FACE('',(#8566),#8577,.T.);
#8566 = FACE_BOUND('',#8567,.T.);
#8567 = EDGE_LOOP('',(#8568,#8574,#8575,#8576));
#8568 = ORIENTED_EDGE('',*,*,#8569,.T.);
#8569 = EDGE_CURVE('',#2103,#4498,#8570,.T.);
#8570 = LINE('',#8571,#8572);
#8571 = CARTESIAN_POINT('',(217.605684,-70.800002,0.));
#8572 = VECTOR('',#8573,1.);
#8573 = DIRECTION('',(0.,0.,1.));
#8574 = ORIENTED_EDGE('',*,*,#4497,.T.);
#8575 = ORIENTED_EDGE('',*,*,#8535,.F.);
#8576 = ORIENTED_EDGE('',*,*,#2102,.F.);
#8577 = PLANE('',#8578);
#8578 = AXIS2_PLACEMENT_3D('',#8579,#8580,#8581);
#8579 = CARTESIAN_POINT('',(217.605684,-70.800002,0.));
#8580 = DIRECTION('',(0.,-1.,0.));
#8581 = DIRECTION('',(-1.,0.,0.));
#8582 = ADVANCED_FACE('',(#8583),#8594,.T.);
#8583 = FACE_BOUND('',#8584,.T.);
#8584 = EDGE_LOOP('',(#8585,#8586,#8587,#8593));
#8585 = ORIENTED_EDGE('',*,*,#8554,.T.);
#8586 = ORIENTED_EDGE('',*,*,#4602,.T.);
#8587 = ORIENTED_EDGE('',*,*,#8588,.F.);
#8588 = EDGE_CURVE('',#2199,#4594,#8589,.T.);
#8589 = LINE('',#8590,#8591);
#8590 = CARTESIAN_POINT('',(215.402842,-73.294453,0.));
#8591 = VECTOR('',#8592,1.);
#8592 = DIRECTION('',(0.,0.,1.));
#8593 = ORIENTED_EDGE('',*,*,#2207,.F.);
#8594 = PLANE('',#8595);
#8595 = AXIS2_PLACEMENT_3D('',#8596,#8597,#8598);
#8596 = CARTESIAN_POINT('',(215.402842,-71.705549,0.));
#8597 = DIRECTION('',(1.,0.,-0.));
#8598 = DIRECTION('',(0.,-1.,0.));
#8599 = ADVANCED_FACE('',(#8600),#8611,.T.);
#8600 = FACE_BOUND('',#8601,.T.);
#8601 = EDGE_LOOP('',(#8602,#8608,#8609,#8610));
#8602 = ORIENTED_EDGE('',*,*,#8603,.T.);
#8603 = EDGE_CURVE('',#2111,#4506,#8604,.T.);
#8604 = LINE('',#8605,#8606);
#8605 = CARTESIAN_POINT('',(217.822562,-70.750517,0.));
#8606 = VECTOR('',#8607,1.);
#8607 = DIRECTION('',(0.,0.,1.));
#8608 = ORIENTED_EDGE('',*,*,#4505,.T.);
#8609 = ORIENTED_EDGE('',*,*,#8569,.F.);
#8610 = ORIENTED_EDGE('',*,*,#2110,.F.);
#8611 = CYLINDRICAL_SURFACE('',#8612,0.499989885034);
#8612 = AXIS2_PLACEMENT_3D('',#8613,#8614,#8615);
#8613 = CARTESIAN_POINT('',(217.60568592086,-70.30001211496,0.));
#8614 = DIRECTION('',(0.,0.,-1.));
#8615 = DIRECTION('',(0.43376093322,-0.901027997796,0.));
#8616 = ADVANCED_FACE('',(#8617),#8628,.T.);
#8617 = FACE_BOUND('',#8618,.T.);
#8618 = EDGE_LOOP('',(#8619,#8620,#8621,#8627));
#8619 = ORIENTED_EDGE('',*,*,#8588,.T.);
#8620 = ORIENTED_EDGE('',*,*,#4593,.T.);
#8621 = ORIENTED_EDGE('',*,*,#8622,.F.);
#8622 = EDGE_CURVE('',#2190,#4585,#8623,.T.);
#8623 = LINE('',#8624,#8625);
#8624 = CARTESIAN_POINT('',(215.334543,-73.546712,0.));
#8625 = VECTOR('',#8626,1.);
#8626 = DIRECTION('',(0.,0.,1.));
#8627 = ORIENTED_EDGE('',*,*,#2198,.F.);
#8628 = CYLINDRICAL_SURFACE('',#8629,0.500008729226);
#8629 = AXIS2_PLACEMENT_3D('',#8630,#8631,#8632);
#8630 = CARTESIAN_POINT('',(214.90283327077,-73.29445134314,0.));
#8631 = DIRECTION('',(0.,0.,-1.));
#8632 = DIRECTION('',(0.999999999995,-3.313649089662E-06,0.));
#8633 = ADVANCED_FACE('',(#8634),#8645,.F.);
#8634 = FACE_BOUND('',#8635,.T.);
#8635 = EDGE_LOOP('',(#8636,#8642,#8643,#8644));
#8636 = ORIENTED_EDGE('',*,*,#8637,.T.);
#8637 = EDGE_CURVE('',#2120,#4515,#8638,.T.);
#8638 = LINE('',#8639,#8640);
#8639 = CARTESIAN_POINT('',(218.471141,-71.45329,0.));
#8640 = VECTOR('',#8641,1.);
#8641 = DIRECTION('',(0.,0.,1.));
#8642 = ORIENTED_EDGE('',*,*,#4514,.T.);
#8643 = ORIENTED_EDGE('',*,*,#8603,.F.);
#8644 = ORIENTED_EDGE('',*,*,#2119,.F.);
#8645 = CYLINDRICAL_SURFACE('',#8646,0.499999729127);
#8646 = AXIS2_PLACEMENT_3D('',#8647,#8648,#8649);
#8647 = CARTESIAN_POINT('',(218.03944029088,-71.20103174567,0.));
#8648 = DIRECTION('',(-0.,-0.,-1.));
#8649 = DIRECTION('',(0.863401885979,-0.504516781969,0.));
#8650 = ADVANCED_FACE('',(#8651),#8662,.F.);
#8651 = FACE_BOUND('',#8652,.T.);
#8652 = EDGE_LOOP('',(#8653,#8654,#8655,#8661));
#8653 = ORIENTED_EDGE('',*,*,#8622,.T.);
#8654 = ORIENTED_EDGE('',*,*,#4584,.T.);
#8655 = ORIENTED_EDGE('',*,*,#8656,.F.);
#8656 = EDGE_CURVE('',#2181,#4576,#8657,.T.);
#8657 = LINE('',#8658,#8659);
#8658 = CARTESIAN_POINT('',(215.983122,-74.249485,0.));
#8659 = VECTOR('',#8660,1.);
#8660 = DIRECTION('',(0.,0.,1.));
#8661 = ORIENTED_EDGE('',*,*,#2189,.F.);
#8662 = CYLINDRICAL_SURFACE('',#8663,0.499999448976);
#8663 = AXIS2_PLACEMENT_3D('',#8664,#8665,#8666);
#8664 = CARTESIAN_POINT('',(215.76624300484,-73.79897090428,0.));
#8665 = DIRECTION('',(-0.,-0.,-1.));
#8666 = DIRECTION('',(-0.863400961204,0.504518364574,0.));
#8667 = ADVANCED_FACE('',(#8668),#8679,.T.);
#8668 = FACE_BOUND('',#8669,.T.);
#8669 = EDGE_LOOP('',(#8670,#8676,#8677,#8678));
#8670 = ORIENTED_EDGE('',*,*,#8671,.T.);
#8671 = EDGE_CURVE('',#2129,#4524,#8672,.T.);
#8672 = LINE('',#8673,#8674);
#8673 = CARTESIAN_POINT('',(218.402842,-71.705548,0.));
#8674 = VECTOR('',#8675,1.);
#8675 = DIRECTION('',(0.,0.,1.));
#8676 = ORIENTED_EDGE('',*,*,#4523,.T.);
#8677 = ORIENTED_EDGE('',*,*,#8637,.F.);
#8678 = ORIENTED_EDGE('',*,*,#2128,.F.);
#8679 = CYLINDRICAL_SURFACE('',#8680,0.500008729289);
#8680 = AXIS2_PLACEMENT_3D('',#8681,#8682,#8683);
#8681 = CARTESIAN_POINT('',(218.90285072928,-71.70555065687,0.));
#8682 = DIRECTION('',(0.,0.,-1.));
#8683 = DIRECTION('',(-0.999999999986,5.313662938454E-06,0.));
#8684 = ADVANCED_FACE('',(#8685),#8696,.T.);
#8685 = FACE_BOUND('',#8686,.T.);
#8686 = EDGE_LOOP('',(#8687,#8688,#8689,#8695));
#8687 = ORIENTED_EDGE('',*,*,#8656,.T.);
#8688 = ORIENTED_EDGE('',*,*,#4575,.T.);
#8689 = ORIENTED_EDGE('',*,*,#8690,.F.);
#8690 = EDGE_CURVE('',#2173,#4568,#8691,.T.);
#8691 = LINE('',#8692,#8693);
#8692 = CARTESIAN_POINT('',(216.2,-74.2,0.));
#8693 = VECTOR('',#8694,1.);
#8694 = DIRECTION('',(0.,0.,1.));
#8695 = ORIENTED_EDGE('',*,*,#2180,.F.);
#8696 = CYLINDRICAL_SURFACE('',#8697,0.499989885034);
#8697 = AXIS2_PLACEMENT_3D('',#8698,#8699,#8700);
#8698 = CARTESIAN_POINT('',(216.19999807913,-74.69998988503,0.));
#8699 = DIRECTION('',(0.,0.,-1.));
#8700 = DIRECTION('',(-0.43376093322,0.901027997796,0.));
#8701 = ADVANCED_FACE('',(#8702),#8713,.T.);
#8702 = FACE_BOUND('',#8703,.T.);
#8703 = EDGE_LOOP('',(#8704,#8710,#8711,#8712));
#8704 = ORIENTED_EDGE('',*,*,#8705,.T.);
#8705 = EDGE_CURVE('',#2138,#4533,#8706,.T.);
#8706 = LINE('',#8707,#8708);
#8707 = CARTESIAN_POINT('',(218.402841,-73.294454,0.));
#8708 = VECTOR('',#8709,1.);
#8709 = DIRECTION('',(0.,0.,1.));
#8710 = ORIENTED_EDGE('',*,*,#4532,.T.);
#8711 = ORIENTED_EDGE('',*,*,#8671,.F.);
#8712 = ORIENTED_EDGE('',*,*,#2137,.F.);
#8713 = PLANE('',#8714);
#8714 = AXIS2_PLACEMENT_3D('',#8715,#8716,#8717);
#8715 = CARTESIAN_POINT('',(218.402841,-73.294454,0.));
#8716 = DIRECTION('',(-1.,6.29363850017E-07,0.));
#8717 = DIRECTION('',(6.29363850017E-07,1.,0.));
#8718 = ADVANCED_FACE('',(#8719),#8730,.T.);
#8719 = FACE_BOUND('',#8720,.T.);
#8720 = EDGE_LOOP('',(#8721,#8722,#8723,#8729));
#8721 = ORIENTED_EDGE('',*,*,#8690,.T.);
#8722 = ORIENTED_EDGE('',*,*,#4567,.T.);
#8723 = ORIENTED_EDGE('',*,*,#8724,.F.);
#8724 = EDGE_CURVE('',#2164,#4559,#8725,.T.);
#8725 = LINE('',#8726,#8727);
#8726 = CARTESIAN_POINT('',(217.605685,-74.2,0.));
#8727 = VECTOR('',#8728,1.);
#8728 = DIRECTION('',(0.,0.,1.));
#8729 = ORIENTED_EDGE('',*,*,#2172,.F.);
#8730 = PLANE('',#8731);
#8731 = AXIS2_PLACEMENT_3D('',#8732,#8733,#8734);
#8732 = CARTESIAN_POINT('',(216.2,-74.2,0.));
#8733 = DIRECTION('',(0.,1.,0.));
#8734 = DIRECTION('',(1.,0.,0.));
#8735 = ADVANCED_FACE('',(#8736),#8747,.T.);
#8736 = FACE_BOUND('',#8737,.T.);
#8737 = EDGE_LOOP('',(#8738,#8744,#8745,#8746));
#8738 = ORIENTED_EDGE('',*,*,#8739,.T.);
#8739 = EDGE_CURVE('',#2146,#4541,#8740,.T.);
#8740 = LINE('',#8741,#8742);
#8741 = CARTESIAN_POINT('',(218.47114,-73.546712,0.));
#8742 = VECTOR('',#8743,1.);
#8743 = DIRECTION('',(0.,0.,1.));
#8744 = ORIENTED_EDGE('',*,*,#4540,.T.);
#8745 = ORIENTED_EDGE('',*,*,#8705,.F.);
#8746 = ORIENTED_EDGE('',*,*,#2145,.F.);
#8747 = CYLINDRICAL_SURFACE('',#8748,0.500008729289);
#8748 = AXIS2_PLACEMENT_3D('',#8749,#8750,#8751);
#8749 = CARTESIAN_POINT('',(218.90284972928,-73.29445134312,0.));
#8750 = DIRECTION('',(0.,0.,-1.));
#8751 = DIRECTION('',(-0.863404384751,-0.504512505685,-0.));
#8752 = ADVANCED_FACE('',(#8753),#8764,.T.);
#8753 = FACE_BOUND('',#8754,.T.);
#8754 = EDGE_LOOP('',(#8755,#8756,#8757,#8763));
#8755 = ORIENTED_EDGE('',*,*,#8724,.T.);
#8756 = ORIENTED_EDGE('',*,*,#4558,.T.);
#8757 = ORIENTED_EDGE('',*,*,#8758,.F.);
#8758 = EDGE_CURVE('',#2155,#4550,#8759,.T.);
#8759 = LINE('',#8760,#8761);
#8760 = CARTESIAN_POINT('',(217.822562,-74.249485,0.));
#8761 = VECTOR('',#8762,1.);
#8762 = DIRECTION('',(0.,0.,1.));
#8763 = ORIENTED_EDGE('',*,*,#2163,.F.);
#8764 = CYLINDRICAL_SURFACE('',#8765,0.499989884978);
#8765 = AXIS2_PLACEMENT_3D('',#8766,#8767,#8768);
#8766 = CARTESIAN_POINT('',(217.60568592088,-74.69998988497,0.));
#8767 = DIRECTION('',(0.,0.,-1.));
#8768 = DIRECTION('',(-1.841808596201E-06,0.999999999998,0.));
#8769 = ADVANCED_FACE('',(#8770),#8776,.F.);
#8770 = FACE_BOUND('',#8771,.T.);
#8771 = EDGE_LOOP('',(#8772,#8773,#8774,#8775));
#8772 = ORIENTED_EDGE('',*,*,#8758,.T.);
#8773 = ORIENTED_EDGE('',*,*,#4549,.T.);
#8774 = ORIENTED_EDGE('',*,*,#8739,.F.);
#8775 = ORIENTED_EDGE('',*,*,#2154,.F.);
#8776 = CYLINDRICAL_SURFACE('',#8777,0.499999422661);
#8777 = AXIS2_PLACEMENT_3D('',#8778,#8779,#8780);
#8778 = CARTESIAN_POINT('',(218.0394396699,-73.79897029551,0.));
#8779 = DIRECTION('',(-0.,-0.,-1.));
#8780 = DIRECTION('',(-0.433755840654,-0.901030449374,0.));
#8781 = ADVANCED_FACE('',(#8782),#8798,.F.);
#8782 = FACE_BOUND('',#8783,.T.);
#8783 = EDGE_LOOP('',(#8784,#8790,#8791,#8797));
#8784 = ORIENTED_EDGE('',*,*,#8785,.T.);
#8785 = EDGE_CURVE('',#2225,#4620,#8786,.T.);
#8786 = LINE('',#8787,#8788);
#8787 = CARTESIAN_POINT('',(172.426185,-59.244819,0.));
#8788 = VECTOR('',#8789,1.);
#8789 = DIRECTION('',(0.,0.,1.));
#8790 = ORIENTED_EDGE('',*,*,#4619,.T.);
#8791 = ORIENTED_EDGE('',*,*,#8792,.F.);
#8792 = EDGE_CURVE('',#2227,#4622,#8793,.T.);
#8793 = LINE('',#8794,#8795);
#8794 = CARTESIAN_POINT('',(171.723412,-59.893398,0.));
#8795 = VECTOR('',#8796,1.);
#8796 = DIRECTION('',(0.,0.,1.));
#8797 = ORIENTED_EDGE('',*,*,#2224,.F.);
#8798 = CYLINDRICAL_SURFACE('',#8799,0.499999729127);
#8799 = AXIS2_PLACEMENT_3D('',#8800,#8801,#8802);
#8800 = CARTESIAN_POINT('',(172.17392674567,-59.67651970911,0.));
#8801 = DIRECTION('',(-0.,-0.,-1.));
#8802 = DIRECTION('',(0.504516781969,0.863401885979,-0.));
#8803 = ADVANCED_FACE('',(#8804),#8815,.T.);
#8804 = FACE_BOUND('',#8805,.T.);
#8805 = EDGE_LOOP('',(#8806,#8812,#8813,#8814));
#8806 = ORIENTED_EDGE('',*,*,#8807,.T.);
#8807 = EDGE_CURVE('',#2236,#4631,#8808,.T.);
#8808 = LINE('',#8809,#8810);
#8809 = CARTESIAN_POINT('',(172.678444,-59.313119,0.));
#8810 = VECTOR('',#8811,1.);
#8811 = DIRECTION('',(0.,0.,1.));
#8812 = ORIENTED_EDGE('',*,*,#4630,.T.);
#8813 = ORIENTED_EDGE('',*,*,#8785,.F.);
#8814 = ORIENTED_EDGE('',*,*,#2235,.F.);
#8815 = CYLINDRICAL_SURFACE('',#8816,0.50002311711);
#8816 = AXIS2_PLACEMENT_3D('',#8817,#8818,#8819);
#8817 = CARTESIAN_POINT('',(172.67845126378,-58.81309588294,0.));
#8818 = DIRECTION('',(0.,0.,-1.));
#8819 = DIRECTION('',(-1.452689328924E-05,-0.999999999894,-0.));
#8820 = ADVANCED_FACE('',(#8821),#8832,.T.);
#8821 = FACE_BOUND('',#8822,.T.);
#8822 = EDGE_LOOP('',(#8823,#8824,#8825,#8831));
#8823 = ORIENTED_EDGE('',*,*,#8792,.T.);
#8824 = ORIENTED_EDGE('',*,*,#4752,.T.);
#8825 = ORIENTED_EDGE('',*,*,#8826,.F.);
#8826 = EDGE_CURVE('',#2350,#4745,#8827,.T.);
#8827 = LINE('',#8828,#8829);
#8828 = CARTESIAN_POINT('',(171.772897,-60.110276,0.));
#8829 = VECTOR('',#8830,1.);
#8830 = DIRECTION('',(0.,0.,1.));
#8831 = ORIENTED_EDGE('',*,*,#2357,.F.);
#8832 = CYLINDRICAL_SURFACE('',#8833,0.499989885034);
#8833 = AXIS2_PLACEMENT_3D('',#8834,#8835,#8836);
#8834 = CARTESIAN_POINT('',(171.27290711496,-60.11027407913,0.));
#8835 = DIRECTION('',(0.,0.,-1.));
#8836 = DIRECTION('',(0.901027997796,0.43376093322,0.));
#8837 = ADVANCED_FACE('',(#8838),#8849,.T.);
#8838 = FACE_BOUND('',#8839,.T.);
#8839 = EDGE_LOOP('',(#8840,#8846,#8847,#8848));
#8840 = ORIENTED_EDGE('',*,*,#8841,.T.);
#8841 = EDGE_CURVE('',#2245,#4640,#8842,.T.);
#8842 = LINE('',#8843,#8844);
#8843 = CARTESIAN_POINT('',(174.267349,-59.313119,0.));
#8844 = VECTOR('',#8845,1.);
#8845 = DIRECTION('',(0.,0.,1.));
#8846 = ORIENTED_EDGE('',*,*,#4639,.T.);
#8847 = ORIENTED_EDGE('',*,*,#8807,.F.);
#8848 = ORIENTED_EDGE('',*,*,#2244,.F.);
#8849 = PLANE('',#8850);
#8850 = AXIS2_PLACEMENT_3D('',#8851,#8852,#8853);
#8851 = CARTESIAN_POINT('',(174.267349,-59.313119,0.));
#8852 = DIRECTION('',(0.,-1.,0.));
#8853 = DIRECTION('',(-1.,0.,0.));
#8854 = ADVANCED_FACE('',(#8855),#8866,.T.);
#8855 = FACE_BOUND('',#8856,.T.);
#8856 = EDGE_LOOP('',(#8857,#8858,#8859,#8865));
#8857 = ORIENTED_EDGE('',*,*,#8826,.T.);
#8858 = ORIENTED_EDGE('',*,*,#4744,.T.);
#8859 = ORIENTED_EDGE('',*,*,#8860,.F.);
#8860 = EDGE_CURVE('',#2341,#4736,#8861,.T.);
#8861 = LINE('',#8862,#8863);
#8862 = CARTESIAN_POINT('',(171.772897,-61.51596,0.));
#8863 = VECTOR('',#8864,1.);
#8864 = DIRECTION('',(0.,0.,1.));
#8865 = ORIENTED_EDGE('',*,*,#2349,.F.);
#8866 = PLANE('',#8867);
#8867 = AXIS2_PLACEMENT_3D('',#8868,#8869,#8870);
#8868 = CARTESIAN_POINT('',(171.772897,-60.110276,0.));
#8869 = DIRECTION('',(1.,0.,-0.));
#8870 = DIRECTION('',(0.,-1.,0.));
#8871 = ADVANCED_FACE('',(#8872),#8883,.T.);
#8872 = FACE_BOUND('',#8873,.T.);
#8873 = EDGE_LOOP('',(#8874,#8880,#8881,#8882));
#8874 = ORIENTED_EDGE('',*,*,#8875,.T.);
#8875 = EDGE_CURVE('',#2253,#4648,#8876,.T.);
#8876 = LINE('',#8877,#8878);
#8877 = CARTESIAN_POINT('',(174.519607,-59.24482,0.));
#8878 = VECTOR('',#8879,1.);
#8879 = DIRECTION('',(0.,0.,1.));
#8880 = ORIENTED_EDGE('',*,*,#4647,.T.);
#8881 = ORIENTED_EDGE('',*,*,#8841,.F.);
#8882 = ORIENTED_EDGE('',*,*,#2252,.F.);
#8883 = CYLINDRICAL_SURFACE('',#8884,0.500008729288);
#8884 = AXIS2_PLACEMENT_3D('',#8885,#8886,#8887);
#8885 = CARTESIAN_POINT('',(174.26734634312,-58.81311027071,0.));
#8886 = DIRECTION('',(0.,0.,-1.));
#8887 = DIRECTION('',(0.504512505685,-0.863404384751,0.));
#8888 = ADVANCED_FACE('',(#8889),#8900,.T.);
#8889 = FACE_BOUND('',#8890,.T.);
#8890 = EDGE_LOOP('',(#8891,#8892,#8893,#8899));
#8891 = ORIENTED_EDGE('',*,*,#8860,.T.);
#8892 = ORIENTED_EDGE('',*,*,#4735,.T.);
#8893 = ORIENTED_EDGE('',*,*,#8894,.F.);
#8894 = EDGE_CURVE('',#2332,#4727,#8895,.T.);
#8895 = LINE('',#8896,#8897);
#8896 = CARTESIAN_POINT('',(171.723412,-61.732838,0.));
#8897 = VECTOR('',#8898,1.);
#8898 = DIRECTION('',(0.,0.,1.));
#8899 = ORIENTED_EDGE('',*,*,#2340,.F.);
#8900 = CYLINDRICAL_SURFACE('',#8901,0.499989885034);
#8901 = AXIS2_PLACEMENT_3D('',#8902,#8903,#8904);
#8902 = CARTESIAN_POINT('',(171.27290711496,-61.51596192086,0.));
#8903 = DIRECTION('',(0.,0.,-1.));
#8904 = DIRECTION('',(0.999999999993,3.841811392097E-06,0.));
#8905 = ADVANCED_FACE('',(#8906),#8917,.F.);
#8906 = FACE_BOUND('',#8907,.T.);
#8907 = EDGE_LOOP('',(#8908,#8914,#8915,#8916));
#8908 = ORIENTED_EDGE('',*,*,#8909,.T.);
#8909 = EDGE_CURVE('',#2262,#4657,#8910,.T.);
#8910 = LINE('',#8911,#8912);
#8911 = CARTESIAN_POINT('',(175.22238,-59.893398,0.));
#8912 = VECTOR('',#8913,1.);
#8913 = DIRECTION('',(0.,0.,1.));
#8914 = ORIENTED_EDGE('',*,*,#4656,.T.);
#8915 = ORIENTED_EDGE('',*,*,#8875,.F.);
#8916 = ORIENTED_EDGE('',*,*,#2261,.F.);
#8917 = CYLINDRICAL_SURFACE('',#8918,0.499999422661);
#8918 = AXIS2_PLACEMENT_3D('',#8919,#8920,#8921);
#8919 = CARTESIAN_POINT('',(174.77186529551,-59.67652033009,0.));
#8920 = DIRECTION('',(-0.,-0.,-1.));
#8921 = DIRECTION('',(0.901030449374,-0.433755840654,0.));
#8922 = ADVANCED_FACE('',(#8923),#8934,.F.);
#8923 = FACE_BOUND('',#8924,.T.);
#8924 = EDGE_LOOP('',(#8925,#8926,#8927,#8933));
#8925 = ORIENTED_EDGE('',*,*,#8894,.T.);
#8926 = ORIENTED_EDGE('',*,*,#4726,.T.);
#8927 = ORIENTED_EDGE('',*,*,#8928,.F.);
#8928 = EDGE_CURVE('',#2323,#4718,#8929,.T.);
#8929 = LINE('',#8930,#8931);
#8930 = CARTESIAN_POINT('',(172.426185,-62.381415,0.));
#8931 = VECTOR('',#8932,1.);
#8932 = DIRECTION('',(0.,0.,1.));
#8933 = ORIENTED_EDGE('',*,*,#2331,.F.);
#8934 = CYLINDRICAL_SURFACE('',#8935,0.499999092786);
#8935 = AXIS2_PLACEMENT_3D('',#8936,#8937,#8938);
#8936 = CARTESIAN_POINT('',(172.17392660898,-61.94971510777,0.));
#8937 = DIRECTION('',(-0.,-0.,-1.));
#8938 = DIRECTION('',(-0.901030852831,0.43375500256,0.));
#8939 = ADVANCED_FACE('',(#8940),#8951,.T.);
#8940 = FACE_BOUND('',#8941,.T.);
#8941 = EDGE_LOOP('',(#8942,#8948,#8949,#8950));
#8942 = ORIENTED_EDGE('',*,*,#8943,.T.);
#8943 = EDGE_CURVE('',#2271,#4666,#8944,.T.);
#8944 = LINE('',#8945,#8946);
#8945 = CARTESIAN_POINT('',(175.172895,-60.110276,0.));
#8946 = VECTOR('',#8947,1.);
#8947 = DIRECTION('',(0.,0.,1.));
#8948 = ORIENTED_EDGE('',*,*,#4665,.T.);
#8949 = ORIENTED_EDGE('',*,*,#8909,.F.);
#8950 = ORIENTED_EDGE('',*,*,#2270,.F.);
#8951 = CYLINDRICAL_SURFACE('',#8952,0.499989885034);
#8952 = AXIS2_PLACEMENT_3D('',#8953,#8954,#8955);
#8953 = CARTESIAN_POINT('',(175.67288488503,-60.11027407913,0.));
#8954 = DIRECTION('',(0.,0.,-1.));
#8955 = DIRECTION('',(-0.999999999993,-3.841811790014E-06,-0.));
#8956 = ADVANCED_FACE('',(#8957),#8968,.T.);
#8957 = FACE_BOUND('',#8958,.T.);
#8958 = EDGE_LOOP('',(#8959,#8960,#8961,#8967));
#8959 = ORIENTED_EDGE('',*,*,#8928,.T.);
#8960 = ORIENTED_EDGE('',*,*,#4717,.T.);
#8961 = ORIENTED_EDGE('',*,*,#8962,.F.);
#8962 = EDGE_CURVE('',#2315,#4710,#8963,.T.);
#8963 = LINE('',#8964,#8965);
#8964 = CARTESIAN_POINT('',(172.678444,-62.313118,0.));
#8965 = VECTOR('',#8966,1.);
#8966 = DIRECTION('',(0.,0.,1.));
#8967 = ORIENTED_EDGE('',*,*,#2322,.F.);
#8968 = CYLINDRICAL_SURFACE('',#8969,0.500040834725);
#8969 = AXIS2_PLACEMENT_3D('',#8970,#8971,#8972);
#8970 = CARTESIAN_POINT('',(172.67845092637,-62.81315883467,0.));
#8971 = DIRECTION('',(0.,0.,-1.));
#8972 = DIRECTION('',(-0.50449065128,0.86341715455,0.));
#8973 = ADVANCED_FACE('',(#8974),#8985,.T.);
#8974 = FACE_BOUND('',#8975,.T.);
#8975 = EDGE_LOOP('',(#8976,#8982,#8983,#8984));
#8976 = ORIENTED_EDGE('',*,*,#8977,.T.);
#8977 = EDGE_CURVE('',#2280,#4675,#8978,.T.);
#8978 = LINE('',#8979,#8980);
#8979 = CARTESIAN_POINT('',(175.172895,-61.51596,0.));
#8980 = VECTOR('',#8981,1.);
#8981 = DIRECTION('',(0.,0.,1.));
#8982 = ORIENTED_EDGE('',*,*,#4674,.T.);
#8983 = ORIENTED_EDGE('',*,*,#8943,.F.);
#8984 = ORIENTED_EDGE('',*,*,#2279,.F.);
#8985 = PLANE('',#8986);
#8986 = AXIS2_PLACEMENT_3D('',#8987,#8988,#8989);
#8987 = CARTESIAN_POINT('',(175.172895,-61.51596,0.));
#8988 = DIRECTION('',(-1.,0.,0.));
#8989 = DIRECTION('',(0.,1.,0.));
#8990 = ADVANCED_FACE('',(#8991),#9002,.T.);
#8991 = FACE_BOUND('',#8992,.T.);
#8992 = EDGE_LOOP('',(#8993,#8994,#8995,#9001));
#8993 = ORIENTED_EDGE('',*,*,#8962,.T.);
#8994 = ORIENTED_EDGE('',*,*,#4709,.T.);
#8995 = ORIENTED_EDGE('',*,*,#8996,.F.);
#8996 = EDGE_CURVE('',#2306,#4701,#8997,.T.);
#8997 = LINE('',#8998,#8999);
#8998 = CARTESIAN_POINT('',(174.267348,-62.313118,0.));
#8999 = VECTOR('',#9000,1.);
#9000 = DIRECTION('',(0.,0.,1.));
#9001 = ORIENTED_EDGE('',*,*,#2314,.F.);
#9002 = PLANE('',#9003);
#9003 = AXIS2_PLACEMENT_3D('',#9004,#9005,#9006);
#9004 = CARTESIAN_POINT('',(172.678444,-62.313118,0.));
#9005 = DIRECTION('',(0.,1.,0.));
#9006 = DIRECTION('',(1.,0.,0.));
#9007 = ADVANCED_FACE('',(#9008),#9019,.T.);
#9008 = FACE_BOUND('',#9009,.T.);
#9009 = EDGE_LOOP('',(#9010,#9016,#9017,#9018));
#9010 = ORIENTED_EDGE('',*,*,#9011,.T.);
#9011 = EDGE_CURVE('',#2288,#4683,#9012,.T.);
#9012 = LINE('',#9013,#9014);
#9013 = CARTESIAN_POINT('',(175.22238,-61.732838,0.));
#9014 = VECTOR('',#9015,1.);
#9015 = DIRECTION('',(0.,0.,1.));
#9016 = ORIENTED_EDGE('',*,*,#4682,.T.);
#9017 = ORIENTED_EDGE('',*,*,#8977,.F.);
#9018 = ORIENTED_EDGE('',*,*,#2287,.F.);
#9019 = CYLINDRICAL_SURFACE('',#9020,0.499989885034);
#9020 = AXIS2_PLACEMENT_3D('',#9021,#9022,#9023);
#9021 = CARTESIAN_POINT('',(175.67288488503,-61.51596192086,0.));
#9022 = DIRECTION('',(0.,0.,-1.));
#9023 = DIRECTION('',(-0.901027997796,-0.43376093322,-0.));
#9024 = ADVANCED_FACE('',(#9025),#9036,.T.);
#9025 = FACE_BOUND('',#9026,.T.);
#9026 = EDGE_LOOP('',(#9027,#9028,#9029,#9035));
#9027 = ORIENTED_EDGE('',*,*,#8996,.T.);
#9028 = ORIENTED_EDGE('',*,*,#4700,.T.);
#9029 = ORIENTED_EDGE('',*,*,#9030,.F.);
#9030 = EDGE_CURVE('',#2297,#4692,#9031,.T.);
#9031 = LINE('',#9032,#9033);
#9032 = CARTESIAN_POINT('',(174.519607,-62.381417,0.));
#9033 = VECTOR('',#9034,1.);
#9034 = DIRECTION('',(0.,0.,1.));
#9035 = ORIENTED_EDGE('',*,*,#2305,.F.);
#9036 = CYLINDRICAL_SURFACE('',#9037,0.500008729226);
#9037 = AXIS2_PLACEMENT_3D('',#9038,#9039,#9040);
#9038 = CARTESIAN_POINT('',(174.26734634314,-62.81312672922,0.));
#9039 = DIRECTION('',(0.,0.,-1.));
#9040 = DIRECTION('',(3.313649260187E-06,0.999999999995,0.));
#9041 = ADVANCED_FACE('',(#9042),#9048,.F.);
#9042 = FACE_BOUND('',#9043,.T.);
#9043 = EDGE_LOOP('',(#9044,#9045,#9046,#9047));
#9044 = ORIENTED_EDGE('',*,*,#9030,.T.);
#9045 = ORIENTED_EDGE('',*,*,#4691,.T.);
#9046 = ORIENTED_EDGE('',*,*,#9011,.F.);
#9047 = ORIENTED_EDGE('',*,*,#2296,.F.);
#9048 = CYLINDRICAL_SURFACE('',#9049,0.499999448976);
#9049 = AXIS2_PLACEMENT_3D('',#9050,#9051,#9052);
#9050 = CARTESIAN_POINT('',(174.77186590428,-61.94971699515,0.));
#9051 = DIRECTION('',(-0.,-0.,-1.));
#9052 = DIRECTION('',(-0.504518364574,-0.863400961204,0.));
#9053 = ADVANCED_FACE('',(#9054),#9065,.F.);
#9054 = FACE_BOUND('',#9055,.T.);
#9055 = EDGE_LOOP('',(#9056,#9057,#9063,#9064));
#9056 = ORIENTED_EDGE('',*,*,#2366,.T.);
#9057 = ORIENTED_EDGE('',*,*,#9058,.T.);
#9058 = EDGE_CURVE('',#2367,#4762,#9059,.T.);
#9059 = LINE('',#9060,#9061);
#9060 = CARTESIAN_POINT('',(205.5,-65.5,-4.6E-02));
#9061 = VECTOR('',#9062,1.);
#9062 = DIRECTION('',(0.,0.,1.));
#9063 = ORIENTED_EDGE('',*,*,#4761,.F.);
#9064 = ORIENTED_EDGE('',*,*,#9058,.F.);
#9065 = CYLINDRICAL_SURFACE('',#9066,0.5);
#9066 = AXIS2_PLACEMENT_3D('',#9067,#9068,#9069);
#9067 = CARTESIAN_POINT('',(205.5,-65.,-4.6E-02));
#9068 = DIRECTION('',(-0.,-0.,-1.));
#9069 = DIRECTION('',(-0.,-1.,0.));
#9070 = ADVANCED_FACE('',(#9071),#9082,.F.);
#9071 = FACE_BOUND('',#9072,.T.);
#9072 = EDGE_LOOP('',(#9073,#9074,#9080,#9081));
#9073 = ORIENTED_EDGE('',*,*,#2377,.T.);
#9074 = ORIENTED_EDGE('',*,*,#9075,.T.);
#9075 = EDGE_CURVE('',#2378,#4773,#9076,.T.);
#9076 = LINE('',#9077,#9078);
#9077 = CARTESIAN_POINT('',(210.5,-65.5,-4.6E-02));
#9078 = VECTOR('',#9079,1.);
#9079 = DIRECTION('',(0.,0.,1.));
#9080 = ORIENTED_EDGE('',*,*,#4772,.F.);
#9081 = ORIENTED_EDGE('',*,*,#9075,.F.);
#9082 = CYLINDRICAL_SURFACE('',#9083,0.5);
#9083 = AXIS2_PLACEMENT_3D('',#9084,#9085,#9086);
#9084 = CARTESIAN_POINT('',(210.5,-65.,-4.6E-02));
#9085 = DIRECTION('',(-0.,-0.,-1.));
#9086 = DIRECTION('',(-0.,-1.,0.));
#9087 = ADVANCED_FACE('',(#9088),#9104,.F.);
#9088 = FACE_BOUND('',#9089,.T.);
#9089 = EDGE_LOOP('',(#9090,#9096,#9097,#9103));
#9090 = ORIENTED_EDGE('',*,*,#9091,.T.);
#9091 = EDGE_CURVE('',#2389,#4784,#9092,.T.);
#9092 = LINE('',#9093,#9094);
#9093 = CARTESIAN_POINT('',(217.318299,-52.82051,0.));
#9094 = VECTOR('',#9095,1.);
#9095 = DIRECTION('',(0.,0.,1.));
#9096 = ORIENTED_EDGE('',*,*,#4783,.T.);
#9097 = ORIENTED_EDGE('',*,*,#9098,.F.);
#9098 = EDGE_CURVE('',#2391,#4786,#9099,.T.);
#9099 = LINE('',#9100,#9101);
#9100 = CARTESIAN_POINT('',(216.66972,-52.117737,0.));
#9101 = VECTOR('',#9102,1.);
#9102 = DIRECTION('',(0.,0.,1.));
#9103 = ORIENTED_EDGE('',*,*,#2388,.F.);
#9104 = CYLINDRICAL_SURFACE('',#9105,0.499999448976);
#9105 = AXIS2_PLACEMENT_3D('',#9106,#9107,#9108);
#9106 = CARTESIAN_POINT('',(216.88659899515,-52.56825109571,0.));
#9107 = DIRECTION('',(-0.,-0.,-1.));
#9108 = DIRECTION('',(0.863400961204,-0.504518364574,0.));
#9109 = ADVANCED_FACE('',(#9110),#9121,.T.);
#9110 = FACE_BOUND('',#9111,.T.);
#9111 = EDGE_LOOP('',(#9112,#9118,#9119,#9120));
#9112 = ORIENTED_EDGE('',*,*,#9113,.T.);
#9113 = EDGE_CURVE('',#2400,#4795,#9114,.T.);
#9114 = LINE('',#9115,#9116);
#9115 = CARTESIAN_POINT('',(217.25,-53.072769,0.));
#9116 = VECTOR('',#9117,1.);
#9117 = DIRECTION('',(0.,0.,1.));
#9118 = ORIENTED_EDGE('',*,*,#4794,.T.);
#9119 = ORIENTED_EDGE('',*,*,#9091,.F.);
#9120 = ORIENTED_EDGE('',*,*,#2399,.F.);
#9121 = CYLINDRICAL_SURFACE('',#9122,0.500008729227);
#9122 = AXIS2_PLACEMENT_3D('',#9123,#9124,#9125);
#9123 = CARTESIAN_POINT('',(217.75000872922,-53.07277065685,0.));
#9124 = DIRECTION('',(0.,0.,-1.));
#9125 = DIRECTION('',(-0.999999999995,3.313649501765E-06,0.));
#9126 = ADVANCED_FACE('',(#9127),#9138,.T.);
#9127 = FACE_BOUND('',#9128,.T.);
#9128 = EDGE_LOOP('',(#9129,#9130,#9131,#9137));
#9129 = ORIENTED_EDGE('',*,*,#9098,.T.);
#9130 = ORIENTED_EDGE('',*,*,#4916,.T.);
#9131 = ORIENTED_EDGE('',*,*,#9132,.F.);
#9132 = EDGE_CURVE('',#2514,#4909,#9133,.T.);
#9133 = LINE('',#9134,#9135);
#9134 = CARTESIAN_POINT('',(216.452842,-52.167222,0.));
#9135 = VECTOR('',#9136,1.);
#9136 = DIRECTION('',(0.,0.,1.));
#9137 = ORIENTED_EDGE('',*,*,#2521,.F.);
#9138 = CYLINDRICAL_SURFACE('',#9139,0.499989885034);
#9139 = AXIS2_PLACEMENT_3D('',#9140,#9141,#9142);
#9140 = CARTESIAN_POINT('',(216.45284392086,-51.66723211496,0.));
#9141 = DIRECTION('',(0.,0.,-1.));
#9142 = DIRECTION('',(0.43376093322,-0.901027997796,0.));
#9143 = ADVANCED_FACE('',(#9144),#9155,.T.);
#9144 = FACE_BOUND('',#9145,.T.);
#9145 = EDGE_LOOP('',(#9146,#9152,#9153,#9154));
#9146 = ORIENTED_EDGE('',*,*,#9147,.T.);
#9147 = EDGE_CURVE('',#2409,#4804,#9148,.T.);
#9148 = LINE('',#9149,#9150);
#9149 = CARTESIAN_POINT('',(217.25,-54.661673,0.));
#9150 = VECTOR('',#9151,1.);
#9151 = DIRECTION('',(0.,0.,1.));
#9152 = ORIENTED_EDGE('',*,*,#4803,.T.);
#9153 = ORIENTED_EDGE('',*,*,#9113,.F.);
#9154 = ORIENTED_EDGE('',*,*,#2408,.F.);
#9155 = PLANE('',#9156);
#9156 = AXIS2_PLACEMENT_3D('',#9157,#9158,#9159);
#9157 = CARTESIAN_POINT('',(217.25,-54.661673,0.));
#9158 = DIRECTION('',(-1.,0.,0.));
#9159 = DIRECTION('',(0.,1.,0.));
#9160 = ADVANCED_FACE('',(#9161),#9172,.T.);
#9161 = FACE_BOUND('',#9162,.T.);
#9162 = EDGE_LOOP('',(#9163,#9164,#9165,#9171));
#9163 = ORIENTED_EDGE('',*,*,#9132,.T.);
#9164 = ORIENTED_EDGE('',*,*,#4908,.T.);
#9165 = ORIENTED_EDGE('',*,*,#9166,.F.);
#9166 = EDGE_CURVE('',#2505,#4900,#9167,.T.);
#9167 = LINE('',#9168,#9169);
#9168 = CARTESIAN_POINT('',(215.047157,-52.167222,0.));
#9169 = VECTOR('',#9170,1.);
#9170 = DIRECTION('',(0.,0.,1.));
#9171 = ORIENTED_EDGE('',*,*,#2513,.F.);
#9172 = PLANE('',#9173);
#9173 = AXIS2_PLACEMENT_3D('',#9174,#9175,#9176);
#9174 = CARTESIAN_POINT('',(216.452842,-52.167222,0.));
#9175 = DIRECTION('',(0.,-1.,0.));
#9176 = DIRECTION('',(-1.,0.,0.));
#9177 = ADVANCED_FACE('',(#9178),#9189,.T.);
#9178 = FACE_BOUND('',#9179,.T.);
#9179 = EDGE_LOOP('',(#9180,#9186,#9187,#9188));
#9180 = ORIENTED_EDGE('',*,*,#9181,.T.);
#9181 = EDGE_CURVE('',#2417,#4812,#9182,.T.);
#9182 = LINE('',#9183,#9184);
#9183 = CARTESIAN_POINT('',(217.318299,-54.913931,0.));
#9184 = VECTOR('',#9185,1.);
#9185 = DIRECTION('',(0.,0.,1.));
#9186 = ORIENTED_EDGE('',*,*,#4811,.T.);
#9187 = ORIENTED_EDGE('',*,*,#9147,.F.);
#9188 = ORIENTED_EDGE('',*,*,#2416,.F.);
#9189 = CYLINDRICAL_SURFACE('',#9190,0.500008729289);
#9190 = AXIS2_PLACEMENT_3D('',#9191,#9192,#9193);
#9191 = CARTESIAN_POINT('',(217.75000872928,-54.66167034312,0.));
#9192 = DIRECTION('',(0.,0.,-1.));
#9193 = DIRECTION('',(-0.863404384751,-0.504512505685,-0.));
#9194 = ADVANCED_FACE('',(#9195),#9206,.T.);
#9195 = FACE_BOUND('',#9196,.T.);
#9196 = EDGE_LOOP('',(#9197,#9198,#9199,#9205));
#9197 = ORIENTED_EDGE('',*,*,#9166,.T.);
#9198 = ORIENTED_EDGE('',*,*,#4899,.T.);
#9199 = ORIENTED_EDGE('',*,*,#9200,.F.);
#9200 = EDGE_CURVE('',#2496,#4891,#9201,.T.);
#9201 = LINE('',#9202,#9203);
#9202 = CARTESIAN_POINT('',(214.83028,-52.117737,0.));
#9203 = VECTOR('',#9204,1.);
#9204 = DIRECTION('',(0.,0.,1.));
#9205 = ORIENTED_EDGE('',*,*,#2504,.F.);
#9206 = CYLINDRICAL_SURFACE('',#9207,0.499989884978);
#9207 = AXIS2_PLACEMENT_3D('',#9208,#9209,#9210);
#9208 = CARTESIAN_POINT('',(215.04715607911,-51.66723211502,0.));
#9209 = DIRECTION('',(0.,0.,-1.));
#9210 = DIRECTION('',(1.841808539356E-06,-0.999999999998,0.));
#9211 = ADVANCED_FACE('',(#9212),#9223,.F.);
#9212 = FACE_BOUND('',#9213,.T.);
#9213 = EDGE_LOOP('',(#9214,#9220,#9221,#9222));
#9214 = ORIENTED_EDGE('',*,*,#9215,.T.);
#9215 = EDGE_CURVE('',#2426,#4821,#9216,.T.);
#9216 = LINE('',#9217,#9218);
#9217 = CARTESIAN_POINT('',(216.66972,-55.616705,0.));
#9218 = VECTOR('',#9219,1.);
#9219 = DIRECTION('',(0.,0.,1.));
#9220 = ORIENTED_EDGE('',*,*,#4820,.T.);
#9221 = ORIENTED_EDGE('',*,*,#9181,.F.);
#9222 = ORIENTED_EDGE('',*,*,#2425,.F.);
#9223 = CYLINDRICAL_SURFACE('',#9224,0.500000669307);
#9224 = AXIS2_PLACEMENT_3D('',#9225,#9226,#9227);
#9225 = CARTESIAN_POINT('',(216.88659674043,-55.16618846449,0.));
#9226 = DIRECTION('',(-0.,-0.,-1.));
#9227 = DIRECTION('',(-0.433752900236,-0.901031864884,0.));
#9228 = ADVANCED_FACE('',(#9229),#9240,.F.);
#9229 = FACE_BOUND('',#9230,.T.);
#9230 = EDGE_LOOP('',(#9231,#9232,#9233,#9239));
#9231 = ORIENTED_EDGE('',*,*,#9200,.T.);
#9232 = ORIENTED_EDGE('',*,*,#4890,.T.);
#9233 = ORIENTED_EDGE('',*,*,#9234,.F.);
#9234 = EDGE_CURVE('',#2487,#4882,#9235,.T.);
#9235 = LINE('',#9236,#9237);
#9236 = CARTESIAN_POINT('',(214.181702,-52.82051,0.));
#9237 = VECTOR('',#9238,1.);
#9238 = DIRECTION('',(0.,0.,1.));
#9239 = ORIENTED_EDGE('',*,*,#2495,.F.);
#9240 = CYLINDRICAL_SURFACE('',#9241,0.499999422661);
#9241 = AXIS2_PLACEMENT_3D('',#9242,#9243,#9244);
#9242 = CARTESIAN_POINT('',(214.61340233009,-52.56825170448,0.));
#9243 = DIRECTION('',(-0.,-0.,-1.));
#9244 = DIRECTION('',(0.433755840654,0.901030449374,-0.));
#9245 = ADVANCED_FACE('',(#9246),#9257,.T.);
#9246 = FACE_BOUND('',#9247,.T.);
#9247 = EDGE_LOOP('',(#9248,#9254,#9255,#9256));
#9248 = ORIENTED_EDGE('',*,*,#9249,.T.);
#9249 = EDGE_CURVE('',#2435,#4830,#9250,.T.);
#9250 = LINE('',#9251,#9252);
#9251 = CARTESIAN_POINT('',(216.452843,-55.56722,0.));
#9252 = VECTOR('',#9253,1.);
#9253 = DIRECTION('',(0.,0.,1.));
#9254 = ORIENTED_EDGE('',*,*,#4829,.T.);
#9255 = ORIENTED_EDGE('',*,*,#9215,.F.);
#9256 = ORIENTED_EDGE('',*,*,#2434,.F.);
#9257 = CYLINDRICAL_SURFACE('',#9258,0.499989884978);
#9258 = AXIS2_PLACEMENT_3D('',#9259,#9260,#9261);
#9259 = CARTESIAN_POINT('',(216.45284392088,-56.06720988497,0.));
#9260 = DIRECTION('',(0.,0.,-1.));
#9261 = DIRECTION('',(-1.841808539356E-06,0.999999999998,0.));
#9262 = ADVANCED_FACE('',(#9263),#9274,.T.);
#9263 = FACE_BOUND('',#9264,.T.);
#9264 = EDGE_LOOP('',(#9265,#9266,#9267,#9273));
#9265 = ORIENTED_EDGE('',*,*,#9234,.T.);
#9266 = ORIENTED_EDGE('',*,*,#4881,.T.);
#9267 = ORIENTED_EDGE('',*,*,#9268,.F.);
#9268 = EDGE_CURVE('',#2479,#4874,#9269,.T.);
#9269 = LINE('',#9270,#9271);
#9270 = CARTESIAN_POINT('',(214.250001,-53.072768,0.));
#9271 = VECTOR('',#9272,1.);
#9272 = DIRECTION('',(0.,0.,1.));
#9273 = ORIENTED_EDGE('',*,*,#2486,.F.);
#9274 = CYLINDRICAL_SURFACE('',#9275,0.500008729289);
#9275 = AXIS2_PLACEMENT_3D('',#9276,#9277,#9278);
#9276 = CARTESIAN_POINT('',(213.74999227071,-53.07277065687,0.));
#9277 = DIRECTION('',(0.,0.,-1.));
#9278 = DIRECTION('',(0.863404384751,0.504512505685,0.));
#9279 = ADVANCED_FACE('',(#9280),#9291,.T.);
#9280 = FACE_BOUND('',#9281,.T.);
#9281 = EDGE_LOOP('',(#9282,#9288,#9289,#9290));
#9282 = ORIENTED_EDGE('',*,*,#9283,.T.);
#9283 = EDGE_CURVE('',#2444,#4839,#9284,.T.);
#9284 = LINE('',#9285,#9286);
#9285 = CARTESIAN_POINT('',(215.047158,-55.56722,0.));
#9286 = VECTOR('',#9287,1.);
#9287 = DIRECTION('',(0.,0.,1.));
#9288 = ORIENTED_EDGE('',*,*,#4838,.T.);
#9289 = ORIENTED_EDGE('',*,*,#9249,.F.);
#9290 = ORIENTED_EDGE('',*,*,#2443,.F.);
#9291 = PLANE('',#9292);
#9292 = AXIS2_PLACEMENT_3D('',#9293,#9294,#9295);
#9293 = CARTESIAN_POINT('',(215.047158,-55.56722,0.));
#9294 = DIRECTION('',(0.,1.,0.));
#9295 = DIRECTION('',(1.,0.,0.));
#9296 = ADVANCED_FACE('',(#9297),#9308,.T.);
#9297 = FACE_BOUND('',#9298,.T.);
#9298 = EDGE_LOOP('',(#9299,#9300,#9301,#9307));
#9299 = ORIENTED_EDGE('',*,*,#9268,.T.);
#9300 = ORIENTED_EDGE('',*,*,#4873,.T.);
#9301 = ORIENTED_EDGE('',*,*,#9302,.F.);
#9302 = EDGE_CURVE('',#2470,#4865,#9303,.T.);
#9303 = LINE('',#9304,#9305);
#9304 = CARTESIAN_POINT('',(214.250001,-54.661673,0.));
#9305 = VECTOR('',#9306,1.);
#9306 = DIRECTION('',(0.,0.,1.));
#9307 = ORIENTED_EDGE('',*,*,#2478,.F.);
#9308 = PLANE('',#9309);
#9309 = AXIS2_PLACEMENT_3D('',#9310,#9311,#9312);
#9310 = CARTESIAN_POINT('',(214.250001,-53.072768,0.));
#9311 = DIRECTION('',(1.,0.,-0.));
#9312 = DIRECTION('',(0.,-1.,0.));
#9313 = ADVANCED_FACE('',(#9314),#9325,.T.);
#9314 = FACE_BOUND('',#9315,.T.);
#9315 = EDGE_LOOP('',(#9316,#9322,#9323,#9324));
#9316 = ORIENTED_EDGE('',*,*,#9317,.T.);
#9317 = EDGE_CURVE('',#2452,#4847,#9318,.T.);
#9318 = LINE('',#9319,#9320);
#9319 = CARTESIAN_POINT('',(214.83028,-55.616705,0.));
#9320 = VECTOR('',#9321,1.);
#9321 = DIRECTION('',(0.,0.,1.));
#9322 = ORIENTED_EDGE('',*,*,#4846,.T.);
#9323 = ORIENTED_EDGE('',*,*,#9283,.F.);
#9324 = ORIENTED_EDGE('',*,*,#2451,.F.);
#9325 = CYLINDRICAL_SURFACE('',#9326,0.499989885034);
#9326 = AXIS2_PLACEMENT_3D('',#9327,#9328,#9329);
#9327 = CARTESIAN_POINT('',(215.04715607913,-56.06720988503,0.));
#9328 = DIRECTION('',(0.,0.,-1.));
#9329 = DIRECTION('',(-0.43376093322,0.901027997796,0.));
#9330 = ADVANCED_FACE('',(#9331),#9342,.T.);
#9331 = FACE_BOUND('',#9332,.T.);
#9332 = EDGE_LOOP('',(#9333,#9334,#9335,#9341));
#9333 = ORIENTED_EDGE('',*,*,#9302,.T.);
#9334 = ORIENTED_EDGE('',*,*,#4864,.T.);
#9335 = ORIENTED_EDGE('',*,*,#9336,.F.);
#9336 = EDGE_CURVE('',#2461,#4856,#9337,.T.);
#9337 = LINE('',#9338,#9339);
#9338 = CARTESIAN_POINT('',(214.181701,-54.913932,0.));
#9339 = VECTOR('',#9340,1.);
#9340 = DIRECTION('',(0.,0.,1.));
#9341 = ORIENTED_EDGE('',*,*,#2469,.F.);
#9342 = CYLINDRICAL_SURFACE('',#9343,0.50002311711);
#9343 = AXIS2_PLACEMENT_3D('',#9344,#9345,#9346);
#9344 = CARTESIAN_POINT('',(213.74997788294,-54.66166573621,0.));
#9345 = DIRECTION('',(0.,0.,-1.));
#9346 = DIRECTION('',(0.999999999894,-1.452689344554E-05,0.));
#9347 = ADVANCED_FACE('',(#9348),#9354,.F.);
#9348 = FACE_BOUND('',#9349,.T.);
#9349 = EDGE_LOOP('',(#9350,#9351,#9352,#9353));
#9350 = ORIENTED_EDGE('',*,*,#9336,.T.);
#9351 = ORIENTED_EDGE('',*,*,#4855,.T.);
#9352 = ORIENTED_EDGE('',*,*,#9317,.F.);
#9353 = ORIENTED_EDGE('',*,*,#2460,.F.);
#9354 = CYLINDRICAL_SURFACE('',#9355,0.499999729127);
#9355 = AXIS2_PLACEMENT_3D('',#9356,#9357,#9358);
#9356 = CARTESIAN_POINT('',(214.61340170911,-55.16619025432,0.));
#9357 = DIRECTION('',(-0.,-0.,-1.));
#9358 = DIRECTION('',(-0.863401885979,0.504516781969,0.));
#9359 = ( GEOMETRIC_REPRESENTATION_CONTEXT(3) 
GLOBAL_UNCERTAINTY_ASSIGNED_CONTEXT((#9363)) 
GLOBAL_UNIT_ASSIGNED_CONTEXT((#9360,#9361,#9362)) REPRESENTATION_CONTEXT
('Context #1','3D Context with UNIT and UNCERTAINTY') );
#9360 = ( LENGTH_UNIT() NAMED_UNIT(*) SI_UNIT(.MILLI.,.METRE.) );
#9361 = ( NAMED_UNIT(*) PLANE_ANGLE_UNIT() SI_UNIT($,.RADIAN.) );
#9362 = ( NAMED_UNIT(*) SI_UNIT($,.STERADIAN.) SOLID_ANGLE_UNIT() );
#9363 = UNCERTAINTY_MEASURE_WITH_UNIT(LENGTH_MEASURE(1.E-07),#9360,
  'distance_accuracy_value','confusion accuracy');
#9364 = CONTEXT_DEPENDENT_SHAPE_REPRESENTATION(#9365,#9367);
#9365 = ( REPRESENTATION_RELATIONSHIP('','',#32,#10) 
REPRESENTATION_RELATIONSHIP_WITH_TRANSFORMATION(#9366) 
SHAPE_REPRESENTATION_RELATIONSHIP() );
#9366 = ITEM_DEFINED_TRANSFORMATION('','',#11,#15);
#9367 = PRODUCT_DEFINITION_SHAPE('Placement','Placement of an item',
  #9368);
#9368 = NEXT_ASSEMBLY_USAGE_OCCURRENCE('1','=>[0:1:1:2]','',#5,#27,$);
#9369 = PRODUCT_RELATED_PRODUCT_CATEGORY('part',$,(#29));
#9370 = MECHANICAL_DESIGN_GEOMETRIC_PRESENTATION_REPRESENTATION('',(
    #9371),#9359);
#9371 = STYLED_ITEM('color',(#9372),#33);
#9372 = PRESENTATION_STYLE_ASSIGNMENT((#9373));
#9373 = SURFACE_STYLE_USAGE(.BOTH.,#9374);
#9374 = SURFACE_SIDE_STYLE('',(#9375));
#9375 = SURFACE_STYLE_FILL_AREA(#9376);
#9376 = FILL_AREA_STYLE('',(#9377));
#9377 = FILL_AREA_STYLE_COLOUR('',#9378);
#9378 = COLOUR_RGB('',0.313304153717,0.484529207832,0.410020903123);
ENDSEC;
END-ISO-10303-21;
