ISO-10303-21;
HEADER;
/* Generated by software containing ST-Developer
 * from STEP Tools, Inc. (www.steptools.com) 
 */

FILE_DESCRIPTION(
/* description */ (''),
/* implementation_level */ '2;1');

FILE_NAME(
/* name */ 'BKpad_Bottom.step',
/* time_stamp */ '2026-08-22T16:57:51+02:00',
/* author */ (''),
/* organization */ (''),
/* preprocessor_version */ 'ST-DEVELOPER v20.1',
/* originating_system */ 'Autodesk Translation Framework v15.8.0.0',
/* authorisation */ '');

FILE_SCHEMA (('AUTOMOTIVE_DESIGN { 1 0 10303 214 3 1 1 }'));
ENDSEC;

DATA;
#10=MECHANICAL_DESIGN_GEOMETRIC_PRESENTATION_REPRESENTATION('',(#13),#11668);
#11=SHAPE_REPRESENTATION_RELATIONSHIP('SRR','None',#11674,#12);
#12=ADVANCED_BREP_SHAPE_REPRESENTATION('',(#14),#11667);
#13=STYLED_ITEM('',(#11684),#14);
#14=MANIFOLD_SOLID_BREP('Bottom',#3370);
#15=TOROIDAL_SURFACE('',#3521,2.7,1.);
#16=TOROIDAL_SURFACE('',#3527,2.7,1.);
#17=TOROIDAL_SURFACE('',#3533,2.70000000000001,1.);
#18=TOROIDAL_SURFACE('',#3539,2.85,1.);
#19=(
BOUNDED_SURFACE()
B_SPLINE_SURFACE(5,1,((#5975,#5976),(#5977,#5978),(#5979,#5980),(#5981,
#5982),(#5983,#5984),(#5985,#5986),(#5987,#5988),(#5989,#5990),(#5991,#5992),
(#5993,#5994),(#5995,#5996),(#5997,#5998),(#5999,#6000),(#6001,#6002),(#6003,
#6004),(#6005,#6006),(#6007,#6008),(#6009,#6010),(#6011,#6012),(#6013,#6014)),
 .UNSPECIFIED.,.F.,.F.,.F.)
B_SPLINE_SURFACE_WITH_KNOTS((6,1,1,1,1,1,1,1,1,1,1,1,1,1,1,6),(2,2),(0.,
0.0666666666666667,0.133333333333333,0.2,0.266666666666667,0.333333333333333,
0.4,0.466666666666667,0.533333333333333,0.6,0.666666666666667,0.733333333333333,
0.8,0.866666666666667,0.933333333333333,1.),(0.,0.05),.UNSPECIFIED.)
GEOMETRIC_REPRESENTATION_ITEM()
RATIONAL_B_SPLINE_SURFACE(((1.,1.),(1.,1.),(1.,1.),(1.,1.),(1.,1.),(1.,
1.),(1.,1.),(1.,1.),(1.,1.),(1.,1.),(1.,1.),(1.,1.),(1.,1.),(1.,1.),(1.,
1.),(1.,1.),(1.,1.),(1.,1.),(1.,1.),(1.,1.)))
REPRESENTATION_ITEM('')
SURFACE()
);
#20=(
BOUNDED_SURFACE()
B_SPLINE_SURFACE(5,1,((#6037,#6038),(#6039,#6040),(#6041,#6042),(#6043,
#6044),(#6045,#6046),(#6047,#6048),(#6049,#6050),(#6051,#6052),(#6053,#6054),
(#6055,#6056),(#6057,#6058),(#6059,#6060),(#6061,#6062),(#6063,#6064),(#6065,
#6066)),.UNSPECIFIED.,.F.,.F.,.F.)
B_SPLINE_SURFACE_WITH_KNOTS((6,1,1,1,1,1,1,1,1,1,6),(2,2),(0.,0.1,0.2,0.3,
0.4,0.5,0.6,0.7,0.8,0.9,1.),(0.,0.05),.UNSPECIFIED.)
GEOMETRIC_REPRESENTATION_ITEM()
RATIONAL_B_SPLINE_SURFACE(((1.,1.),(1.,1.),(1.,1.),(1.,1.),(1.,1.),(1.,
1.),(1.,1.),(1.,1.),(1.,1.),(1.,1.),(1.,1.),(1.,1.),(1.,1.),(1.,1.),(1.,
1.)))
REPRESENTATION_ITEM('')
SURFACE()
);
#21=(
BOUNDED_SURFACE()
B_SPLINE_SURFACE(5,1,((#6084,#6085),(#6086,#6087),(#6088,#6089),(#6090,
#6091),(#6092,#6093),(#6094,#6095),(#6096,#6097),(#6098,#6099),(#6100,#6101),
(#6102,#6103),(#6104,#6105),(#6106,#6107),(#6108,#6109),(#6110,#6111),(#6112,
#6113)),.UNSPECIFIED.,.F.,.F.,.F.)
B_SPLINE_SURFACE_WITH_KNOTS((6,1,1,1,1,1,1,1,1,1,6),(2,2),(0.,0.1,0.2,0.3,
0.4,0.5,0.6,0.7,0.8,0.9,1.),(0.,0.05),.UNSPECIFIED.)
GEOMETRIC_REPRESENTATION_ITEM()
RATIONAL_B_SPLINE_SURFACE(((1.,1.),(1.,1.),(1.,1.),(1.,1.),(1.,1.),(1.,
1.),(1.,1.),(1.,1.),(1.,1.),(1.,1.),(1.,1.),(1.,1.),(1.,1.),(1.,1.),(1.,
1.)))
REPRESENTATION_ITEM('')
SURFACE()
);
#22=(
BOUNDED_SURFACE()
B_SPLINE_SURFACE(5,1,((#6131,#6132),(#6133,#6134),(#6135,#6136),(#6137,
#6138),(#6139,#6140),(#6141,#6142),(#6143,#6144),(#6145,#6146),(#6147,#6148),
(#6149,#6150),(#6151,#6152),(#6153,#6154),(#6155,#6156),(#6157,#6158),(#6159,
#6160),(#6161,#6162),(#6163,#6164),(#6165,#6166),(#6167,#6168),(#6169,#6170)),
 .UNSPECIFIED.,.F.,.F.,.F.)
B_SPLINE_SURFACE_WITH_KNOTS((6,1,1,1,1,1,1,1,1,1,1,1,1,1,1,6),(2,2),(0.,
0.0666666666666667,0.133333333333333,0.2,0.266666666666667,0.333333333333333,
0.4,0.466666666666667,0.533333333333333,0.6,0.666666666666667,0.733333333333333,
0.8,0.866666666666667,0.933333333333333,1.),(0.,0.05),.UNSPECIFIED.)
GEOMETRIC_REPRESENTATION_ITEM()
RATIONAL_B_SPLINE_SURFACE(((1.,1.),(1.,1.),(1.,1.),(1.,1.),(1.,1.),(1.,
1.),(1.,1.),(1.,1.),(1.,1.),(1.,1.),(1.,1.),(1.,1.),(1.,1.),(1.,1.),(1.,
1.),(1.,1.),(1.,1.),(1.,1.),(1.,1.),(1.,1.)))
REPRESENTATION_ITEM('')
SURFACE()
);
#23=(
BOUNDED_SURFACE()
B_SPLINE_SURFACE(5,1,((#6192,#6193),(#6194,#6195),(#6196,#6197),(#6198,
#6199),(#6200,#6201),(#6202,#6203),(#6204,#6205),(#6206,#6207),(#6208,#6209),
(#6210,#6211),(#6212,#6213),(#6214,#6215),(#6216,#6217),(#6218,#6219),(#6220,
#6221)),.UNSPECIFIED.,.F.,.F.,.F.)
B_SPLINE_SURFACE_WITH_KNOTS((6,1,1,1,1,1,1,1,1,1,6),(2,2),(-1.,-0.9,-0.8,
-0.7,-0.6,-0.5,-0.4,-0.3,-0.2,-0.1,0.),(0.,0.05),.UNSPECIFIED.)
GEOMETRIC_REPRESENTATION_ITEM()
RATIONAL_B_SPLINE_SURFACE(((1.,1.),(1.,1.),(1.,1.),(1.,1.),(1.,1.),(1.,
1.),(1.,1.),(1.,1.),(1.,1.),(1.,1.),(1.,1.),(1.,1.),(1.,1.),(1.,1.),(1.,
1.)))
REPRESENTATION_ITEM('')
SURFACE()
);
#24=(
BOUNDED_SURFACE()
B_SPLINE_SURFACE(5,1,((#6241,#6242),(#6243,#6244),(#6245,#6246),(#6247,
#6248),(#6249,#6250),(#6251,#6252),(#6253,#6254),(#6255,#6256),(#6257,#6258),
(#6259,#6260),(#6261,#6262),(#6263,#6264),(#6265,#6266),(#6267,#6268),(#6269,
#6270),(#6271,#6272),(#6273,#6274),(#6275,#6276),(#6277,#6278),(#6279,#6280),
(#6281,#6282),(#6283,#6284),(#6285,#6286),(#6287,#6288),(#6289,#6290),(#6291,
#6292),(#6293,#6294),(#6295,#6296),(#6297,#6298),(#6299,#6300),(#6301,#6302),
(#6303,#6304),(#6305,#6306),(#6307,#6308),(#6309,#6310)),.UNSPECIFIED.,
 .F.,.F.,.F.)
B_SPLINE_SURFACE_WITH_KNOTS((6,1,1,1,1,1,1,1,1,1,1,1,1,1,1,1,1,1,1,1,1,
1,1,1,1,1,1,1,1,1,6),(2,2),(-1.,-0.966666666666667,-0.933333333333333,-0.9,
-0.866666666666667,-0.833333333333333,-0.8,-0.766666666666667,-0.733333333333333,
-0.7,-0.666666666666667,-0.633333333333333,-0.6,-0.566666666666667,-0.533333333333333,
-0.5,-0.466666666666667,-0.433333333333333,-0.4,-0.366666666666667,-0.333333333333333,
-0.3,-0.266666666666667,-0.233333333333333,-0.2,-0.166666666666667,-0.133333333333333,
-0.1,-0.0666666666666667,-0.0333333333333333,0.),(0.,0.05),
 .UNSPECIFIED.)
GEOMETRIC_REPRESENTATION_ITEM()
RATIONAL_B_SPLINE_SURFACE(((1.,1.),(1.,1.),(1.,1.),(1.,1.),(1.,1.),(1.,
1.),(1.,1.),(1.,1.),(1.,1.),(1.,1.),(1.,1.),(1.,1.),(1.,1.),(1.,1.),(1.,
1.),(1.,1.),(1.,1.),(1.,1.),(1.,1.),(1.,1.),(1.,1.),(1.,1.),(1.,1.),(1.,
1.),(1.,1.),(1.,1.),(1.,1.),(1.,1.),(1.,1.),(1.,1.),(1.,1.),(1.,1.),(1.,
1.),(1.,1.),(1.,1.)))
REPRESENTATION_ITEM('')
SURFACE()
);
#25=(
BOUNDED_SURFACE()
B_SPLINE_SURFACE(5,1,((#6348,#6349),(#6350,#6351),(#6352,#6353),(#6354,
#6355),(#6356,#6357),(#6358,#6359),(#6360,#6361),(#6362,#6363),(#6364,#6365),
(#6366,#6367),(#6368,#6369),(#6370,#6371),(#6372,#6373),(#6374,#6375),(#6376,
#6377),(#6378,#6379),(#6380,#6381),(#6382,#6383),(#6384,#6385),(#6386,#6387),
(#6388,#6389),(#6390,#6391),(#6392,#6393),(#6394,#6395),(#6396,#6397)),
 .UNSPECIFIED.,.F.,.F.,.F.)
B_SPLINE_SURFACE_WITH_KNOTS((6,1,1,1,1,1,1,1,1,1,1,1,1,1,1,1,1,1,1,1,6),
(2,2),(-1.,-0.95,-0.9,-0.85,-0.8,-0.75,-0.7,-0.65,-0.6,-0.55,-0.5,-0.45,
-0.4,-0.35,-0.3,-0.25,-0.2,-0.15,-0.1,-0.05,0.),(0.,0.05),.UNSPECIFIED.)
GEOMETRIC_REPRESENTATION_ITEM()
RATIONAL_B_SPLINE_SURFACE(((1.,1.),(1.,1.),(1.,1.),(1.,1.),(1.,1.),(1.,
1.),(1.,1.),(1.,1.),(1.,1.),(1.,1.),(1.,1.),(1.,1.),(1.,1.),(1.,1.),(1.,
1.),(1.,1.),(1.,1.),(1.,1.),(1.,1.),(1.,1.),(1.,1.),(1.,1.),(1.,1.),(1.,
1.),(1.,1.)))
REPRESENTATION_ITEM('')
SURFACE()
);
#26=(
BOUNDED_SURFACE()
B_SPLINE_SURFACE(5,1,((#6427,#6428),(#6429,#6430),(#6431,#6432),(#6433,
#6434),(#6435,#6436),(#6437,#6438),(#6439,#6440),(#6441,#6442),(#6443,#6444),
(#6445,#6446),(#6447,#6448),(#6449,#6450),(#6451,#6452),(#6453,#6454),(#6455,
#6456)),.UNSPECIFIED.,.F.,.F.,.F.)
B_SPLINE_SURFACE_WITH_KNOTS((6,1,1,1,1,1,1,1,1,1,6),(2,2),(-1.,-0.9,-0.8,
-0.7,-0.6,-0.5,-0.4,-0.3,-0.2,-0.1,0.),(0.,0.05),.UNSPECIFIED.)
GEOMETRIC_REPRESENTATION_ITEM()
RATIONAL_B_SPLINE_SURFACE(((1.,1.),(1.,1.),(1.,1.),(1.,1.),(1.,1.),(1.,
1.),(1.,1.),(1.,1.),(1.,1.),(1.,1.),(1.,1.),(1.,1.),(1.,1.),(1.,1.),(1.,
1.)))
REPRESENTATION_ITEM('')
SURFACE()
);
#27=(
BOUNDED_SURFACE()
B_SPLINE_SURFACE(5,1,((#6476,#6477),(#6478,#6479),(#6480,#6481),(#6482,
#6483),(#6484,#6485),(#6486,#6487),(#6488,#6489),(#6490,#6491),(#6492,#6493),
(#6494,#6495),(#6496,#6497),(#6498,#6499),(#6500,#6501),(#6502,#6503),(#6504,
#6505)),.UNSPECIFIED.,.F.,.F.,.F.)
B_SPLINE_SURFACE_WITH_KNOTS((6,1,1,1,1,1,1,1,1,1,6),(2,2),(-1.,-0.9,-0.8,
-0.7,-0.6,-0.5,-0.4,-0.3,-0.2,-0.1,0.),(0.,0.05),.UNSPECIFIED.)
GEOMETRIC_REPRESENTATION_ITEM()
RATIONAL_B_SPLINE_SURFACE(((1.,1.),(1.,1.),(1.,1.),(1.,1.),(1.,1.),(1.,
1.),(1.,1.),(1.,1.),(1.,1.),(1.,1.),(1.,1.),(1.,1.),(1.,1.),(1.,1.),(1.,
1.)))
REPRESENTATION_ITEM('')
SURFACE()
);
#28=(
BOUNDED_SURFACE()
B_SPLINE_SURFACE(5,1,((#6523,#6524),(#6525,#6526),(#6527,#6528),(#6529,
#6530),(#6531,#6532),(#6533,#6534),(#6535,#6536),(#6537,#6538),(#6539,#6540),
(#6541,#6542),(#6543,#6544),(#6545,#6546),(#6547,#6548),(#6549,#6550),(#6551,
#6552)),.UNSPECIFIED.,.F.,.F.,.F.)
B_SPLINE_SURFACE_WITH_KNOTS((6,1,1,1,1,1,1,1,1,1,6),(2,2),(-1.,-0.9,-0.8,
-0.7,-0.6,-0.5,-0.4,-0.3,-0.2,-0.1,0.),(0.,0.05),.UNSPECIFIED.)
GEOMETRIC_REPRESENTATION_ITEM()
RATIONAL_B_SPLINE_SURFACE(((1.,1.),(1.,1.),(1.,1.),(1.,1.),(1.,1.),(1.,
1.),(1.,1.),(1.,1.),(1.,1.),(1.,1.),(1.,1.),(1.,1.),(1.,1.),(1.,1.),(1.,
1.)))
REPRESENTATION_ITEM('')
SURFACE()
);
#29=(
BOUNDED_SURFACE()
B_SPLINE_SURFACE(5,1,((#6570,#6571),(#6572,#6573),(#6574,#6575),(#6576,
#6577),(#6578,#6579),(#6580,#6581),(#6582,#6583),(#6584,#6585),(#6586,#6587),
(#6588,#6589),(#6590,#6591),(#6592,#6593),(#6594,#6595),(#6596,#6597),(#6598,
#6599),(#6600,#6601),(#6602,#6603),(#6604,#6605),(#6606,#6607),(#6608,#6609),
(#6610,#6611),(#6612,#6613),(#6614,#6615),(#6616,#6617),(#6618,#6619)),
 .UNSPECIFIED.,.F.,.F.,.F.)
B_SPLINE_SURFACE_WITH_KNOTS((6,1,1,1,1,1,1,1,1,1,1,1,1,1,1,1,1,1,1,1,6),
(2,2),(-1.,-0.95,-0.9,-0.85,-0.8,-0.75,-0.7,-0.65,-0.6,-0.55,-0.5,-0.45,
-0.4,-0.35,-0.3,-0.25,-0.2,-0.15,-0.1,-0.05,0.),(0.,0.05),.UNSPECIFIED.)
GEOMETRIC_REPRESENTATION_ITEM()
RATIONAL_B_SPLINE_SURFACE(((1.,1.),(1.,1.),(1.,1.),(1.,1.),(1.,1.),(1.,
1.),(1.,1.),(1.,1.),(1.,1.),(1.,1.),(1.,1.),(1.,1.),(1.,1.),(1.,1.),(1.,
1.),(1.,1.),(1.,1.),(1.,1.),(1.,1.),(1.,1.),(1.,1.),(1.,1.),(1.,1.),(1.,
1.),(1.,1.)))
REPRESENTATION_ITEM('')
SURFACE()
);
#30=(
BOUNDED_SURFACE()
B_SPLINE_SURFACE(5,1,((#6647,#6648),(#6649,#6650),(#6651,#6652),(#6653,
#6654),(#6655,#6656),(#6657,#6658),(#6659,#6660),(#6661,#6662),(#6663,#6664),
(#6665,#6666),(#6667,#6668),(#6669,#6670),(#6671,#6672),(#6673,#6674),(#6675,
#6676)),.UNSPECIFIED.,.F.,.F.,.F.)
B_SPLINE_SURFACE_WITH_KNOTS((6,1,1,1,1,1,1,1,1,1,6),(2,2),(-1.,-0.9,-0.8,
-0.7,-0.6,-0.5,-0.4,-0.3,-0.2,-0.1,0.),(0.,0.05),.UNSPECIFIED.)
GEOMETRIC_REPRESENTATION_ITEM()
RATIONAL_B_SPLINE_SURFACE(((1.,1.),(1.,1.),(1.,1.),(1.,1.),(1.,1.),(1.,
1.),(1.,1.),(1.,1.),(1.,1.),(1.,1.),(1.,1.),(1.,1.),(1.,1.),(1.,1.),(1.,
1.)))
REPRESENTATION_ITEM('')
SURFACE()
);
#31=(
BOUNDED_SURFACE()
B_SPLINE_SURFACE(5,1,((#6694,#6695),(#6696,#6697),(#6698,#6699),(#6700,
#6701),(#6702,#6703),(#6704,#6705),(#6706,#6707),(#6708,#6709),(#6710,#6711),
(#6712,#6713),(#6714,#6715),(#6716,#6717),(#6718,#6719),(#6720,#6721),(#6722,
#6723),(#6724,#6725),(#6726,#6727),(#6728,#6729),(#6730,#6731),(#6732,#6733),
(#6734,#6735),(#6736,#6737),(#6738,#6739),(#6740,#6741),(#6742,#6743)),
 .UNSPECIFIED.,.F.,.F.,.F.)
B_SPLINE_SURFACE_WITH_KNOTS((6,1,1,1,1,1,1,1,1,1,1,1,1,1,1,1,1,1,1,1,6),
(2,2),(-1.,-0.95,-0.9,-0.85,-0.8,-0.75,-0.7,-0.65,-0.6,-0.55,-0.5,-0.45,
-0.4,-0.35,-0.3,-0.25,-0.2,-0.15,-0.1,-0.05,0.),(0.,0.05),.UNSPECIFIED.)
GEOMETRIC_REPRESENTATION_ITEM()
RATIONAL_B_SPLINE_SURFACE(((1.,1.),(1.,1.),(1.,1.),(1.,1.),(1.,1.),(1.,
1.),(1.,1.),(1.,1.),(1.,1.),(1.,1.),(1.,1.),(1.,1.),(1.,1.),(1.,1.),(1.,
1.),(1.,1.),(1.,1.),(1.,1.),(1.,1.),(1.,1.),(1.,1.),(1.,1.),(1.,1.),(1.,
1.),(1.,1.)))
REPRESENTATION_ITEM('')
SURFACE()
);
#32=(
BOUNDED_SURFACE()
B_SPLINE_SURFACE(5,1,((#6784,#6785),(#6786,#6787),(#6788,#6789),(#6790,
#6791),(#6792,#6793),(#6794,#6795),(#6796,#6797),(#6798,#6799),(#6800,#6801),
(#6802,#6803),(#6804,#6805),(#6806,#6807),(#6808,#6809),(#6810,#6811),(#6812,
#6813),(#6814,#6815),(#6816,#6817),(#6818,#6819),(#6820,#6821),(#6822,#6823),
(#6824,#6825),(#6826,#6827),(#6828,#6829),(#6830,#6831),(#6832,#6833),(#6834,
#6835),(#6836,#6837),(#6838,#6839),(#6840,#6841),(#6842,#6843),(#6844,#6845),
(#6846,#6847),(#6848,#6849),(#6850,#6851),(#6852,#6853)),.UNSPECIFIED.,
 .F.,.F.,.F.)
B_SPLINE_SURFACE_WITH_KNOTS((6,1,1,1,1,1,1,1,1,1,1,1,1,1,1,1,1,1,1,1,1,
1,1,1,1,1,1,1,1,1,6),(2,2),(-0.84961748108583,-0.828571428571429,-0.8,-0.771428571428572,
-0.742857142857143,-0.714285714285714,-0.685714285714286,-0.657142857142857,
-0.628571428571429,-0.6,-0.571428571428572,-0.542857142857143,-0.514285714285714,
-0.485714285714286,-0.457142857142857,-0.428571428571429,-0.4,-0.371428571428571,
-0.342857142857143,-0.314285714285714,-0.285714285714286,-0.257142857142857,
-0.228571428571429,-0.2,-0.171428571428571,-0.142857142857143,-0.114285714285714,
-0.0857142857142857,-0.0571428571428571,-0.0285714285714286,0.),(0.,0.05),
 .UNSPECIFIED.)
GEOMETRIC_REPRESENTATION_ITEM()
RATIONAL_B_SPLINE_SURFACE(((1.,1.),(1.,1.),(1.,1.),(1.,1.),(1.,1.),(1.,
1.),(1.,1.),(1.,1.),(1.,1.),(1.,1.),(1.,1.),(1.,1.),(1.,1.),(1.,1.),(1.,
1.),(1.,1.),(1.,1.),(1.,1.),(1.,1.),(1.,1.),(1.,1.),(1.,1.),(1.,1.),(1.,
1.),(1.,1.),(1.,1.),(1.,1.),(1.,1.),(1.,1.),(1.,1.),(1.,1.),(1.,1.),(1.,
1.),(1.,1.),(1.,1.)))
REPRESENTATION_ITEM('')
SURFACE()
);
#33=(
BOUNDED_SURFACE()
B_SPLINE_SURFACE(5,1,((#6893,#6894),(#6895,#6896),(#6897,#6898),(#6899,
#6900),(#6901,#6902),(#6903,#6904),(#6905,#6906),(#6907,#6908),(#6909,#6910),
(#6911,#6912),(#6913,#6914),(#6915,#6916),(#6917,#6918),(#6919,#6920),(#6921,
#6922)),.UNSPECIFIED.,.F.,.F.,.F.)
B_SPLINE_SURFACE_WITH_KNOTS((6,1,1,1,1,1,1,1,1,1,6),(2,2),(0.,0.1,0.2,0.3,
0.4,0.5,0.6,0.7,0.8,0.9,1.),(0.,0.05),.UNSPECIFIED.)
GEOMETRIC_REPRESENTATION_ITEM()
RATIONAL_B_SPLINE_SURFACE(((1.,1.),(1.,1.),(1.,1.),(1.,1.),(1.,1.),(1.,
1.),(1.,1.),(1.,1.),(1.,1.),(1.,1.),(1.,1.),(1.,1.),(1.,1.),(1.,1.),(1.,
1.)))
REPRESENTATION_ITEM('')
SURFACE()
);
#34=(
BOUNDED_SURFACE()
B_SPLINE_SURFACE(5,1,((#6942,#6943),(#6944,#6945),(#6946,#6947),(#6948,
#6949),(#6950,#6951),(#6952,#6953),(#6954,#6955),(#6956,#6957),(#6958,#6959),
(#6960,#6961),(#6962,#6963),(#6964,#6965),(#6966,#6967),(#6968,#6969),(#6970,
#6971)),.UNSPECIFIED.,.F.,.F.,.F.)
B_SPLINE_SURFACE_WITH_KNOTS((6,1,1,1,1,1,1,1,1,1,6),(2,2),(0.,0.1,0.2,0.3,
0.4,0.5,0.6,0.7,0.8,0.9,1.),(0.,0.05),.UNSPECIFIED.)
GEOMETRIC_REPRESENTATION_ITEM()
RATIONAL_B_SPLINE_SURFACE(((1.,1.),(1.,1.),(1.,1.),(1.,1.),(1.,1.),(1.,
1.),(1.,1.),(1.,1.),(1.,1.),(1.,1.),(1.,1.),(1.,1.),(1.,1.),(1.,1.),(1.,
1.)))
REPRESENTATION_ITEM('')
SURFACE()
);
#35=(
BOUNDED_SURFACE()
B_SPLINE_SURFACE(5,1,((#6989,#6990),(#6991,#6992),(#6993,#6994),(#6995,
#6996),(#6997,#6998),(#6999,#7000),(#7001,#7002),(#7003,#7004),(#7005,#7006),
(#7007,#7008),(#7009,#7010),(#7011,#7012),(#7013,#7014),(#7015,#7016),(#7017,
#7018)),.UNSPECIFIED.,.F.,.F.,.F.)
B_SPLINE_SURFACE_WITH_KNOTS((6,1,1,1,1,1,1,1,1,1,6),(2,2),(0.,0.1,0.2,0.3,
0.4,0.5,0.6,0.7,0.8,0.9,1.),(0.,0.05),.UNSPECIFIED.)
GEOMETRIC_REPRESENTATION_ITEM()
RATIONAL_B_SPLINE_SURFACE(((1.,1.),(1.,1.),(1.,1.),(1.,1.),(1.,1.),(1.,
1.),(1.,1.),(1.,1.),(1.,1.),(1.,1.),(1.,1.),(1.,1.),(1.,1.),(1.,1.),(1.,
1.)))
REPRESENTATION_ITEM('')
SURFACE()
);
#36=(
BOUNDED_SURFACE()
B_SPLINE_SURFACE(5,1,((#7036,#7037),(#7038,#7039),(#7040,#7041),(#7042,
#7043),(#7044,#7045),(#7046,#7047),(#7048,#7049),(#7050,#7051),(#7052,#7053),
(#7054,#7055),(#7056,#7057),(#7058,#7059),(#7060,#7061),(#7062,#7063),(#7064,
#7065)),.UNSPECIFIED.,.F.,.F.,.F.)
B_SPLINE_SURFACE_WITH_KNOTS((6,1,1,1,1,1,1,1,1,1,6),(2,2),(0.,0.1,0.2,0.3,
0.4,0.5,0.6,0.7,0.8,0.9,1.),(0.,0.05),.UNSPECIFIED.)
GEOMETRIC_REPRESENTATION_ITEM()
RATIONAL_B_SPLINE_SURFACE(((1.,1.),(1.,1.),(1.,1.),(1.,1.),(1.,1.),(1.,
1.),(1.,1.),(1.,1.),(1.,1.),(1.,1.),(1.,1.),(1.,1.),(1.,1.),(1.,1.),(1.,
1.)))
REPRESENTATION_ITEM('')
SURFACE()
);
#37=(
BOUNDED_SURFACE()
B_SPLINE_SURFACE(5,1,((#7083,#7084),(#7085,#7086),(#7087,#7088),(#7089,
#7090),(#7091,#7092),(#7093,#7094),(#7095,#7096),(#7097,#7098),(#7099,#7100),
(#7101,#7102),(#7103,#7104),(#7105,#7106),(#7107,#7108),(#7109,#7110),(#7111,
#7112)),.UNSPECIFIED.,.F.,.F.,.F.)
B_SPLINE_SURFACE_WITH_KNOTS((6,1,1,1,1,1,1,1,1,1,6),(2,2),(0.,0.1,0.2,0.3,
0.4,0.5,0.6,0.7,0.8,0.9,1.),(0.,0.05),.UNSPECIFIED.)
GEOMETRIC_REPRESENTATION_ITEM()
RATIONAL_B_SPLINE_SURFACE(((1.,1.),(1.,1.),(1.,1.),(1.,1.),(1.,1.),(1.,
1.),(1.,1.),(1.,1.),(1.,1.),(1.,1.),(1.,1.),(1.,1.),(1.,1.),(1.,1.),(1.,
1.)))
REPRESENTATION_ITEM('')
SURFACE()
);
#38=(
BOUNDED_SURFACE()
B_SPLINE_SURFACE(5,1,((#7130,#7131),(#7132,#7133),(#7134,#7135),(#7136,
#7137),(#7138,#7139),(#7140,#7141),(#7142,#7143),(#7144,#7145),(#7146,#7147),
(#7148,#7149),(#7150,#7151),(#7152,#7153),(#7154,#7155),(#7156,#7157),(#7158,
#7159)),.UNSPECIFIED.,.F.,.F.,.F.)
B_SPLINE_SURFACE_WITH_KNOTS((6,1,1,1,1,1,1,1,1,1,6),(2,2),(0.,0.1,0.2,0.3,
0.4,0.5,0.6,0.7,0.8,0.9,1.),(0.,0.05),.UNSPECIFIED.)
GEOMETRIC_REPRESENTATION_ITEM()
RATIONAL_B_SPLINE_SURFACE(((1.,1.),(1.,1.),(1.,1.),(1.,1.),(1.,1.),(1.,
1.),(1.,1.),(1.,1.),(1.,1.),(1.,1.),(1.,1.),(1.,1.),(1.,1.),(1.,1.),(1.,
1.)))
REPRESENTATION_ITEM('')
SURFACE()
);
#39=(
BOUNDED_SURFACE()
B_SPLINE_SURFACE(5,1,((#7191,#7192),(#7193,#7194),(#7195,#7196),(#7197,
#7198),(#7199,#7200),(#7201,#7202),(#7203,#7204),(#7205,#7206),(#7207,#7208),
(#7209,#7210),(#7211,#7212),(#7213,#7214),(#7215,#7216),(#7217,#7218),(#7219,
#7220),(#7221,#7222),(#7223,#7224),(#7225,#7226),(#7227,#7228),(#7229,#7230),
(#7231,#7232),(#7233,#7234),(#7235,#7236),(#7237,#7238),(#7239,#7240)),
 .UNSPECIFIED.,.F.,.F.,.F.)
B_SPLINE_SURFACE_WITH_KNOTS((6,1,1,1,1,1,1,1,1,1,1,1,1,1,1,1,1,1,1,1,6),
(2,2),(-1.,-0.95,-0.9,-0.85,-0.8,-0.75,-0.7,-0.65,-0.6,-0.55,-0.5,-0.45,
-0.4,-0.35,-0.3,-0.25,-0.2,-0.15,-0.1,-0.05,0.),(0.,0.05),.UNSPECIFIED.)
GEOMETRIC_REPRESENTATION_ITEM()
RATIONAL_B_SPLINE_SURFACE(((1.,1.),(1.,1.),(1.,1.),(1.,1.),(1.,1.),(1.,
1.),(1.,1.),(1.,1.),(1.,1.),(1.,1.),(1.,1.),(1.,1.),(1.,1.),(1.,1.),(1.,
1.),(1.,1.),(1.,1.),(1.,1.),(1.,1.),(1.,1.),(1.,1.),(1.,1.),(1.,1.),(1.,
1.),(1.,1.)))
REPRESENTATION_ITEM('')
SURFACE()
);
#40=(
BOUNDED_SURFACE()
B_SPLINE_SURFACE(5,1,((#7268,#7269),(#7270,#7271),(#7272,#7273),(#7274,
#7275),(#7276,#7277),(#7278,#7279),(#7280,#7281),(#7282,#7283),(#7284,#7285),
(#7286,#7287),(#7288,#7289),(#7290,#7291),(#7292,#7293),(#7294,#7295),(#7296,
#7297)),.UNSPECIFIED.,.F.,.F.,.F.)
B_SPLINE_SURFACE_WITH_KNOTS((6,1,1,1,1,1,1,1,1,1,6),(2,2),(-1.,-0.9,-0.8,
-0.7,-0.6,-0.5,-0.4,-0.3,-0.2,-0.1,0.),(0.,0.05),.UNSPECIFIED.)
GEOMETRIC_REPRESENTATION_ITEM()
RATIONAL_B_SPLINE_SURFACE(((1.,1.),(1.,1.),(1.,1.),(1.,1.),(1.,1.),(1.,
1.),(1.,1.),(1.,1.),(1.,1.),(1.,1.),(1.,1.),(1.,1.),(1.,1.),(1.,1.),(1.,
1.)))
REPRESENTATION_ITEM('')
SURFACE()
);
#41=(
BOUNDED_SURFACE()
B_SPLINE_SURFACE(5,1,((#7329,#7330),(#7331,#7332),(#7333,#7334),(#7335,
#7336),(#7337,#7338),(#7339,#7340),(#7341,#7342),(#7343,#7344),(#7345,#7346),
(#7347,#7348),(#7349,#7350),(#7351,#7352),(#7353,#7354),(#7355,#7356),(#7357,
#7358)),.UNSPECIFIED.,.F.,.F.,.F.)
B_SPLINE_SURFACE_WITH_KNOTS((6,1,1,1,1,1,1,1,1,1,6),(2,2),(0.,0.1,0.2,0.3,
0.4,0.5,0.6,0.7,0.8,0.9,1.),(0.,0.05),.UNSPECIFIED.)
GEOMETRIC_REPRESENTATION_ITEM()
RATIONAL_B_SPLINE_SURFACE(((1.,1.),(1.,1.),(1.,1.),(1.,1.),(1.,1.),(1.,
1.),(1.,1.),(1.,1.),(1.,1.),(1.,1.),(1.,1.),(1.,1.),(1.,1.),(1.,1.),(1.,
1.)))
REPRESENTATION_ITEM('')
SURFACE()
);
#42=(
BOUNDED_SURFACE()
B_SPLINE_SURFACE(5,1,((#7376,#7377),(#7378,#7379),(#7380,#7381),(#7382,
#7383),(#7384,#7385),(#7386,#7387),(#7388,#7389),(#7390,#7391),(#7392,#7393),
(#7394,#7395),(#7396,#7397),(#7398,#7399),(#7400,#7401),(#7402,#7403),(#7404,
#7405)),.UNSPECIFIED.,.F.,.F.,.F.)
B_SPLINE_SURFACE_WITH_KNOTS((6,1,1,1,1,1,1,1,1,1,6),(2,2),(0.,0.1,0.2,0.3,
0.4,0.5,0.6,0.7,0.8,0.9,1.),(0.,0.05),.UNSPECIFIED.)
GEOMETRIC_REPRESENTATION_ITEM()
RATIONAL_B_SPLINE_SURFACE(((1.,1.),(1.,1.),(1.,1.),(1.,1.),(1.,1.),(1.,
1.),(1.,1.),(1.,1.),(1.,1.),(1.,1.),(1.,1.),(1.,1.),(1.,1.),(1.,1.),(1.,
1.)))
REPRESENTATION_ITEM('')
SURFACE()
);
#43=(
BOUNDED_SURFACE()
B_SPLINE_SURFACE(5,1,((#7423,#7424),(#7425,#7426),(#7427,#7428),(#7429,
#7430),(#7431,#7432),(#7433,#7434),(#7435,#7436),(#7437,#7438),(#7439,#7440),
(#7441,#7442),(#7443,#7444),(#7445,#7446),(#7447,#7448),(#7449,#7450),(#7451,
#7452)),.UNSPECIFIED.,.F.,.F.,.F.)
B_SPLINE_SURFACE_WITH_KNOTS((6,1,1,1,1,1,1,1,1,1,6),(2,2),(0.,0.1,0.2,0.3,
0.4,0.5,0.6,0.7,0.8,0.9,1.),(0.,0.05),.UNSPECIFIED.)
GEOMETRIC_REPRESENTATION_ITEM()
RATIONAL_B_SPLINE_SURFACE(((1.,1.),(1.,1.),(1.,1.),(1.,1.),(1.,1.),(1.,
1.),(1.,1.),(1.,1.),(1.,1.),(1.,1.),(1.,1.),(1.,1.),(1.,1.),(1.,1.),(1.,
1.)))
REPRESENTATION_ITEM('')
SURFACE()
);
#44=(
BOUNDED_SURFACE()
B_SPLINE_SURFACE(5,1,((#7470,#7471),(#7472,#7473),(#7474,#7475),(#7476,
#7477),(#7478,#7479),(#7480,#7481),(#7482,#7483),(#7484,#7485),(#7486,#7487),
(#7488,#7489),(#7490,#7491),(#7492,#7493),(#7494,#7495),(#7496,#7497),(#7498,
#7499),(#7500,#7501),(#7502,#7503),(#7504,#7505),(#7506,#7507),(#7508,#7509),
(#7510,#7511),(#7512,#7513),(#7514,#7515),(#7516,#7517),(#7518,#7519),(#7520,
#7521),(#7522,#7523),(#7524,#7525),(#7526,#7527),(#7528,#7529),(#7530,#7531),
(#7532,#7533),(#7534,#7535),(#7536,#7537),(#7538,#7539)),.UNSPECIFIED.,
 .F.,.F.,.F.)
B_SPLINE_SURFACE_WITH_KNOTS((6,1,1,1,1,1,1,1,1,1,1,1,1,1,1,1,1,1,1,1,1,
1,1,1,1,1,1,1,1,1,6),(2,2),(0.,0.0333333333333333,0.0666666666666667,0.1,
0.133333333333333,0.166666666666667,0.2,0.233333333333333,0.266666666666667,
0.3,0.333333333333333,0.366666666666667,0.4,0.433333333333333,0.466666666666667,
0.5,0.533333333333333,0.566666666666667,0.6,0.633333333333333,0.666666666666667,
0.7,0.733333333333333,0.766666666666667,0.8,0.833333333333333,0.866666666666667,
0.9,0.933333333333333,0.966666666666667,1.),(0.,0.05),.UNSPECIFIED.)
GEOMETRIC_REPRESENTATION_ITEM()
RATIONAL_B_SPLINE_SURFACE(((1.,1.),(1.,1.),(1.,1.),(1.,1.),(1.,1.),(1.,
1.),(1.,1.),(1.,1.),(1.,1.),(1.,1.),(1.,1.),(1.,1.),(1.,1.),(1.,1.),(1.,
1.),(1.,1.),(1.,1.),(1.,1.),(1.,1.),(1.,1.),(1.,1.),(1.,1.),(1.,1.),(1.,
1.),(1.,1.),(1.,1.),(1.,1.),(1.,1.),(1.,1.),(1.,1.),(1.,1.),(1.,1.),(1.,
1.),(1.,1.),(1.,1.)))
REPRESENTATION_ITEM('')
SURFACE()
);
#45=(
BOUNDED_SURFACE()
B_SPLINE_SURFACE(5,1,((#7590,#7591),(#7592,#7593),(#7594,#7595),(#7596,
#7597),(#7598,#7599),(#7600,#7601),(#7602,#7603),(#7604,#7605),(#7606,#7607),
(#7608,#7609),(#7610,#7611),(#7612,#7613),(#7614,#7615),(#7616,#7617),(#7618,
#7619),(#7620,#7621),(#7622,#7623),(#7624,#7625),(#7626,#7627),(#7628,#7629)),
 .UNSPECIFIED.,.F.,.F.,.F.)
B_SPLINE_SURFACE_WITH_KNOTS((6,1,1,1,1,1,1,1,1,1,1,1,1,1,1,6),(2,2),(0.,
0.0666666666666667,0.133333333333333,0.2,0.266666666666667,0.333333333333333,
0.4,0.466666666666667,0.533333333333333,0.6,0.666666666666667,0.733333333333333,
0.8,0.866666666666667,0.933333333333333,1.),(0.,0.05),.UNSPECIFIED.)
GEOMETRIC_REPRESENTATION_ITEM()
RATIONAL_B_SPLINE_SURFACE(((1.,1.),(1.,1.),(1.,1.),(1.,1.),(1.,1.),(1.,
1.),(1.,1.),(1.,1.),(1.,1.),(1.,1.),(1.,1.),(1.,1.),(1.,1.),(1.,1.),(1.,
1.),(1.,1.),(1.,1.),(1.,1.),(1.,1.),(1.,1.)))
REPRESENTATION_ITEM('')
SURFACE()
);
#46=(
BOUNDED_SURFACE()
B_SPLINE_SURFACE(5,1,((#7652,#7653),(#7654,#7655),(#7656,#7657),(#7658,
#7659),(#7660,#7661),(#7662,#7663),(#7664,#7665),(#7666,#7667),(#7668,#7669),
(#7670,#7671),(#7672,#7673),(#7674,#7675),(#7676,#7677),(#7678,#7679),(#7680,
#7681)),.UNSPECIFIED.,.F.,.F.,.F.)
B_SPLINE_SURFACE_WITH_KNOTS((6,1,1,1,1,1,1,1,1,1,6),(2,2),(0.,0.1,0.2,0.3,
0.4,0.5,0.6,0.7,0.8,0.9,1.),(0.,0.05),.UNSPECIFIED.)
GEOMETRIC_REPRESENTATION_ITEM()
RATIONAL_B_SPLINE_SURFACE(((1.,1.),(1.,1.),(1.,1.),(1.,1.),(1.,1.),(1.,
1.),(1.,1.),(1.,1.),(1.,1.),(1.,1.),(1.,1.),(1.,1.),(1.,1.),(1.,1.),(1.,
1.)))
REPRESENTATION_ITEM('')
SURFACE()
);
#47=(
BOUNDED_SURFACE()
B_SPLINE_SURFACE(5,1,((#7699,#7700),(#7701,#7702),(#7703,#7704),(#7705,
#7706),(#7707,#7708),(#7709,#7710),(#7711,#7712),(#7713,#7714),(#7715,#7716),
(#7717,#7718),(#7719,#7720),(#7721,#7722),(#7723,#7724),(#7725,#7726),(#7727,
#7728)),.UNSPECIFIED.,.F.,.F.,.F.)
B_SPLINE_SURFACE_WITH_KNOTS((6,1,1,1,1,1,1,1,1,1,6),(2,2),(0.,0.1,0.2,0.3,
0.4,0.5,0.6,0.7,0.8,0.9,1.),(0.,0.05),.UNSPECIFIED.)
GEOMETRIC_REPRESENTATION_ITEM()
RATIONAL_B_SPLINE_SURFACE(((1.,1.),(1.,1.),(1.,1.),(1.,1.),(1.,1.),(1.,
1.),(1.,1.),(1.,1.),(1.,1.),(1.,1.),(1.,1.),(1.,1.),(1.,1.),(1.,1.),(1.,
1.)))
REPRESENTATION_ITEM('')
SURFACE()
);
#48=(
BOUNDED_SURFACE()
B_SPLINE_SURFACE(5,1,((#10920,#10921),(#10922,#10923),(#10924,#10925),(#10926,
#10927),(#10928,#10929),(#10930,#10931),(#10932,#10933),(#10934,#10935),
(#10936,#10937),(#10938,#10939),(#10940,#10941),(#10942,#10943),(#10944,
#10945),(#10946,#10947),(#10948,#10949),(#10950,#10951),(#10952,#10953),
(#10954,#10955),(#10956,#10957),(#10958,#10959),(#10960,#10961),(#10962,
#10963),(#10964,#10965),(#10966,#10967),(#10968,#10969)),.UNSPECIFIED.,
 .F.,.F.,.F.)
B_SPLINE_SURFACE_WITH_KNOTS((6,1,1,1,1,1,1,1,1,1,1,1,1,1,1,1,1,1,1,1,6),
(2,2),(0.,0.05,0.1,0.15,0.2,0.25,0.3,0.35,0.4,0.45,0.5,0.55,0.6,0.65,0.7,
0.75,0.8,0.85,0.9,0.95,1.),(0.,1.3),.UNSPECIFIED.)
GEOMETRIC_REPRESENTATION_ITEM()
RATIONAL_B_SPLINE_SURFACE(((1.,1.),(1.,1.),(1.,1.),(1.,1.),(1.,1.),(1.,
1.),(1.,1.),(1.,1.),(1.,1.),(1.,1.),(1.,1.),(1.,1.),(1.,1.),(1.,1.),(1.,
1.),(1.,1.),(1.,1.),(1.,1.),(1.,1.),(1.,1.),(1.,1.),(1.,1.),(1.,1.),(1.,
1.),(1.,1.)))
REPRESENTATION_ITEM('')
SURFACE()
);
#49=(
BOUNDED_SURFACE()
B_SPLINE_SURFACE(5,1,((#10972,#10973),(#10974,#10975),(#10976,#10977),(#10978,
#10979),(#10980,#10981),(#10982,#10983),(#10984,#10985),(#10986,#10987),
(#10988,#10989),(#10990,#10991),(#10992,#10993),(#10994,#10995),(#10996,
#10997),(#10998,#10999),(#11000,#11001),(#11002,#11003),(#11004,#11005),
(#11006,#11007),(#11008,#11009),(#11010,#11011)),.UNSPECIFIED.,.F.,.F.,
 .F.)
B_SPLINE_SURFACE_WITH_KNOTS((6,1,1,1,1,1,1,1,1,1,1,1,1,1,1,6),(2,2),(0.,
0.0666666666666667,0.133333333333333,0.2,0.266666666666667,0.333333333333333,
0.4,0.466666666666667,0.533333333333333,0.6,0.666666666666667,0.733333333333333,
0.8,0.866666666666667,0.933333333333333,1.),(0.,1.3),.UNSPECIFIED.)
GEOMETRIC_REPRESENTATION_ITEM()
RATIONAL_B_SPLINE_SURFACE(((1.,1.),(1.,1.),(1.,1.),(1.,1.),(1.,1.),(1.,
1.),(1.,1.),(1.,1.),(1.,1.),(1.,1.),(1.,1.),(1.,1.),(1.,1.),(1.,1.),(1.,
1.),(1.,1.),(1.,1.),(1.,1.),(1.,1.),(1.,1.)))
REPRESENTATION_ITEM('')
SURFACE()
);
#50=(
BOUNDED_SURFACE()
B_SPLINE_SURFACE(5,1,((#11013,#11014),(#11015,#11016),(#11017,#11018),(#11019,
#11020),(#11021,#11022),(#11023,#11024),(#11025,#11026),(#11027,#11028),
(#11029,#11030),(#11031,#11032),(#11033,#11034),(#11035,#11036),(#11037,
#11038),(#11039,#11040),(#11041,#11042)),.UNSPECIFIED.,.F.,.F.,.F.)
B_SPLINE_SURFACE_WITH_KNOTS((6,1,1,1,1,1,1,1,1,1,6),(2,2),(0.,0.1,0.2,0.3,
0.4,0.5,0.6,0.7,0.8,0.9,1.),(0.,1.3),.UNSPECIFIED.)
GEOMETRIC_REPRESENTATION_ITEM()
RATIONAL_B_SPLINE_SURFACE(((1.,1.),(1.,1.),(1.,1.),(1.,1.),(1.,1.),(1.,
1.),(1.,1.),(1.,1.),(1.,1.),(1.,1.),(1.,1.),(1.,1.),(1.,1.),(1.,1.),(1.,
1.)))
REPRESENTATION_ITEM('')
SURFACE()
);
#51=(
BOUNDED_SURFACE()
B_SPLINE_SURFACE(5,1,((#11044,#11045),(#11046,#11047),(#11048,#11049),(#11050,
#11051),(#11052,#11053),(#11054,#11055),(#11056,#11057),(#11058,#11059),
(#11060,#11061),(#11062,#11063),(#11064,#11065),(#11066,#11067),(#11068,
#11069),(#11070,#11071),(#11072,#11073)),.UNSPECIFIED.,.F.,.F.,.F.)
B_SPLINE_SURFACE_WITH_KNOTS((6,1,1,1,1,1,1,1,1,1,6),(2,2),(0.,0.1,0.2,0.3,
0.4,0.5,0.6,0.7,0.8,0.9,1.),(0.,1.3),.UNSPECIFIED.)
GEOMETRIC_REPRESENTATION_ITEM()
RATIONAL_B_SPLINE_SURFACE(((1.,1.),(1.,1.),(1.,1.),(1.,1.),(1.,1.),(1.,
1.),(1.,1.),(1.,1.),(1.,1.),(1.,1.),(1.,1.),(1.,1.),(1.,1.),(1.,1.),(1.,
1.)))
REPRESENTATION_ITEM('')
SURFACE()
);
#52=(
BOUNDED_SURFACE()
B_SPLINE_SURFACE(5,1,((#11075,#11076),(#11077,#11078),(#11079,#11080),(#11081,
#11082),(#11083,#11084),(#11085,#11086),(#11087,#11088),(#11089,#11090),
(#11091,#11092),(#11093,#11094),(#11095,#11096),(#11097,#11098),(#11099,
#11100),(#11101,#11102),(#11103,#11104)),.UNSPECIFIED.,.F.,.F.,.F.)
B_SPLINE_SURFACE_WITH_KNOTS((6,1,1,1,1,1,1,1,1,1,6),(2,2),(0.,0.1,0.2,0.3,
0.4,0.5,0.6,0.7,0.8,0.9,1.),(0.,1.3),.UNSPECIFIED.)
GEOMETRIC_REPRESENTATION_ITEM()
RATIONAL_B_SPLINE_SURFACE(((1.,1.),(1.,1.),(1.,1.),(1.,1.),(1.,1.),(1.,
1.),(1.,1.),(1.,1.),(1.,1.),(1.,1.),(1.,1.),(1.,1.),(1.,1.),(1.,1.),(1.,
1.)))
REPRESENTATION_ITEM('')
SURFACE()
);
#53=(
BOUNDED_SURFACE()
B_SPLINE_SURFACE(5,1,((#11106,#11107),(#11108,#11109),(#11110,#11111),(#11112,
#11113),(#11114,#11115),(#11116,#11117),(#11118,#11119),(#11120,#11121),
(#11122,#11123),(#11124,#11125),(#11126,#11127),(#11128,#11129),(#11130,
#11131),(#11132,#11133),(#11134,#11135)),.UNSPECIFIED.,.F.,.F.,.F.)
B_SPLINE_SURFACE_WITH_KNOTS((6,1,1,1,1,1,1,1,1,1,6),(2,2),(0.,0.1,0.2,0.3,
0.4,0.5,0.6,0.7,0.8,0.9,1.),(0.,1.3),.UNSPECIFIED.)
GEOMETRIC_REPRESENTATION_ITEM()
RATIONAL_B_SPLINE_SURFACE(((1.,1.),(1.,1.),(1.,1.),(1.,1.),(1.,1.),(1.,
1.),(1.,1.),(1.,1.),(1.,1.),(1.,1.),(1.,1.),(1.,1.),(1.,1.),(1.,1.),(1.,
1.)))
REPRESENTATION_ITEM('')
SURFACE()
);
#54=(
BOUNDED_SURFACE()
B_SPLINE_SURFACE(5,1,((#11137,#11138),(#11139,#11140),(#11141,#11142),(#11143,
#11144),(#11145,#11146),(#11147,#11148),(#11149,#11150),(#11151,#11152),
(#11153,#11154),(#11155,#11156),(#11157,#11158),(#11159,#11160),(#11161,
#11162),(#11163,#11164),(#11165,#11166),(#11167,#11168),(#11169,#11170),
(#11171,#11172),(#11173,#11174),(#11175,#11176)),.UNSPECIFIED.,.F.,.F.,
 .F.)
B_SPLINE_SURFACE_WITH_KNOTS((6,1,1,1,1,1,1,1,1,1,1,1,1,1,1,6),(2,2),(0.,
0.0666666666666667,0.133333333333333,0.2,0.266666666666667,0.333333333333333,
0.4,0.466666666666667,0.533333333333333,0.6,0.666666666666667,0.733333333333333,
0.8,0.866666666666667,0.933333333333333,1.),(0.,1.3),.UNSPECIFIED.)
GEOMETRIC_REPRESENTATION_ITEM()
RATIONAL_B_SPLINE_SURFACE(((1.,1.),(1.,1.),(1.,1.),(1.,1.),(1.,1.),(1.,
1.),(1.,1.),(1.,1.),(1.,1.),(1.,1.),(1.,1.),(1.,1.),(1.,1.),(1.,1.),(1.,
1.),(1.,1.),(1.,1.),(1.,1.),(1.,1.),(1.,1.)))
REPRESENTATION_ITEM('')
SURFACE()
);
#55=(
BOUNDED_SURFACE()
B_SPLINE_SURFACE(5,1,((#11178,#11179),(#11180,#11181),(#11182,#11183),(#11184,
#11185),(#11186,#11187),(#11188,#11189),(#11190,#11191),(#11192,#11193),
(#11194,#11195),(#11196,#11197),(#11198,#11199),(#11200,#11201),(#11202,
#11203),(#11204,#11205),(#11206,#11207)),.UNSPECIFIED.,.F.,.F.,.F.)
B_SPLINE_SURFACE_WITH_KNOTS((6,1,1,1,1,1,1,1,1,1,6),(2,2),(0.,0.1,0.2,0.3,
0.4,0.5,0.6,0.7,0.8,0.9,1.),(0.,1.3),.UNSPECIFIED.)
GEOMETRIC_REPRESENTATION_ITEM()
RATIONAL_B_SPLINE_SURFACE(((1.,1.),(1.,1.),(1.,1.),(1.,1.),(1.,1.),(1.,
1.),(1.,1.),(1.,1.),(1.,1.),(1.,1.),(1.,1.),(1.,1.),(1.,1.),(1.,1.),(1.,
1.)))
REPRESENTATION_ITEM('')
SURFACE()
);
#56=(
BOUNDED_SURFACE()
B_SPLINE_SURFACE(5,1,((#11327,#11328),(#11329,#11330),(#11331,#11332),(#11333,
#11334),(#11335,#11336),(#11337,#11338),(#11339,#11340),(#11341,#11342),
(#11343,#11344),(#11345,#11346),(#11347,#11348),(#11349,#11350),(#11351,
#11352)),.UNSPECIFIED.,.F.,.F.,.F.)
B_SPLINE_SURFACE_WITH_KNOTS((6,1,1,1,1,1,1,1,6),(2,2),(0.202747353595373,
0.3,0.4,0.5,0.6,0.7,0.8,0.9,1.),(0.,1.3),.UNSPECIFIED.)
GEOMETRIC_REPRESENTATION_ITEM()
RATIONAL_B_SPLINE_SURFACE(((1.,1.),(1.,1.),(1.,1.),(1.,1.),(1.,1.),(1.,
1.),(1.,1.),(1.,1.),(1.,1.),(1.,1.),(1.,1.),(1.,1.),(1.,1.)))
REPRESENTATION_ITEM('')
SURFACE()
);
#57=(
BOUNDED_SURFACE()
B_SPLINE_SURFACE(5,1,((#11365,#11366),(#11367,#11368),(#11369,#11370),(#11371,
#11372),(#11373,#11374),(#11375,#11376),(#11377,#11378),(#11379,#11380),
(#11381,#11382),(#11383,#11384),(#11385,#11386),(#11387,#11388),(#11389,
#11390),(#11391,#11392),(#11393,#11394),(#11395,#11396),(#11397,#11398),
(#11399,#11400),(#11401,#11402)),.UNSPECIFIED.,.F.,.F.,.F.)
B_SPLINE_SURFACE_WITH_KNOTS((6,1,1,1,1,1,1,1,1,1,1,1,1,1,6),(2,2),(0.,0.0666666666666667,
0.133333333333333,0.2,0.266666666666667,0.333333333333333,0.4,0.466666666666667,
0.533333333333333,0.6,0.666666666666667,0.733333333333333,0.8,0.866666666666667,
0.884783491851915),(0.,1.3),.UNSPECIFIED.)
GEOMETRIC_REPRESENTATION_ITEM()
RATIONAL_B_SPLINE_SURFACE(((1.,1.),(1.,1.),(1.,1.),(1.,1.),(1.,1.),(1.,
1.),(1.,1.),(1.,1.),(1.,1.),(1.,1.),(1.,1.),(1.,1.),(1.,1.),(1.,1.),(1.,
1.),(1.,1.),(1.,1.),(1.,1.),(1.,1.)))
REPRESENTATION_ITEM('')
SURFACE()
);
#58=(
BOUNDED_SURFACE()
B_SPLINE_SURFACE(5,1,((#11403,#11404),(#11405,#11406),(#11407,#11408),(#11409,
#11410),(#11411,#11412),(#11413,#11414),(#11415,#11416),(#11417,#11418),
(#11419,#11420),(#11421,#11422),(#11423,#11424),(#11425,#11426),(#11427,
#11428),(#11429,#11430),(#11431,#11432),(#11433,#11434),(#11435,#11436),
(#11437,#11438),(#11439,#11440)),.UNSPECIFIED.,.F.,.F.,.F.)
B_SPLINE_SURFACE_WITH_KNOTS((6,1,1,1,1,1,1,1,1,1,1,1,1,1,6),(2,2),(0.,0.0666666666666667,
0.133333333333333,0.2,0.266666666666667,0.333333333333333,0.4,0.466666666666667,
0.533333333333333,0.6,0.666666666666667,0.733333333333333,0.8,0.866666666666667,
0.884783491851915),(0.,1.3),.UNSPECIFIED.)
GEOMETRIC_REPRESENTATION_ITEM()
RATIONAL_B_SPLINE_SURFACE(((1.,1.),(1.,1.),(1.,1.),(1.,1.),(1.,1.),(1.,
1.),(1.,1.),(1.,1.),(1.,1.),(1.,1.),(1.,1.),(1.,1.),(1.,1.),(1.,1.),(1.,
1.),(1.,1.),(1.,1.),(1.,1.),(1.,1.)))
REPRESENTATION_ITEM('')
SURFACE()
);
#59=(
BOUNDED_SURFACE()
B_SPLINE_SURFACE(5,1,((#11468,#11469),(#11470,#11471),(#11472,#11473),(#11474,
#11475),(#11476,#11477),(#11478,#11479),(#11480,#11481),(#11482,#11483),
(#11484,#11485),(#11486,#11487),(#11488,#11489),(#11490,#11491),(#11492,
#11493),(#11494,#11495),(#11496,#11497)),.UNSPECIFIED.,.F.,.F.,.F.)
B_SPLINE_SURFACE_WITH_KNOTS((6,1,1,1,1,1,1,1,1,1,6),(2,2),(0.,0.1,0.2,0.3,
0.4,0.5,0.6,0.7,0.8,0.9,1.),(0.,1.3),.UNSPECIFIED.)
GEOMETRIC_REPRESENTATION_ITEM()
RATIONAL_B_SPLINE_SURFACE(((1.,1.),(1.,1.),(1.,1.),(1.,1.),(1.,1.),(1.,
1.),(1.,1.),(1.,1.),(1.,1.),(1.,1.),(1.,1.),(1.,1.),(1.,1.),(1.,1.),(1.,
1.)))
REPRESENTATION_ITEM('')
SURFACE()
);
#60=(
BOUNDED_SURFACE()
B_SPLINE_SURFACE(5,1,((#11499,#11500),(#11501,#11502),(#11503,#11504),(#11505,
#11506),(#11507,#11508),(#11509,#11510),(#11511,#11512),(#11513,#11514),
(#11515,#11516),(#11517,#11518),(#11519,#11520),(#11521,#11522),(#11523,
#11524),(#11525,#11526),(#11527,#11528)),.UNSPECIFIED.,.F.,.F.,.F.)
B_SPLINE_SURFACE_WITH_KNOTS((6,1,1,1,1,1,1,1,1,1,6),(2,2),(0.,0.1,0.2,0.3,
0.4,0.5,0.6,0.7,0.8,0.9,1.),(0.,1.3),.UNSPECIFIED.)
GEOMETRIC_REPRESENTATION_ITEM()
RATIONAL_B_SPLINE_SURFACE(((1.,1.),(1.,1.),(1.,1.),(1.,1.),(1.,1.),(1.,
1.),(1.,1.),(1.,1.),(1.,1.),(1.,1.),(1.,1.),(1.,1.),(1.,1.),(1.,1.),(1.,
1.)))
REPRESENTATION_ITEM('')
SURFACE()
);
#61=(
BOUNDED_SURFACE()
B_SPLINE_SURFACE(5,1,((#11530,#11531),(#11532,#11533),(#11534,#11535),(#11536,
#11537),(#11538,#11539),(#11540,#11541),(#11542,#11543),(#11544,#11545),
(#11546,#11547),(#11548,#11549),(#11550,#11551),(#11552,#11553),(#11554,
#11555),(#11556,#11557),(#11558,#11559),(#11560,#11561),(#11562,#11563),
(#11564,#11565),(#11566,#11567),(#11568,#11569)),.UNSPECIFIED.,.F.,.F.,
 .F.)
B_SPLINE_SURFACE_WITH_KNOTS((6,1,1,1,1,1,1,1,1,1,1,1,1,1,1,6),(2,2),(0.,
0.0666666666666667,0.133333333333333,0.2,0.266666666666667,0.333333333333333,
0.4,0.466666666666667,0.533333333333333,0.6,0.666666666666667,0.733333333333333,
0.8,0.866666666666667,0.933333333333333,1.),(0.,1.3),.UNSPECIFIED.)
GEOMETRIC_REPRESENTATION_ITEM()
RATIONAL_B_SPLINE_SURFACE(((1.,1.),(1.,1.),(1.,1.),(1.,1.),(1.,1.),(1.,
1.),(1.,1.),(1.,1.),(1.,1.),(1.,1.),(1.,1.),(1.,1.),(1.,1.),(1.,1.),(1.,
1.),(1.,1.),(1.,1.),(1.,1.),(1.,1.),(1.,1.)))
REPRESENTATION_ITEM('')
SURFACE()
);
#62=(
BOUNDED_SURFACE()
B_SPLINE_SURFACE(5,1,((#11571,#11572),(#11573,#11574),(#11575,#11576),(#11577,
#11578),(#11579,#11580),(#11581,#11582),(#11583,#11584),(#11585,#11586),
(#11587,#11588),(#11589,#11590),(#11591,#11592),(#11593,#11594),(#11595,
#11596),(#11597,#11598),(#11599,#11600)),.UNSPECIFIED.,.F.,.F.,.F.)
B_SPLINE_SURFACE_WITH_KNOTS((6,1,1,1,1,1,1,1,1,1,6),(2,2),(0.,0.1,0.2,0.3,
0.4,0.5,0.6,0.7,0.8,0.9,1.),(0.,1.3),.UNSPECIFIED.)
GEOMETRIC_REPRESENTATION_ITEM()
RATIONAL_B_SPLINE_SURFACE(((1.,1.),(1.,1.),(1.,1.),(1.,1.),(1.,1.),(1.,
1.),(1.,1.),(1.,1.),(1.,1.),(1.,1.),(1.,1.),(1.,1.),(1.,1.),(1.,1.),(1.,
1.)))
REPRESENTATION_ITEM('')
SURFACE()
);
#63=(
BOUNDED_SURFACE()
B_SPLINE_SURFACE(5,1,((#11602,#11603),(#11604,#11605),(#11606,#11607),(#11608,
#11609),(#11610,#11611),(#11612,#11613),(#11614,#11615),(#11616,#11617),
(#11618,#11619),(#11620,#11621),(#11622,#11623)),.UNSPECIFIED.,.F.,.F.,
 .F.)
B_SPLINE_SURFACE_WITH_KNOTS((6,1,1,1,1,1,6),(2,2),(0.224575901761977,0.266666666666667,
0.333333333333333,0.4,0.466666666666667,0.533333333333333,0.563349072380169),
(0.,0.3),.UNSPECIFIED.)
GEOMETRIC_REPRESENTATION_ITEM()
RATIONAL_B_SPLINE_SURFACE(((1.,1.),(1.,1.),(1.,1.),(1.,1.),(1.,1.),(1.,
1.),(1.,1.),(1.,1.),(1.,1.),(1.,1.),(1.,1.)))
REPRESENTATION_ITEM('')
SURFACE()
);
#64=(
BOUNDED_SURFACE()
B_SPLINE_SURFACE(5,1,((#11625,#11626),(#11627,#11628),(#11629,#11630),(#11631,
#11632),(#11633,#11634),(#11635,#11636),(#11637,#11638),(#11639,#11640),
(#11641,#11642),(#11643,#11644),(#11645,#11646),(#11647,#11648),(#11649,
#11650),(#11651,#11652),(#11653,#11654),(#11655,#11656),(#11657,#11658),
(#11659,#11660),(#11661,#11662),(#11663,#11664)),.UNSPECIFIED.,.F.,.F.,
 .F.)
B_SPLINE_SURFACE_WITH_KNOTS((6,1,1,1,1,1,1,1,1,1,1,1,1,1,1,6),(2,2),(0.,
0.0666666666666667,0.133333333333333,0.2,0.266666666666667,0.333333333333333,
0.4,0.466666666666667,0.533333333333333,0.6,0.666666666666667,0.733333333333333,
0.8,0.866666666666667,0.933333333333333,1.),(0.,1.3),.UNSPECIFIED.)
GEOMETRIC_REPRESENTATION_ITEM()
RATIONAL_B_SPLINE_SURFACE(((1.,1.),(1.,1.),(1.,1.),(1.,1.),(1.,1.),(1.,
1.),(1.,1.),(1.,1.),(1.,1.),(1.,1.),(1.,1.),(1.,1.),(1.,1.),(1.,1.),(1.,
1.),(1.,1.),(1.,1.),(1.,1.),(1.,1.),(1.,1.)))
REPRESENTATION_ITEM('')
SURFACE()
);
#65=SPHERICAL_SURFACE('',#3472,0.2);
#66=SPHERICAL_SURFACE('',#3481,0.2);
#67=ELLIPSE('',#3444,0.989949501037092,0.7);
#68=ELLIPSE('',#3445,0.728010998957838,0.2);
#69=ELLIPSE('',#3448,2.1213203277551,1.5);
#70=ELLIPSE('',#3451,0.728010998957532,0.2);
#71=ELLIPSE('',#3452,0.989949501036867,0.7);
#72=ELLIPSE('',#3454,0.282842659791063,0.2);
#73=ELLIPSE('',#3457,2.12132032775457,1.5);
#74=ELLIPSE('',#3458,1.80277561913422,1.);
#75=ELLIPSE('',#3462,1.80277561913484,1.);
#76=ELLIPSE('',#3471,0.282842659790928,0.2);
#77=ELLIPSE('',#3475,0.242333988067817,0.2);
#78=ELLIPSE('',#3485,0.23511410091699,0.2);
#79=ELLIPSE('',#3495,1.58113883008419,0.5);
#80=ELLIPSE('',#3496,0.513743148373007,0.5);
#81=ELLIPSE('',#3502,0.516393091710441,0.5);
#82=ELLIPSE('',#3504,1.02888758569389,0.5);
#83=B_SPLINE_SURFACE_WITH_KNOTS('',3,3,((#5180,#5181,#5182,#5183,#5184,
#5185),(#5186,#5187,#5188,#5189,#5190,#5191),(#5192,#5193,#5194,#5195,#5196,
#5197),(#5198,#5199,#5200,#5201,#5202,#5203),(#5204,#5205,#5206,#5207,#5208,
#5209)),.UNSPECIFIED.,.F.,.F.,.F.,(4,1,4),(4,1,1,4),(0.,0.5,1.),(-1.57079632679488,
-0.897597901025642,-0.448798950512813,1.52215106859718E-14),
 .UNSPECIFIED.);
#84=B_SPLINE_SURFACE_WITH_KNOTS('',3,3,((#5266,#5267,#5268,#5269,#5270,
#5271),(#5272,#5273,#5274,#5275,#5276,#5277),(#5278,#5279,#5280,#5281,#5282,
#5283),(#5284,#5285,#5286,#5287,#5288,#5289),(#5290,#5291,#5292,#5293,#5294,
#5295)),.UNSPECIFIED.,.F.,.F.,.F.,(4,1,4),(4,1,1,4),(0.,0.5,1.),(1.67827618272583E-14,
0.44879895051285,0.897597901025682,1.57079632679493),.UNSPECIFIED.);
#85=B_SPLINE_SURFACE_WITH_KNOTS('',3,3,((#5325,#5326,#5327,#5328,#5329,
#5330),(#5331,#5332,#5333,#5334,#5335,#5336),(#5337,#5338,#5339,#5340,#5341,
#5342),(#5343,#5344,#5345,#5346,#5347,#5348)),.UNSPECIFIED.,.F.,.F.,.F.,
(4,4),(4,2,4),(0.,1.),(-0.000927835776310742,0.,0.153390639121133),
 .UNSPECIFIED.);
#86=B_SPLINE_SURFACE_WITH_KNOTS('',3,3,((#5365,#5366,#5367,#5368),(#5369,
#5370,#5371,#5372),(#5373,#5374,#5375,#5376),(#5377,#5378,#5379,#5380)),
 .UNSPECIFIED.,.F.,.F.,.F.,(4,4),(4,4),(0.,1.),(8.80878546116188E-15,0.562536244559408),
 .UNSPECIFIED.);
#87=B_SPLINE_SURFACE_WITH_KNOTS('',3,3,((#5426,#5427,#5428,#5429,#5430,
#5431),(#5432,#5433,#5434,#5435,#5436,#5437),(#5438,#5439,#5440,#5441,#5442,
#5443),(#5444,#5445,#5446,#5447,#5448,#5449)),.UNSPECIFIED.,.F.,.F.,.F.,
(4,4),(4,2,4),(0.,1.),(-0.000664644325159474,0.,0.153661175058916),
 .UNSPECIFIED.);
#88=B_SPLINE_SURFACE_WITH_KNOTS('',3,3,((#5451,#5452,#5453,#5454),(#5455,
#5456,#5457,#5458),(#5459,#5460,#5461,#5462),(#5463,#5464,#5465,#5466)),
 .UNSPECIFIED.,.F.,.F.,.F.,(4,4),(4,4),(0.,1.),(-0.562536244552798,1.00475183728577E-14),
 .UNSPECIFIED.);
#89=B_SPLINE_SURFACE_WITH_KNOTS('',3,3,((#5909,#5910,#5911,#5912,#5913),
(#5914,#5915,#5916,#5917,#5918),(#5919,#5920,#5921,#5922,#5923),(#5924,
#5925,#5926,#5927,#5928),(#5929,#5930,#5931,#5932,#5933)),.UNSPECIFIED.,
 .F.,.F.,.F.,(4,1,4),(4,1,4),(0.,0.5,1.),(0.,0.0101686614298544,0.0237268766696603),
 .UNSPECIFIED.);
#90=B_SPLINE_SURFACE_WITH_KNOTS('',3,3,((#7745,#7746,#7747,#7748,#7749,
#7750,#7751,#7752,#7753,#7754,#7755,#7756,#7757,#7758,#7759,#7760,#7761),
(#7762,#7763,#7764,#7765,#7766,#7767,#7768,#7769,#7770,#7771,#7772,#7773,
#7774,#7775,#7776,#7777,#7778),(#7779,#7780,#7781,#7782,#7783,#7784,#7785,
#7786,#7787,#7788,#7789,#7790,#7791,#7792,#7793,#7794,#7795),(#7796,#7797,
#7798,#7799,#7800,#7801,#7802,#7803,#7804,#7805,#7806,#7807,#7808,#7809,
#7810,#7811,#7812),(#7813,#7814,#7815,#7816,#7817,#7818,#7819,#7820,#7821,
#7822,#7823,#7824,#7825,#7826,#7827,#7828,#7829)),.UNSPECIFIED.,.F.,.F.,
 .F.,(4,1,4),(4,1,1,1,1,1,1,1,1,1,1,1,2,4),(0.,0.571428571428571,1.),(-5.2735762399396E-15,
0.0429755966804371,0.0859511933608794,0.171902386721764,0.343804773443533,
0.687609546887072,1.03141432033061,1.37521909377415,1.54712148049592,1.6330726738568,
1.67604827053725,1.69753606887747,1.71902386721769,1.7401302041033),
 .UNSPECIFIED.);
#91=B_SPLINE_SURFACE_WITH_KNOTS('',3,3,((#7942,#7943,#7944,#7945,#7946,
#7947,#7948,#7949),(#7950,#7951,#7952,#7953,#7954,#7955,#7956,#7957),(#7958,
#7959,#7960,#7961,#7962,#7963,#7964,#7965),(#7966,#7967,#7968,#7969,#7970,
#7971,#7972,#7973),(#7974,#7975,#7976,#7977,#7978,#7979,#7980,#7981)),
 .UNSPECIFIED.,.F.,.F.,.F.,(4,1,4),(4,1,1,2,4),(0.,0.5,1.),(-5.81745748686357E-15,
1.66898736943512,2.50348105415269,4.17246842358782,4.18392627036121),
 .UNSPECIFIED.);
#92=B_SPLINE_SURFACE_WITH_KNOTS('',3,3,((#8074,#8075,#8076,#8077),(#8078,
#8079,#8080,#8081),(#8082,#8083,#8084,#8085),(#8086,#8087,#8088,#8089),
(#8090,#8091,#8092,#8093)),.UNSPECIFIED.,.F.,.F.,.F.,(4,1,4),(4,4),(0.,
0.571428571428571,1.),(-0.0210734182989992,0.702234340362223),
 .UNSPECIFIED.);
#93=B_SPLINE_SURFACE_WITH_KNOTS('',3,3,((#8141,#8142,#8143,#8144,#8145,
#8146,#8147,#8148),(#8149,#8150,#8151,#8152,#8153,#8154,#8155,#8156),(#8157,
#8158,#8159,#8160,#8161,#8162,#8163,#8164),(#8165,#8166,#8167,#8168,#8169,
#8170,#8171,#8172),(#8173,#8174,#8175,#8176,#8177,#8178,#8179,#8180)),
 .UNSPECIFIED.,.F.,.F.,.F.,(4,1,4),(4,2,1,1,4),(0.,0.571428571428571,1.),
(-0.00811534876957286,0.,1.79828391392396,2.69742587088594,4.4957097848099),
 .UNSPECIFIED.);
#94=B_SPLINE_SURFACE_WITH_KNOTS('',3,3,((#8236,#8237,#8238,#8239,#8240,
#8241,#8242,#8243,#8244,#8245,#8246),(#8247,#8248,#8249,#8250,#8251,#8252,
#8253,#8254,#8255,#8256,#8257),(#8258,#8259,#8260,#8261,#8262,#8263,#8264,
#8265,#8266,#8267,#8268),(#8269,#8270,#8271,#8272,#8273,#8274,#8275,#8276,
#8277,#8278,#8279),(#8280,#8281,#8282,#8283,#8284,#8285,#8286,#8287,#8288,
#8289,#8290)),.UNSPECIFIED.,.F.,.F.,.F.,(4,1,4),(4,1,1,1,1,1,2,4),(0.,0.5,
1.),(0.,1.51669488403024,3.03338976806049,3.79173721007561,4.55008465209074,
6.06677953612098,7.58347442015122,7.60503618967575),.UNSPECIFIED.);
#95=B_SPLINE_SURFACE_WITH_KNOTS('',3,3,((#8349,#8350,#8351,#8352,#8353,
#8354),(#8355,#8356,#8357,#8358,#8359,#8360),(#8361,#8362,#8363,#8364,#8365,
#8366),(#8367,#8368,#8369,#8370,#8371,#8372),(#8373,#8374,#8375,#8376,#8377,
#8378)),.UNSPECIFIED.,.F.,.F.,.F.,(4,1,4),(4,2,4),(0.,0.571428571428571,
1.),(-0.0215617695245568,0.,1.43477618830858),.UNSPECIFIED.);
#96=B_SPLINE_SURFACE_WITH_KNOTS('',3,3,((#8431,#8432,#8433,#8434,#8435,
#8436,#8437,#8438,#8439,#8440,#8441),(#8442,#8443,#8444,#8445,#8446,#8447,
#8448,#8449,#8450,#8451,#8452),(#8453,#8454,#8455,#8456,#8457,#8458,#8459,
#8460,#8461,#8462,#8463),(#8464,#8465,#8466,#8467,#8468,#8469,#8470,#8471,
#8472,#8473,#8474),(#8475,#8476,#8477,#8478,#8479,#8480,#8481,#8482,#8483,
#8484,#8485)),.UNSPECIFIED.,.F.,.F.,.F.,(4,1,4),(4,1,1,1,1,1,2,4),(0.,0.5,
1.),(-9.57350518304681E-17,0.389897239309421,0.584845858964131,0.779794478618842,
1.16969171792826,1.55958895723768,1.9494861965471,1.9573969461614),
 .UNSPECIFIED.);
#97=B_SPLINE_SURFACE_WITH_KNOTS('',3,3,((#8547,#8548,#8549,#8550,#8551,
#8552,#8553,#8554,#8555,#8556,#8557,#8558,#8559,#8560,#8561,#8562,#8563,
#8564,#8565,#8566,#8567,#8568,#8569,#8570,#8571,#8572,#8573,#8574,#8575,
#8576,#8577,#8578,#8579,#8580,#8581,#8582,#8583,#8584,#8585,#8586,#8587,
#8588,#8589,#8590,#8591,#8592,#8593,#8594,#8595,#8596,#8597,#8598,#8599,
#8600,#8601,#8602,#8603,#8604,#8605,#8606,#8607,#8608,#8609,#8610,#8611,
#8612,#8613,#8614,#8615,#8616,#8617,#8618,#8619,#8620,#8621,#8622,#8623,
#8624,#8625,#8626,#8627,#8628,#8629,#8630,#8631,#8632,#8633,#8634,#8635,
#8636,#8637,#8638,#8639,#8640,#8641,#8642,#8643,#8644,#8645,#8646,#8647,
#8648,#8649,#8650,#8651,#8652,#8653,#8654,#8655,#8656,#8657,#8658,#8659,
#8660,#8661,#8662,#8663,#8664,#8665,#8666,#8667,#8668,#8669,#8670,#8671,
#8672,#8673,#8674,#8675,#8676,#8677,#8678,#8679,#8680,#8681,#8682,#8683,
#8684,#8685,#8686,#8687,#8688,#8689,#8690,#8691,#8692,#8693,#8694,#8695,
#8696,#8697,#8698,#8699,#8700,#8701,#8702,#8703,#8704,#8705,#8706,#8707,
#8708,#8709,#8710,#8711,#8712,#8713,#8714,#8715,#8716,#8717,#8718,#8719,
#8720,#8721,#8722,#8723,#8724,#8725,#8726,#8727),(#8728,#8729,#8730,#8731,
#8732,#8733,#8734,#8735,#8736,#8737,#8738,#8739,#8740,#8741,#8742,#8743,
#8744,#8745,#8746,#8747,#8748,#8749,#8750,#8751,#8752,#8753,#8754,#8755,
#8756,#8757,#8758,#8759,#8760,#8761,#8762,#8763,#8764,#8765,#8766,#8767,
#8768,#8769,#8770,#8771,#8772,#8773,#8774,#8775,#8776,#8777,#8778,#8779,
#8780,#8781,#8782,#8783,#8784,#8785,#8786,#8787,#8788,#8789,#8790,#8791,
#8792,#8793,#8794,#8795,#8796,#8797,#8798,#8799,#8800,#8801,#8802,#8803,
#8804,#8805,#8806,#8807,#8808,#8809,#8810,#8811,#8812,#8813,#8814,#8815,
#8816,#8817,#8818,#8819,#8820,#8821,#8822,#8823,#8824,#8825,#8826,#8827,
#8828,#8829,#8830,#8831,#8832,#8833,#8834,#8835,#8836,#8837,#8838,#8839,
#8840,#8841,#8842,#8843,#8844,#8845,#8846,#8847,#8848,#8849,#8850,#8851,
#8852,#8853,#8854,#8855,#8856,#8857,#8858,#8859,#8860,#8861,#8862,#8863,
#8864,#8865,#8866,#8867,#8868,#8869,#8870,#8871,#8872,#8873,#8874,#8875,
#8876,#8877,#8878,#8879,#8880,#8881,#8882,#8883,#8884,#8885,#8886,#8887,
#8888,#8889,#8890,#8891,#8892,#8893,#8894,#8895,#8896,#8897,#8898,#8899,
#8900,#8901,#8902,#8903,#8904,#8905,#8906,#8907,#8908),(#8909,#8910,#8911,
#8912,#8913,#8914,#8915,#8916,#8917,#8918,#8919,#8920,#8921,#8922,#8923,
#8924,#8925,#8926,#8927,#8928,#8929,#8930,#8931,#8932,#8933,#8934,#8935,
#8936,#8937,#8938,#8939,#8940,#8941,#8942,#8943,#8944,#8945,#8946,#8947,
#8948,#8949,#8950,#8951,#8952,#8953,#8954,#8955,#8956,#8957,#8958,#8959,
#8960,#8961,#8962,#8963,#8964,#8965,#8966,#8967,#8968,#8969,#8970,#8971,
#8972,#8973,#8974,#8975,#8976,#8977,#8978,#8979,#8980,#8981,#8982,#8983,
#8984,#8985,#8986,#8987,#8988,#8989,#8990,#8991,#8992,#8993,#8994,#8995,
#8996,#8997,#8998,#8999,#9000,#9001,#9002,#9003,#9004,#9005,#9006,#9007,
#9008,#9009,#9010,#9011,#9012,#9013,#9014,#9015,#9016,#9017,#9018,#9019,
#9020,#9021,#9022,#9023,#9024,#9025,#9026,#9027,#9028,#9029,#9030,#9031,
#9032,#9033,#9034,#9035,#9036,#9037,#9038,#9039,#9040,#9041,#9042,#9043,
#9044,#9045,#9046,#9047,#9048,#9049,#9050,#9051,#9052,#9053,#9054,#9055,
#9056,#9057,#9058,#9059,#9060,#9061,#9062,#9063,#9064,#9065,#9066,#9067,
#9068,#9069,#9070,#9071,#9072,#9073,#9074,#9075,#9076,#9077,#9078,#9079,
#9080,#9081,#9082,#9083,#9084,#9085,#9086,#9087,#9088,#9089),(#9090,#9091,
#9092,#9093,#9094,#9095,#9096,#9097,#9098,#9099,#9100,#9101,#9102,#9103,
#9104,#9105,#9106,#9107,#9108,#9109,#9110,#9111,#9112,#9113,#9114,#9115,
#9116,#9117,#9118,#9119,#9120,#9121,#9122,#9123,#9124,#9125,#9126,#9127,
#9128,#9129,#9130,#9131,#9132,#9133,#9134,#9135,#9136,#9137,#9138,#9139,
#9140,#9141,#9142,#9143,#9144,#9145,#9146,#9147,#9148,#9149,#9150,#9151,
#9152,#9153,#9154,#9155,#9156,#9157,#9158,#9159,#9160,#9161,#9162,#9163,
#9164,#9165,#9166,#9167,#9168,#9169,#9170,#9171,#9172,#9173,#9174,#9175,
#9176,#9177,#9178,#9179,#9180,#9181,#9182,#9183,#9184,#9185,#9186,#9187,
#9188,#9189,#9190,#9191,#9192,#9193,#9194,#9195,#9196,#9197,#9198,#9199,
#9200,#9201,#9202,#9203,#9204,#9205,#9206,#9207,#9208,#9209,#9210,#9211,
#9212,#9213,#9214,#9215,#9216,#9217,#9218,#9219,#9220,#9221,#9222,#9223,
#9224,#9225,#9226,#9227,#9228,#9229,#9230,#9231,#9232,#9233,#9234,#9235,
#9236,#9237,#9238,#9239,#9240,#9241,#9242,#9243,#9244,#9245,#9246,#9247,
#9248,#9249,#9250,#9251,#9252,#9253,#9254,#9255,#9256,#9257,#9258,#9259,
#9260,#9261,#9262,#9263,#9264,#9265,#9266,#9267,#9268,#9269,#9270),(#9271,
#9272,#9273,#9274,#9275,#9276,#9277,#9278,#9279,#9280,#9281,#9282,#9283,
#9284,#9285,#9286,#9287,#9288,#9289,#9290,#9291,#9292,#9293,#9294,#9295,
#9296,#9297,#9298,#9299,#9300,#9301,#9302,#9303,#9304,#9305,#9306,#9307,
#9308,#9309,#9310,#9311,#9312,#9313,#9314,#9315,#9316,#9317,#9318,#9319,
#9320,#9321,#9322,#9323,#9324,#9325,#9326,#9327,#9328,#9329,#9330,#9331,
#9332,#9333,#9334,#9335,#9336,#9337,#9338,#9339,#9340,#9341,#9342,#9343,
#9344,#9345,#9346,#9347,#9348,#9349,#9350,#9351,#9352,#9353,#9354,#9355,
#9356,#9357,#9358,#9359,#9360,#9361,#9362,#9363,#9364,#9365,#9366,#9367,
#9368,#9369,#9370,#9371,#9372,#9373,#9374,#9375,#9376,#9377,#9378,#9379,
#9380,#9381,#9382,#9383,#9384,#9385,#9386,#9387,#9388,#9389,#9390,#9391,
#9392,#9393,#9394,#9395,#9396,#9397,#9398,#9399,#9400,#9401,#9402,#9403,
#9404,#9405,#9406,#9407,#9408,#9409,#9410,#9411,#9412,#9413,#9414,#9415,
#9416,#9417,#9418,#9419,#9420,#9421,#9422,#9423,#9424,#9425,#9426,#9427,
#9428,#9429,#9430,#9431,#9432,#9433,#9434,#9435,#9436,#9437,#9438,#9439,
#9440,#9441,#9442,#9443,#9444,#9445,#9446,#9447,#9448,#9449,#9450,#9451),
(#9452,#9453,#9454,#9455,#9456,#9457,#9458,#9459,#9460,#9461,#9462,#9463,
#9464,#9465,#9466,#9467,#9468,#9469,#9470,#9471,#9472,#9473,#9474,#9475,
#9476,#9477,#9478,#9479,#9480,#9481,#9482,#9483,#9484,#9485,#9486,#9487,
#9488,#9489,#9490,#9491,#9492,#9493,#9494,#9495,#9496,#9497,#9498,#9499,
#9500,#9501,#9502,#9503,#9504,#9505,#9506,#9507,#9508,#9509,#9510,#9511,
#9512,#9513,#9514,#9515,#9516,#9517,#9518,#9519,#9520,#9521,#9522,#9523,
#9524,#9525,#9526,#9527,#9528,#9529,#9530,#9531,#9532,#9533,#9534,#9535,
#9536,#9537,#9538,#9539,#9540,#9541,#9542,#9543,#9544,#9545,#9546,#9547,
#9548,#9549,#9550,#9551,#9552,#9553,#9554,#9555,#9556,#9557,#9558,#9559,
#9560,#9561,#9562,#9563,#9564,#9565,#9566,#9567,#9568,#9569,#9570,#9571,
#9572,#9573,#9574,#9575,#9576,#9577,#9578,#9579,#9580,#9581,#9582,#9583,
#9584,#9585,#9586,#9587,#9588,#9589,#9590,#9591,#9592,#9593,#9594,#9595,
#9596,#9597,#9598,#9599,#9600,#9601,#9602,#9603,#9604,#9605,#9606,#9607,
#9608,#9609,#9610,#9611,#9612,#9613,#9614,#9615,#9616,#9617,#9618,#9619,
#9620,#9621,#9622,#9623,#9624,#9625,#9626,#9627,#9628,#9629,#9630,#9631,
#9632),(#9633,#9634,#9635,#9636,#9637,#9638,#9639,#9640,#9641,#9642,#9643,
#9644,#9645,#9646,#9647,#9648,#9649,#9650,#9651,#9652,#9653,#9654,#9655,
#9656,#9657,#9658,#9659,#9660,#9661,#9662,#9663,#9664,#9665,#9666,#9667,
#9668,#9669,#9670,#9671,#9672,#9673,#9674,#9675,#9676,#9677,#9678,#9679,
#9680,#9681,#9682,#9683,#9684,#9685,#9686,#9687,#9688,#9689,#9690,#9691,
#9692,#9693,#9694,#9695,#9696,#9697,#9698,#9699,#9700,#9701,#9702,#9703,
#9704,#9705,#9706,#9707,#9708,#9709,#9710,#9711,#9712,#9713,#9714,#9715,
#9716,#9717,#9718,#9719,#9720,#9721,#9722,#9723,#9724,#9725,#9726,#9727,
#9728,#9729,#9730,#9731,#9732,#9733,#9734,#9735,#9736,#9737,#9738,#9739,
#9740,#9741,#9742,#9743,#9744,#9745,#9746,#9747,#9748,#9749,#9750,#9751,
#9752,#9753,#9754,#9755,#9756,#9757,#9758,#9759,#9760,#9761,#9762,#9763,
#9764,#9765,#9766,#9767,#9768,#9769,#9770,#9771,#9772,#9773,#9774,#9775,
#9776,#9777,#9778,#9779,#9780,#9781,#9782,#9783,#9784,#9785,#9786,#9787,
#9788,#9789,#9790,#9791,#9792,#9793,#9794,#9795,#9796,#9797,#9798,#9799,
#9800,#9801,#9802,#9803,#9804,#9805,#9806,#9807,#9808,#9809,#9810,#9811,
#9812,#9813)),.UNSPECIFIED.,.F.,.F.,.F.,(4,1,1,1,4),(4,2,1,1,1,1,1,1,1,
1,1,1,1,1,1,1,1,1,1,1,1,1,1,1,1,1,1,1,1,1,1,1,1,1,1,1,1,1,1,1,1,1,1,1,1,
1,1,1,1,1,1,1,1,1,1,1,1,1,1,1,1,1,1,1,1,1,1,1,1,1,1,1,1,1,1,1,1,1,1,1,1,
1,1,1,1,1,1,1,1,1,1,1,1,1,1,1,1,1,1,1,1,1,1,1,1,1,1,1,1,1,1,1,1,1,1,1,1,
1,1,1,1,1,1,1,1,1,1,1,1,1,1,1,1,1,1,1,1,1,1,1,1,1,1,1,1,1,1,1,1,1,1,1,1,
1,1,1,1,1,1,1,1,1,1,1,1,1,1,1,1,1,1,1,1,1,1,2,4),(0.,0.5,0.785714285714286,
0.857142857142857,1.),(-0.00791074961427944,0.,0.0391741502948092,0.0783483005896184,
0.117522450884428,0.156696601179237,0.195870751474046,0.235044901768855,
0.274219052063664,0.313393202358474,0.352567352653283,0.391741502948092,
0.430915653242901,0.47008980353771,0.50926395383252,0.548438104127329,0.587612254422138,
0.626786404716947,0.665960555011756,0.705134705306566,0.744308855601375,
0.783483005896184,0.822657156190993,0.861831306485803,0.901005456780612,
0.940179607075421,0.97935375737023,1.01852790766504,1.05770205795985,1.09687620825466,
1.13605035854947,1.17522450884428,1.21439865913909,1.25357280943389,1.2731598845813,
1.2927469597287,1.31233403487611,1.33192111002351,1.37109526031832,1.41026941061313,
1.44944356090794,1.48861771120275,1.49841124877645,1.50820478635015,1.51799832392386,
1.52289509271071,1.52779186149756,1.53268863028441,1.53391282248112,1.53513701467784,
1.53758539907126,1.54248216785811,1.54737893664496,1.54799103274332,1.54860312884168,
1.54982732103839,1.55227570543182,1.55349989762853,1.55411199372688,1.55472408982524,
1.55717247421867,1.55778457031702,1.55839666641538,1.55962085861209,1.55992690666127,
1.56023295471045,1.56030946672274,1.56038597873504,1.56046249074733,1.56053900275963,
1.56069202678422,1.56076853879651,1.5608450508088,1.56206924300552,1.56451762739894,
1.56482367544812,1.56490018746042,1.56497669947271,1.5651297234973,1.56574181959566,
1.56604786764483,1.56620089166942,1.56635391569401,1.5665069397186,1.56665996374319,
1.56696601179237,1.57186278057922,1.57675954936607,1.5792079337595,1.58165631815292,
1.5819623662021,1.58226841425128,1.58288051034963,1.58410470254635,1.5847167986447,
1.58502284669388,1.58532889474306,1.58563494279224,1.58594099084142,1.58601750285371,
1.58605575885986,1.58609401486601,1.58624703889059,1.58655308693977,1.58777727913649,
1.58808332718566,1.58838937523484,1.5890014713332,1.59144985572662,1.59389824012005,
1.59512243231676,1.59634662451348,1.59695872061183,1.59757081671019,1.5987950089069,
1.60001920110361,1.60124339330033,1.60369177769375,1.60491596989046,1.60614016208718,
1.6085885464806,1.61103693087403,1.61593369966088,1.62083046844773,1.62572723723458,
1.63062400602143,1.63552077480828,1.64041754359514,1.64164173579185,1.64286592798856,
1.64531431238199,1.6844884626768,1.72366261297161,1.73345615054531,1.74324968811901,
1.76283676326641,1.78242383841382,1.80201091356122,1.82159798870863,1.84118506385603,
1.88035921415084,1.91953336444565,1.95870751474046,1.99788166503527,2.03705581533008,
2.07622996562489,2.1154041159197,2.1349911910671,2.15457826621451,2.19375241650932,
2.23292656680412,2.25251364195153,2.27210071709893,2.31127486739374,2.35044901768855,
2.38962316798336,2.42879731827817,2.46797146857298,2.50714561886779,2.5463197691626,
2.58549391945741,2.62466806975222,2.66384222004703,2.70301637034183,2.74219052063664,
2.78136467093145,2.82053882122626,2.85971297152107,2.89888712181588,2.93806127211069,
2.9772354224055,3.01640957270031,3.05558372299512,3.09475787328993,3.11434494843733,
3.13393202358474,3.14091943162379),.UNSPECIFIED.);
#98=B_SPLINE_SURFACE_WITH_KNOTS('',3,3,((#10216,#10217,#10218,#10219,#10220,
#10221,#10222,#10223,#10224,#10225,#10226,#10227,#10228,#10229,#10230,#10231,
#10232,#10233,#10234,#10235,#10236),(#10237,#10238,#10239,#10240,#10241,
#10242,#10243,#10244,#10245,#10246,#10247,#10248,#10249,#10250,#10251,#10252,
#10253,#10254,#10255,#10256,#10257),(#10258,#10259,#10260,#10261,#10262,
#10263,#10264,#10265,#10266,#10267,#10268,#10269,#10270,#10271,#10272,#10273,
#10274,#10275,#10276,#10277,#10278),(#10279,#10280,#10281,#10282,#10283,
#10284,#10285,#10286,#10287,#10288,#10289,#10290,#10291,#10292,#10293,#10294,
#10295,#10296,#10297,#10298,#10299),(#10300,#10301,#10302,#10303,#10304,
#10305,#10306,#10307,#10308,#10309,#10310,#10311,#10312,#10313,#10314,#10315,
#10316,#10317,#10318,#10319,#10320)),.UNSPECIFIED.,.F.,.F.,.F.,(4,1,4),
(4,2,1,1,1,1,1,1,1,1,1,1,1,1,1,2,4),(0.,0.5,1.),(-0.00698740803900108,0.,
0.789703224897609,1.57940644979522,1.97425806224402,2.36910967469283,2.76396128714163,
3.15881289959043,3.55366451203924,3.94851612448804,4.34336773693685,4.73821934938565,
5.52792257428326,6.31762579918087,7.10732902407848,7.89703224897609,7.90113133454964),
 .UNSPECIFIED.);
#99=B_SPLINE_SURFACE_WITH_KNOTS('',3,3,((#10396,#10397,#10398,#10399,#10400,
#10401,#10402,#10403),(#10404,#10405,#10406,#10407,#10408,#10409,#10410,
#10411),(#10412,#10413,#10414,#10415,#10416,#10417,#10418,#10419),(#10420,
#10421,#10422,#10423,#10424,#10425,#10426,#10427),(#10428,#10429,#10430,
#10431,#10432,#10433,#10434,#10435)),.UNSPECIFIED.,.F.,.F.,.F.,(4,1,4),
(4,2,1,1,4),(0.,0.5,1.),(-0.0040990855736147,0.,0.784704739220569,1.17705710883085,
1.96176184805142),.UNSPECIFIED.);
#100=B_SPLINE_SURFACE_WITH_KNOTS('',3,3,((#10491,#10492,#10493,#10494,#10495,
#10496,#10497,#10498,#10499,#10500),(#10501,#10502,#10503,#10504,#10505,
#10506,#10507,#10508,#10509,#10510),(#10511,#10512,#10513,#10514,#10515,
#10516,#10517,#10518,#10519,#10520),(#10521,#10522,#10523,#10524,#10525,
#10526,#10527,#10528,#10529,#10530),(#10531,#10532,#10533,#10534,#10535,
#10536,#10537,#10538,#10539,#10540)),.UNSPECIFIED.,.F.,.F.,.F.,(4,1,4),
(4,1,1,1,1,2,4),(0.,0.571428571428571,1.),(0.,0.313955226577702,0.627910453155404,
0.941865679733105,1.25582090631081,1.56977613288851,1.58154578913246),
 .UNSPECIFIED.);
#101=B_SPLINE_SURFACE_WITH_KNOTS('',3,3,((#10600,#10601,#10602,#10603,#10604,
#10605,#10606,#10607),(#10608,#10609,#10610,#10611,#10612,#10613,#10614,
#10615),(#10616,#10617,#10618,#10619,#10620,#10621,#10622,#10623),(#10624,
#10625,#10626,#10627,#10628,#10629,#10630,#10631),(#10632,#10633,#10634,
#10635,#10636,#10637,#10638,#10639),(#10640,#10641,#10642,#10643,#10644,
#10645,#10646,#10647)),.UNSPECIFIED.,.F.,.F.,.F.,(4,1,1,4),(4,2,1,1,4),
(0.,0.285714285714286,0.571428571428571,1.),(-0.011769656244013,0.,0.712554070730316,
1.06883110609547,1.78138517682579),.UNSPECIFIED.);
#102=B_SPLINE_SURFACE_WITH_KNOTS('',3,3,((#10706,#10707,#10708,#10709,#10710,
#10711,#10712,#10713),(#10714,#10715,#10716,#10717,#10718,#10719,#10720,
#10721),(#10722,#10723,#10724,#10725,#10726,#10727,#10728,#10729),(#10730,
#10731,#10732,#10733,#10734,#10735,#10736,#10737),(#10738,#10739,#10740,
#10741,#10742,#10743,#10744,#10745)),.UNSPECIFIED.,.F.,.F.,.F.,(4,1,4),
(4,1,1,2,4),(0.,0.5,1.),(-1.36171856264528E-15,0.542536993824694,0.813805490737042,
1.35634248456174,1.40024946302695),.UNSPECIFIED.);
#103=B_SPLINE_SURFACE_WITH_KNOTS('',3,3,((#10801,#10802,#10803,#10804,#10805,
#10806,#10807,#10808,#10809,#10810),(#10811,#10812,#10813,#10814,#10815,
#10816,#10817,#10818,#10819,#10820),(#10821,#10822,#10823,#10824,#10825,
#10826,#10827,#10828,#10829,#10830),(#10831,#10832,#10833,#10834,#10835,
#10836,#10837,#10838,#10839,#10840),(#10841,#10842,#10843,#10844,#10845,
#10846,#10847,#10848,#10849,#10850)),.UNSPECIFIED.,.F.,.F.,.F.,(4,1,4),
(4,2,1,1,1,1,4),(0.,0.5,1.),(-0.0439069784652096,0.,1.43575106665502,2.87150213331005,
4.30725319996507,5.7430042666201,7.17875533327512),.UNSPECIFIED.);
#104=B_SPLINE_SURFACE_WITH_KNOTS('',3,3,((#10871,#10872,#10873,#10874,#10875,
#10876,#10877),(#10878,#10879,#10880,#10881,#10882,#10883,#10884),(#10885,
#10886,#10887,#10888,#10889,#10890,#10891),(#10892,#10893,#10894,#10895,
#10896,#10897,#10898),(#10899,#10900,#10901,#10902,#10903,#10904,#10905)),
 .UNSPECIFIED.,.F.,.F.,.F.,(4,1,4),(4,1,1,1,4),(0.,0.571428571428571,1.),
(-0.0114469619257648,0.991481913176293,1.49294635072732,2.49587522582938,
3.49880410093144),.UNSPECIFIED.);
#105=B_SPLINE_SURFACE_WITH_KNOTS('',3,3,((#11266,#11267,#11268,#11269),
(#11270,#11271,#11272,#11273),(#11274,#11275,#11276,#11277),(#11278,#11279,
#11280,#11281),(#11282,#11283,#11284,#11285)),.UNSPECIFIED.,.F.,.F.,.F.,
(4,1,4),(4,4),(0.,0.652625374618693,1.14209440558271),(3.29835048162863E-11,
1.08000000006597),.UNSPECIFIED.);
#106=FACE_BOUND('',#573,.T.);
#107=FACE_BOUND('',#574,.T.);
#108=FACE_BOUND('',#575,.T.);
#109=FACE_BOUND('',#608,.T.);
#110=FACE_BOUND('',#609,.T.);
#111=FACE_BOUND('',#610,.T.);
#112=FACE_BOUND('',#611,.T.);
#113=FACE_BOUND('',#684,.T.);
#114=FACE_BOUND('',#685,.T.);
#115=FACE_BOUND('',#686,.T.);
#116=FACE_BOUND('',#687,.T.);
#117=FACE_BOUND('',#702,.T.);
#118=FACE_BOUND('',#705,.T.);
#119=FACE_BOUND('',#708,.T.);
#120=FACE_BOUND('',#711,.T.);
#121=(
BOUNDED_CURVE()
B_SPLINE_CURVE(5,(#4537,#4538,#4539,#4540,#4541,#4542,#4543,#4544,#4545,
#4546,#4547,#4548,#4549,#4550,#4551,#4552,#4553,#4554,#4555,#4556,#4557,
#4558,#4559,#4560,#4561,#4562,#4563,#4564,#4565,#4566,#4567,#4568,#4569,
#4570,#4571),.UNSPECIFIED.,.F.,.F.)
B_SPLINE_CURVE_WITH_KNOTS((6,1,1,1,1,1,1,1,1,1,1,1,1,1,1,1,1,1,1,1,1,1,
1,1,1,1,1,1,1,1,6),(-0.84961748108583,-0.828571428571429,-0.8,-0.771428571428572,
-0.742857142857143,-0.714285714285714,-0.685714285714286,-0.657142857142857,
-0.628571428571429,-0.6,-0.571428571428572,-0.542857142857143,-0.514285714285714,
-0.485714285714286,-0.457142857142857,-0.428571428571429,-0.4,-0.371428571428571,
-0.342857142857143,-0.314285714285714,-0.285714285714286,-0.257142857142857,
-0.228571428571429,-0.2,-0.171428571428571,-0.142857142857143,-0.114285714285714,
-0.0857142857142857,-0.0571428571428571,-0.0285714285714286,0.),
 .UNSPECIFIED.)
CURVE()
GEOMETRIC_REPRESENTATION_ITEM()
RATIONAL_B_SPLINE_CURVE((1.,1.,1.,1.,1.,1.,1.,1.,1.,1.,1.,1.,1.,1.,1.,1.,
1.,1.,1.,1.,1.,1.,1.,1.,1.,1.,1.,1.,1.,1.,1.,1.,1.,1.,1.))
REPRESENTATION_ITEM('')
);
#122=(
BOUNDED_CURVE()
B_SPLINE_CURVE(5,(#4575,#4576,#4577,#4578,#4579,#4580,#4581,#4582,#4583,
#4584,#4585,#4586,#4587,#4588,#4589,#4590,#4591,#4592,#4593,#4594,#4595,
#4596,#4597,#4598,#4599),.UNSPECIFIED.,.F.,.F.)
B_SPLINE_CURVE_WITH_KNOTS((6,1,1,1,1,1,1,1,1,1,1,1,1,1,1,1,1,1,1,1,6),(-1.,
-0.95,-0.9,-0.85,-0.8,-0.75,-0.7,-0.65,-0.6,-0.55,-0.5,-0.45,-0.4,-0.35,
-0.3,-0.25,-0.2,-0.15,-0.1,-0.05,0.),.UNSPECIFIED.)
CURVE()
GEOMETRIC_REPRESENTATION_ITEM()
RATIONAL_B_SPLINE_CURVE((1.,1.,1.,1.,1.,1.,1.,1.,1.,1.,1.,1.,1.,1.,1.,1.,
1.,1.,1.,1.,1.,1.,1.,1.,1.))
REPRESENTATION_ITEM('')
);
#123=(
BOUNDED_CURVE()
B_SPLINE_CURVE(5,(#4601,#4602,#4603,#4604,#4605,#4606,#4607,#4608,#4609,
#4610,#4611,#4612,#4613,#4614,#4615),.UNSPECIFIED.,.F.,.F.)
B_SPLINE_CURVE_WITH_KNOTS((6,1,1,1,1,1,1,1,1,1,6),(-1.,-0.9,-0.8,-0.7,-0.6,
-0.5,-0.4,-0.3,-0.2,-0.1,0.),.UNSPECIFIED.)
CURVE()
GEOMETRIC_REPRESENTATION_ITEM()
RATIONAL_B_SPLINE_CURVE((1.,1.,1.,1.,1.,1.,1.,1.,1.,1.,1.,1.,1.,1.,1.))
REPRESENTATION_ITEM('')
);
#124=(
BOUNDED_CURVE()
B_SPLINE_CURVE(5,(#4617,#4618,#4619,#4620,#4621,#4622,#4623,#4624,#4625,
#4626,#4627,#4628,#4629,#4630,#4631,#4632,#4633,#4634,#4635,#4636,#4637,
#4638,#4639,#4640,#4641),.UNSPECIFIED.,.F.,.F.)
B_SPLINE_CURVE_WITH_KNOTS((6,1,1,1,1,1,1,1,1,1,1,1,1,1,1,1,1,1,1,1,6),(-1.,
-0.95,-0.9,-0.85,-0.8,-0.75,-0.7,-0.65,-0.6,-0.55,-0.5,-0.45,-0.4,-0.35,
-0.3,-0.25,-0.2,-0.15,-0.1,-0.05,0.),.UNSPECIFIED.)
CURVE()
GEOMETRIC_REPRESENTATION_ITEM()
RATIONAL_B_SPLINE_CURVE((1.,1.,1.,1.,1.,1.,1.,1.,1.,1.,1.,1.,1.,1.,1.,1.,
1.,1.,1.,1.,1.,1.,1.,1.,1.))
REPRESENTATION_ITEM('')
);
#125=(
BOUNDED_CURVE()
B_SPLINE_CURVE(5,(#4643,#4644,#4645,#4646,#4647,#4648,#4649,#4650,#4651,
#4652,#4653,#4654,#4655,#4656,#4657),.UNSPECIFIED.,.F.,.F.)
B_SPLINE_CURVE_WITH_KNOTS((6,1,1,1,1,1,1,1,1,1,6),(-1.,-0.9,-0.8,-0.7,-0.6,
-0.5,-0.4,-0.3,-0.2,-0.1,0.),.UNSPECIFIED.)
CURVE()
GEOMETRIC_REPRESENTATION_ITEM()
RATIONAL_B_SPLINE_CURVE((1.,1.,1.,1.,1.,1.,1.,1.,1.,1.,1.,1.,1.,1.,1.))
REPRESENTATION_ITEM('')
);
#126=(
BOUNDED_CURVE()
B_SPLINE_CURVE(5,(#4659,#4660,#4661,#4662,#4663,#4664,#4665,#4666,#4667,
#4668,#4669,#4670,#4671,#4672,#4673),.UNSPECIFIED.,.F.,.F.)
B_SPLINE_CURVE_WITH_KNOTS((6,1,1,1,1,1,1,1,1,1,6),(-1.,-0.9,-0.8,-0.7,-0.6,
-0.5,-0.4,-0.3,-0.2,-0.1,0.),.UNSPECIFIED.)
CURVE()
GEOMETRIC_REPRESENTATION_ITEM()
RATIONAL_B_SPLINE_CURVE((1.,1.,1.,1.,1.,1.,1.,1.,1.,1.,1.,1.,1.,1.,1.))
REPRESENTATION_ITEM('')
);
#127=(
BOUNDED_CURVE()
B_SPLINE_CURVE(5,(#4675,#4676,#4677,#4678,#4679,#4680,#4681,#4682,#4683,
#4684,#4685,#4686,#4687,#4688,#4689),.UNSPECIFIED.,.F.,.F.)
B_SPLINE_CURVE_WITH_KNOTS((6,1,1,1,1,1,1,1,1,1,6),(-1.,-0.9,-0.8,-0.7,-0.6,
-0.5,-0.4,-0.3,-0.2,-0.1,0.),.UNSPECIFIED.)
CURVE()
GEOMETRIC_REPRESENTATION_ITEM()
RATIONAL_B_SPLINE_CURVE((1.,1.,1.,1.,1.,1.,1.,1.,1.,1.,1.,1.,1.,1.,1.))
REPRESENTATION_ITEM('')
);
#128=(
BOUNDED_CURVE()
B_SPLINE_CURVE(5,(#4703,#4704,#4705,#4706,#4707,#4708,#4709,#4710,#4711,
#4712,#4713,#4714,#4715,#4716,#4717,#4718,#4719,#4720,#4721,#4722),
 .UNSPECIFIED.,.F.,.F.)
B_SPLINE_CURVE_WITH_KNOTS((6,1,1,1,1,1,1,1,1,1,1,1,1,1,1,6),(0.,0.0666666666666667,
0.133333333333333,0.2,0.266666666666667,0.333333333333333,0.4,0.466666666666667,
0.533333333333333,0.6,0.666666666666667,0.733333333333333,0.8,0.866666666666667,
0.933333333333333,1.),.UNSPECIFIED.)
CURVE()
GEOMETRIC_REPRESENTATION_ITEM()
RATIONAL_B_SPLINE_CURVE((1.,1.,1.,1.,1.,1.,1.,1.,1.,1.,1.,1.,1.,1.,1.,1.,
1.,1.,1.,1.))
REPRESENTATION_ITEM('')
);
#129=(
BOUNDED_CURVE()
B_SPLINE_CURVE(5,(#4724,#4725,#4726,#4727,#4728,#4729,#4730,#4731,#4732,
#4733,#4734,#4735,#4736,#4737,#4738),.UNSPECIFIED.,.F.,.F.)
B_SPLINE_CURVE_WITH_KNOTS((6,1,1,1,1,1,1,1,1,1,6),(0.,0.1,0.2,0.3,0.4,0.5,
0.6,0.7,0.8,0.9,1.),.UNSPECIFIED.)
CURVE()
GEOMETRIC_REPRESENTATION_ITEM()
RATIONAL_B_SPLINE_CURVE((1.,1.,1.,1.,1.,1.,1.,1.,1.,1.,1.,1.,1.,1.,1.))
REPRESENTATION_ITEM('')
);
#130=(
BOUNDED_CURVE()
B_SPLINE_CURVE(5,(#4740,#4741,#4742,#4743,#4744,#4745,#4746,#4747,#4748,
#4749,#4750,#4751,#4752,#4753,#4754),.UNSPECIFIED.,.F.,.F.)
B_SPLINE_CURVE_WITH_KNOTS((6,1,1,1,1,1,1,1,1,1,6),(0.,0.1,0.2,0.3,0.4,0.5,
0.6,0.7,0.8,0.9,1.),.UNSPECIFIED.)
CURVE()
GEOMETRIC_REPRESENTATION_ITEM()
RATIONAL_B_SPLINE_CURVE((1.,1.,1.,1.,1.,1.,1.,1.,1.,1.,1.,1.,1.,1.,1.))
REPRESENTATION_ITEM('')
);
#131=(
BOUNDED_CURVE()
B_SPLINE_CURVE(5,(#4756,#4757,#4758,#4759,#4760,#4761,#4762,#4763,#4764,
#4765,#4766,#4767,#4768,#4769,#4770,#4771,#4772,#4773,#4774,#4775),
 .UNSPECIFIED.,.F.,.F.)
B_SPLINE_CURVE_WITH_KNOTS((6,1,1,1,1,1,1,1,1,1,1,1,1,1,1,6),(0.,0.0666666666666667,
0.133333333333333,0.2,0.266666666666667,0.333333333333333,0.4,0.466666666666667,
0.533333333333333,0.6,0.666666666666667,0.733333333333333,0.8,0.866666666666667,
0.933333333333333,1.),.UNSPECIFIED.)
CURVE()
GEOMETRIC_REPRESENTATION_ITEM()
RATIONAL_B_SPLINE_CURVE((1.,1.,1.,1.,1.,1.,1.,1.,1.,1.,1.,1.,1.,1.,1.,1.,
1.,1.,1.,1.))
REPRESENTATION_ITEM('')
);
#132=(
BOUNDED_CURVE()
B_SPLINE_CURVE(5,(#4787,#4788,#4789,#4790,#4791,#4792,#4793,#4794,#4795,
#4796,#4797,#4798,#4799,#4800,#4801,#4802,#4803,#4804,#4805,#4806,#4807,
#4808,#4809,#4810,#4811),.UNSPECIFIED.,.F.,.F.)
B_SPLINE_CURVE_WITH_KNOTS((6,1,1,1,1,1,1,1,1,1,1,1,1,1,1,1,1,1,1,1,6),(-1.,
-0.95,-0.9,-0.85,-0.8,-0.75,-0.7,-0.65,-0.6,-0.55,-0.5,-0.45,-0.4,-0.35,
-0.3,-0.25,-0.2,-0.15,-0.1,-0.05,0.),.UNSPECIFIED.)
CURVE()
GEOMETRIC_REPRESENTATION_ITEM()
RATIONAL_B_SPLINE_CURVE((1.,1.,1.,1.,1.,1.,1.,1.,1.,1.,1.,1.,1.,1.,1.,1.,
1.,1.,1.,1.,1.,1.,1.,1.,1.))
REPRESENTATION_ITEM('')
);
#133=(
BOUNDED_CURVE()
B_SPLINE_CURVE(5,(#4813,#4814,#4815,#4816,#4817,#4818,#4819,#4820,#4821,
#4822,#4823,#4824,#4825,#4826,#4827,#4828,#4829,#4830,#4831,#4832,#4833,
#4834,#4835,#4836,#4837,#4838,#4839,#4840,#4841,#4842,#4843,#4844,#4845,
#4846,#4847),.UNSPECIFIED.,.F.,.F.)
B_SPLINE_CURVE_WITH_KNOTS((6,1,1,1,1,1,1,1,1,1,1,1,1,1,1,1,1,1,1,1,1,1,
1,1,1,1,1,1,1,1,6),(-1.,-0.966666666666667,-0.933333333333333,-0.9,-0.866666666666667,
-0.833333333333333,-0.8,-0.766666666666667,-0.733333333333333,-0.7,-0.666666666666667,
-0.633333333333333,-0.6,-0.566666666666667,-0.533333333333333,-0.5,-0.466666666666667,
-0.433333333333333,-0.4,-0.366666666666667,-0.333333333333333,-0.3,-0.266666666666667,
-0.233333333333333,-0.2,-0.166666666666667,-0.133333333333333,-0.1,-0.0666666666666667,
-0.0333333333333333,0.),.UNSPECIFIED.)
CURVE()
GEOMETRIC_REPRESENTATION_ITEM()
RATIONAL_B_SPLINE_CURVE((1.,1.,1.,1.,1.,1.,1.,1.,1.,1.,1.,1.,1.,1.,1.,1.,
1.,1.,1.,1.,1.,1.,1.,1.,1.,1.,1.,1.,1.,1.,1.,1.,1.,1.,1.))
REPRESENTATION_ITEM('')
);
#134=(
BOUNDED_CURVE()
B_SPLINE_CURVE(5,(#4849,#4850,#4851,#4852,#4853,#4854,#4855,#4856,#4857,
#4858,#4859,#4860,#4861,#4862,#4863),.UNSPECIFIED.,.F.,.F.)
B_SPLINE_CURVE_WITH_KNOTS((6,1,1,1,1,1,1,1,1,1,6),(-1.,-0.9,-0.8,-0.7,-0.6,
-0.5,-0.4,-0.3,-0.2,-0.1,0.),.UNSPECIFIED.)
CURVE()
GEOMETRIC_REPRESENTATION_ITEM()
RATIONAL_B_SPLINE_CURVE((1.,1.,1.,1.,1.,1.,1.,1.,1.,1.,1.,1.,1.,1.,1.))
REPRESENTATION_ITEM('')
);
#135=(
BOUNDED_CURVE()
B_SPLINE_CURVE(5,(#4872,#4873,#4874,#4875,#4876,#4877,#4878,#4879,#4880,
#4881,#4882,#4883,#4884,#4885,#4886),.UNSPECIFIED.,.F.,.F.)
B_SPLINE_CURVE_WITH_KNOTS((6,1,1,1,1,1,1,1,1,1,6),(0.,0.1,0.2,0.3,0.4,0.5,
0.6,0.7,0.8,0.9,1.),.UNSPECIFIED.)
CURVE()
GEOMETRIC_REPRESENTATION_ITEM()
RATIONAL_B_SPLINE_CURVE((1.,1.,1.,1.,1.,1.,1.,1.,1.,1.,1.,1.,1.,1.,1.))
REPRESENTATION_ITEM('')
);
#136=(
BOUNDED_CURVE()
B_SPLINE_CURVE(5,(#4888,#4889,#4890,#4891,#4892,#4893,#4894,#4895,#4896,
#4897,#4898,#4899,#4900,#4901,#4902),.UNSPECIFIED.,.F.,.F.)
B_SPLINE_CURVE_WITH_KNOTS((6,1,1,1,1,1,1,1,1,1,6),(0.,0.1,0.2,0.3,0.4,0.5,
0.6,0.7,0.8,0.9,1.),.UNSPECIFIED.)
CURVE()
GEOMETRIC_REPRESENTATION_ITEM()
RATIONAL_B_SPLINE_CURVE((1.,1.,1.,1.,1.,1.,1.,1.,1.,1.,1.,1.,1.,1.,1.))
REPRESENTATION_ITEM('')
);
#137=(
BOUNDED_CURVE()
B_SPLINE_CURVE(5,(#4904,#4905,#4906,#4907,#4908,#4909,#4910,#4911,#4912,
#4913,#4914,#4915,#4916,#4917,#4918,#4919,#4920,#4921,#4922,#4923),
 .UNSPECIFIED.,.F.,.F.)
B_SPLINE_CURVE_WITH_KNOTS((6,1,1,1,1,1,1,1,1,1,1,1,1,1,1,6),(0.,0.0666666666666667,
0.133333333333333,0.2,0.266666666666667,0.333333333333333,0.4,0.466666666666667,
0.533333333333333,0.6,0.666666666666667,0.733333333333333,0.8,0.866666666666667,
0.933333333333333,1.),.UNSPECIFIED.)
CURVE()
GEOMETRIC_REPRESENTATION_ITEM()
RATIONAL_B_SPLINE_CURVE((1.,1.,1.,1.,1.,1.,1.,1.,1.,1.,1.,1.,1.,1.,1.,1.,
1.,1.,1.,1.))
REPRESENTATION_ITEM('')
);
#138=(
BOUNDED_CURVE()
B_SPLINE_CURVE(5,(#4927,#4928,#4929,#4930,#4931,#4932,#4933,#4934,#4935,
#4936,#4937,#4938,#4939,#4940,#4941,#4942,#4943,#4944,#4945,#4946,#4947,
#4948,#4949,#4950,#4951,#4952,#4953,#4954,#4955,#4956,#4957,#4958,#4959,
#4960,#4961),.UNSPECIFIED.,.F.,.F.)
B_SPLINE_CURVE_WITH_KNOTS((6,1,1,1,1,1,1,1,1,1,1,1,1,1,1,1,1,1,1,1,1,1,
1,1,1,1,1,1,1,1,6),(0.,0.0333333333333333,0.0666666666666667,0.1,0.133333333333333,
0.166666666666667,0.2,0.233333333333333,0.266666666666667,0.3,0.333333333333333,
0.366666666666667,0.4,0.433333333333333,0.466666666666667,0.5,0.533333333333333,
0.566666666666667,0.6,0.633333333333333,0.666666666666667,0.7,0.733333333333333,
0.766666666666667,0.8,0.833333333333333,0.866666666666667,0.9,0.933333333333333,
0.966666666666667,1.),.UNSPECIFIED.)
CURVE()
GEOMETRIC_REPRESENTATION_ITEM()
RATIONAL_B_SPLINE_CURVE((1.,1.,1.,1.,1.,1.,1.,1.,1.,1.,1.,1.,1.,1.,1.,1.,
1.,1.,1.,1.,1.,1.,1.,1.,1.,1.,1.,1.,1.,1.,1.,1.,1.,1.,1.))
REPRESENTATION_ITEM('')
);
#139=(
BOUNDED_CURVE()
B_SPLINE_CURVE(5,(#4963,#4964,#4965,#4966,#4967,#4968,#4969,#4970,#4971,
#4972,#4973,#4974,#4975,#4976,#4977),.UNSPECIFIED.,.F.,.F.)
B_SPLINE_CURVE_WITH_KNOTS((6,1,1,1,1,1,1,1,1,1,6),(0.,0.1,0.2,0.3,0.4,0.5,
0.6,0.7,0.8,0.9,1.),.UNSPECIFIED.)
CURVE()
GEOMETRIC_REPRESENTATION_ITEM()
RATIONAL_B_SPLINE_CURVE((1.,1.,1.,1.,1.,1.,1.,1.,1.,1.,1.,1.,1.,1.,1.))
REPRESENTATION_ITEM('')
);
#140=(
BOUNDED_CURVE()
B_SPLINE_CURVE(5,(#4979,#4980,#4981,#4982,#4983,#4984,#4985,#4986,#4987,
#4988,#4989,#4990,#4991,#4992,#4993),.UNSPECIFIED.,.F.,.F.)
B_SPLINE_CURVE_WITH_KNOTS((6,1,1,1,1,1,1,1,1,1,6),(0.,0.1,0.2,0.3,0.4,0.5,
0.6,0.7,0.8,0.9,1.),.UNSPECIFIED.)
CURVE()
GEOMETRIC_REPRESENTATION_ITEM()
RATIONAL_B_SPLINE_CURVE((1.,1.,1.,1.,1.,1.,1.,1.,1.,1.,1.,1.,1.,1.,1.))
REPRESENTATION_ITEM('')
);
#141=(
BOUNDED_CURVE()
B_SPLINE_CURVE(5,(#4994,#4995,#4996,#4997,#4998,#4999,#5000,#5001,#5002,
#5003,#5004,#5005,#5006,#5007,#5008),.UNSPECIFIED.,.F.,.F.)
B_SPLINE_CURVE_WITH_KNOTS((6,1,1,1,1,1,1,1,1,1,6),(0.,0.1,0.2,0.3,0.4,0.5,
0.6,0.7,0.8,0.9,1.),.UNSPECIFIED.)
CURVE()
GEOMETRIC_REPRESENTATION_ITEM()
RATIONAL_B_SPLINE_CURVE((1.,1.,1.,1.,1.,1.,1.,1.,1.,1.,1.,1.,1.,1.,1.))
REPRESENTATION_ITEM('')
);
#142=(
BOUNDED_CURVE()
B_SPLINE_CURVE(5,(#5013,#5014,#5015,#5016,#5017,#5018,#5019,#5020,#5021,
#5022,#5023,#5024,#5025,#5026,#5027),.UNSPECIFIED.,.F.,.F.)
B_SPLINE_CURVE_WITH_KNOTS((6,1,1,1,1,1,1,1,1,1,6),(-1.,-0.9,-0.8,-0.7,-0.6,
-0.5,-0.4,-0.3,-0.2,-0.1,0.),.UNSPECIFIED.)
CURVE()
GEOMETRIC_REPRESENTATION_ITEM()
RATIONAL_B_SPLINE_CURVE((1.,1.,1.,1.,1.,1.,1.,1.,1.,1.,1.,1.,1.,1.,1.))
REPRESENTATION_ITEM('')
);
#143=(
BOUNDED_CURVE()
B_SPLINE_CURVE(5,(#5028,#5029,#5030,#5031,#5032,#5033,#5034,#5035,#5036,
#5037,#5038,#5039,#5040,#5041,#5042,#5043,#5044,#5045,#5046,#5047,#5048,
#5049,#5050,#5051,#5052),.UNSPECIFIED.,.F.,.F.)
B_SPLINE_CURVE_WITH_KNOTS((6,1,1,1,1,1,1,1,1,1,1,1,1,1,1,1,1,1,1,1,6),(-1.,
-0.95,-0.9,-0.85,-0.8,-0.75,-0.7,-0.65,-0.6,-0.55,-0.5,-0.45,-0.4,-0.35,
-0.3,-0.25,-0.2,-0.15,-0.1,-0.05,0.),.UNSPECIFIED.)
CURVE()
GEOMETRIC_REPRESENTATION_ITEM()
RATIONAL_B_SPLINE_CURVE((1.,1.,1.,1.,1.,1.,1.,1.,1.,1.,1.,1.,1.,1.,1.,1.,
1.,1.,1.,1.,1.,1.,1.,1.,1.))
REPRESENTATION_ITEM('')
);
#144=(
BOUNDED_CURVE()
B_SPLINE_CURVE(5,(#5055,#5056,#5057,#5058,#5059,#5060,#5061,#5062,#5063,
#5064,#5065,#5066,#5067,#5068,#5069),.UNSPECIFIED.,.F.,.F.)
B_SPLINE_CURVE_WITH_KNOTS((6,1,1,1,1,1,1,1,1,1,6),(0.,0.1,0.2,0.3,0.4,0.5,
0.6,0.7,0.8,0.9,1.),.UNSPECIFIED.)
CURVE()
GEOMETRIC_REPRESENTATION_ITEM()
RATIONAL_B_SPLINE_CURVE((1.,1.,1.,1.,1.,1.,1.,1.,1.,1.,1.,1.,1.,1.,1.))
REPRESENTATION_ITEM('')
);
#145=(
BOUNDED_CURVE()
B_SPLINE_CURVE(5,(#5071,#5072,#5073,#5074,#5075,#5076,#5077,#5078,#5079,
#5080,#5081,#5082,#5083,#5084,#5085),.UNSPECIFIED.,.F.,.F.)
B_SPLINE_CURVE_WITH_KNOTS((6,1,1,1,1,1,1,1,1,1,6),(0.,0.1,0.2,0.3,0.4,0.5,
0.6,0.7,0.8,0.9,1.),.UNSPECIFIED.)
CURVE()
GEOMETRIC_REPRESENTATION_ITEM()
RATIONAL_B_SPLINE_CURVE((1.,1.,1.,1.,1.,1.,1.,1.,1.,1.,1.,1.,1.,1.,1.))
REPRESENTATION_ITEM('')
);
#146=(
BOUNDED_CURVE()
B_SPLINE_CURVE(5,(#5087,#5088,#5089,#5090,#5091,#5092,#5093,#5094,#5095,
#5096,#5097,#5098,#5099,#5100,#5101),.UNSPECIFIED.,.F.,.F.)
B_SPLINE_CURVE_WITH_KNOTS((6,1,1,1,1,1,1,1,1,1,6),(0.,0.1,0.2,0.3,0.4,0.5,
0.6,0.7,0.8,0.9,1.),.UNSPECIFIED.)
CURVE()
GEOMETRIC_REPRESENTATION_ITEM()
RATIONAL_B_SPLINE_CURVE((1.,1.,1.,1.,1.,1.,1.,1.,1.,1.,1.,1.,1.,1.,1.))
REPRESENTATION_ITEM('')
);
#147=(
BOUNDED_CURVE()
B_SPLINE_CURVE(5,(#5103,#5104,#5105,#5106,#5107,#5108,#5109,#5110,#5111,
#5112,#5113,#5114,#5115,#5116,#5117),.UNSPECIFIED.,.F.,.F.)
B_SPLINE_CURVE_WITH_KNOTS((6,1,1,1,1,1,1,1,1,1,6),(0.,0.1,0.2,0.3,0.4,0.5,
0.6,0.7,0.8,0.9,1.),.UNSPECIFIED.)
CURVE()
GEOMETRIC_REPRESENTATION_ITEM()
RATIONAL_B_SPLINE_CURVE((1.,1.,1.,1.,1.,1.,1.,1.,1.,1.,1.,1.,1.,1.,1.))
REPRESENTATION_ITEM('')
);
#148=(
BOUNDED_CURVE()
B_SPLINE_CURVE(5,(#5119,#5120,#5121,#5122,#5123,#5124,#5125,#5126,#5127,
#5128,#5129,#5130,#5131,#5132,#5133),.UNSPECIFIED.,.F.,.F.)
B_SPLINE_CURVE_WITH_KNOTS((6,1,1,1,1,1,1,1,1,1,6),(0.,0.1,0.2,0.3,0.4,0.5,
0.6,0.7,0.8,0.9,1.),.UNSPECIFIED.)
CURVE()
GEOMETRIC_REPRESENTATION_ITEM()
RATIONAL_B_SPLINE_CURVE((1.,1.,1.,1.,1.,1.,1.,1.,1.,1.,1.,1.,1.,1.,1.))
REPRESENTATION_ITEM('')
);
#149=(
BOUNDED_CURVE()
B_SPLINE_CURVE(5,(#5134,#5135,#5136,#5137,#5138,#5139,#5140,#5141,#5142,
#5143,#5144,#5145,#5146,#5147,#5148),.UNSPECIFIED.,.F.,.F.)
B_SPLINE_CURVE_WITH_KNOTS((6,1,1,1,1,1,1,1,1,1,6),(0.,0.1,0.2,0.3,0.4,0.5,
0.6,0.7,0.8,0.9,1.),.UNSPECIFIED.)
CURVE()
GEOMETRIC_REPRESENTATION_ITEM()
RATIONAL_B_SPLINE_CURVE((1.,1.,1.,1.,1.,1.,1.,1.,1.,1.,1.,1.,1.,1.,1.))
REPRESENTATION_ITEM('')
);
#150=(
BOUNDED_CURVE()
B_SPLINE_CURVE(5,(#5604,#5605,#5606,#5607,#5608,#5609),.UNSPECIFIED.,.F.,
 .F.)
B_SPLINE_CURVE_WITH_KNOTS((6,6),(0.881392114821321,0.884783491851915),
 .UNSPECIFIED.)
CURVE()
GEOMETRIC_REPRESENTATION_ITEM()
RATIONAL_B_SPLINE_CURVE((1.,1.,1.,1.,1.,1.))
REPRESENTATION_ITEM('')
);
#151=(
BOUNDED_CURVE()
B_SPLINE_CURVE(5,(#5622,#5623,#5624,#5625,#5626,#5627,#5628,#5629),
 .UNSPECIFIED.,.F.,.F.)
B_SPLINE_CURVE_WITH_KNOTS((6,1,1,6),(0.738940989291868,0.8,0.9,1.),
 .UNSPECIFIED.)
CURVE()
GEOMETRIC_REPRESENTATION_ITEM()
RATIONAL_B_SPLINE_CURVE((1.,1.,1.,1.,1.,1.,1.,1.))
REPRESENTATION_ITEM('')
);
#152=(
BOUNDED_CURVE()
B_SPLINE_CURVE(5,(#5631,#5632,#5633,#5634,#5635,#5636,#5637,#5638,#5639,
#5640,#5641,#5642,#5643,#5644,#5645,#5646,#5647,#5648,#5649,#5650),
 .UNSPECIFIED.,.F.,.F.)
B_SPLINE_CURVE_WITH_KNOTS((6,1,1,1,1,1,1,1,1,1,1,1,1,1,1,6),(0.,0.0666666666666667,
0.133333333333333,0.2,0.266666666666667,0.333333333333333,0.4,0.466666666666667,
0.533333333333333,0.6,0.666666666666667,0.733333333333333,0.8,0.866666666666667,
0.933333333333333,1.),.UNSPECIFIED.)
CURVE()
GEOMETRIC_REPRESENTATION_ITEM()
RATIONAL_B_SPLINE_CURVE((1.,1.,1.,1.,1.,1.,1.,1.,1.,1.,1.,1.,1.,1.,1.,1.,
1.,1.,1.,1.))
REPRESENTATION_ITEM('')
);
#153=(
BOUNDED_CURVE()
B_SPLINE_CURVE(5,(#5652,#5653,#5654,#5655,#5656,#5657,#5658,#5659,#5660,
#5661,#5662),.UNSPECIFIED.,.F.,.F.)
B_SPLINE_CURVE_WITH_KNOTS((6,1,1,1,1,1,6),(0.224575901761977,0.266666666666667,
0.333333333333333,0.4,0.466666666666667,0.533333333333333,0.563349072380169),
 .UNSPECIFIED.)
CURVE()
GEOMETRIC_REPRESENTATION_ITEM()
RATIONAL_B_SPLINE_CURVE((1.,1.,1.,1.,1.,1.,1.,1.,1.,1.,1.))
REPRESENTATION_ITEM('')
);
#154=(
BOUNDED_CURVE()
B_SPLINE_CURVE(5,(#5664,#5665,#5666,#5667,#5668,#5669,#5670,#5671,#5672,
#5673,#5674,#5675,#5676,#5677,#5678),.UNSPECIFIED.,.F.,.F.)
B_SPLINE_CURVE_WITH_KNOTS((6,1,1,1,1,1,1,1,1,1,6),(0.,0.1,0.2,0.3,0.4,0.5,
0.6,0.7,0.8,0.9,1.),.UNSPECIFIED.)
CURVE()
GEOMETRIC_REPRESENTATION_ITEM()
RATIONAL_B_SPLINE_CURVE((1.,1.,1.,1.,1.,1.,1.,1.,1.,1.,1.,1.,1.,1.,1.))
REPRESENTATION_ITEM('')
);
#155=(
BOUNDED_CURVE()
B_SPLINE_CURVE(5,(#5680,#5681,#5682,#5683,#5684,#5685,#5686,#5687,#5688,
#5689,#5690,#5691,#5692,#5693,#5694,#5695,#5696,#5697,#5698,#5699),
 .UNSPECIFIED.,.F.,.F.)
B_SPLINE_CURVE_WITH_KNOTS((6,1,1,1,1,1,1,1,1,1,1,1,1,1,1,6),(0.,0.0666666666666667,
0.133333333333333,0.2,0.266666666666667,0.333333333333333,0.4,0.466666666666667,
0.533333333333333,0.6,0.666666666666667,0.733333333333333,0.8,0.866666666666667,
0.933333333333333,1.),.UNSPECIFIED.)
CURVE()
GEOMETRIC_REPRESENTATION_ITEM()
RATIONAL_B_SPLINE_CURVE((1.,1.,1.,1.,1.,1.,1.,1.,1.,1.,1.,1.,1.,1.,1.,1.,
1.,1.,1.,1.))
REPRESENTATION_ITEM('')
);
#156=(
BOUNDED_CURVE()
B_SPLINE_CURVE(5,(#5701,#5702,#5703,#5704,#5705,#5706,#5707,#5708,#5709,
#5710,#5711,#5712,#5713,#5714,#5715),.UNSPECIFIED.,.F.,.F.)
B_SPLINE_CURVE_WITH_KNOTS((6,1,1,1,1,1,1,1,1,1,6),(0.,0.1,0.2,0.3,0.4,0.5,
0.6,0.7,0.8,0.9,1.),.UNSPECIFIED.)
CURVE()
GEOMETRIC_REPRESENTATION_ITEM()
RATIONAL_B_SPLINE_CURVE((1.,1.,1.,1.,1.,1.,1.,1.,1.,1.,1.,1.,1.,1.,1.))
REPRESENTATION_ITEM('')
);
#157=(
BOUNDED_CURVE()
B_SPLINE_CURVE(5,(#5717,#5718,#5719,#5720,#5721,#5722,#5723,#5724,#5725,
#5726,#5727,#5728,#5729,#5730,#5731),.UNSPECIFIED.,.F.,.F.)
B_SPLINE_CURVE_WITH_KNOTS((6,1,1,1,1,1,1,1,1,1,6),(0.,0.1,0.2,0.3,0.4,0.5,
0.6,0.7,0.8,0.9,1.),.UNSPECIFIED.)
CURVE()
GEOMETRIC_REPRESENTATION_ITEM()
RATIONAL_B_SPLINE_CURVE((1.,1.,1.,1.,1.,1.,1.,1.,1.,1.,1.,1.,1.,1.,1.))
REPRESENTATION_ITEM('')
);
#158=(
BOUNDED_CURVE()
B_SPLINE_CURVE(5,(#5733,#5734,#5735,#5736,#5737,#5738,#5739,#5740,#5741,
#5742,#5743,#5744,#5745,#5746,#5747,#5748,#5749,#5750,#5751,#5752,#5753,
#5754,#5755,#5756,#5757),.UNSPECIFIED.,.F.,.F.)
B_SPLINE_CURVE_WITH_KNOTS((6,1,1,1,1,1,1,1,1,1,1,1,1,1,1,1,1,1,1,1,6),(0.,
0.05,0.1,0.15,0.2,0.25,0.3,0.35,0.4,0.45,0.5,0.55,0.6,0.65,0.7,0.75,0.8,
0.85,0.9,0.95,1.),.UNSPECIFIED.)
CURVE()
GEOMETRIC_REPRESENTATION_ITEM()
RATIONAL_B_SPLINE_CURVE((1.,1.,1.,1.,1.,1.,1.,1.,1.,1.,1.,1.,1.,1.,1.,1.,
1.,1.,1.,1.,1.,1.,1.,1.,1.))
REPRESENTATION_ITEM('')
);
#159=(
BOUNDED_CURVE()
B_SPLINE_CURVE(5,(#5759,#5760,#5761,#5762,#5763,#5764,#5765,#5766,#5767,
#5768,#5769,#5770,#5771,#5772,#5773,#5774,#5775,#5776,#5777,#5778),
 .UNSPECIFIED.,.F.,.F.)
B_SPLINE_CURVE_WITH_KNOTS((6,1,1,1,1,1,1,1,1,1,1,1,1,1,1,6),(0.,0.0666666666666667,
0.133333333333333,0.2,0.266666666666667,0.333333333333333,0.4,0.466666666666667,
0.533333333333333,0.6,0.666666666666667,0.733333333333333,0.8,0.866666666666667,
0.933333333333333,1.),.UNSPECIFIED.)
CURVE()
GEOMETRIC_REPRESENTATION_ITEM()
RATIONAL_B_SPLINE_CURVE((1.,1.,1.,1.,1.,1.,1.,1.,1.,1.,1.,1.,1.,1.,1.,1.,
1.,1.,1.,1.))
REPRESENTATION_ITEM('')
);
#160=(
BOUNDED_CURVE()
B_SPLINE_CURVE(5,(#5780,#5781,#5782,#5783,#5784,#5785,#5786,#5787,#5788,
#5789,#5790,#5791,#5792,#5793,#5794),.UNSPECIFIED.,.F.,.F.)
B_SPLINE_CURVE_WITH_KNOTS((6,1,1,1,1,1,1,1,1,1,6),(0.,0.1,0.2,0.3,0.4,0.5,
0.6,0.7,0.8,0.9,1.),.UNSPECIFIED.)
CURVE()
GEOMETRIC_REPRESENTATION_ITEM()
RATIONAL_B_SPLINE_CURVE((1.,1.,1.,1.,1.,1.,1.,1.,1.,1.,1.,1.,1.,1.,1.))
REPRESENTATION_ITEM('')
);
#161=(
BOUNDED_CURVE()
B_SPLINE_CURVE(5,(#5796,#5797,#5798,#5799,#5800,#5801,#5802,#5803,#5804,
#5805,#5806,#5807,#5808,#5809,#5810),.UNSPECIFIED.,.F.,.F.)
B_SPLINE_CURVE_WITH_KNOTS((6,1,1,1,1,1,1,1,1,1,6),(0.,0.1,0.2,0.3,0.4,0.5,
0.6,0.7,0.8,0.9,1.),.UNSPECIFIED.)
CURVE()
GEOMETRIC_REPRESENTATION_ITEM()
RATIONAL_B_SPLINE_CURVE((1.,1.,1.,1.,1.,1.,1.,1.,1.,1.,1.,1.,1.,1.,1.))
REPRESENTATION_ITEM('')
);
#162=(
BOUNDED_CURVE()
B_SPLINE_CURVE(5,(#5812,#5813,#5814,#5815,#5816,#5817,#5818,#5819,#5820,
#5821,#5822,#5823,#5824,#5825,#5826),.UNSPECIFIED.,.F.,.F.)
B_SPLINE_CURVE_WITH_KNOTS((6,1,1,1,1,1,1,1,1,1,6),(0.,0.1,0.2,0.3,0.4,0.5,
0.6,0.7,0.8,0.9,1.),.UNSPECIFIED.)
CURVE()
GEOMETRIC_REPRESENTATION_ITEM()
RATIONAL_B_SPLINE_CURVE((1.,1.,1.,1.,1.,1.,1.,1.,1.,1.,1.,1.,1.,1.,1.))
REPRESENTATION_ITEM('')
);
#163=(
BOUNDED_CURVE()
B_SPLINE_CURVE(5,(#5828,#5829,#5830,#5831,#5832,#5833,#5834,#5835,#5836,
#5837,#5838,#5839,#5840,#5841,#5842),.UNSPECIFIED.,.F.,.F.)
B_SPLINE_CURVE_WITH_KNOTS((6,1,1,1,1,1,1,1,1,1,6),(0.,0.1,0.2,0.3,0.4,0.5,
0.6,0.7,0.8,0.9,1.),.UNSPECIFIED.)
CURVE()
GEOMETRIC_REPRESENTATION_ITEM()
RATIONAL_B_SPLINE_CURVE((1.,1.,1.,1.,1.,1.,1.,1.,1.,1.,1.,1.,1.,1.,1.))
REPRESENTATION_ITEM('')
);
#164=(
BOUNDED_CURVE()
B_SPLINE_CURVE(5,(#5844,#5845,#5846,#5847,#5848,#5849,#5850,#5851,#5852,
#5853,#5854,#5855,#5856,#5857,#5858,#5859,#5860,#5861,#5862,#5863),
 .UNSPECIFIED.,.F.,.F.)
B_SPLINE_CURVE_WITH_KNOTS((6,1,1,1,1,1,1,1,1,1,1,1,1,1,1,6),(0.,0.0666666666666667,
0.133333333333333,0.2,0.266666666666667,0.333333333333333,0.4,0.466666666666667,
0.533333333333333,0.6,0.666666666666667,0.733333333333333,0.8,0.866666666666667,
0.933333333333333,1.),.UNSPECIFIED.)
CURVE()
GEOMETRIC_REPRESENTATION_ITEM()
RATIONAL_B_SPLINE_CURVE((1.,1.,1.,1.,1.,1.,1.,1.,1.,1.,1.,1.,1.,1.,1.,1.,
1.,1.,1.,1.))
REPRESENTATION_ITEM('')
);
#165=(
BOUNDED_CURVE()
B_SPLINE_CURVE(5,(#5865,#5866,#5867,#5868,#5869,#5870,#5871,#5872,#5873,
#5874,#5875,#5876,#5877,#5878,#5879),.UNSPECIFIED.,.F.,.F.)
B_SPLINE_CURVE_WITH_KNOTS((6,1,1,1,1,1,1,1,1,1,6),(0.,0.1,0.2,0.3,0.4,0.5,
0.6,0.7,0.8,0.9,1.),.UNSPECIFIED.)
CURVE()
GEOMETRIC_REPRESENTATION_ITEM()
RATIONAL_B_SPLINE_CURVE((1.,1.,1.,1.,1.,1.,1.,1.,1.,1.,1.,1.,1.,1.,1.))
REPRESENTATION_ITEM('')
);
#166=(
BOUNDED_CURVE()
B_SPLINE_CURVE(5,(#5880,#5881,#5882,#5883,#5884,#5885,#5886,#5887,#5888,
#5889),.UNSPECIFIED.,.F.,.F.)
B_SPLINE_CURVE_WITH_KNOTS((6,1,1,1,1,6),(0.202747353595373,0.3,0.4,0.5,
0.6,0.644099172248769),.UNSPECIFIED.)
CURVE()
GEOMETRIC_REPRESENTATION_ITEM()
RATIONAL_B_SPLINE_CURVE((1.,1.,1.,1.,1.,1.,1.,1.,1.,1.))
REPRESENTATION_ITEM('')
);
#167=(
BOUNDED_CURVE()
B_SPLINE_CURVE(5,(#6017,#6018,#6019,#6020,#6021,#6022,#6023,#6024,#6025,
#6026,#6027,#6028,#6029,#6030,#6031,#6032,#6033,#6034,#6035,#6036),
 .UNSPECIFIED.,.F.,.F.)
B_SPLINE_CURVE_WITH_KNOTS((6,1,1,1,1,1,1,1,1,1,1,1,1,1,1,6),(0.,0.0666666666666667,
0.133333333333333,0.2,0.266666666666667,0.333333333333333,0.4,0.466666666666667,
0.533333333333333,0.6,0.666666666666667,0.733333333333333,0.8,0.866666666666667,
0.933333333333333,1.),.UNSPECIFIED.)
CURVE()
GEOMETRIC_REPRESENTATION_ITEM()
RATIONAL_B_SPLINE_CURVE((1.,1.,1.,1.,1.,1.,1.,1.,1.,1.,1.,1.,1.,1.,1.,1.,
1.,1.,1.,1.))
REPRESENTATION_ITEM('')
);
#168=(
BOUNDED_CURVE()
B_SPLINE_CURVE(5,(#6069,#6070,#6071,#6072,#6073,#6074,#6075,#6076,#6077,
#6078,#6079,#6080,#6081,#6082,#6083),.UNSPECIFIED.,.F.,.F.)
B_SPLINE_CURVE_WITH_KNOTS((6,1,1,1,1,1,1,1,1,1,6),(0.,0.1,0.2,0.3,0.4,0.5,
0.6,0.7,0.8,0.9,1.),.UNSPECIFIED.)
CURVE()
GEOMETRIC_REPRESENTATION_ITEM()
RATIONAL_B_SPLINE_CURVE((1.,1.,1.,1.,1.,1.,1.,1.,1.,1.,1.,1.,1.,1.,1.))
REPRESENTATION_ITEM('')
);
#169=(
BOUNDED_CURVE()
B_SPLINE_CURVE(5,(#6116,#6117,#6118,#6119,#6120,#6121,#6122,#6123,#6124,
#6125,#6126,#6127,#6128,#6129,#6130),.UNSPECIFIED.,.F.,.F.)
B_SPLINE_CURVE_WITH_KNOTS((6,1,1,1,1,1,1,1,1,1,6),(0.,0.1,0.2,0.3,0.4,0.5,
0.6,0.7,0.8,0.9,1.),.UNSPECIFIED.)
CURVE()
GEOMETRIC_REPRESENTATION_ITEM()
RATIONAL_B_SPLINE_CURVE((1.,1.,1.,1.,1.,1.,1.,1.,1.,1.,1.,1.,1.,1.,1.))
REPRESENTATION_ITEM('')
);
#170=(
BOUNDED_CURVE()
B_SPLINE_CURVE(5,(#6171,#6172,#6173,#6174,#6175,#6176,#6177,#6178,#6179,
#6180,#6181,#6182,#6183,#6184,#6185,#6186,#6187,#6188,#6189,#6190),
 .UNSPECIFIED.,.F.,.F.)
B_SPLINE_CURVE_WITH_KNOTS((6,1,1,1,1,1,1,1,1,1,1,1,1,1,1,6),(0.,0.0666666666666667,
0.133333333333333,0.2,0.266666666666667,0.333333333333333,0.4,0.466666666666667,
0.533333333333333,0.6,0.666666666666667,0.733333333333333,0.8,0.866666666666667,
0.933333333333333,1.),.UNSPECIFIED.)
CURVE()
GEOMETRIC_REPRESENTATION_ITEM()
RATIONAL_B_SPLINE_CURVE((1.,1.,1.,1.,1.,1.,1.,1.,1.,1.,1.,1.,1.,1.,1.,1.,
1.,1.,1.,1.))
REPRESENTATION_ITEM('')
);
#171=(
BOUNDED_CURVE()
B_SPLINE_CURVE(5,(#6225,#6226,#6227,#6228,#6229,#6230,#6231,#6232,#6233,
#6234,#6235,#6236,#6237,#6238,#6239),.UNSPECIFIED.,.F.,.F.)
B_SPLINE_CURVE_WITH_KNOTS((6,1,1,1,1,1,1,1,1,1,6),(-1.,-0.9,-0.8,-0.7,-0.6,
-0.5,-0.4,-0.3,-0.2,-0.1,0.),.UNSPECIFIED.)
CURVE()
GEOMETRIC_REPRESENTATION_ITEM()
RATIONAL_B_SPLINE_CURVE((1.,1.,1.,1.,1.,1.,1.,1.,1.,1.,1.,1.,1.,1.,1.))
REPRESENTATION_ITEM('')
);
#172=(
BOUNDED_CURVE()
B_SPLINE_CURVE(5,(#6313,#6314,#6315,#6316,#6317,#6318,#6319,#6320,#6321,
#6322,#6323,#6324,#6325,#6326,#6327,#6328,#6329,#6330,#6331,#6332,#6333,
#6334,#6335,#6336,#6337,#6338,#6339,#6340,#6341,#6342,#6343,#6344,#6345,
#6346,#6347),.UNSPECIFIED.,.F.,.F.)
B_SPLINE_CURVE_WITH_KNOTS((6,1,1,1,1,1,1,1,1,1,1,1,1,1,1,1,1,1,1,1,1,1,
1,1,1,1,1,1,1,1,6),(-1.,-0.966666666666667,-0.933333333333333,-0.9,-0.866666666666667,
-0.833333333333333,-0.8,-0.766666666666667,-0.733333333333333,-0.7,-0.666666666666667,
-0.633333333333333,-0.6,-0.566666666666667,-0.533333333333333,-0.5,-0.466666666666667,
-0.433333333333333,-0.4,-0.366666666666667,-0.333333333333333,-0.3,-0.266666666666667,
-0.233333333333333,-0.2,-0.166666666666667,-0.133333333333333,-0.1,-0.0666666666666667,
-0.0333333333333333,0.),.UNSPECIFIED.)
CURVE()
GEOMETRIC_REPRESENTATION_ITEM()
RATIONAL_B_SPLINE_CURVE((1.,1.,1.,1.,1.,1.,1.,1.,1.,1.,1.,1.,1.,1.,1.,1.,
1.,1.,1.,1.,1.,1.,1.,1.,1.,1.,1.,1.,1.,1.,1.,1.,1.,1.,1.))
REPRESENTATION_ITEM('')
);
#173=(
BOUNDED_CURVE()
B_SPLINE_CURVE(5,(#6400,#6401,#6402,#6403,#6404,#6405,#6406,#6407,#6408,
#6409,#6410,#6411,#6412,#6413,#6414,#6415,#6416,#6417,#6418,#6419,#6420,
#6421,#6422,#6423,#6424),.UNSPECIFIED.,.F.,.F.)
B_SPLINE_CURVE_WITH_KNOTS((6,1,1,1,1,1,1,1,1,1,1,1,1,1,1,1,1,1,1,1,6),(-1.,
-0.95,-0.9,-0.85,-0.8,-0.75,-0.7,-0.65,-0.6,-0.55,-0.5,-0.45,-0.4,-0.35,
-0.3,-0.25,-0.2,-0.15,-0.1,-0.05,0.),.UNSPECIFIED.)
CURVE()
GEOMETRIC_REPRESENTATION_ITEM()
RATIONAL_B_SPLINE_CURVE((1.,1.,1.,1.,1.,1.,1.,1.,1.,1.,1.,1.,1.,1.,1.,1.,
1.,1.,1.,1.,1.,1.,1.,1.,1.))
REPRESENTATION_ITEM('')
);
#174=(
BOUNDED_CURVE()
B_SPLINE_CURVE(5,(#6460,#6461,#6462,#6463,#6464,#6465,#6466,#6467,#6468,
#6469,#6470,#6471,#6472,#6473,#6474),.UNSPECIFIED.,.F.,.F.)
B_SPLINE_CURVE_WITH_KNOTS((6,1,1,1,1,1,1,1,1,1,6),(-1.,-0.9,-0.8,-0.7,-0.6,
-0.5,-0.4,-0.3,-0.2,-0.1,0.),.UNSPECIFIED.)
CURVE()
GEOMETRIC_REPRESENTATION_ITEM()
RATIONAL_B_SPLINE_CURVE((1.,1.,1.,1.,1.,1.,1.,1.,1.,1.,1.,1.,1.,1.,1.))
REPRESENTATION_ITEM('')
);
#175=(
BOUNDED_CURVE()
B_SPLINE_CURVE(5,(#6508,#6509,#6510,#6511,#6512,#6513,#6514,#6515,#6516,
#6517,#6518,#6519,#6520,#6521,#6522),.UNSPECIFIED.,.F.,.F.)
B_SPLINE_CURVE_WITH_KNOTS((6,1,1,1,1,1,1,1,1,1,6),(-1.,-0.9,-0.8,-0.7,-0.6,
-0.5,-0.4,-0.3,-0.2,-0.1,0.),.UNSPECIFIED.)
CURVE()
GEOMETRIC_REPRESENTATION_ITEM()
RATIONAL_B_SPLINE_CURVE((1.,1.,1.,1.,1.,1.,1.,1.,1.,1.,1.,1.,1.,1.,1.))
REPRESENTATION_ITEM('')
);
#176=(
BOUNDED_CURVE()
B_SPLINE_CURVE(5,(#6555,#6556,#6557,#6558,#6559,#6560,#6561,#6562,#6563,
#6564,#6565,#6566,#6567,#6568,#6569),.UNSPECIFIED.,.F.,.F.)
B_SPLINE_CURVE_WITH_KNOTS((6,1,1,1,1,1,1,1,1,1,6),(-1.,-0.9,-0.8,-0.7,-0.6,
-0.5,-0.4,-0.3,-0.2,-0.1,0.),.UNSPECIFIED.)
CURVE()
GEOMETRIC_REPRESENTATION_ITEM()
RATIONAL_B_SPLINE_CURVE((1.,1.,1.,1.,1.,1.,1.,1.,1.,1.,1.,1.,1.,1.,1.))
REPRESENTATION_ITEM('')
);
#177=(
BOUNDED_CURVE()
B_SPLINE_CURVE(5,(#6622,#6623,#6624,#6625,#6626,#6627,#6628,#6629,#6630,
#6631,#6632,#6633,#6634,#6635,#6636,#6637,#6638,#6639,#6640,#6641,#6642,
#6643,#6644,#6645,#6646),.UNSPECIFIED.,.F.,.F.)
B_SPLINE_CURVE_WITH_KNOTS((6,1,1,1,1,1,1,1,1,1,1,1,1,1,1,1,1,1,1,1,6),(-1.,
-0.95,-0.9,-0.85,-0.8,-0.75,-0.7,-0.65,-0.6,-0.55,-0.5,-0.45,-0.4,-0.35,
-0.3,-0.25,-0.2,-0.15,-0.1,-0.05,0.),.UNSPECIFIED.)
CURVE()
GEOMETRIC_REPRESENTATION_ITEM()
RATIONAL_B_SPLINE_CURVE((1.,1.,1.,1.,1.,1.,1.,1.,1.,1.,1.,1.,1.,1.,1.,1.,
1.,1.,1.,1.,1.,1.,1.,1.,1.))
REPRESENTATION_ITEM('')
);
#178=(
BOUNDED_CURVE()
B_SPLINE_CURVE(5,(#6679,#6680,#6681,#6682,#6683,#6684,#6685,#6686,#6687,
#6688,#6689,#6690,#6691,#6692,#6693),.UNSPECIFIED.,.F.,.F.)
B_SPLINE_CURVE_WITH_KNOTS((6,1,1,1,1,1,1,1,1,1,6),(-1.,-0.9,-0.8,-0.7,-0.6,
-0.5,-0.4,-0.3,-0.2,-0.1,0.),.UNSPECIFIED.)
CURVE()
GEOMETRIC_REPRESENTATION_ITEM()
RATIONAL_B_SPLINE_CURVE((1.,1.,1.,1.,1.,1.,1.,1.,1.,1.,1.,1.,1.,1.,1.))
REPRESENTATION_ITEM('')
);
#179=(
BOUNDED_CURVE()
B_SPLINE_CURVE(5,(#6746,#6747,#6748,#6749,#6750,#6751,#6752,#6753,#6754,
#6755,#6756,#6757,#6758,#6759,#6760,#6761,#6762,#6763,#6764,#6765,#6766,
#6767,#6768,#6769,#6770),.UNSPECIFIED.,.F.,.F.)
B_SPLINE_CURVE_WITH_KNOTS((6,1,1,1,1,1,1,1,1,1,1,1,1,1,1,1,1,1,1,1,6),(-1.,
-0.95,-0.9,-0.85,-0.8,-0.75,-0.7,-0.65,-0.6,-0.55,-0.5,-0.45,-0.4,-0.35,
-0.3,-0.25,-0.2,-0.15,-0.1,-0.05,0.),.UNSPECIFIED.)
CURVE()
GEOMETRIC_REPRESENTATION_ITEM()
RATIONAL_B_SPLINE_CURVE((1.,1.,1.,1.,1.,1.,1.,1.,1.,1.,1.,1.,1.,1.,1.,1.,
1.,1.,1.,1.,1.,1.,1.,1.,1.))
REPRESENTATION_ITEM('')
);
#180=(
BOUNDED_CURVE()
B_SPLINE_CURVE(5,(#6774,#6775,#6776,#6777,#6778,#6779,#6780,#6781,#6782,
#6783),.UNSPECIFIED.,.F.,.F.)
B_SPLINE_CURVE_WITH_KNOTS((6,1,1,1,1,6),(-1.,-0.8,-0.6,-0.4,-0.2,0.),
 .UNSPECIFIED.)
CURVE()
GEOMETRIC_REPRESENTATION_ITEM()
RATIONAL_B_SPLINE_CURVE((1.,1.,1.,1.,1.,1.,1.,1.,1.,1.))
REPRESENTATION_ITEM('')
);
#181=(
BOUNDED_CURVE()
B_SPLINE_CURVE(5,(#6856,#6857,#6858,#6859,#6860,#6861,#6862,#6863,#6864,
#6865,#6866,#6867,#6868,#6869,#6870,#6871,#6872,#6873,#6874,#6875,#6876,
#6877,#6878,#6879,#6880,#6881,#6882,#6883,#6884,#6885,#6886,#6887,#6888,
#6889,#6890),.UNSPECIFIED.,.F.,.F.)
B_SPLINE_CURVE_WITH_KNOTS((6,1,1,1,1,1,1,1,1,1,1,1,1,1,1,1,1,1,1,1,1,1,
1,1,1,1,1,1,1,1,6),(-0.84961748108583,-0.828571428571429,-0.8,-0.771428571428572,
-0.742857142857143,-0.714285714285714,-0.685714285714286,-0.657142857142857,
-0.628571428571429,-0.6,-0.571428571428572,-0.542857142857143,-0.514285714285714,
-0.485714285714286,-0.457142857142857,-0.428571428571429,-0.4,-0.371428571428571,
-0.342857142857143,-0.314285714285714,-0.285714285714286,-0.257142857142857,
-0.228571428571429,-0.2,-0.171428571428571,-0.142857142857143,-0.114285714285714,
-0.0857142857142857,-0.0571428571428571,-0.0285714285714286,0.),
 .UNSPECIFIED.)
CURVE()
GEOMETRIC_REPRESENTATION_ITEM()
RATIONAL_B_SPLINE_CURVE((1.,1.,1.,1.,1.,1.,1.,1.,1.,1.,1.,1.,1.,1.,1.,1.,
1.,1.,1.,1.,1.,1.,1.,1.,1.,1.,1.,1.,1.,1.,1.,1.,1.,1.,1.))
REPRESENTATION_ITEM('')
);
#182=(
BOUNDED_CURVE()
B_SPLINE_CURVE(5,(#6926,#6927,#6928,#6929,#6930,#6931,#6932,#6933,#6934,
#6935,#6936,#6937,#6938,#6939,#6940),.UNSPECIFIED.,.F.,.F.)
B_SPLINE_CURVE_WITH_KNOTS((6,1,1,1,1,1,1,1,1,1,6),(0.,0.1,0.2,0.3,0.4,0.5,
0.6,0.7,0.8,0.9,1.),.UNSPECIFIED.)
CURVE()
GEOMETRIC_REPRESENTATION_ITEM()
RATIONAL_B_SPLINE_CURVE((1.,1.,1.,1.,1.,1.,1.,1.,1.,1.,1.,1.,1.,1.,1.))
REPRESENTATION_ITEM('')
);
#183=(
BOUNDED_CURVE()
B_SPLINE_CURVE(5,(#6974,#6975,#6976,#6977,#6978,#6979,#6980,#6981,#6982,
#6983,#6984,#6985,#6986,#6987,#6988),.UNSPECIFIED.,.F.,.F.)
B_SPLINE_CURVE_WITH_KNOTS((6,1,1,1,1,1,1,1,1,1,6),(0.,0.1,0.2,0.3,0.4,0.5,
0.6,0.7,0.8,0.9,1.),.UNSPECIFIED.)
CURVE()
GEOMETRIC_REPRESENTATION_ITEM()
RATIONAL_B_SPLINE_CURVE((1.,1.,1.,1.,1.,1.,1.,1.,1.,1.,1.,1.,1.,1.,1.))
REPRESENTATION_ITEM('')
);
#184=(
BOUNDED_CURVE()
B_SPLINE_CURVE(5,(#7021,#7022,#7023,#7024,#7025,#7026,#7027,#7028,#7029,
#7030,#7031,#7032,#7033,#7034,#7035),.UNSPECIFIED.,.F.,.F.)
B_SPLINE_CURVE_WITH_KNOTS((6,1,1,1,1,1,1,1,1,1,6),(0.,0.1,0.2,0.3,0.4,0.5,
0.6,0.7,0.8,0.9,1.),.UNSPECIFIED.)
CURVE()
GEOMETRIC_REPRESENTATION_ITEM()
RATIONAL_B_SPLINE_CURVE((1.,1.,1.,1.,1.,1.,1.,1.,1.,1.,1.,1.,1.,1.,1.))
REPRESENTATION_ITEM('')
);
#185=(
BOUNDED_CURVE()
B_SPLINE_CURVE(5,(#7068,#7069,#7070,#7071,#7072,#7073,#7074,#7075,#7076,
#7077,#7078,#7079,#7080,#7081,#7082),.UNSPECIFIED.,.F.,.F.)
B_SPLINE_CURVE_WITH_KNOTS((6,1,1,1,1,1,1,1,1,1,6),(0.,0.1,0.2,0.3,0.4,0.5,
0.6,0.7,0.8,0.9,1.),.UNSPECIFIED.)
CURVE()
GEOMETRIC_REPRESENTATION_ITEM()
RATIONAL_B_SPLINE_CURVE((1.,1.,1.,1.,1.,1.,1.,1.,1.,1.,1.,1.,1.,1.,1.))
REPRESENTATION_ITEM('')
);
#186=(
BOUNDED_CURVE()
B_SPLINE_CURVE(5,(#7115,#7116,#7117,#7118,#7119,#7120,#7121,#7122,#7123,
#7124,#7125,#7126,#7127,#7128,#7129),.UNSPECIFIED.,.F.,.F.)
B_SPLINE_CURVE_WITH_KNOTS((6,1,1,1,1,1,1,1,1,1,6),(0.,0.1,0.2,0.3,0.4,0.5,
0.6,0.7,0.8,0.9,1.),.UNSPECIFIED.)
CURVE()
GEOMETRIC_REPRESENTATION_ITEM()
RATIONAL_B_SPLINE_CURVE((1.,1.,1.,1.,1.,1.,1.,1.,1.,1.,1.,1.,1.,1.,1.))
REPRESENTATION_ITEM('')
);
#187=(
BOUNDED_CURVE()
B_SPLINE_CURVE(5,(#7160,#7161,#7162,#7163,#7164,#7165,#7166,#7167,#7168,
#7169,#7170,#7171,#7172,#7173,#7174),.UNSPECIFIED.,.F.,.F.)
B_SPLINE_CURVE_WITH_KNOTS((6,1,1,1,1,1,1,1,1,1,6),(0.,0.1,0.2,0.3,0.4,0.5,
0.6,0.7,0.8,0.9,1.),.UNSPECIFIED.)
CURVE()
GEOMETRIC_REPRESENTATION_ITEM()
RATIONAL_B_SPLINE_CURVE((1.,1.,1.,1.,1.,1.,1.,1.,1.,1.,1.,1.,1.,1.,1.))
REPRESENTATION_ITEM('')
);
#188=(
BOUNDED_CURVE()
B_SPLINE_CURVE(5,(#7180,#7181,#7182,#7183,#7184,#7185,#7186,#7187,#7188,
#7189),.UNSPECIFIED.,.F.,.F.)
B_SPLINE_CURVE_WITH_KNOTS((6,1,1,1,1,6),(-1.,-0.8,-0.6,-0.4,-0.2,0.),
 .UNSPECIFIED.)
CURVE()
GEOMETRIC_REPRESENTATION_ITEM()
RATIONAL_B_SPLINE_CURVE((1.,1.,1.,1.,1.,1.,1.,1.,1.,1.))
REPRESENTATION_ITEM('')
);
#189=(
BOUNDED_CURVE()
B_SPLINE_CURVE(5,(#7243,#7244,#7245,#7246,#7247,#7248,#7249,#7250,#7251,
#7252,#7253,#7254,#7255,#7256,#7257,#7258,#7259,#7260,#7261,#7262,#7263,
#7264,#7265,#7266,#7267),.UNSPECIFIED.,.F.,.F.)
B_SPLINE_CURVE_WITH_KNOTS((6,1,1,1,1,1,1,1,1,1,1,1,1,1,1,1,1,1,1,1,6),(-1.,
-0.95,-0.9,-0.85,-0.8,-0.75,-0.7,-0.65,-0.6,-0.55,-0.5,-0.45,-0.4,-0.35,
-0.3,-0.25,-0.2,-0.15,-0.1,-0.05,0.),.UNSPECIFIED.)
CURVE()
GEOMETRIC_REPRESENTATION_ITEM()
RATIONAL_B_SPLINE_CURVE((1.,1.,1.,1.,1.,1.,1.,1.,1.,1.,1.,1.,1.,1.,1.,1.,
1.,1.,1.,1.,1.,1.,1.,1.,1.))
REPRESENTATION_ITEM('')
);
#190=(
BOUNDED_CURVE()
B_SPLINE_CURVE(5,(#7298,#7299,#7300,#7301,#7302,#7303,#7304,#7305,#7306,
#7307,#7308,#7309,#7310,#7311,#7312),.UNSPECIFIED.,.F.,.F.)
B_SPLINE_CURVE_WITH_KNOTS((6,1,1,1,1,1,1,1,1,1,6),(-1.,-0.9,-0.8,-0.7,-0.6,
-0.5,-0.4,-0.3,-0.2,-0.1,0.),.UNSPECIFIED.)
CURVE()
GEOMETRIC_REPRESENTATION_ITEM()
RATIONAL_B_SPLINE_CURVE((1.,1.,1.,1.,1.,1.,1.,1.,1.,1.,1.,1.,1.,1.,1.))
REPRESENTATION_ITEM('')
);
#191=(
BOUNDED_CURVE()
B_SPLINE_CURVE(5,(#7318,#7319,#7320,#7321,#7322,#7323,#7324,#7325,#7326,
#7327),.UNSPECIFIED.,.F.,.F.)
B_SPLINE_CURVE_WITH_KNOTS((6,1,1,1,1,6),(-1.,-0.8,-0.6,-0.4,-0.2,0.),
 .UNSPECIFIED.)
CURVE()
GEOMETRIC_REPRESENTATION_ITEM()
RATIONAL_B_SPLINE_CURVE((1.,1.,1.,1.,1.,1.,1.,1.,1.,1.))
REPRESENTATION_ITEM('')
);
#192=(
BOUNDED_CURVE()
B_SPLINE_CURVE(5,(#7361,#7362,#7363,#7364,#7365,#7366,#7367,#7368,#7369,
#7370,#7371,#7372,#7373,#7374,#7375),.UNSPECIFIED.,.F.,.F.)
B_SPLINE_CURVE_WITH_KNOTS((6,1,1,1,1,1,1,1,1,1,6),(0.,0.1,0.2,0.3,0.4,0.5,
0.6,0.7,0.8,0.9,1.),.UNSPECIFIED.)
CURVE()
GEOMETRIC_REPRESENTATION_ITEM()
RATIONAL_B_SPLINE_CURVE((1.,1.,1.,1.,1.,1.,1.,1.,1.,1.,1.,1.,1.,1.,1.))
REPRESENTATION_ITEM('')
);
#193=(
BOUNDED_CURVE()
B_SPLINE_CURVE(5,(#7408,#7409,#7410,#7411,#7412,#7413,#7414,#7415,#7416,
#7417,#7418,#7419,#7420,#7421,#7422),.UNSPECIFIED.,.F.,.F.)
B_SPLINE_CURVE_WITH_KNOTS((6,1,1,1,1,1,1,1,1,1,6),(0.,0.1,0.2,0.3,0.4,0.5,
0.6,0.7,0.8,0.9,1.),.UNSPECIFIED.)
CURVE()
GEOMETRIC_REPRESENTATION_ITEM()
RATIONAL_B_SPLINE_CURVE((1.,1.,1.,1.,1.,1.,1.,1.,1.,1.,1.,1.,1.,1.,1.))
REPRESENTATION_ITEM('')
);
#194=(
BOUNDED_CURVE()
B_SPLINE_CURVE(5,(#7455,#7456,#7457,#7458,#7459,#7460,#7461,#7462,#7463,
#7464,#7465,#7466,#7467,#7468,#7469),.UNSPECIFIED.,.F.,.F.)
B_SPLINE_CURVE_WITH_KNOTS((6,1,1,1,1,1,1,1,1,1,6),(0.,0.1,0.2,0.3,0.4,0.5,
0.6,0.7,0.8,0.9,1.),.UNSPECIFIED.)
CURVE()
GEOMETRIC_REPRESENTATION_ITEM()
RATIONAL_B_SPLINE_CURVE((1.,1.,1.,1.,1.,1.,1.,1.,1.,1.,1.,1.,1.,1.,1.))
REPRESENTATION_ITEM('')
);
#195=(
BOUNDED_CURVE()
B_SPLINE_CURVE(5,(#7542,#7543,#7544,#7545,#7546,#7547,#7548,#7549,#7550,
#7551,#7552,#7553,#7554,#7555,#7556,#7557,#7558,#7559,#7560,#7561,#7562,
#7563,#7564,#7565,#7566,#7567,#7568,#7569,#7570,#7571,#7572,#7573,#7574,
#7575,#7576),.UNSPECIFIED.,.F.,.F.)
B_SPLINE_CURVE_WITH_KNOTS((6,1,1,1,1,1,1,1,1,1,1,1,1,1,1,1,1,1,1,1,1,1,
1,1,1,1,1,1,1,1,6),(0.,0.0333333333333333,0.0666666666666667,0.1,0.133333333333333,
0.166666666666667,0.2,0.233333333333333,0.266666666666667,0.3,0.333333333333333,
0.366666666666667,0.4,0.433333333333333,0.466666666666667,0.5,0.533333333333333,
0.566666666666667,0.6,0.633333333333333,0.666666666666667,0.7,0.733333333333333,
0.766666666666667,0.8,0.833333333333333,0.866666666666667,0.9,0.933333333333333,
0.966666666666667,1.),.UNSPECIFIED.)
CURVE()
GEOMETRIC_REPRESENTATION_ITEM()
RATIONAL_B_SPLINE_CURVE((1.,1.,1.,1.,1.,1.,1.,1.,1.,1.,1.,1.,1.,1.,1.,1.,
1.,1.,1.,1.,1.,1.,1.,1.,1.,1.,1.,1.,1.,1.,1.,1.,1.,1.,1.))
REPRESENTATION_ITEM('')
);
#196=(
BOUNDED_CURVE()
B_SPLINE_CURVE(5,(#7580,#7581,#7582,#7583,#7584,#7585,#7586,#7587,#7588,
#7589),.UNSPECIFIED.,.F.,.F.)
B_SPLINE_CURVE_WITH_KNOTS((6,1,1,1,1,6),(0.,0.2,0.4,0.6,0.8,1.),
 .UNSPECIFIED.)
CURVE()
GEOMETRIC_REPRESENTATION_ITEM()
RATIONAL_B_SPLINE_CURVE((1.,1.,1.,1.,1.,1.,1.,1.,1.,1.))
REPRESENTATION_ITEM('')
);
#197=(
BOUNDED_CURVE()
B_SPLINE_CURVE(5,(#7632,#7633,#7634,#7635,#7636,#7637,#7638,#7639,#7640,
#7641,#7642,#7643,#7644,#7645,#7646,#7647,#7648,#7649,#7650,#7651),
 .UNSPECIFIED.,.F.,.F.)
B_SPLINE_CURVE_WITH_KNOTS((6,1,1,1,1,1,1,1,1,1,1,1,1,1,1,6),(0.,0.0666666666666667,
0.133333333333333,0.2,0.266666666666667,0.333333333333333,0.4,0.466666666666667,
0.533333333333333,0.6,0.666666666666667,0.733333333333333,0.8,0.866666666666667,
0.933333333333333,1.),.UNSPECIFIED.)
CURVE()
GEOMETRIC_REPRESENTATION_ITEM()
RATIONAL_B_SPLINE_CURVE((1.,1.,1.,1.,1.,1.,1.,1.,1.,1.,1.,1.,1.,1.,1.,1.,
1.,1.,1.,1.))
REPRESENTATION_ITEM('')
);
#198=(
BOUNDED_CURVE()
B_SPLINE_CURVE(5,(#7684,#7685,#7686,#7687,#7688,#7689,#7690,#7691,#7692,
#7693,#7694,#7695,#7696,#7697,#7698),.UNSPECIFIED.,.F.,.F.)
B_SPLINE_CURVE_WITH_KNOTS((6,1,1,1,1,1,1,1,1,1,6),(0.,0.1,0.2,0.3,0.4,0.5,
0.6,0.7,0.8,0.9,1.),.UNSPECIFIED.)
CURVE()
GEOMETRIC_REPRESENTATION_ITEM()
RATIONAL_B_SPLINE_CURVE((1.,1.,1.,1.,1.,1.,1.,1.,1.,1.,1.,1.,1.,1.,1.))
REPRESENTATION_ITEM('')
);
#199=(
BOUNDED_CURVE()
B_SPLINE_CURVE(5,(#7729,#7730,#7731,#7732,#7733,#7734,#7735,#7736,#7737,
#7738,#7739,#7740,#7741,#7742,#7743),.UNSPECIFIED.,.F.,.F.)
B_SPLINE_CURVE_WITH_KNOTS((6,1,1,1,1,1,1,1,1,1,6),(0.,0.1,0.2,0.3,0.4,0.5,
0.6,0.7,0.8,0.9,1.),.UNSPECIFIED.)
CURVE()
GEOMETRIC_REPRESENTATION_ITEM()
RATIONAL_B_SPLINE_CURVE((1.,1.,1.,1.,1.,1.,1.,1.,1.,1.,1.,1.,1.,1.,1.))
REPRESENTATION_ITEM('')
);
#200=(
BOUNDED_CURVE()
B_SPLINE_CURVE(5,(#11444,#11445,#11446,#11447,#11448,#11449,#11450,#11451,
#11452,#11453,#11454),.UNSPECIFIED.,.F.,.F.)
B_SPLINE_CURVE_WITH_KNOTS((6,1,1,1,1,1,6),(0.224575901761977,0.266666666666667,
0.333333333333333,0.4,0.466666666666667,0.533333333333333,0.563349072380169),
 .UNSPECIFIED.)
CURVE()
GEOMETRIC_REPRESENTATION_ITEM()
RATIONAL_B_SPLINE_CURVE((1.,1.,1.,1.,1.,1.,1.,1.,1.,1.,1.))
REPRESENTATION_ITEM('')
);
#201=B_SPLINE_CURVE_WITH_KNOTS('',3,(#4448,#4449,#4450,#4451,#4452,#4453,
#4454),.UNSPECIFIED.,.F.,.F.,(4,3,4),(0.,0.0272018907419515,0.047603307936568),
 .UNSPECIFIED.);
#202=B_SPLINE_CURVE_WITH_KNOTS('',3,(#4693,#4694,#4695,#4696),
 .UNSPECIFIED.,.F.,.F.,(4,4),(2.113480179483,2.13894135900066),
 .UNSPECIFIED.);
#203=B_SPLINE_CURVE_WITH_KNOTS('',3,(#5169,#5170,#5171,#5172,#5173,#5174,
#5175,#5176,#5177,#5178),.UNSPECIFIED.,.F.,.F.,(4,3,3,4),(-0.0398751311806937,
-0.0292057781911116,-0.0180537974883838,0.),.UNSPECIFIED.);
#204=B_SPLINE_CURVE_WITH_KNOTS('',3,(#5212,#5213,#5214,#5215,#5216,#5217,
#5218,#5219,#5220,#5221,#5222,#5223,#5224,#5225),.UNSPECIFIED.,.F.,.F.,
(4,2,2,2,2,2,4),(-0.000685395911951915,0.,0.00515367856002639,0.0435579784200322,
0.0732521361307394,0.0991815233114064,0.119182907445751),.UNSPECIFIED.);
#205=B_SPLINE_CURVE_WITH_KNOTS('',3,(#5232,#5233,#5234,#5235,#5236,#5237),
 .UNSPECIFIED.,.F.,.F.,(4,2,4),(-0.000664644325159474,0.,0.153661175058916),
 .UNSPECIFIED.);
#206=B_SPLINE_CURVE_WITH_KNOTS('',3,(#5241,#5242,#5243,#5244),
 .UNSPECIFIED.,.F.,.F.,(4,4),(-0.103491970954968,-0.0732124176270328),
 .UNSPECIFIED.);
#207=B_SPLINE_CURVE_WITH_KNOTS('',3,(#5255,#5256,#5257,#5258,#5259,#5260,
#5261,#5262,#5263,#5264),.UNSPECIFIED.,.F.,.F.,(4,3,3,4),(-0.0396531389901588,
-0.0283588976379664,-0.0183475527256603,0.),.UNSPECIFIED.);
#208=B_SPLINE_CURVE_WITH_KNOTS('',3,(#5298,#5299,#5300,#5301,#5302,#5303,
#5304,#5305,#5306,#5307,#5308,#5309,#5310,#5311),.UNSPECIFIED.,.F.,.F.,
(4,2,2,2,2,2,4),(0.,0.0158993759342542,0.0365110031977039,0.0601152984492033,
0.0906434057463189,0.0947401358841453,0.0952849710276465),.UNSPECIFIED.);
#209=B_SPLINE_CURVE_WITH_KNOTS('',3,(#5316,#5317,#5318,#5319),
 .UNSPECIFIED.,.F.,.F.,(4,4),(-0.449999999999988,-0.0707106779004379),
 .UNSPECIFIED.);
#210=B_SPLINE_CURVE_WITH_KNOTS('',3,(#5353,#5354,#5355,#5356,#5357,#5358),
 .UNSPECIFIED.,.F.,.F.,(4,2,4),(-0.153390639121133,0.,0.000927835776310742),
 .UNSPECIFIED.);
#211=B_SPLINE_CURVE_WITH_KNOTS('',3,(#5359,#5360,#5361,#5362,#5363,#5364),
 .UNSPECIFIED.,.F.,.F.,(4,2,4),(-0.000927835776310742,0.,0.153390639121133),
 .UNSPECIFIED.);
#212=B_SPLINE_CURVE_WITH_KNOTS('',3,(#5389,#5390,#5391,#5392,#5393,#5394,
#5395,#5396,#5397,#5398,#5399,#5400,#5401),.UNSPECIFIED.,.F.,.F.,(4,3,3,
3,4),(-0.0407454067169433,-0.0359931168058753,-0.0308089533257743,-0.0204367174729594,
0.),.UNSPECIFIED.);
#213=B_SPLINE_CURVE_WITH_KNOTS('',3,(#5409,#5410,#5411,#5412),
 .UNSPECIFIED.,.F.,.F.,(4,4),(-0.347847016909659,-0.0753644044404607),
 .UNSPECIFIED.);
#214=B_SPLINE_CURVE_WITH_KNOTS('',3,(#5416,#5417,#5418,#5419,#5420,#5421),
 .UNSPECIFIED.,.F.,.F.,(4,2,4),(-0.153661175058916,0.,0.000664644325159474),
 .UNSPECIFIED.);
#215=B_SPLINE_CURVE_WITH_KNOTS('',3,(#5469,#5470,#5471,#5472,#5473,#5474,
#5475,#5476,#5477,#5478),.UNSPECIFIED.,.F.,.F.,(4,3,3,4),(-0.0414200866286279,
-0.0205958355407562,-0.00883006199478972,-1.31205493591986E-9),
 .UNSPECIFIED.);
#216=B_SPLINE_CURVE_WITH_KNOTS('',3,(#5482,#5483,#5484,#5485,#5486,#5487,
#5488,#5489,#5490,#5491,#5492,#5493,#5494,#5495,#5496,#5497,#5498,#5499,
#5500,#5501,#5502,#5503,#5504,#5505,#5506),.UNSPECIFIED.,.F.,.F.,(4,3,3,
3,3,3,3,3,4),(0.,0.00276780695024781,0.00712077548921791,0.0141237866412857,
0.0221692541813848,0.0298062962907407,0.0371006301643207,0.0443021792231477,
0.0485955869814105),.UNSPECIFIED.);
#217=B_SPLINE_CURVE_WITH_KNOTS('',3,(#5541,#5542,#5543,#5544,#5545,#5546,
#5547,#5548,#5549,#5550,#5551,#5552,#5553,#5554,#5555,#5556,#5557,#5558,
#5559,#5560,#5561,#5562,#5563,#5564,#5565),.UNSPECIFIED.,.F.,.F.,(4,3,3,
3,3,3,3,3,4),(-0.0480864620309354,-0.0459047994548655,-0.0380756656296945,
-0.0304956405145847,-0.0232140616731633,-0.0160851530544439,-0.00778231207216632,
-0.00332710414691451,0.),.UNSPECIFIED.);
#218=B_SPLINE_CURVE_WITH_KNOTS('',3,(#5615,#5616,#5617,#5618,#5619),
 .UNSPECIFIED.,.F.,.F.,(4,1,4),(0.,0.0101686614298544,0.0144553080334532),
 .UNSPECIFIED.);
#219=B_SPLINE_CURVE_WITH_KNOTS('',3,(#5900,#5901,#5902,#5903),
 .UNSPECIFIED.,.F.,.F.,(4,4),(-0.073103662428556,-0.0499020119268714),
 .UNSPECIFIED.);
#220=B_SPLINE_CURVE_WITH_KNOTS('',3,(#5935,#5936,#5937,#5938,#5939,#5940,
#5941,#5942,#5943,#5944,#5945,#5946),.UNSPECIFIED.,.F.,.F.,(4,2,2,2,2,4),
(0.,0.00727256287485069,0.0147500609637557,0.0228018917798382,0.0284581418466218,
0.0348501993748239),.UNSPECIFIED.);
#221=B_SPLINE_CURVE_WITH_KNOTS('',3,(#5947,#5948,#5949,#5950,#5951),
 .UNSPECIFIED.,.F.,.F.,(4,1,4),(-0.0237268766696603,-0.0101686614298544,
0.),.UNSPECIFIED.);
#222=B_SPLINE_CURVE_WITH_KNOTS('',3,(#7832,#7833,#7834,#7835,#7836,#7837,
#7838,#7839,#7840,#7841,#7842,#7843,#7844,#7845,#7846,#7847,#7848),
 .UNSPECIFIED.,.F.,.F.,(4,1,1,1,1,1,1,1,1,1,1,1,2,4),(0.0075103282275909,
0.0429755966804371,0.0859511933608794,0.171902386721764,0.343804773443533,
0.687609546887072,1.03141432033061,1.37521909377415,1.54712148049592,1.6330726738568,
1.67604827053725,1.69753606887747,1.71902386721769,1.7401302041033),
 .UNSPECIFIED.);
#223=B_SPLINE_CURVE_WITH_KNOTS('',3,(#7850,#7851,#7852,#7853,#7854,#7855,
#7856,#7857,#7858,#7859,#7860,#7861,#7862,#7863,#7864,#7865,#7866,#7867,
#7868,#7869,#7870,#7871,#7872,#7873,#7874,#7875,#7876,#7877,#7878,#7879,
#7880,#7881,#7882,#7883,#7884,#7885,#7886),.UNSPECIFIED.,.F.,.F.,(4,3,3,
3,3,3,3,3,3,3,3,3,4),(-0.0224525665148217,-0.0223386701603981,-0.0198634410886324,
-0.0166255733654045,-0.0138245062682544,-0.0101839677766411,-0.00836190925477837,
-0.00739786747952115,-0.00527912478161212,-0.00386339544249812,-0.00209458873160007,
-0.00172201313896335,0.),.UNSPECIFIED.);
#224=B_SPLINE_CURVE_WITH_KNOTS('',3,(#7888,#7889,#7890,#7891,#7892,#7893,
#7894,#7895,#7896,#7897,#7898,#7899,#7900,#7901,#7902,#7903,#7904),
 .UNSPECIFIED.,.F.,.F.,(4,2,1,1,1,1,1,1,1,1,1,1,1,4),(-1.71903001076743,
-1.71902386721769,-1.69753606887747,-1.67604827053725,-1.6330726738568,
-1.54712148049592,-1.37521909377415,-1.03141432033061,-0.687609546887072,
-0.343804773443533,-0.171902386721764,-0.0859511933608794,-0.0429755966804371,
5.2735762399396E-15),.UNSPECIFIED.);
#225=B_SPLINE_CURVE_WITH_KNOTS('',3,(#7905,#7906,#7907,#7908,#7909,#7910,
#7911,#7912,#7913,#7914,#7915,#7916,#7917,#7918,#7919,#7920,#7921,#7922,
#7923,#7924,#7925,#7926,#7927,#7928,#7929,#7930,#7931,#7932,#7933,#7934,
#7935,#7936,#7937,#7938,#7939,#7940,#7941),.UNSPECIFIED.,.F.,.F.,(4,3,3,
3,3,3,3,3,3,3,3,3,4),(-0.0178463593160452,-0.0177535453773869,-0.0147751220333755,
-0.0142500229031354,-0.0115796819807232,-0.0108633054477519,-0.0085600628760211,
-0.00701616727671592,-0.00661834546226763,-0.00437893565595836,-0.00315249638725374,
-0.00092338781800661,0.),.UNSPECIFIED.);
#226=B_SPLINE_CURVE_WITH_KNOTS('',3,(#7984,#7985,#7986,#7987,#7988,#7989),
 .UNSPECIFIED.,.F.,.F.,(4,1,1,4),(-4.1724682481119,-2.50348105415269,-1.66898736943512,
5.81745748686357E-15),.UNSPECIFIED.);
#227=B_SPLINE_CURVE_WITH_KNOTS('',3,(#7991,#7992,#7993,#7994,#7995,#7996,
#7997,#7998,#7999,#8000,#8001,#8002,#8003,#8004,#8005,#8006,#8007,#8008,
#8009,#8010,#8011,#8012,#8013,#8014,#8015,#8016,#8017,#8018,#8019,#8020,
#8021,#8022,#8023,#8024,#8025,#8026,#8027),.UNSPECIFIED.,.F.,.F.,(4,3,3,
3,3,3,3,3,3,3,3,3,4),(-0.019319716438003,-0.0171299001230466,-0.0165380203363882,
-0.0144242286066743,-0.0133443261514555,-0.0109976829390164,-0.0106600043611071,
-0.00903367506458504,-0.00632141976104922,-0.00463780507792433,-0.00131757274827045,
0.,0.000105267099798775),.UNSPECIFIED.);
#228=B_SPLINE_CURVE_WITH_KNOTS('',3,(#8029,#8030,#8031,#8032,#8033,#8034,
#8035,#8036),.UNSPECIFIED.,.F.,.F.,(4,1,1,2,4),(0.0103878797463901,1.66898736943512,
2.50348105415269,4.17246842358782,4.18392627036121),.UNSPECIFIED.);
#229=B_SPLINE_CURVE_WITH_KNOTS('',3,(#8037,#8038,#8039,#8040,#8041,#8042,
#8043,#8044,#8045,#8046,#8047,#8048,#8049,#8050,#8051,#8052,#8053,#8054,
#8055,#8056,#8057,#8058,#8059,#8060,#8061,#8062,#8063,#8064,#8065,#8066,
#8067,#8068,#8069,#8070,#8071,#8072,#8073),.UNSPECIFIED.,.F.,.F.,(4,3,3,
3,3,3,3,3,3,3,3,3,4),(-0.00011094801063413,0.,0.00345463233289599,0.00514760193926067,
0.00788307594156126,0.00996896435848514,0.0111719919781105,0.013503981062275,
0.0142541957725032,0.0163237543408794,0.0173314317248153,0.0194911169399421,
0.0199770780754163),.UNSPECIFIED.);
#230=B_SPLINE_CURVE_WITH_KNOTS('',3,(#8095,#8096,#8097,#8098),
 .UNSPECIFIED.,.F.,.F.,(4,4),(-0.0210734182989992,0.702234340362223),
 .UNSPECIFIED.);
#231=B_SPLINE_CURVE_WITH_KNOTS('',3,(#8100,#8101,#8102,#8103,#8104,#8105,
#8106,#8107,#8108,#8109,#8110,#8111,#8112,#8113,#8114,#8115,#8116,#8117,
#8118,#8119,#8120,#8121,#8122,#8123,#8124,#8125,#8126,#8127,#8128,#8129,
#8130,#8131,#8132,#8133,#8134,#8135,#8136),.UNSPECIFIED.,.F.,.F.,(4,3,3,
3,3,3,3,3,3,3,3,3,4),(-0.0179920009316925,-0.0178987380654779,-0.0148899057851303,
-0.0142719601436907,-0.0115918456131533,-0.0107571262878854,-0.00845984072250604,
-0.00704870978013985,-0.00648777298614549,-0.00426701346809719,-0.00307324477210244,
-0.000820638683975673,0.),.UNSPECIFIED.);
#232=B_SPLINE_CURVE_WITH_KNOTS('',3,(#8137,#8138,#8139,#8140),
 .UNSPECIFIED.,.F.,.F.,(4,4),(-0.694132360486439,3.48058932730316E-7),
 .UNSPECIFIED.);
#233=B_SPLINE_CURVE_WITH_KNOTS('',3,(#8182,#8183,#8184,#8185,#8186,#8187,
#8188,#8189),.UNSPECIFIED.,.F.,.F.,(4,2,1,1,4),(-0.00811534876957286,0.,
1.79828391392396,2.69742587088594,4.48482058392815),.UNSPECIFIED.);
#234=B_SPLINE_CURVE_WITH_KNOTS('',3,(#8191,#8192,#8193,#8194,#8195,#8196,
#8197,#8198,#8199,#8200,#8201,#8202,#8203,#8204,#8205,#8206,#8207,#8208,
#8209,#8210,#8211,#8212,#8213,#8214,#8215,#8216,#8217,#8218,#8219,#8220,
#8221,#8222,#8223,#8224,#8225,#8226,#8227),.UNSPECIFIED.,.F.,.F.,(4,3,3,
3,3,3,3,3,3,3,3,3,4),(-0.0195243477605001,-0.019417612073389,-0.0160447853738248,
-0.0145974211649936,-0.0118674299294837,-0.010052785458599,-0.00779390423366673,
-0.00726199347678606,-0.00579598821626706,-0.00372048209526321,-0.00268911924649984,
-0.000523907930430086,0.),.UNSPECIFIED.);
#235=B_SPLINE_CURVE_WITH_KNOTS('',3,(#8228,#8229,#8230,#8231,#8232,#8233,
#8234,#8235),.UNSPECIFIED.,.F.,.F.,(4,1,1,2,4),(-4.4957097848099,-2.69742587088594,
-1.79828391392396,0.,4.81366361060218E-7),.UNSPECIFIED.);
#236=B_SPLINE_CURVE_WITH_KNOTS('',3,(#8292,#8293,#8294,#8295,#8296,#8297,
#8298,#8299,#8300,#8301,#8302),.UNSPECIFIED.,.F.,.F.,(4,1,1,1,1,1,2,4),
(0.0108813846063974,1.51669488403024,3.03338976806049,3.79173721007561,
4.55008465209074,6.06677953612098,7.58347442015122,7.60503618967575),
 .UNSPECIFIED.);
#237=B_SPLINE_CURVE_WITH_KNOTS('',3,(#8304,#8305,#8306,#8307,#8308,#8309,
#8310,#8311,#8312,#8313,#8314,#8315,#8316,#8317,#8318,#8319,#8320,#8321,
#8322,#8323,#8324,#8325,#8326,#8327,#8328,#8329,#8330,#8331,#8332,#8333,
#8334,#8335,#8336,#8337),.UNSPECIFIED.,.F.,.F.,(4,3,3,3,3,3,3,3,3,3,3,4),
(-0.0225808834425718,-0.0224666079627849,-0.0189378354706514,-0.0153143572346646,
-0.0136832688302921,-0.0101910475157415,-0.00727842781145111,-0.00516162447324833,
-0.00378856255739096,-0.00202428939091767,-0.0016865520886983,0.),
 .UNSPECIFIED.);
#238=B_SPLINE_CURVE_WITH_KNOTS('',3,(#8338,#8339,#8340,#8341,#8342,#8343,
#8344,#8345,#8346,#8347,#8348),.UNSPECIFIED.,.F.,.F.,(4,2,1,1,1,1,1,4),
(-7.5834746464155,-7.58347442015122,-6.06677953612098,-4.55008465209074,
-3.79173721007561,-3.03338976806049,-1.51669488403024,0.),.UNSPECIFIED.);
#239=B_SPLINE_CURVE_WITH_KNOTS('',3,(#8380,#8381,#8382,#8383,#8384,#8385),
 .UNSPECIFIED.,.F.,.F.,(4,2,4),(-0.0215617695245568,0.,1.42030908479105),
 .UNSPECIFIED.);
#240=B_SPLINE_CURVE_WITH_KNOTS('',3,(#8387,#8388,#8389,#8390,#8391,#8392,
#8393,#8394,#8395,#8396,#8397,#8398,#8399,#8400,#8401,#8402,#8403,#8404,
#8405,#8406,#8407,#8408,#8409,#8410,#8411,#8412,#8413,#8414,#8415,#8416,
#8417,#8418,#8419,#8420,#8421,#8422,#8423,#8424,#8425,#8426),
 .UNSPECIFIED.,.F.,.F.,(4,3,3,3,3,3,3,3,3,3,3,3,3,4),(-0.0218084776235465,
-0.0216818558608806,-0.0178477824711604,-0.0150472354650866,-0.0120600862463379,
-0.00936257447049422,-0.00907293702758924,-0.00759358158364563,-0.00538181527702109,
-0.00499821830862067,-0.00306080308451551,-0.00227475861414808,-0.000213146515012736,
0.),.UNSPECIFIED.);
#241=B_SPLINE_CURVE_WITH_KNOTS('',3,(#8427,#8428,#8429,#8430),
 .UNSPECIFIED.,.F.,.F.,(4,4),(-1.43477618830858,-1.91547689373654E-6),
 .UNSPECIFIED.);
#242=B_SPLINE_CURVE_WITH_KNOTS('',3,(#8487,#8488,#8489,#8490,#8491,#8492,
#8493,#8494,#8495,#8496,#8497),.UNSPECIFIED.,.F.,.F.,(4,1,1,1,1,1,2,4),
(0.0144248872246701,0.389897239309421,0.584845858964131,0.779794478618842,
1.16969171792826,1.55958895723768,1.9494861965471,1.9573969461614),
 .UNSPECIFIED.);
#243=B_SPLINE_CURVE_WITH_KNOTS('',3,(#8499,#8500,#8501,#8502,#8503,#8504,
#8505,#8506,#8507,#8508,#8509,#8510,#8511,#8512,#8513,#8514,#8515,#8516,
#8517,#8518,#8519,#8520,#8521,#8522,#8523,#8524,#8525,#8526,#8527,#8528,
#8529,#8530,#8531,#8532,#8533,#8534,#8535),.UNSPECIFIED.,.F.,.F.,(4,3,3,
3,3,3,3,3,3,3,3,3,4),(-9.29642431295066E-5,0.,0.00298798052975825,0.00357377575170529,
0.00623759864726423,0.00704403171642651,0.00938572999725365,0.00956397395452513,
0.0113397934792708,0.0135743276202134,0.0147994054775198,0.0170604521349872,
0.0179225347266861),.UNSPECIFIED.);
#244=B_SPLINE_CURVE_WITH_KNOTS('',3,(#8536,#8537,#8538,#8539,#8540,#8541,
#8542,#8543,#8544,#8545,#8546),.UNSPECIFIED.,.F.,.F.,(4,2,1,1,1,1,1,4),
(-1.94948637528149,-1.9494861965471,-1.55958895723768,-1.16969171792826,
-0.779794478618842,-0.584845858964131,-0.389897239309421,9.57350518304681E-17),
 .UNSPECIFIED.);
#245=B_SPLINE_CURVE_WITH_KNOTS('',3,(#9815,#9816,#9817,#9818,#9819,#9820,
#9821,#9822,#9823,#9824,#9825,#9826,#9827,#9828,#9829,#9830,#9831,#9832,
#9833,#9834,#9835,#9836,#9837,#9838,#9839,#9840,#9841,#9842,#9843,#9844,
#9845,#9846,#9847,#9848,#9849,#9850,#9851,#9852,#9853,#9854,#9855,#9856,
#9857,#9858,#9859,#9860,#9861,#9862,#9863,#9864,#9865,#9866,#9867,#9868,
#9869,#9870,#9871,#9872,#9873,#9874,#9875,#9876,#9877,#9878,#9879,#9880,
#9881,#9882,#9883,#9884,#9885,#9886,#9887,#9888,#9889,#9890,#9891,#9892,
#9893,#9894,#9895,#9896,#9897,#9898,#9899,#9900,#9901,#9902,#9903,#9904,
#9905,#9906,#9907,#9908,#9909,#9910,#9911,#9912,#9913,#9914,#9915,#9916,
#9917,#9918,#9919,#9920,#9921,#9922,#9923,#9924,#9925,#9926,#9927,#9928,
#9929,#9930,#9931,#9932,#9933,#9934,#9935,#9936,#9937,#9938,#9939,#9940,
#9941,#9942,#9943,#9944,#9945,#9946,#9947,#9948,#9949,#9950,#9951,#9952,
#9953,#9954,#9955,#9956,#9957,#9958,#9959,#9960,#9961,#9962,#9963,#9964,
#9965,#9966,#9967,#9968,#9969,#9970,#9971,#9972,#9973,#9974,#9975,#9976,
#9977,#9978,#9979,#9980,#9981,#9982,#9983,#9984,#9985,#9986,#9987,#9988,
#9989,#9990,#9991,#9992,#9993,#9994,#9995),.UNSPECIFIED.,.F.,.F.,(4,2,1,
1,1,1,1,1,1,1,1,1,1,1,1,1,1,1,1,1,1,1,1,1,1,1,1,1,1,1,1,1,1,1,1,1,1,1,1,
1,1,1,1,1,1,1,1,1,1,1,1,1,1,1,1,1,1,1,1,1,1,1,1,1,1,1,1,1,1,1,1,1,1,1,1,
1,1,1,1,1,1,1,1,1,1,1,1,1,1,1,1,1,1,1,1,1,1,1,1,1,1,1,1,1,1,1,1,1,1,1,1,
1,1,1,1,1,1,1,1,1,1,1,1,1,1,1,1,1,1,1,1,1,1,1,1,1,1,1,1,1,1,1,1,1,1,1,1,
1,1,1,1,1,1,1,1,1,1,1,1,1,1,1,1,1,1,1,1,1,1,1,1,1,1,1,1,2,4),(-0.00791074961427944,
0.,0.0391741502948092,0.0783483005896184,0.117522450884428,0.156696601179237,
0.195870751474046,0.235044901768855,0.274219052063664,0.313393202358474,
0.352567352653283,0.391741502948092,0.430915653242901,0.47008980353771,
0.50926395383252,0.548438104127329,0.587612254422138,0.626786404716947,
0.665960555011756,0.705134705306566,0.744308855601375,0.783483005896184,
0.822657156190993,0.861831306485803,0.901005456780612,0.940179607075421,
0.97935375737023,1.01852790766504,1.05770205795985,1.09687620825466,1.13605035854947,
1.17522450884428,1.21439865913909,1.25357280943389,1.2731598845813,1.2927469597287,
1.31233403487611,1.33192111002351,1.37109526031832,1.41026941061313,1.44944356090794,
1.48861771120275,1.49841124877645,1.50820478635015,1.51799832392386,1.52289509271071,
1.52779186149756,1.53268863028441,1.53391282248112,1.53513701467784,1.53758539907126,
1.54248216785811,1.54737893664496,1.54799103274332,1.54860312884168,1.54982732103839,
1.55227570543182,1.55349989762853,1.55411199372688,1.55472408982524,1.55717247421867,
1.55778457031702,1.55839666641538,1.55962085861209,1.55992690666127,1.56023295471045,
1.56030946672274,1.56038597873504,1.56046249074733,1.56053900275963,1.56069202678422,
1.56076853879651,1.5608450508088,1.56206924300552,1.56451762739894,1.56482367544812,
1.56490018746042,1.56497669947271,1.5651297234973,1.56574181959566,1.56604786764483,
1.56620089166942,1.56635391569401,1.5665069397186,1.56665996374319,1.56696601179237,
1.57186278057922,1.57675954936607,1.5792079337595,1.58165631815292,1.5819623662021,
1.58226841425128,1.58288051034963,1.58410470254635,1.5847167986447,1.58502284669388,
1.58532889474306,1.58563494279224,1.58594099084142,1.58601750285371,1.58605575885986,
1.58609401486601,1.58624703889059,1.58655308693977,1.58777727913649,1.58808332718566,
1.58838937523484,1.5890014713332,1.59144985572662,1.59389824012005,1.59512243231676,
1.59634662451348,1.59695872061183,1.59757081671019,1.5987950089069,1.60001920110361,
1.60124339330033,1.60369177769375,1.60491596989046,1.60614016208718,1.6085885464806,
1.61103693087403,1.61593369966088,1.62083046844773,1.62572723723458,1.63062400602143,
1.63552077480828,1.64041754359514,1.64164173579185,1.64286592798856,1.64531431238199,
1.6844884626768,1.72366261297161,1.73345615054531,1.74324968811901,1.76283676326641,
1.78242383841382,1.80201091356122,1.82159798870863,1.84118506385603,1.88035921415084,
1.91953336444565,1.95870751474046,1.99788166503527,2.03705581533008,2.07622996562489,
2.1154041159197,2.1349911910671,2.15457826621451,2.19375241650932,2.23292656680412,
2.25251364195153,2.27210071709893,2.31127486739374,2.35044901768855,2.38962316798336,
2.42879731827817,2.46797146857298,2.50714561886779,2.5463197691626,2.58549391945741,
2.62466806975222,2.66384222004703,2.70301637034183,2.74219052063664,2.78136467093145,
2.82053882122626,2.85971297152107,2.89888712181588,2.93806127211069,2.9772354224055,
3.01640957270031,3.05558372299512,3.09475787328993,3.11434494843733,3.13393202358474,
3.14091943162379),.UNSPECIFIED.);
#246=B_SPLINE_CURVE_WITH_KNOTS('',3,(#9997,#9998,#9999,#10000,#10001,#10002,
#10003,#10004,#10005,#10006,#10007,#10008,#10009,#10010,#10011,#10012,#10013,
#10014,#10015,#10016,#10017,#10018,#10019,#10020,#10021,#10022,#10023,#10024,
#10025,#10026,#10027,#10028,#10029,#10030,#10031,#10032,#10033,#10034,#10035,
#10036),.UNSPECIFIED.,.F.,.F.,(4,3,3,3,3,3,3,3,3,3,3,3,3,4),(-0.0174526995785495,
-0.0173642840531201,-0.0146075894597463,-0.0141476690909794,-0.0115204899021909,
-0.0110021434477388,-0.00865368540849927,-0.00821212739678851,-0.00676582892126184,
-0.00453292131529068,-0.00341383690425586,-0.00323564318250845,-0.00226742396000746,
0.),.UNSPECIFIED.);
#247=B_SPLINE_CURVE_WITH_KNOTS('',3,(#10037,#10038,#10039,#10040,#10041,
#10042,#10043,#10044,#10045,#10046,#10047,#10048,#10049,#10050,#10051,#10052,
#10053,#10054,#10055,#10056,#10057,#10058,#10059,#10060,#10061,#10062,#10063,
#10064,#10065,#10066,#10067,#10068,#10069,#10070,#10071,#10072,#10073,#10074,
#10075,#10076,#10077,#10078,#10079,#10080,#10081,#10082,#10083,#10084,#10085,
#10086,#10087,#10088,#10089,#10090,#10091,#10092,#10093,#10094,#10095,#10096,
#10097,#10098,#10099,#10100,#10101,#10102,#10103,#10104,#10105,#10106,#10107,
#10108,#10109,#10110,#10111,#10112,#10113,#10114,#10115,#10116,#10117,#10118,
#10119,#10120,#10121,#10122,#10123,#10124,#10125,#10126,#10127,#10128,#10129,
#10130,#10131,#10132,#10133,#10134,#10135,#10136,#10137,#10138,#10139,#10140,
#10141,#10142,#10143,#10144,#10145,#10146,#10147,#10148,#10149,#10150,#10151,
#10152,#10153,#10154,#10155,#10156,#10157,#10158,#10159,#10160,#10161,#10162,
#10163,#10164,#10165,#10166,#10167,#10168,#10169,#10170,#10171,#10172,#10173,
#10174,#10175,#10176,#10177,#10178,#10179,#10180,#10181,#10182,#10183,#10184,
#10185,#10186,#10187,#10188,#10189,#10190,#10191,#10192,#10193,#10194,#10195,
#10196,#10197,#10198,#10199,#10200,#10201,#10202,#10203,#10204,#10205,#10206,
#10207,#10208,#10209,#10210,#10211,#10212,#10213,#10214,#10215),
 .UNSPECIFIED.,.F.,.F.,(4,2,1,1,1,1,1,1,1,1,1,1,1,1,1,1,1,1,1,1,1,1,1,1,
1,1,1,1,1,1,1,1,1,1,1,1,1,1,1,1,1,1,1,1,1,1,1,1,1,1,1,1,1,1,1,1,1,1,1,1,
1,1,1,1,1,1,1,1,1,1,1,1,1,1,1,1,1,1,1,1,1,1,1,1,1,1,1,1,1,1,1,1,1,1,1,1,
1,1,1,1,1,1,1,1,1,1,1,1,1,1,1,1,1,1,1,1,1,1,1,1,1,1,1,1,1,1,1,1,1,1,1,1,
1,1,1,1,1,1,1,1,1,1,1,1,1,1,1,1,1,1,1,1,1,1,1,1,1,1,1,1,1,1,1,1,1,1,1,1,
1,1,1,1,1,1,1,4),(-3.13393273119046,-3.13393202358474,-3.11434494843733,
-3.09475787328993,-3.05558372299512,-3.01640957270031,-2.9772354224055,
-2.93806127211069,-2.89888712181588,-2.85971297152107,-2.82053882122626,
-2.78136467093145,-2.74219052063664,-2.70301637034183,-2.66384222004703,
-2.62466806975222,-2.58549391945741,-2.5463197691626,-2.50714561886779,
-2.46797146857298,-2.42879731827817,-2.38962316798336,-2.35044901768855,
-2.31127486739374,-2.27210071709893,-2.25251364195153,-2.23292656680412,
-2.19375241650932,-2.15457826621451,-2.1349911910671,-2.1154041159197,-2.07622996562489,
-2.03705581533008,-1.99788166503527,-1.95870751474046,-1.91953336444565,
-1.88035921415084,-1.84118506385603,-1.82159798870863,-1.80201091356122,
-1.78242383841382,-1.76283676326641,-1.74324968811901,-1.73345615054531,
-1.72366261297161,-1.6844884626768,-1.64531431238199,-1.64286592798856,
-1.64164173579185,-1.64041754359514,-1.63552077480828,-1.63062400602143,
-1.62572723723458,-1.62083046844773,-1.61593369966088,-1.61103693087403,
-1.6085885464806,-1.60614016208718,-1.60491596989046,-1.60369177769375,
-1.60124339330033,-1.60001920110361,-1.5987950089069,-1.59757081671019,
-1.59695872061183,-1.59634662451348,-1.59512243231676,-1.59389824012005,
-1.59144985572662,-1.5890014713332,-1.58838937523484,-1.58808332718566,
-1.58777727913649,-1.58655308693977,-1.58624703889059,-1.58609401486601,
-1.58605575885986,-1.58601750285371,-1.58594099084142,-1.58563494279224,
-1.58532889474306,-1.58502284669388,-1.5847167986447,-1.58410470254635,
-1.58288051034963,-1.58226841425128,-1.5819623662021,-1.58165631815292,
-1.5792079337595,-1.57675954936607,-1.57186278057922,-1.56696601179237,
-1.56665996374319,-1.5665069397186,-1.56635391569401,-1.56620089166942,
-1.56604786764483,-1.56574181959566,-1.5651297234973,-1.56497669947271,
-1.56490018746042,-1.56482367544812,-1.56451762739894,-1.56206924300552,
-1.5608450508088,-1.56076853879651,-1.56069202678422,-1.56053900275963,
-1.56046249074733,-1.56038597873504,-1.56030946672274,-1.56023295471045,
-1.55992690666127,-1.55962085861209,-1.55839666641538,-1.55778457031702,
-1.55717247421867,-1.55472408982524,-1.55411199372688,-1.55349989762853,
-1.55227570543182,-1.54982732103839,-1.54860312884168,-1.54799103274332,
-1.54737893664496,-1.54248216785811,-1.53758539907126,-1.53513701467784,
-1.53391282248112,-1.53268863028441,-1.52779186149756,-1.52289509271071,
-1.51799832392386,-1.50820478635015,-1.49841124877645,-1.48861771120275,
-1.44944356090794,-1.41026941061313,-1.37109526031832,-1.33192111002351,
-1.31233403487611,-1.2927469597287,-1.2731598845813,-1.25357280943389,-1.21439865913909,
-1.17522450884428,-1.13605035854947,-1.09687620825466,-1.05770205795985,
-1.01852790766504,-0.97935375737023,-0.940179607075421,-0.901005456780612,
-0.861831306485803,-0.822657156190993,-0.783483005896184,-0.744308855601375,
-0.705134705306566,-0.665960555011756,-0.626786404716947,-0.587612254422138,
-0.548438104127329,-0.50926395383252,-0.47008980353771,-0.430915653242901,
-0.391741502948092,-0.352567352653283,-0.313393202358474,-0.274219052063664,
-0.235044901768855,-0.195870751474046,-0.156696601179237,-0.117522450884428,
-0.0783483005896184,-0.0391741502948092,-3.81102517752062E-6),
 .UNSPECIFIED.);
#248=B_SPLINE_CURVE_WITH_KNOTS('',3,(#10322,#10323,#10324,#10325,#10326,
#10327,#10328,#10329,#10330,#10331,#10332,#10333,#10334,#10335,#10336,#10337,
#10338,#10339,#10340,#10341,#10342),.UNSPECIFIED.,.F.,.F.,(4,2,1,1,1,1,
1,1,1,1,1,1,1,1,1,2,4),(-7.89703277683798,-7.89703224897609,-7.10732902407848,
-6.31762579918087,-5.52792257428326,-4.73821934938565,-4.34336773693685,
-3.94851612448804,-3.55366451203924,-3.15881289959043,-2.76396128714163,
-2.36910967469283,-1.97425806224402,-1.57940644979522,-0.789703224897609,
0.,4.71508648693999E-6),.UNSPECIFIED.);
#249=B_SPLINE_CURVE_WITH_KNOTS('',3,(#10344,#10345,#10346,#10347,#10348,
#10349,#10350,#10351,#10352,#10353,#10354,#10355,#10356,#10357,#10358,#10359,
#10360,#10361,#10362,#10363,#10364),.UNSPECIFIED.,.F.,.F.,(4,2,1,1,1,1,
1,1,1,1,1,1,1,1,1,2,4),(-0.00698740803900108,0.,0.789703224897609,1.57940644979522,
1.97425806224402,2.36910967469283,2.76396128714163,3.15881289959043,3.55366451203924,
3.94851612448804,4.34336773693685,4.73821934938565,5.52792257428326,6.31762579918087,
7.10732902407848,7.89703224897609,7.90113133454964),.UNSPECIFIED.);
#250=B_SPLINE_CURVE_WITH_KNOTS('',3,(#10365,#10366,#10367,#10368,#10369,
#10370,#10371,#10372,#10373,#10374,#10375,#10376,#10377,#10378,#10379,#10380,
#10381,#10382,#10383,#10384,#10385,#10386,#10387,#10388,#10389,#10390,#10391,
#10392,#10393,#10394,#10395),.UNSPECIFIED.,.F.,.F.,(4,3,3,3,3,3,3,3,3,3,
4),(-0.0163661892642673,-0.0162875991789162,-0.0138739943391689,-0.0114771280027277,
-0.00909466862707954,-0.00799750627088446,-0.00740319631289971,-0.00501101246157636,
-0.00363113745854072,-0.00128731183053075,0.),.UNSPECIFIED.);
#251=B_SPLINE_CURVE_WITH_KNOTS('',3,(#10437,#10438,#10439,#10440,#10441,
#10442,#10443,#10444),.UNSPECIFIED.,.F.,.F.,(4,1,1,2,4),(-1.96176184805142,
-1.17705710883085,-0.784704739220569,0.,2.36715439505822E-6),
 .UNSPECIFIED.);
#252=B_SPLINE_CURVE_WITH_KNOTS('',3,(#10446,#10447,#10448,#10449,#10450,
#10451,#10452,#10453),.UNSPECIFIED.,.F.,.F.,(4,2,1,1,4),(-0.0040990855736147,
0.,0.784704739220569,1.17705710883085,1.9517887154857),.UNSPECIFIED.);
#253=B_SPLINE_CURVE_WITH_KNOTS('',3,(#10454,#10455,#10456,#10457,#10458,
#10459,#10460,#10461,#10462,#10463,#10464,#10465,#10466,#10467,#10468,#10469,
#10470,#10471,#10472,#10473,#10474,#10475,#10476,#10477,#10478,#10479,#10480,
#10481,#10482,#10483,#10484,#10485,#10486,#10487,#10488,#10489,#10490),
 .UNSPECIFIED.,.F.,.F.,(4,3,3,3,3,3,3,3,3,3,3,3,4),(-0.000103138705057153,
0.,0.00326224615895554,0.00444410929290837,0.00714421209667917,0.00867398536400142,
0.01046540834348,0.0128173752491332,0.012989222753199,0.0151223245776487,
0.0162301385644346,0.0184346352043105,0.0190693566586292),.UNSPECIFIED.);
#254=B_SPLINE_CURVE_WITH_KNOTS('',3,(#10542,#10543,#10544,#10545,#10546,
#10547,#10548,#10549,#10550,#10551),.UNSPECIFIED.,.F.,.F.,(4,2,1,1,1,1,
4),(-1.56977624549329,-1.56977613288851,-1.25582090631081,-0.941865679733105,
-0.627910453155404,-0.313955226577702,0.),.UNSPECIFIED.);
#255=B_SPLINE_CURVE_WITH_KNOTS('',3,(#10553,#10554,#10555,#10556,#10557,
#10558,#10559,#10560,#10561,#10562),.UNSPECIFIED.,.F.,.F.,(4,1,1,1,1,2,
4),(0.00995709801205815,0.313955226577702,0.627910453155404,0.941865679733105,
1.25582090631081,1.56977613288851,1.58154578913246),.UNSPECIFIED.);
#256=B_SPLINE_CURVE_WITH_KNOTS('',3,(#10563,#10564,#10565,#10566,#10567,
#10568,#10569,#10570,#10571,#10572,#10573,#10574,#10575,#10576,#10577,#10578,
#10579,#10580,#10581,#10582,#10583,#10584,#10585,#10586,#10587,#10588,#10589,
#10590,#10591,#10592,#10593,#10594,#10595,#10596,#10597,#10598,#10599),
 .UNSPECIFIED.,.F.,.F.,(4,3,3,3,3,3,3,3,3,3,3,3,4),(-0.0200589228741564,
-0.0199475988538823,-0.0164607681326829,-0.0147043738260924,-0.0119564998625762,
-0.00980997802097038,-0.00756040232923038,-0.00733926640717385,-0.00558373650955581,
-0.00354729205072894,-0.00257611890792252,-0.000439397944940674,0.),
 .UNSPECIFIED.);
#257=B_SPLINE_CURVE_WITH_KNOTS('',3,(#10649,#10650,#10651,#10652,#10653,
#10654,#10655,#10656),.UNSPECIFIED.,.F.,.F.,(4,1,1,2,4),(-1.78138517682579,
-1.06883110609547,-0.712554070730316,0.,3.18011767852301E-6),
 .UNSPECIFIED.);
#258=B_SPLINE_CURVE_WITH_KNOTS('',3,(#10658,#10659,#10660,#10661,#10662,
#10663,#10664,#10665),.UNSPECIFIED.,.F.,.F.,(4,2,1,1,4),(-0.011769656244013,
0.,0.712554070730316,1.06883110609547,1.77056267220305),.UNSPECIFIED.);
#259=B_SPLINE_CURVE_WITH_KNOTS('',3,(#10666,#10667,#10668,#10669,#10670,
#10671,#10672,#10673,#10674,#10675,#10676,#10677,#10678,#10679,#10680,#10681,
#10682,#10683,#10684,#10685,#10686,#10687,#10688,#10689,#10690,#10691,#10692,
#10693,#10694,#10695,#10696,#10697,#10698,#10699,#10700,#10701,#10702,#10703,
#10704,#10705),.UNSPECIFIED.,.F.,.F.,(4,3,3,3,3,3,3,3,3,3,3,3,3,4),(-0.0194917622056652,
-0.0193851174367682,-0.0161004745595536,-0.0145933749165905,-0.0130626265344722,
-0.0103694610037336,-0.0100774814048578,-0.00780293538901384,-0.00725424569976887,
-0.00582012973826748,-0.0037295520916082,-0.00270255273643152,-0.000527851073412439,
0.),.UNSPECIFIED.);
#260=B_SPLINE_CURVE_WITH_KNOTS('',3,(#10747,#10748,#10749,#10750,#10751,
#10752,#10753,#10754),.UNSPECIFIED.,.F.,.F.,(4,2,1,1,4),(-1.35634487840038,
-1.35634248456174,-0.813805490737042,-0.542536993824694,1.36171856264528E-15),
 .UNSPECIFIED.);
#261=B_SPLINE_CURVE_WITH_KNOTS('',3,(#10756,#10757,#10758,#10759,#10760,
#10761,#10762,#10763),.UNSPECIFIED.,.F.,.F.,(4,1,1,2,4),(0.0107876385231149,
0.542536993824694,0.813805490737042,1.35634248456174,1.40024946302695),
 .UNSPECIFIED.);
#262=B_SPLINE_CURVE_WITH_KNOTS('',3,(#10764,#10765,#10766,#10767,#10768,
#10769,#10770,#10771,#10772,#10773,#10774,#10775,#10776,#10777,#10778,#10779,
#10780,#10781,#10782,#10783,#10784,#10785,#10786,#10787,#10788,#10789,#10790,
#10791,#10792,#10793,#10794,#10795,#10796,#10797,#10798,#10799,#10800),
 .UNSPECIFIED.,.F.,.F.,(4,3,3,3,3,3,3,3,3,3,3,3,4),(-0.000328307979436523,
0.,0.010127798922718,0.0210537830698204,0.0319105165843444,0.0357986654634552,
0.0447518881310272,0.0495453434219411,0.0539720730258778,0.0571307626707733,
0.0575699689003026,0.0595419401780435,0.0610703927985953),.UNSPECIFIED.);
#263=B_SPLINE_CURVE_WITH_KNOTS('',3,(#10851,#10852,#10853,#10854,#10855,
#10856,#10857,#10858,#10859,#10860),.UNSPECIFIED.,.F.,.F.,(4,1,1,1,1,2,
4),(-7.17875533327512,-5.7430042666201,-4.30725319996507,-2.87150213331005,
-1.43575106665502,0.,1.18802016053544E-5),.UNSPECIFIED.);
#264=B_SPLINE_CURVE_WITH_KNOTS('',3,(#10861,#10862,#10863,#10864,#10865,
#10866,#10867,#10868,#10869,#10870),.UNSPECIFIED.,.F.,.F.,(4,2,1,1,1,1,
4),(-0.0439069784652096,0.,1.43575106665502,2.87150213331005,4.30725319996507,
5.7430042666201,7.16835950005722),.UNSPECIFIED.);
#265=B_SPLINE_CURVE_WITH_KNOTS('',3,(#10906,#10907,#10908,#10909,#10910,
#10911,#10912),.UNSPECIFIED.,.F.,.F.,(4,1,1,1,4),(-3.49880410093144,-2.49587522582938,
-1.49294635072732,-0.991481913176293,2.1922706843564E-7),.UNSPECIFIED.);
#266=B_SPLINE_CURVE_WITH_KNOTS('',3,(#10913,#10914,#10915,#10916,#10917,
#10918,#10919),.UNSPECIFIED.,.F.,.F.,(4,1,1,1,4),(-0.0114469619257648,0.991481913176293,
1.49294635072732,2.49587522582938,3.49101973449001),.UNSPECIFIED.);
#267=B_SPLINE_CURVE_WITH_KNOTS('',3,(#11259,#11260,#11261,#11262,#11263,
#11264),.UNSPECIFIED.,.F.,.F.,(4,2,4),(0.22,0.77,1.3),.UNSPECIFIED.);
#268=B_SPLINE_CURVE_WITH_KNOTS('',3,(#11286,#11287,#11288,#11289),
 .UNSPECIFIED.,.F.,.F.,(4,4),(0.,1.08000000009775),.UNSPECIFIED.);
#269=B_SPLINE_CURVE_WITH_KNOTS('',3,(#11293,#11294,#11295,#11296),
 .UNSPECIFIED.,.F.,.F.,(4,4),(-0.102221193479611,-0.0723035029401126),
 .UNSPECIFIED.);
#270=B_SPLINE_CURVE_WITH_KNOTS('',3,(#11318,#11319,#11320,#11321),
 .UNSPECIFIED.,.F.,.F.,(4,4),(-0.429289303473123,-0.0499999813735486),
 .UNSPECIFIED.);
#271=B_SPLINE_CURVE_WITH_KNOTS('',3,(#11323,#11324,#11325,#11326),
 .UNSPECIFIED.,.F.,.F.,(4,4),(-0.073915803295598,-0.0510177983324735),
 .UNSPECIFIED.);
#272=PLANE('',#3375);
#273=PLANE('',#3376);
#274=PLANE('',#3380);
#275=PLANE('',#3381);
#276=PLANE('',#3382);
#277=PLANE('',#3386);
#278=PLANE('',#3390);
#279=PLANE('',#3391);
#280=PLANE('',#3392);
#281=PLANE('',#3393);
#282=PLANE('',#3397);
#283=PLANE('',#3401);
#284=PLANE('',#3402);
#285=PLANE('',#3403);
#286=PLANE('',#3404);
#287=PLANE('',#3408);
#288=PLANE('',#3410);
#289=PLANE('',#3413);
#290=PLANE('',#3414);
#291=PLANE('',#3415);
#292=PLANE('',#3416);
#293=PLANE('',#3423);
#294=PLANE('',#3427);
#295=PLANE('',#3431);
#296=PLANE('',#3433);
#297=PLANE('',#3436);
#298=PLANE('',#3437);
#299=PLANE('',#3438);
#300=PLANE('',#3439);
#301=PLANE('',#3440);
#302=PLANE('',#3441);
#303=PLANE('',#3447);
#304=PLANE('',#3453);
#305=PLANE('',#3460);
#306=PLANE('',#3476);
#307=PLANE('',#3483);
#308=PLANE('',#3486);
#309=PLANE('',#3491);
#310=PLANE('',#3499);
#311=PLANE('',#3505);
#312=PLANE('',#3506);
#313=PLANE('',#3507);
#314=PLANE('',#3508);
#315=PLANE('',#3509);
#316=PLANE('',#3510);
#317=PLANE('',#3511);
#318=PLANE('',#3512);
#319=PLANE('',#3513);
#320=PLANE('',#3514);
#321=PLANE('',#3515);
#322=PLANE('',#3516);
#323=PLANE('',#3545);
#324=PLANE('',#3546);
#325=PLANE('',#3547);
#326=PLANE('',#3550);
#327=PLANE('',#3553);
#328=PLANE('',#3556);
#329=PLANE('',#3559);
#330=PLANE('',#3560);
#331=PLANE('',#3561);
#332=PLANE('',#3562);
#333=PLANE('',#3563);
#334=PLANE('',#3564);
#335=PLANE('',#3565);
#336=PLANE('',#3566);
#337=PLANE('',#3567);
#338=PLANE('',#3568);
#339=PLANE('',#3569);
#340=PLANE('',#3570);
#341=PLANE('',#3571);
#342=PLANE('',#3572);
#343=PLANE('',#3573);
#344=PLANE('',#3574);
#345=PLANE('',#3575);
#346=FACE_OUTER_BOUND('',#534,.T.);
#347=FACE_OUTER_BOUND('',#535,.T.);
#348=FACE_OUTER_BOUND('',#536,.T.);
#349=FACE_OUTER_BOUND('',#537,.T.);
#350=FACE_OUTER_BOUND('',#538,.T.);
#351=FACE_OUTER_BOUND('',#539,.T.);
#352=FACE_OUTER_BOUND('',#540,.T.);
#353=FACE_OUTER_BOUND('',#541,.T.);
#354=FACE_OUTER_BOUND('',#542,.T.);
#355=FACE_OUTER_BOUND('',#543,.T.);
#356=FACE_OUTER_BOUND('',#544,.T.);
#357=FACE_OUTER_BOUND('',#545,.T.);
#358=FACE_OUTER_BOUND('',#546,.T.);
#359=FACE_OUTER_BOUND('',#547,.T.);
#360=FACE_OUTER_BOUND('',#548,.T.);
#361=FACE_OUTER_BOUND('',#549,.T.);
#362=FACE_OUTER_BOUND('',#550,.T.);
#363=FACE_OUTER_BOUND('',#551,.T.);
#364=FACE_OUTER_BOUND('',#552,.T.);
#365=FACE_OUTER_BOUND('',#553,.T.);
#366=FACE_OUTER_BOUND('',#554,.T.);
#367=FACE_OUTER_BOUND('',#555,.T.);
#368=FACE_OUTER_BOUND('',#556,.T.);
#369=FACE_OUTER_BOUND('',#557,.T.);
#370=FACE_OUTER_BOUND('',#558,.T.);
#371=FACE_OUTER_BOUND('',#559,.T.);
#372=FACE_OUTER_BOUND('',#560,.T.);
#373=FACE_OUTER_BOUND('',#561,.T.);
#374=FACE_OUTER_BOUND('',#562,.T.);
#375=FACE_OUTER_BOUND('',#563,.T.);
#376=FACE_OUTER_BOUND('',#564,.T.);
#377=FACE_OUTER_BOUND('',#565,.T.);
#378=FACE_OUTER_BOUND('',#566,.T.);
#379=FACE_OUTER_BOUND('',#567,.T.);
#380=FACE_OUTER_BOUND('',#568,.T.);
#381=FACE_OUTER_BOUND('',#569,.T.);
#382=FACE_OUTER_BOUND('',#570,.T.);
#383=FACE_OUTER_BOUND('',#571,.T.);
#384=FACE_OUTER_BOUND('',#572,.T.);
#385=FACE_OUTER_BOUND('',#576,.T.);
#386=FACE_OUTER_BOUND('',#577,.T.);
#387=FACE_OUTER_BOUND('',#578,.T.);
#388=FACE_OUTER_BOUND('',#579,.T.);
#389=FACE_OUTER_BOUND('',#580,.T.);
#390=FACE_OUTER_BOUND('',#581,.T.);
#391=FACE_OUTER_BOUND('',#582,.T.);
#392=FACE_OUTER_BOUND('',#583,.T.);
#393=FACE_OUTER_BOUND('',#584,.T.);
#394=FACE_OUTER_BOUND('',#585,.T.);
#395=FACE_OUTER_BOUND('',#586,.T.);
#396=FACE_OUTER_BOUND('',#587,.T.);
#397=FACE_OUTER_BOUND('',#588,.T.);
#398=FACE_OUTER_BOUND('',#589,.T.);
#399=FACE_OUTER_BOUND('',#590,.T.);
#400=FACE_OUTER_BOUND('',#591,.T.);
#401=FACE_OUTER_BOUND('',#592,.T.);
#402=FACE_OUTER_BOUND('',#593,.T.);
#403=FACE_OUTER_BOUND('',#594,.T.);
#404=FACE_OUTER_BOUND('',#595,.T.);
#405=FACE_OUTER_BOUND('',#596,.T.);
#406=FACE_OUTER_BOUND('',#597,.T.);
#407=FACE_OUTER_BOUND('',#598,.T.);
#408=FACE_OUTER_BOUND('',#599,.T.);
#409=FACE_OUTER_BOUND('',#600,.T.);
#410=FACE_OUTER_BOUND('',#601,.T.);
#411=FACE_OUTER_BOUND('',#602,.T.);
#412=FACE_OUTER_BOUND('',#603,.T.);
#413=FACE_OUTER_BOUND('',#604,.T.);
#414=FACE_OUTER_BOUND('',#605,.T.);
#415=FACE_OUTER_BOUND('',#606,.T.);
#416=FACE_OUTER_BOUND('',#607,.T.);
#417=FACE_OUTER_BOUND('',#612,.T.);
#418=FACE_OUTER_BOUND('',#613,.T.);
#419=FACE_OUTER_BOUND('',#614,.T.);
#420=FACE_OUTER_BOUND('',#615,.T.);
#421=FACE_OUTER_BOUND('',#616,.T.);
#422=FACE_OUTER_BOUND('',#617,.T.);
#423=FACE_OUTER_BOUND('',#618,.T.);
#424=FACE_OUTER_BOUND('',#619,.T.);
#425=FACE_OUTER_BOUND('',#620,.T.);
#426=FACE_OUTER_BOUND('',#621,.T.);
#427=FACE_OUTER_BOUND('',#622,.T.);
#428=FACE_OUTER_BOUND('',#623,.T.);
#429=FACE_OUTER_BOUND('',#624,.T.);
#430=FACE_OUTER_BOUND('',#625,.T.);
#431=FACE_OUTER_BOUND('',#626,.T.);
#432=FACE_OUTER_BOUND('',#627,.T.);
#433=FACE_OUTER_BOUND('',#628,.T.);
#434=FACE_OUTER_BOUND('',#629,.T.);
#435=FACE_OUTER_BOUND('',#630,.T.);
#436=FACE_OUTER_BOUND('',#631,.T.);
#437=FACE_OUTER_BOUND('',#632,.T.);
#438=FACE_OUTER_BOUND('',#633,.T.);
#439=FACE_OUTER_BOUND('',#634,.T.);
#440=FACE_OUTER_BOUND('',#635,.T.);
#441=FACE_OUTER_BOUND('',#636,.T.);
#442=FACE_OUTER_BOUND('',#637,.T.);
#443=FACE_OUTER_BOUND('',#638,.T.);
#444=FACE_OUTER_BOUND('',#639,.T.);
#445=FACE_OUTER_BOUND('',#640,.T.);
#446=FACE_OUTER_BOUND('',#641,.T.);
#447=FACE_OUTER_BOUND('',#642,.T.);
#448=FACE_OUTER_BOUND('',#643,.T.);
#449=FACE_OUTER_BOUND('',#644,.T.);
#450=FACE_OUTER_BOUND('',#645,.T.);
#451=FACE_OUTER_BOUND('',#646,.T.);
#452=FACE_OUTER_BOUND('',#647,.T.);
#453=FACE_OUTER_BOUND('',#648,.T.);
#454=FACE_OUTER_BOUND('',#649,.T.);
#455=FACE_OUTER_BOUND('',#650,.T.);
#456=FACE_OUTER_BOUND('',#651,.T.);
#457=FACE_OUTER_BOUND('',#652,.T.);
#458=FACE_OUTER_BOUND('',#653,.T.);
#459=FACE_OUTER_BOUND('',#654,.T.);
#460=FACE_OUTER_BOUND('',#655,.T.);
#461=FACE_OUTER_BOUND('',#656,.T.);
#462=FACE_OUTER_BOUND('',#657,.T.);
#463=FACE_OUTER_BOUND('',#658,.T.);
#464=FACE_OUTER_BOUND('',#659,.T.);
#465=FACE_OUTER_BOUND('',#660,.T.);
#466=FACE_OUTER_BOUND('',#661,.T.);
#467=FACE_OUTER_BOUND('',#662,.T.);
#468=FACE_OUTER_BOUND('',#663,.T.);
#469=FACE_OUTER_BOUND('',#664,.T.);
#470=FACE_OUTER_BOUND('',#665,.T.);
#471=FACE_OUTER_BOUND('',#666,.T.);
#472=FACE_OUTER_BOUND('',#667,.T.);
#473=FACE_OUTER_BOUND('',#668,.T.);
#474=FACE_OUTER_BOUND('',#669,.T.);
#475=FACE_OUTER_BOUND('',#670,.T.);
#476=FACE_OUTER_BOUND('',#671,.T.);
#477=FACE_OUTER_BOUND('',#672,.T.);
#478=FACE_OUTER_BOUND('',#673,.T.);
#479=FACE_OUTER_BOUND('',#674,.T.);
#480=FACE_OUTER_BOUND('',#675,.T.);
#481=FACE_OUTER_BOUND('',#676,.T.);
#482=FACE_OUTER_BOUND('',#677,.T.);
#483=FACE_OUTER_BOUND('',#678,.T.);
#484=FACE_OUTER_BOUND('',#679,.T.);
#485=FACE_OUTER_BOUND('',#680,.T.);
#486=FACE_OUTER_BOUND('',#681,.T.);
#487=FACE_OUTER_BOUND('',#682,.T.);
#488=FACE_OUTER_BOUND('',#683,.T.);
#489=FACE_OUTER_BOUND('',#688,.T.);
#490=FACE_OUTER_BOUND('',#689,.T.);
#491=FACE_OUTER_BOUND('',#690,.T.);
#492=FACE_OUTER_BOUND('',#691,.T.);
#493=FACE_OUTER_BOUND('',#692,.T.);
#494=FACE_OUTER_BOUND('',#693,.T.);
#495=FACE_OUTER_BOUND('',#694,.T.);
#496=FACE_OUTER_BOUND('',#695,.T.);
#497=FACE_OUTER_BOUND('',#696,.T.);
#498=FACE_OUTER_BOUND('',#697,.T.);
#499=FACE_OUTER_BOUND('',#698,.T.);
#500=FACE_OUTER_BOUND('',#699,.T.);
#501=FACE_OUTER_BOUND('',#700,.T.);
#502=FACE_OUTER_BOUND('',#701,.T.);
#503=FACE_OUTER_BOUND('',#703,.T.);
#504=FACE_OUTER_BOUND('',#704,.T.);
#505=FACE_OUTER_BOUND('',#706,.T.);
#506=FACE_OUTER_BOUND('',#707,.T.);
#507=FACE_OUTER_BOUND('',#709,.T.);
#508=FACE_OUTER_BOUND('',#710,.T.);
#509=FACE_OUTER_BOUND('',#712,.T.);
#510=FACE_OUTER_BOUND('',#713,.T.);
#511=FACE_OUTER_BOUND('',#714,.T.);
#512=FACE_OUTER_BOUND('',#715,.T.);
#513=FACE_OUTER_BOUND('',#716,.T.);
#514=FACE_OUTER_BOUND('',#717,.T.);
#515=FACE_OUTER_BOUND('',#718,.T.);
#516=FACE_OUTER_BOUND('',#719,.T.);
#517=FACE_OUTER_BOUND('',#720,.T.);
#518=FACE_OUTER_BOUND('',#721,.T.);
#519=FACE_OUTER_BOUND('',#722,.T.);
#520=FACE_OUTER_BOUND('',#723,.T.);
#521=FACE_OUTER_BOUND('',#724,.T.);
#522=FACE_OUTER_BOUND('',#725,.T.);
#523=FACE_OUTER_BOUND('',#726,.T.);
#524=FACE_OUTER_BOUND('',#727,.T.);
#525=FACE_OUTER_BOUND('',#728,.T.);
#526=FACE_OUTER_BOUND('',#729,.T.);
#527=FACE_OUTER_BOUND('',#730,.T.);
#528=FACE_OUTER_BOUND('',#731,.T.);
#529=FACE_OUTER_BOUND('',#732,.T.);
#530=FACE_OUTER_BOUND('',#733,.T.);
#531=FACE_OUTER_BOUND('',#734,.T.);
#532=FACE_OUTER_BOUND('',#735,.T.);
#533=FACE_OUTER_BOUND('',#736,.T.);
#534=EDGE_LOOP('',(#2147,#2148,#2149,#2150));
#535=EDGE_LOOP('',(#2151,#2152,#2153,#2154));
#536=EDGE_LOOP('',(#2155,#2156,#2157,#2158,#2159,#2160));
#537=EDGE_LOOP('',(#2161,#2162,#2163,#2164));
#538=EDGE_LOOP('',(#2165,#2166,#2167,#2168));
#539=EDGE_LOOP('',(#2169,#2170,#2171,#2172));
#540=EDGE_LOOP('',(#2173,#2174,#2175,#2176,#2177,#2178,#2179,#2180,#2181));
#541=EDGE_LOOP('',(#2182,#2183,#2184,#2185));
#542=EDGE_LOOP('',(#2186,#2187,#2188,#2189));
#543=EDGE_LOOP('',(#2190,#2191,#2192,#2193));
#544=EDGE_LOOP('',(#2194,#2195,#2196,#2197));
#545=EDGE_LOOP('',(#2198,#2199,#2200,#2201));
#546=EDGE_LOOP('',(#2202,#2203,#2204,#2205,#2206,#2207));
#547=EDGE_LOOP('',(#2208,#2209,#2210,#2211,#2212,#2213,#2214,#2215));
#548=EDGE_LOOP('',(#2216,#2217,#2218,#2219));
#549=EDGE_LOOP('',(#2220,#2221,#2222,#2223));
#550=EDGE_LOOP('',(#2224,#2225,#2226,#2227));
#551=EDGE_LOOP('',(#2228,#2229,#2230,#2231));
#552=EDGE_LOOP('',(#2232,#2233,#2234,#2235));
#553=EDGE_LOOP('',(#2236,#2237,#2238,#2239,#2240,#2241));
#554=EDGE_LOOP('',(#2242,#2243,#2244,#2245,#2246,#2247,#2248,#2249));
#555=EDGE_LOOP('',(#2250,#2251,#2252,#2253));
#556=EDGE_LOOP('',(#2254,#2255,#2256,#2257,#2258,#2259));
#557=EDGE_LOOP('',(#2260,#2261,#2262,#2263));
#558=EDGE_LOOP('',(#2264,#2265,#2266,#2267));
#559=EDGE_LOOP('',(#2268,#2269,#2270,#2271));
#560=EDGE_LOOP('',(#2272,#2273,#2274,#2275));
#561=EDGE_LOOP('',(#2276,#2277,#2278,#2279,#2280,#2281,#2282,#2283));
#562=EDGE_LOOP('',(#2284,#2285,#2286,#2287,#2288,#2289,#2290,#2291,#2292,
#2293));
#563=EDGE_LOOP('',(#2294,#2295,#2296,#2297));
#564=EDGE_LOOP('',(#2298,#2299,#2300,#2301));
#565=EDGE_LOOP('',(#2302,#2303,#2304,#2305));
#566=EDGE_LOOP('',(#2306,#2307,#2308,#2309,#2310));
#567=EDGE_LOOP('',(#2311,#2312,#2313,#2314,#2315,#2316));
#568=EDGE_LOOP('',(#2317,#2318,#2319,#2320));
#569=EDGE_LOOP('',(#2321,#2322,#2323,#2324,#2325,#2326));
#570=EDGE_LOOP('',(#2327,#2328,#2329,#2330));
#571=EDGE_LOOP('',(#2331,#2332,#2333,#2334));
#572=EDGE_LOOP('',(#2335,#2336,#2337,#2338,#2339,#2340,#2341,#2342,#2343,
#2344,#2345,#2346,#2347,#2348,#2349,#2350,#2351,#2352,#2353,#2354,#2355,
#2356,#2357,#2358,#2359,#2360,#2361,#2362,#2363,#2364,#2365,#2366,#2367,
#2368,#2369,#2370,#2371,#2372,#2373,#2374,#2375,#2376,#2377,#2378,#2379,
#2380,#2381,#2382,#2383,#2384,#2385,#2386,#2387,#2388,#2389,#2390,#2391,
#2392,#2393,#2394,#2395,#2396,#2397,#2398,#2399,#2400,#2401,#2402,#2403,
#2404,#2405,#2406,#2407,#2408));
#573=EDGE_LOOP('',(#2409,#2410,#2411,#2412,#2413,#2414,#2415,#2416,#2417));
#574=EDGE_LOOP('',(#2418,#2419,#2420));
#575=EDGE_LOOP('',(#2421,#2422,#2423,#2424,#2425,#2426));
#576=EDGE_LOOP('',(#2427,#2428,#2429,#2430));
#577=EDGE_LOOP('',(#2431,#2432,#2433,#2434,#2435,#2436));
#578=EDGE_LOOP('',(#2437,#2438,#2439,#2440));
#579=EDGE_LOOP('',(#2441,#2442,#2443,#2444));
#580=EDGE_LOOP('',(#2445,#2446,#2447,#2448));
#581=EDGE_LOOP('',(#2449,#2450,#2451,#2452));
#582=EDGE_LOOP('',(#2453,#2454,#2455,#2456));
#583=EDGE_LOOP('',(#2457,#2458,#2459,#2460));
#584=EDGE_LOOP('',(#2461,#2462,#2463,#2464,#2465));
#585=EDGE_LOOP('',(#2466,#2467,#2468,#2469));
#586=EDGE_LOOP('',(#2470,#2471,#2472,#2473));
#587=EDGE_LOOP('',(#2474,#2475,#2476,#2477,#2478,#2479));
#588=EDGE_LOOP('',(#2480,#2481,#2482));
#589=EDGE_LOOP('',(#2483,#2484,#2485,#2486));
#590=EDGE_LOOP('',(#2487,#2488,#2489,#2490));
#591=EDGE_LOOP('',(#2491,#2492,#2493,#2494));
#592=EDGE_LOOP('',(#2495,#2496,#2497,#2498,#2499,#2500));
#593=EDGE_LOOP('',(#2501,#2502,#2503,#2504));
#594=EDGE_LOOP('',(#2505,#2506,#2507));
#595=EDGE_LOOP('',(#2508,#2509,#2510,#2511));
#596=EDGE_LOOP('',(#2512,#2513,#2514,#2515));
#597=EDGE_LOOP('',(#2516,#2517,#2518,#2519));
#598=EDGE_LOOP('',(#2520,#2521,#2522,#2523));
#599=EDGE_LOOP('',(#2524,#2525,#2526));
#600=EDGE_LOOP('',(#2527,#2528,#2529,#2530));
#601=EDGE_LOOP('',(#2531,#2532,#2533,#2534,#2535,#2536,#2537,#2538,#2539,
#2540,#2541));
#602=EDGE_LOOP('',(#2542,#2543,#2544,#2545));
#603=EDGE_LOOP('',(#2546,#2547,#2548,#2549));
#604=EDGE_LOOP('',(#2550,#2551,#2552));
#605=EDGE_LOOP('',(#2553,#2554,#2555));
#606=EDGE_LOOP('',(#2556,#2557,#2558,#2559));
#607=EDGE_LOOP('',(#2560,#2561,#2562,#2563,#2564,#2565,#2566,#2567,#2568,
#2569,#2570,#2571,#2572,#2573,#2574,#2575,#2576,#2577,#2578,#2579,#2580,
#2581,#2582,#2583,#2584,#2585,#2586,#2587,#2588,#2589,#2590,#2591,#2592,
#2593,#2594,#2595,#2596,#2597,#2598,#2599));
#608=EDGE_LOOP('',(#2600));
#609=EDGE_LOOP('',(#2601));
#610=EDGE_LOOP('',(#2602));
#611=EDGE_LOOP('',(#2603));
#612=EDGE_LOOP('',(#2604,#2605,#2606,#2607));
#613=EDGE_LOOP('',(#2608,#2609,#2610,#2611));
#614=EDGE_LOOP('',(#2612,#2613,#2614,#2615));
#615=EDGE_LOOP('',(#2616,#2617,#2618,#2619));
#616=EDGE_LOOP('',(#2620,#2621,#2622,#2623));
#617=EDGE_LOOP('',(#2624,#2625,#2626,#2627));
#618=EDGE_LOOP('',(#2628,#2629,#2630,#2631));
#619=EDGE_LOOP('',(#2632,#2633,#2634,#2635));
#620=EDGE_LOOP('',(#2636,#2637,#2638,#2639,#2640,#2641,#2642,#2643,#2644));
#621=EDGE_LOOP('',(#2645,#2646,#2647,#2648));
#622=EDGE_LOOP('',(#2649,#2650,#2651,#2652));
#623=EDGE_LOOP('',(#2653,#2654,#2655,#2656));
#624=EDGE_LOOP('',(#2657,#2658,#2659,#2660));
#625=EDGE_LOOP('',(#2661,#2662,#2663,#2664,#2665));
#626=EDGE_LOOP('',(#2666,#2667,#2668,#2669));
#627=EDGE_LOOP('',(#2670,#2671,#2672,#2673));
#628=EDGE_LOOP('',(#2674,#2675,#2676,#2677));
#629=EDGE_LOOP('',(#2678,#2679,#2680,#2681));
#630=EDGE_LOOP('',(#2682,#2683,#2684,#2685));
#631=EDGE_LOOP('',(#2686,#2687,#2688,#2689));
#632=EDGE_LOOP('',(#2690,#2691,#2692,#2693));
#633=EDGE_LOOP('',(#2694,#2695,#2696,#2697));
#634=EDGE_LOOP('',(#2698,#2699,#2700,#2701));
#635=EDGE_LOOP('',(#2702,#2703,#2704,#2705));
#636=EDGE_LOOP('',(#2706,#2707,#2708,#2709));
#637=EDGE_LOOP('',(#2710,#2711,#2712,#2713));
#638=EDGE_LOOP('',(#2714,#2715,#2716,#2717,#2718,#2719,#2720,#2721,#2722));
#639=EDGE_LOOP('',(#2723,#2724,#2725,#2726));
#640=EDGE_LOOP('',(#2727,#2728,#2729,#2730));
#641=EDGE_LOOP('',(#2731,#2732,#2733,#2734));
#642=EDGE_LOOP('',(#2735,#2736,#2737,#2738));
#643=EDGE_LOOP('',(#2739,#2740,#2741,#2742));
#644=EDGE_LOOP('',(#2743,#2744,#2745,#2746));
#645=EDGE_LOOP('',(#2747,#2748,#2749,#2750,#2751,#2752));
#646=EDGE_LOOP('',(#2753,#2754,#2755,#2756));
#647=EDGE_LOOP('',(#2757,#2758,#2759,#2760));
#648=EDGE_LOOP('',(#2761,#2762,#2763,#2764));
#649=EDGE_LOOP('',(#2765,#2766,#2767));
#650=EDGE_LOOP('',(#2768,#2769,#2770,#2771));
#651=EDGE_LOOP('',(#2772,#2773,#2774,#2775));
#652=EDGE_LOOP('',(#2776,#2777,#2778,#2779));
#653=EDGE_LOOP('',(#2780,#2781,#2782,#2783));
#654=EDGE_LOOP('',(#2784,#2785,#2786,#2787));
#655=EDGE_LOOP('',(#2788,#2789,#2790,#2791));
#656=EDGE_LOOP('',(#2792,#2793,#2794,#2795));
#657=EDGE_LOOP('',(#2796,#2797,#2798,#2799));
#658=EDGE_LOOP('',(#2800,#2801,#2802,#2803));
#659=EDGE_LOOP('',(#2804,#2805,#2806,#2807,#2808,#2809,#2810,#2811,#2812));
#660=EDGE_LOOP('',(#2813,#2814,#2815,#2816));
#661=EDGE_LOOP('',(#2817,#2818,#2819,#2820));
#662=EDGE_LOOP('',(#2821,#2822,#2823,#2824));
#663=EDGE_LOOP('',(#2825,#2826,#2827,#2828));
#664=EDGE_LOOP('',(#2829,#2830,#2831,#2832));
#665=EDGE_LOOP('',(#2833,#2834,#2835,#2836));
#666=EDGE_LOOP('',(#2837,#2838,#2839,#2840));
#667=EDGE_LOOP('',(#2841,#2842,#2843,#2844));
#668=EDGE_LOOP('',(#2845,#2846,#2847,#2848));
#669=EDGE_LOOP('',(#2849,#2850,#2851,#2852));
#670=EDGE_LOOP('',(#2853,#2854,#2855,#2856));
#671=EDGE_LOOP('',(#2857,#2858,#2859,#2860));
#672=EDGE_LOOP('',(#2861,#2862,#2863,#2864));
#673=EDGE_LOOP('',(#2865,#2866,#2867,#2868));
#674=EDGE_LOOP('',(#2869,#2870,#2871,#2872));
#675=EDGE_LOOP('',(#2873,#2874,#2875,#2876));
#676=EDGE_LOOP('',(#2877,#2878,#2879,#2880));
#677=EDGE_LOOP('',(#2881,#2882,#2883,#2884));
#678=EDGE_LOOP('',(#2885,#2886,#2887,#2888));
#679=EDGE_LOOP('',(#2889,#2890,#2891,#2892));
#680=EDGE_LOOP('',(#2893,#2894,#2895,#2896));
#681=EDGE_LOOP('',(#2897,#2898,#2899,#2900));
#682=EDGE_LOOP('',(#2901,#2902,#2903,#2904));
#683=EDGE_LOOP('',(#2905,#2906,#2907,#2908,#2909,#2910,#2911,#2912,#2913,
#2914,#2915,#2916,#2917,#2918,#2919));
#684=EDGE_LOOP('',(#2920));
#685=EDGE_LOOP('',(#2921));
#686=EDGE_LOOP('',(#2922));
#687=EDGE_LOOP('',(#2923));
#688=EDGE_LOOP('',(#2924,#2925,#2926,#2927,#2928));
#689=EDGE_LOOP('',(#2929,#2930,#2931,#2932,#2933));
#690=EDGE_LOOP('',(#2934,#2935,#2936,#2937,#2938));
#691=EDGE_LOOP('',(#2939,#2940,#2941,#2942,#2943));
#692=EDGE_LOOP('',(#2944,#2945,#2946,#2947,#2948));
#693=EDGE_LOOP('',(#2949,#2950,#2951,#2952,#2953));
#694=EDGE_LOOP('',(#2954,#2955,#2956,#2957,#2958));
#695=EDGE_LOOP('',(#2959,#2960,#2961,#2962,#2963));
#696=EDGE_LOOP('',(#2964,#2965,#2966,#2967,#2968,#2969));
#697=EDGE_LOOP('',(#2970,#2971,#2972,#2973));
#698=EDGE_LOOP('',(#2974,#2975,#2976,#2977,#2978,#2979,#2980,#2981));
#699=EDGE_LOOP('',(#2982,#2983,#2984,#2985,#2986));
#700=EDGE_LOOP('',(#2987,#2988,#2989,#2990));
#701=EDGE_LOOP('',(#2991));
#702=EDGE_LOOP('',(#2992));
#703=EDGE_LOOP('',(#2993,#2994,#2995,#2996));
#704=EDGE_LOOP('',(#2997));
#705=EDGE_LOOP('',(#2998));
#706=EDGE_LOOP('',(#2999,#3000,#3001,#3002));
#707=EDGE_LOOP('',(#3003));
#708=EDGE_LOOP('',(#3004));
#709=EDGE_LOOP('',(#3005,#3006,#3007,#3008));
#710=EDGE_LOOP('',(#3009));
#711=EDGE_LOOP('',(#3010));
#712=EDGE_LOOP('',(#3011,#3012,#3013,#3014,#3015,#3016));
#713=EDGE_LOOP('',(#3017,#3018,#3019,#3020));
#714=EDGE_LOOP('',(#3021,#3022,#3023,#3024,#3025,#3026,#3027,#3028,#3029,
#3030,#3031,#3032,#3033,#3034,#3035,#3036,#3037,#3038));
#715=EDGE_LOOP('',(#3039,#3040,#3041,#3042));
#716=EDGE_LOOP('',(#3043,#3044,#3045,#3046));
#717=EDGE_LOOP('',(#3047,#3048,#3049,#3050));
#718=EDGE_LOOP('',(#3051,#3052,#3053,#3054,#3055,#3056,#3057,#3058));
#719=EDGE_LOOP('',(#3059,#3060,#3061,#3062));
#720=EDGE_LOOP('',(#3063,#3064,#3065,#3066));
#721=EDGE_LOOP('',(#3067,#3068,#3069,#3070,#3071));
#722=EDGE_LOOP('',(#3072,#3073,#3074,#3075));
#723=EDGE_LOOP('',(#3076,#3077,#3078,#3079,#3080));
#724=EDGE_LOOP('',(#3081,#3082,#3083,#3084,#3085,#3086,#3087,#3088,#3089));
#725=EDGE_LOOP('',(#3090,#3091,#3092,#3093));
#726=EDGE_LOOP('',(#3094,#3095,#3096,#3097));
#727=EDGE_LOOP('',(#3098,#3099,#3100,#3101));
#728=EDGE_LOOP('',(#3102,#3103,#3104,#3105));
#729=EDGE_LOOP('',(#3106,#3107,#3108,#3109,#3110));
#730=EDGE_LOOP('',(#3111,#3112,#3113,#3114,#3115,#3116));
#731=EDGE_LOOP('',(#3117,#3118,#3119,#3120));
#732=EDGE_LOOP('',(#3121,#3122,#3123,#3124));
#733=EDGE_LOOP('',(#3125,#3126,#3127,#3128));
#734=EDGE_LOOP('',(#3129,#3130,#3131,#3132,#3133));
#735=EDGE_LOOP('',(#3134,#3135,#3136,#3137));
#736=EDGE_LOOP('',(#3138,#3139,#3140,#3141,#3142));
#737=LINE('',#4254,#999);
#738=LINE('',#4257,#1000);
#739=LINE('',#4260,#1001);
#740=LINE('',#4262,#1002);
#741=LINE('',#4263,#1003);
#742=LINE('',#4266,#1004);
#743=LINE('',#4268,#1005);
#744=LINE('',#4270,#1006);
#745=LINE('',#4274,#1007);
#746=LINE('',#4278,#1008);
#747=LINE('',#4279,#1009);
#748=LINE('',#4282,#1010);
#749=LINE('',#4283,#1011);
#750=LINE('',#4286,#1012);
#751=LINE('',#4288,#1013);
#752=LINE('',#4290,#1014);
#753=LINE('',#4292,#1015);
#754=LINE('',#4294,#1016);
#755=LINE('',#4295,#1017);
#756=LINE('',#4301,#1018);
#757=LINE('',#4304,#1019);
#758=LINE('',#4307,#1020);
#759=LINE('',#4309,#1021);
#760=LINE('',#4310,#1022);
#761=LINE('',#4316,#1023);
#762=LINE('',#4319,#1024);
#763=LINE('',#4321,#1025);
#764=LINE('',#4322,#1026);
#765=LINE('',#4325,#1027);
#766=LINE('',#4327,#1028);
#767=LINE('',#4328,#1029);
#768=LINE('',#4330,#1030);
#769=LINE('',#4333,#1031);
#770=LINE('',#4335,#1032);
#771=LINE('',#4337,#1033);
#772=LINE('',#4339,#1034);
#773=LINE('',#4340,#1035);
#774=LINE('',#4346,#1036);
#775=LINE('',#4349,#1037);
#776=LINE('',#4352,#1038);
#777=LINE('',#4354,#1039);
#778=LINE('',#4355,#1040);
#779=LINE('',#4361,#1041);
#780=LINE('',#4364,#1042);
#781=LINE('',#4366,#1043);
#782=LINE('',#4367,#1044);
#783=LINE('',#4370,#1045);
#784=LINE('',#4372,#1046);
#785=LINE('',#4373,#1047);
#786=LINE('',#4375,#1048);
#787=LINE('',#4378,#1049);
#788=LINE('',#4380,#1050);
#789=LINE('',#4382,#1051);
#790=LINE('',#4384,#1052);
#791=LINE('',#4385,#1053);
#792=LINE('',#4391,#1054);
#793=LINE('',#4394,#1055);
#794=LINE('',#4397,#1056);
#795=LINE('',#4401,#1057);
#796=LINE('',#4403,#1058);
#797=LINE('',#4404,#1059);
#798=LINE('',#4407,#1060);
#799=LINE('',#4408,#1061);
#800=LINE('',#4412,#1062);
#801=LINE('',#4415,#1063);
#802=LINE('',#4416,#1064);
#803=LINE('',#4419,#1065);
#804=LINE('',#4420,#1066);
#805=LINE('',#4423,#1067);
#806=LINE('',#4425,#1068);
#807=LINE('',#4427,#1069);
#808=LINE('',#4429,#1070);
#809=LINE('',#4430,#1071);
#810=LINE('',#4436,#1072);
#811=LINE('',#4438,#1073);
#812=LINE('',#4440,#1074);
#813=LINE('',#4442,#1075);
#814=LINE('',#4444,#1076);
#815=LINE('',#4446,#1077);
#816=LINE('',#4456,#1078);
#817=LINE('',#4457,#1079);
#818=LINE('',#4460,#1080);
#819=LINE('',#4463,#1081);
#820=LINE('',#4469,#1082);
#821=LINE('',#4472,#1083);
#822=LINE('',#4475,#1084);
#823=LINE('',#4477,#1085);
#824=LINE('',#4478,#1086);
#825=LINE('',#4484,#1087);
#826=LINE('',#4485,#1088);
#827=LINE('',#4488,#1089);
#828=LINE('',#4489,#1090);
#829=LINE('',#4495,#1091);
#830=LINE('',#4498,#1092);
#831=LINE('',#4501,#1093);
#832=LINE('',#4504,#1094);
#833=LINE('',#4506,#1095);
#834=LINE('',#4507,#1096);
#835=LINE('',#4510,#1097);
#836=LINE('',#4511,#1098);
#837=LINE('',#4515,#1099);
#838=LINE('',#4517,#1100);
#839=LINE('',#4519,#1101);
#840=LINE('',#4521,#1102);
#841=LINE('',#4523,#1103);
#842=LINE('',#4525,#1104);
#843=LINE('',#4527,#1105);
#844=LINE('',#4529,#1106);
#845=LINE('',#4531,#1107);
#846=LINE('',#4533,#1108);
#847=LINE('',#4535,#1109);
#848=LINE('',#4573,#1110);
#849=LINE('',#4690,#1111);
#850=LINE('',#4692,#1112);
#851=LINE('',#4698,#1113);
#852=LINE('',#4699,#1114);
#853=LINE('',#4701,#1115);
#854=LINE('',#4777,#1116);
#855=LINE('',#4779,#1117);
#856=LINE('',#4781,#1118);
#857=LINE('',#4783,#1119);
#858=LINE('',#4785,#1120);
#859=LINE('',#4864,#1121);
#860=LINE('',#4866,#1122);
#861=LINE('',#4867,#1123);
#862=LINE('',#4870,#1124);
#863=LINE('',#4925,#1125);
#864=LINE('',#5011,#1126);
#865=LINE('',#5151,#1127);
#866=LINE('',#5152,#1128);
#867=LINE('',#5154,#1129);
#868=LINE('',#5156,#1130);
#869=LINE('',#5160,#1131);
#870=LINE('',#5161,#1132);
#871=LINE('',#5167,#1133);
#872=LINE('',#5179,#1134);
#873=LINE('',#5230,#1135);
#874=LINE('',#5238,#1136);
#875=LINE('',#5246,#1137);
#876=LINE('',#5253,#1138);
#877=LINE('',#5265,#1139);
#878=LINE('',#5321,#1140);
#879=LINE('',#5324,#1141);
#880=LINE('',#5402,#1142);
#881=LINE('',#5403,#1143);
#882=LINE('',#5406,#1144);
#883=LINE('',#5408,#1145);
#884=LINE('',#5414,#1146);
#885=LINE('',#5424,#1147);
#886=LINE('',#5425,#1148);
#887=LINE('',#5508,#1149);
#888=LINE('',#5511,#1150);
#889=LINE('',#5516,#1151);
#890=LINE('',#5519,#1152);
#891=LINE('',#5524,#1153);
#892=LINE('',#5527,#1154);
#893=LINE('',#5529,#1155);
#894=LINE('',#5530,#1156);
#895=LINE('',#5531,#1157);
#896=LINE('',#5534,#1158);
#897=LINE('',#5537,#1159);
#898=LINE('',#5567,#1160);
#899=LINE('',#5569,#1161);
#900=LINE('',#5574,#1162);
#901=LINE('',#5575,#1163);
#902=LINE('',#5578,#1164);
#903=LINE('',#5581,#1165);
#904=LINE('',#5583,#1166);
#905=LINE('',#5585,#1167);
#906=LINE('',#5587,#1168);
#907=LINE('',#5589,#1169);
#908=LINE('',#5591,#1170);
#909=LINE('',#5593,#1171);
#910=LINE('',#5595,#1172);
#911=LINE('',#5597,#1173);
#912=LINE('',#5599,#1174);
#913=LINE('',#5601,#1175);
#914=LINE('',#5602,#1176);
#915=LINE('',#5611,#1177);
#916=LINE('',#5613,#1178);
#917=LINE('',#5620,#1179);
#918=LINE('',#5904,#1180);
#919=LINE('',#5908,#1181);
#920=LINE('',#5958,#1182);
#921=LINE('',#5960,#1183);
#922=LINE('',#5963,#1184);
#923=LINE('',#5969,#1185);
#924=LINE('',#5971,#1186);
#925=LINE('',#5973,#1187);
#926=LINE('',#5974,#1188);
#927=LINE('',#6016,#1189);
#928=LINE('',#6068,#1190);
#929=LINE('',#6115,#1191);
#930=LINE('',#6223,#1192);
#931=LINE('',#6240,#1193);
#932=LINE('',#6312,#1194);
#933=LINE('',#6399,#1195);
#934=LINE('',#6426,#1196);
#935=LINE('',#6458,#1197);
#936=LINE('',#6475,#1198);
#937=LINE('',#6507,#1199);
#938=LINE('',#6554,#1200);
#939=LINE('',#6621,#1201);
#940=LINE('',#6678,#1202);
#941=LINE('',#6745,#1203);
#942=LINE('',#6773,#1204);
#943=LINE('',#6855,#1205);
#944=LINE('',#6892,#1206);
#945=LINE('',#6924,#1207);
#946=LINE('',#6941,#1208);
#947=LINE('',#6973,#1209);
#948=LINE('',#7020,#1210);
#949=LINE('',#7067,#1211);
#950=LINE('',#7114,#1212);
#951=LINE('',#7178,#1213);
#952=LINE('',#7190,#1214);
#953=LINE('',#7242,#1215);
#954=LINE('',#7316,#1216);
#955=LINE('',#7328,#1217);
#956=LINE('',#7360,#1218);
#957=LINE('',#7407,#1219);
#958=LINE('',#7454,#1220);
#959=LINE('',#7541,#1221);
#960=LINE('',#7579,#1222);
#961=LINE('',#7631,#1223);
#962=LINE('',#7683,#1224);
#963=LINE('',#10970,#1225);
#964=LINE('',#10971,#1226);
#965=LINE('',#11012,#1227);
#966=LINE('',#11043,#1228);
#967=LINE('',#11074,#1229);
#968=LINE('',#11105,#1230);
#969=LINE('',#11136,#1231);
#970=LINE('',#11177,#1232);
#971=LINE('',#11208,#1233);
#972=LINE('',#11226,#1234);
#973=LINE('',#11236,#1235);
#974=LINE('',#11246,#1236);
#975=LINE('',#11256,#1237);
#976=LINE('',#11265,#1238);
#977=LINE('',#11291,#1239);
#978=LINE('',#11299,#1240);
#979=LINE('',#11304,#1241);
#980=LINE('',#11309,#1242);
#981=LINE('',#11314,#1243);
#982=LINE('',#11353,#1244);
#983=LINE('',#11355,#1245);
#984=LINE('',#11356,#1246);
#985=LINE('',#11358,#1247);
#986=LINE('',#11360,#1248);
#987=LINE('',#11364,#1249);
#988=LINE('',#11442,#1250);
#989=LINE('',#11455,#1251);
#990=LINE('',#11458,#1252);
#991=LINE('',#11460,#1253);
#992=LINE('',#11462,#1254);
#993=LINE('',#11465,#1255);
#994=LINE('',#11498,#1256);
#995=LINE('',#11529,#1257);
#996=LINE('',#11570,#1258);
#997=LINE('',#11601,#1259);
#998=LINE('',#11624,#1260);
#999=VECTOR('',#3582,10.);
#1000=VECTOR('',#3585,10.);
#1001=VECTOR('',#3588,10.);
#1002=VECTOR('',#3589,10.);
#1003=VECTOR('',#3590,10.);
#1004=VECTOR('',#3593,10.);
#1005=VECTOR('',#3594,10.);
#1006=VECTOR('',#3595,10.);
#1007=VECTOR('',#3600,10.);
#1008=VECTOR('',#3605,10.);
#1009=VECTOR('',#3606,10.);
#1010=VECTOR('',#3609,10.);
#1011=VECTOR('',#3610,10.);
#1012=VECTOR('',#3613,10.);
#1013=VECTOR('',#3614,10.);
#1014=VECTOR('',#3615,10.);
#1015=VECTOR('',#3616,10.);
#1016=VECTOR('',#3617,10.);
#1017=VECTOR('',#3618,10.);
#1018=VECTOR('',#3623,10.);
#1019=VECTOR('',#3626,10.);
#1020=VECTOR('',#3629,10.);
#1021=VECTOR('',#3630,10.);
#1022=VECTOR('',#3631,10.);
#1023=VECTOR('',#3636,10.);
#1024=VECTOR('',#3639,10.);
#1025=VECTOR('',#3642,10.);
#1026=VECTOR('',#3643,10.);
#1027=VECTOR('',#3646,10.);
#1028=VECTOR('',#3647,10.);
#1029=VECTOR('',#3648,10.);
#1030=VECTOR('',#3651,10.);
#1031=VECTOR('',#3654,10.);
#1032=VECTOR('',#3655,10.);
#1033=VECTOR('',#3656,10.);
#1034=VECTOR('',#3657,10.);
#1035=VECTOR('',#3658,10.);
#1036=VECTOR('',#3663,10.);
#1037=VECTOR('',#3666,10.);
#1038=VECTOR('',#3669,10.);
#1039=VECTOR('',#3670,10.);
#1040=VECTOR('',#3671,10.);
#1041=VECTOR('',#3676,10.);
#1042=VECTOR('',#3679,10.);
#1043=VECTOR('',#3682,10.);
#1044=VECTOR('',#3683,10.);
#1045=VECTOR('',#3686,10.);
#1046=VECTOR('',#3687,10.);
#1047=VECTOR('',#3688,10.);
#1048=VECTOR('',#3691,10.);
#1049=VECTOR('',#3694,10.);
#1050=VECTOR('',#3695,10.);
#1051=VECTOR('',#3696,10.);
#1052=VECTOR('',#3697,10.);
#1053=VECTOR('',#3698,10.);
#1054=VECTOR('',#3703,10.);
#1055=VECTOR('',#3706,10.);
#1056=VECTOR('',#3709,10.);
#1057=VECTOR('',#3712,10.);
#1058=VECTOR('',#3713,10.);
#1059=VECTOR('',#3714,10.);
#1060=VECTOR('',#3717,10.);
#1061=VECTOR('',#3718,10.);
#1062=VECTOR('',#3723,10.);
#1063=VECTOR('',#3726,10.);
#1064=VECTOR('',#3727,10.);
#1065=VECTOR('',#3730,10.);
#1066=VECTOR('',#3731,10.);
#1067=VECTOR('',#3734,10.);
#1068=VECTOR('',#3735,10.);
#1069=VECTOR('',#3736,10.);
#1070=VECTOR('',#3737,10.);
#1071=VECTOR('',#3738,10.);
#1072=VECTOR('',#3743,10.);
#1073=VECTOR('',#3744,10.);
#1074=VECTOR('',#3745,10.);
#1075=VECTOR('',#3746,10.);
#1076=VECTOR('',#3747,10.);
#1077=VECTOR('',#3748,10.);
#1078=VECTOR('',#3749,10.);
#1079=VECTOR('',#3750,10.);
#1080=VECTOR('',#3753,3.);
#1081=VECTOR('',#3756,10.);
#1082=VECTOR('',#3761,10.);
#1083=VECTOR('',#3764,10.);
#1084=VECTOR('',#3767,10.);
#1085=VECTOR('',#3768,10.);
#1086=VECTOR('',#3769,10.);
#1087=VECTOR('',#3776,10.);
#1088=VECTOR('',#3777,10.);
#1089=VECTOR('',#3780,10.);
#1090=VECTOR('',#3781,10.);
#1091=VECTOR('',#3786,10.);
#1092=VECTOR('',#3789,10.);
#1093=VECTOR('',#3792,10.);
#1094=VECTOR('',#3795,10.);
#1095=VECTOR('',#3796,10.);
#1096=VECTOR('',#3797,10.);
#1097=VECTOR('',#3800,10.);
#1098=VECTOR('',#3801,10.);
#1099=VECTOR('',#3806,10.);
#1100=VECTOR('',#3809,10.);
#1101=VECTOR('',#3810,10.);
#1102=VECTOR('',#3811,10.);
#1103=VECTOR('',#3812,10.);
#1104=VECTOR('',#3813,10.);
#1105=VECTOR('',#3814,10.);
#1106=VECTOR('',#3815,10.);
#1107=VECTOR('',#3816,10.);
#1108=VECTOR('',#3817,10.);
#1109=VECTOR('',#3818,10.);
#1110=VECTOR('',#3819,10.);
#1111=VECTOR('',#3820,10.);
#1112=VECTOR('',#3821,10.);
#1113=VECTOR('',#3822,10.);
#1114=VECTOR('',#3823,10.);
#1115=VECTOR('',#3824,10.);
#1116=VECTOR('',#3825,10.);
#1117=VECTOR('',#3826,10.);
#1118=VECTOR('',#3827,10.);
#1119=VECTOR('',#3828,10.);
#1120=VECTOR('',#3829,10.);
#1121=VECTOR('',#3830,10.);
#1122=VECTOR('',#3831,10.);
#1123=VECTOR('',#3832,10.);
#1124=VECTOR('',#3833,10.);
#1125=VECTOR('',#3834,10.);
#1126=VECTOR('',#3835,10.);
#1127=VECTOR('',#3838,10.);
#1128=VECTOR('',#3839,10.);
#1129=VECTOR('',#3842,10.);
#1130=VECTOR('',#3845,10.);
#1131=VECTOR('',#3850,10.);
#1132=VECTOR('',#3851,10.);
#1133=VECTOR('',#3856,10.);
#1134=VECTOR('',#3857,10.);
#1135=VECTOR('',#3864,10.);
#1136=VECTOR('',#3865,10.);
#1137=VECTOR('',#3868,10.);
#1138=VECTOR('',#3875,10.);
#1139=VECTOR('',#3876,10.);
#1140=VECTOR('',#3883,10.);
#1141=VECTOR('',#3886,10.);
#1142=VECTOR('',#3897,10.);
#1143=VECTOR('',#3898,10.);
#1144=VECTOR('',#3901,10.);
#1145=VECTOR('',#3902,10.);
#1146=VECTOR('',#3905,10.);
#1147=VECTOR('',#3910,10.);
#1148=VECTOR('',#3911,10.);
#1149=VECTOR('',#3920,10.);
#1150=VECTOR('',#3923,10.);
#1151=VECTOR('',#3928,10.);
#1152=VECTOR('',#3931,10.);
#1153=VECTOR('',#3938,10.);
#1154=VECTOR('',#3941,10.);
#1155=VECTOR('',#3944,10.);
#1156=VECTOR('',#3945,10.);
#1157=VECTOR('',#3946,10.);
#1158=VECTOR('',#3949,10.);
#1159=VECTOR('',#3952,10.);
#1160=VECTOR('',#3955,10.);
#1161=VECTOR('',#3958,10.);
#1162=VECTOR('',#3965,10.);
#1163=VECTOR('',#3966,10.);
#1164=VECTOR('',#3969,10.);
#1165=VECTOR('',#3974,10.);
#1166=VECTOR('',#3975,10.);
#1167=VECTOR('',#3976,10.);
#1168=VECTOR('',#3977,10.);
#1169=VECTOR('',#3978,10.);
#1170=VECTOR('',#3979,10.);
#1171=VECTOR('',#3980,10.);
#1172=VECTOR('',#3981,10.);
#1173=VECTOR('',#3982,10.);
#1174=VECTOR('',#3983,10.);
#1175=VECTOR('',#3984,10.);
#1176=VECTOR('',#3985,10.);
#1177=VECTOR('',#3986,10.);
#1178=VECTOR('',#3987,10.);
#1179=VECTOR('',#3988,10.);
#1180=VECTOR('',#3999,10.);
#1181=VECTOR('',#4004,10.);
#1182=VECTOR('',#4015,10.);
#1183=VECTOR('',#4018,10.);
#1184=VECTOR('',#4021,10.);
#1185=VECTOR('',#4032,10.);
#1186=VECTOR('',#4033,10.);
#1187=VECTOR('',#4034,10.);
#1188=VECTOR('',#4035,10.);
#1189=VECTOR('',#4036,10.);
#1190=VECTOR('',#4037,10.);
#1191=VECTOR('',#4038,10.);
#1192=VECTOR('',#4041,10.);
#1193=VECTOR('',#4042,10.);
#1194=VECTOR('',#4043,10.);
#1195=VECTOR('',#4044,10.);
#1196=VECTOR('',#4047,10.);
#1197=VECTOR('',#4048,10.);
#1198=VECTOR('',#4049,10.);
#1199=VECTOR('',#4050,10.);
#1200=VECTOR('',#4051,10.);
#1201=VECTOR('',#4052,10.);
#1202=VECTOR('',#4053,10.);
#1203=VECTOR('',#4054,10.);
#1204=VECTOR('',#4057,10.);
#1205=VECTOR('',#4058,10.);
#1206=VECTOR('',#4061,10.);
#1207=VECTOR('',#4062,10.);
#1208=VECTOR('',#4063,10.);
#1209=VECTOR('',#4064,10.);
#1210=VECTOR('',#4065,10.);
#1211=VECTOR('',#4066,10.);
#1212=VECTOR('',#4067,10.);
#1213=VECTOR('',#4072,10.);
#1214=VECTOR('',#4073,10.);
#1215=VECTOR('',#4074,10.);
#1216=VECTOR('',#4079,10.);
#1217=VECTOR('',#4080,10.);
#1218=VECTOR('',#4081,10.);
#1219=VECTOR('',#4082,10.);
#1220=VECTOR('',#4083,10.);
#1221=VECTOR('',#4084,10.);
#1222=VECTOR('',#4087,10.);
#1223=VECTOR('',#4088,10.);
#1224=VECTOR('',#4089,10.);
#1225=VECTOR('',#4092,10.);
#1226=VECTOR('',#4093,10.);
#1227=VECTOR('',#4094,10.);
#1228=VECTOR('',#4095,10.);
#1229=VECTOR('',#4096,10.);
#1230=VECTOR('',#4097,10.);
#1231=VECTOR('',#4098,10.);
#1232=VECTOR('',#4099,10.);
#1233=VECTOR('',#4100,10.);
#1234=VECTOR('',#4121,1.7);
#1235=VECTOR('',#4134,1.7);
#1236=VECTOR('',#4147,1.70000000000001);
#1237=VECTOR('',#4160,1.85);
#1238=VECTOR('',#4165,10.);
#1239=VECTOR('',#4168,10.);
#1240=VECTOR('',#4173,3.75);
#1241=VECTOR('',#4180,3.75);
#1242=VECTOR('',#4187,3.75);
#1243=VECTOR('',#4194,3.75);
#1244=VECTOR('',#4203,10.);
#1245=VECTOR('',#4206,10.);
#1246=VECTOR('',#4207,10.);
#1247=VECTOR('',#4210,10.);
#1248=VECTOR('',#4213,10.);
#1249=VECTOR('',#4220,10.);
#1250=VECTOR('',#4221,10.);
#1251=VECTOR('',#4222,10.);
#1252=VECTOR('',#4227,10.);
#1253=VECTOR('',#4230,10.);
#1254=VECTOR('',#4233,10.);
#1255=VECTOR('',#4238,10.);
#1256=VECTOR('',#4243,10.);
#1257=VECTOR('',#4244,10.);
#1258=VECTOR('',#4245,10.);
#1259=VECTOR('',#4246,10.);
#1260=VECTOR('',#4247,10.);
#1261=CIRCLE('',#3373,2.);
#1262=CIRCLE('',#3374,2.);
#1263=CIRCLE('',#3377,2.);
#1264=CIRCLE('',#3379,2.);
#1265=CIRCLE('',#3384,2.);
#1266=CIRCLE('',#3385,2.);
#1267=CIRCLE('',#3388,2.);
#1268=CIRCLE('',#3389,2.);
#1269=CIRCLE('',#3395,2.);
#1270=CIRCLE('',#3396,2.);
#1271=CIRCLE('',#3399,2.);
#1272=CIRCLE('',#3400,2.);
#1273=CIRCLE('',#3406,2.);
#1274=CIRCLE('',#3407,2.);
#1275=CIRCLE('',#3409,2.);
#1276=CIRCLE('',#3412,2.);
#1277=CIRCLE('',#3417,3.);
#1278=CIRCLE('',#3419,3.);
#1279=CIRCLE('',#3421,3.);
#1280=CIRCLE('',#3422,3.);
#1281=CIRCLE('',#3425,3.);
#1282=CIRCLE('',#3426,3.);
#1283=CIRCLE('',#3429,3.);
#1284=CIRCLE('',#3430,3.);
#1285=CIRCLE('',#3432,3.);
#1286=CIRCLE('',#3435,3.);
#1287=CIRCLE('',#3443,0.5);
#1288=CIRCLE('',#3450,0.5);
#1289=CIRCLE('',#3455,0.5);
#1290=CIRCLE('',#3456,0.5);
#1291=CIRCLE('',#3464,0.499999999999993);
#1292=CIRCLE('',#3465,0.500000000000001);
#1293=CIRCLE('',#3468,0.2);
#1294=CIRCLE('',#3470,0.2);
#1295=CIRCLE('',#3473,0.200000000000001);
#1296=CIRCLE('',#3478,0.2);
#1297=CIRCLE('',#3480,0.200000000000002);
#1298=CIRCLE('',#3482,0.200000000000001);
#1299=CIRCLE('',#3487,2.7);
#1300=CIRCLE('',#3488,2.85);
#1301=CIRCLE('',#3489,2.70000000000001);
#1302=CIRCLE('',#3490,2.7);
#1303=CIRCLE('',#3493,0.2);
#1304=CIRCLE('',#3498,0.5);
#1305=CIRCLE('',#3501,0.5);
#1306=CIRCLE('',#3517,3.75);
#1307=CIRCLE('',#3518,3.75);
#1308=CIRCLE('',#3519,3.75);
#1309=CIRCLE('',#3520,3.75);
#1310=CIRCLE('',#3522,1.);
#1311=CIRCLE('',#3523,1.7);
#1312=CIRCLE('',#3524,1.7);
#1313=CIRCLE('',#3526,1.7);
#1314=CIRCLE('',#3528,1.);
#1315=CIRCLE('',#3529,1.7);
#1316=CIRCLE('',#3530,1.7);
#1317=CIRCLE('',#3532,1.7);
#1318=CIRCLE('',#3534,1.);
#1319=CIRCLE('',#3535,1.70000000000001);
#1320=CIRCLE('',#3536,1.70000000000001);
#1321=CIRCLE('',#3538,1.70000000000001);
#1322=CIRCLE('',#3540,1.);
#1323=CIRCLE('',#3541,1.85);
#1324=CIRCLE('',#3542,1.85);
#1325=CIRCLE('',#3544,1.85);
#1326=CIRCLE('',#3549,3.75);
#1327=CIRCLE('',#3552,3.75);
#1328=CIRCLE('',#3555,3.75);
#1329=CIRCLE('',#3558,3.75);
#1330=VERTEX_POINT('',#4250);
#1331=VERTEX_POINT('',#4251);
#1332=VERTEX_POINT('',#4253);
#1333=VERTEX_POINT('',#4255);
#1334=VERTEX_POINT('',#4259);
#1335=VERTEX_POINT('',#4261);
#1336=VERTEX_POINT('',#4265);
#1337=VERTEX_POINT('',#4267);
#1338=VERTEX_POINT('',#4269);
#1339=VERTEX_POINT('',#4273);
#1340=VERTEX_POINT('',#4277);
#1341=VERTEX_POINT('',#4281);
#1342=VERTEX_POINT('',#4285);
#1343=VERTEX_POINT('',#4287);
#1344=VERTEX_POINT('',#4289);
#1345=VERTEX_POINT('',#4291);
#1346=VERTEX_POINT('',#4293);
#1347=VERTEX_POINT('',#4297);
#1348=VERTEX_POINT('',#4298);
#1349=VERTEX_POINT('',#4300);
#1350=VERTEX_POINT('',#4302);
#1351=VERTEX_POINT('',#4306);
#1352=VERTEX_POINT('',#4308);
#1353=VERTEX_POINT('',#4312);
#1354=VERTEX_POINT('',#4313);
#1355=VERTEX_POINT('',#4315);
#1356=VERTEX_POINT('',#4317);
#1357=VERTEX_POINT('',#4324);
#1358=VERTEX_POINT('',#4326);
#1359=VERTEX_POINT('',#4332);
#1360=VERTEX_POINT('',#4334);
#1361=VERTEX_POINT('',#4336);
#1362=VERTEX_POINT('',#4338);
#1363=VERTEX_POINT('',#4342);
#1364=VERTEX_POINT('',#4343);
#1365=VERTEX_POINT('',#4345);
#1366=VERTEX_POINT('',#4347);
#1367=VERTEX_POINT('',#4351);
#1368=VERTEX_POINT('',#4353);
#1369=VERTEX_POINT('',#4357);
#1370=VERTEX_POINT('',#4358);
#1371=VERTEX_POINT('',#4360);
#1372=VERTEX_POINT('',#4362);
#1373=VERTEX_POINT('',#4369);
#1374=VERTEX_POINT('',#4371);
#1375=VERTEX_POINT('',#4377);
#1376=VERTEX_POINT('',#4379);
#1377=VERTEX_POINT('',#4381);
#1378=VERTEX_POINT('',#4383);
#1379=VERTEX_POINT('',#4387);
#1380=VERTEX_POINT('',#4388);
#1381=VERTEX_POINT('',#4390);
#1382=VERTEX_POINT('',#4392);
#1383=VERTEX_POINT('',#4396);
#1384=VERTEX_POINT('',#4398);
#1385=VERTEX_POINT('',#4400);
#1386=VERTEX_POINT('',#4402);
#1387=VERTEX_POINT('',#4406);
#1388=VERTEX_POINT('',#4410);
#1389=VERTEX_POINT('',#4414);
#1390=VERTEX_POINT('',#4418);
#1391=VERTEX_POINT('',#4422);
#1392=VERTEX_POINT('',#4424);
#1393=VERTEX_POINT('',#4426);
#1394=VERTEX_POINT('',#4428);
#1395=VERTEX_POINT('',#4432);
#1396=VERTEX_POINT('',#4433);
#1397=VERTEX_POINT('',#4435);
#1398=VERTEX_POINT('',#4437);
#1399=VERTEX_POINT('',#4439);
#1400=VERTEX_POINT('',#4441);
#1401=VERTEX_POINT('',#4443);
#1402=VERTEX_POINT('',#4445);
#1403=VERTEX_POINT('',#4447);
#1404=VERTEX_POINT('',#4455);
#1405=VERTEX_POINT('',#4459);
#1406=VERTEX_POINT('',#4461);
#1407=VERTEX_POINT('',#4465);
#1408=VERTEX_POINT('',#4466);
#1409=VERTEX_POINT('',#4468);
#1410=VERTEX_POINT('',#4470);
#1411=VERTEX_POINT('',#4474);
#1412=VERTEX_POINT('',#4476);
#1413=VERTEX_POINT('',#4480);
#1414=VERTEX_POINT('',#4483);
#1415=VERTEX_POINT('',#4487);
#1416=VERTEX_POINT('',#4491);
#1417=VERTEX_POINT('',#4492);
#1418=VERTEX_POINT('',#4494);
#1419=VERTEX_POINT('',#4496);
#1420=VERTEX_POINT('',#4500);
#1421=VERTEX_POINT('',#4502);
#1422=VERTEX_POINT('',#4505);
#1423=VERTEX_POINT('',#4509);
#1424=VERTEX_POINT('',#4513);
#1425=VERTEX_POINT('',#4518);
#1426=VERTEX_POINT('',#4520);
#1427=VERTEX_POINT('',#4522);
#1428=VERTEX_POINT('',#4524);
#1429=VERTEX_POINT('',#4526);
#1430=VERTEX_POINT('',#4528);
#1431=VERTEX_POINT('',#4530);
#1432=VERTEX_POINT('',#4532);
#1433=VERTEX_POINT('',#4534);
#1434=VERTEX_POINT('',#4536);
#1435=VERTEX_POINT('',#4572);
#1436=VERTEX_POINT('',#4574);
#1437=VERTEX_POINT('',#4600);
#1438=VERTEX_POINT('',#4616);
#1439=VERTEX_POINT('',#4642);
#1440=VERTEX_POINT('',#4658);
#1441=VERTEX_POINT('',#4674);
#1442=VERTEX_POINT('',#4691);
#1443=VERTEX_POINT('',#4697);
#1444=VERTEX_POINT('',#4700);
#1445=VERTEX_POINT('',#4702);
#1446=VERTEX_POINT('',#4723);
#1447=VERTEX_POINT('',#4739);
#1448=VERTEX_POINT('',#4755);
#1449=VERTEX_POINT('',#4776);
#1450=VERTEX_POINT('',#4778);
#1451=VERTEX_POINT('',#4780);
#1452=VERTEX_POINT('',#4782);
#1453=VERTEX_POINT('',#4784);
#1454=VERTEX_POINT('',#4786);
#1455=VERTEX_POINT('',#4812);
#1456=VERTEX_POINT('',#4848);
#1457=VERTEX_POINT('',#4865);
#1458=VERTEX_POINT('',#4868);
#1459=VERTEX_POINT('',#4869);
#1460=VERTEX_POINT('',#4871);
#1461=VERTEX_POINT('',#4887);
#1462=VERTEX_POINT('',#4903);
#1463=VERTEX_POINT('',#4924);
#1464=VERTEX_POINT('',#4926);
#1465=VERTEX_POINT('',#4962);
#1466=VERTEX_POINT('',#4978);
#1467=VERTEX_POINT('',#5009);
#1468=VERTEX_POINT('',#5010);
#1469=VERTEX_POINT('',#5012);
#1470=VERTEX_POINT('',#5053);
#1471=VERTEX_POINT('',#5054);
#1472=VERTEX_POINT('',#5070);
#1473=VERTEX_POINT('',#5086);
#1474=VERTEX_POINT('',#5102);
#1475=VERTEX_POINT('',#5118);
#1476=VERTEX_POINT('',#5150);
#1477=VERTEX_POINT('',#5159);
#1478=VERTEX_POINT('',#5163);
#1479=VERTEX_POINT('',#5164);
#1480=VERTEX_POINT('',#5166);
#1481=VERTEX_POINT('',#5168);
#1482=VERTEX_POINT('',#5210);
#1483=VERTEX_POINT('',#5211);
#1484=VERTEX_POINT('',#5229);
#1485=VERTEX_POINT('',#5231);
#1486=VERTEX_POINT('',#5240);
#1487=VERTEX_POINT('',#5245);
#1488=VERTEX_POINT('',#5249);
#1489=VERTEX_POINT('',#5250);
#1490=VERTEX_POINT('',#5252);
#1491=VERTEX_POINT('',#5254);
#1492=VERTEX_POINT('',#5296);
#1493=VERTEX_POINT('',#5297);
#1494=VERTEX_POINT('',#5315);
#1495=VERTEX_POINT('',#5320);
#1496=VERTEX_POINT('',#5322);
#1497=VERTEX_POINT('',#5349);
#1498=VERTEX_POINT('',#5350);
#1499=VERTEX_POINT('',#5352);
#1500=VERTEX_POINT('',#5381);
#1501=VERTEX_POINT('',#5382);
#1502=VERTEX_POINT('',#5387);
#1503=VERTEX_POINT('',#5388);
#1504=VERTEX_POINT('',#5405);
#1505=VERTEX_POINT('',#5407);
#1506=VERTEX_POINT('',#5415);
#1507=VERTEX_POINT('',#5480);
#1508=VERTEX_POINT('',#5481);
#1509=VERTEX_POINT('',#5507);
#1510=VERTEX_POINT('',#5509);
#1511=VERTEX_POINT('',#5513);
#1512=VERTEX_POINT('',#5515);
#1513=VERTEX_POINT('',#5517);
#1514=VERTEX_POINT('',#5523);
#1515=VERTEX_POINT('',#5525);
#1516=VERTEX_POINT('',#5533);
#1517=VERTEX_POINT('',#5535);
#1518=VERTEX_POINT('',#5539);
#1519=VERTEX_POINT('',#5540);
#1520=VERTEX_POINT('',#5566);
#1521=VERTEX_POINT('',#5573);
#1522=VERTEX_POINT('',#5577);
#1523=VERTEX_POINT('',#5582);
#1524=VERTEX_POINT('',#5584);
#1525=VERTEX_POINT('',#5586);
#1526=VERTEX_POINT('',#5588);
#1527=VERTEX_POINT('',#5590);
#1528=VERTEX_POINT('',#5592);
#1529=VERTEX_POINT('',#5594);
#1530=VERTEX_POINT('',#5596);
#1531=VERTEX_POINT('',#5598);
#1532=VERTEX_POINT('',#5600);
#1533=VERTEX_POINT('',#5603);
#1534=VERTEX_POINT('',#5610);
#1535=VERTEX_POINT('',#5612);
#1536=VERTEX_POINT('',#5614);
#1537=VERTEX_POINT('',#5621);
#1538=VERTEX_POINT('',#5630);
#1539=VERTEX_POINT('',#5651);
#1540=VERTEX_POINT('',#5663);
#1541=VERTEX_POINT('',#5679);
#1542=VERTEX_POINT('',#5700);
#1543=VERTEX_POINT('',#5716);
#1544=VERTEX_POINT('',#5732);
#1545=VERTEX_POINT('',#5758);
#1546=VERTEX_POINT('',#5779);
#1547=VERTEX_POINT('',#5795);
#1548=VERTEX_POINT('',#5811);
#1549=VERTEX_POINT('',#5827);
#1550=VERTEX_POINT('',#5843);
#1551=VERTEX_POINT('',#5864);
#1552=VERTEX_POINT('',#5890);
#1553=VERTEX_POINT('',#5892);
#1554=VERTEX_POINT('',#5894);
#1555=VERTEX_POINT('',#5896);
#1556=VERTEX_POINT('',#5899);
#1557=VERTEX_POINT('',#5906);
#1558=VERTEX_POINT('',#5934);
#1559=VERTEX_POINT('',#5956);
#1560=VERTEX_POINT('',#5962);
#1561=VERTEX_POINT('',#5970);
#1562=VERTEX_POINT('',#5972);
#1563=VERTEX_POINT('',#6015);
#1564=VERTEX_POINT('',#6067);
#1565=VERTEX_POINT('',#6114);
#1566=VERTEX_POINT('',#6222);
#1567=VERTEX_POINT('',#6224);
#1568=VERTEX_POINT('',#6311);
#1569=VERTEX_POINT('',#6398);
#1570=VERTEX_POINT('',#6457);
#1571=VERTEX_POINT('',#6459);
#1572=VERTEX_POINT('',#6506);
#1573=VERTEX_POINT('',#6553);
#1574=VERTEX_POINT('',#6620);
#1575=VERTEX_POINT('',#6677);
#1576=VERTEX_POINT('',#6744);
#1577=VERTEX_POINT('',#6772);
#1578=VERTEX_POINT('',#6854);
#1579=VERTEX_POINT('',#6923);
#1580=VERTEX_POINT('',#6925);
#1581=VERTEX_POINT('',#6972);
#1582=VERTEX_POINT('',#7019);
#1583=VERTEX_POINT('',#7066);
#1584=VERTEX_POINT('',#7113);
#1585=VERTEX_POINT('',#7177);
#1586=VERTEX_POINT('',#7179);
#1587=VERTEX_POINT('',#7241);
#1588=VERTEX_POINT('',#7315);
#1589=VERTEX_POINT('',#7317);
#1590=VERTEX_POINT('',#7359);
#1591=VERTEX_POINT('',#7406);
#1592=VERTEX_POINT('',#7453);
#1593=VERTEX_POINT('',#7540);
#1594=VERTEX_POINT('',#7578);
#1595=VERTEX_POINT('',#7630);
#1596=VERTEX_POINT('',#7682);
#1597=VERTEX_POINT('',#7830);
#1598=VERTEX_POINT('',#7831);
#1599=VERTEX_POINT('',#7849);
#1600=VERTEX_POINT('',#7887);
#1601=VERTEX_POINT('',#7982);
#1602=VERTEX_POINT('',#7983);
#1603=VERTEX_POINT('',#7990);
#1604=VERTEX_POINT('',#8028);
#1605=VERTEX_POINT('',#8094);
#1606=VERTEX_POINT('',#8099);
#1607=VERTEX_POINT('',#8181);
#1608=VERTEX_POINT('',#8190);
#1609=VERTEX_POINT('',#8291);
#1610=VERTEX_POINT('',#8303);
#1611=VERTEX_POINT('',#8379);
#1612=VERTEX_POINT('',#8386);
#1613=VERTEX_POINT('',#8486);
#1614=VERTEX_POINT('',#8498);
#1615=VERTEX_POINT('',#9814);
#1616=VERTEX_POINT('',#9996);
#1617=VERTEX_POINT('',#10321);
#1618=VERTEX_POINT('',#10343);
#1619=VERTEX_POINT('',#10436);
#1620=VERTEX_POINT('',#10445);
#1621=VERTEX_POINT('',#10541);
#1622=VERTEX_POINT('',#10552);
#1623=VERTEX_POINT('',#10648);
#1624=VERTEX_POINT('',#10657);
#1625=VERTEX_POINT('',#10746);
#1626=VERTEX_POINT('',#10755);
#1627=VERTEX_POINT('',#11210);
#1628=VERTEX_POINT('',#11212);
#1629=VERTEX_POINT('',#11214);
#1630=VERTEX_POINT('',#11216);
#1631=VERTEX_POINT('',#11219);
#1632=VERTEX_POINT('',#11221);
#1633=VERTEX_POINT('',#11225);
#1634=VERTEX_POINT('',#11229);
#1635=VERTEX_POINT('',#11231);
#1636=VERTEX_POINT('',#11235);
#1637=VERTEX_POINT('',#11239);
#1638=VERTEX_POINT('',#11241);
#1639=VERTEX_POINT('',#11245);
#1640=VERTEX_POINT('',#11249);
#1641=VERTEX_POINT('',#11251);
#1642=VERTEX_POINT('',#11255);
#1643=VERTEX_POINT('',#11298);
#1644=VERTEX_POINT('',#11303);
#1645=VERTEX_POINT('',#11308);
#1646=VERTEX_POINT('',#11313);
#1647=VERTEX_POINT('',#11441);
#1648=VERTEX_POINT('',#11443);
#1649=EDGE_CURVE('',#1330,#1331,#1261,.T.);
#1650=EDGE_CURVE('',#1331,#1332,#737,.T.);
#1651=EDGE_CURVE('',#1332,#1333,#1262,.F.);
#1652=EDGE_CURVE('',#1333,#1330,#738,.T.);
#1653=EDGE_CURVE('',#1331,#1334,#739,.T.);
#1654=EDGE_CURVE('',#1335,#1334,#740,.T.);
#1655=EDGE_CURVE('',#1332,#1335,#741,.T.);
#1656=EDGE_CURVE('',#1336,#1330,#742,.T.);
#1657=EDGE_CURVE('',#1337,#1336,#743,.T.);
#1658=EDGE_CURVE('',#1337,#1338,#744,.T.);
#1659=EDGE_CURVE('',#1334,#1338,#1263,.T.);
#1660=EDGE_CURVE('',#1338,#1339,#745,.T.);
#1661=EDGE_CURVE('',#1339,#1335,#1264,.F.);
#1662=EDGE_CURVE('',#1340,#1337,#746,.T.);
#1663=EDGE_CURVE('',#1339,#1340,#747,.T.);
#1664=EDGE_CURVE('',#1341,#1333,#748,.T.);
#1665=EDGE_CURVE('',#1336,#1341,#749,.T.);
#1666=EDGE_CURVE('',#1342,#1341,#750,.T.);
#1667=EDGE_CURVE('',#1342,#1343,#751,.T.);
#1668=EDGE_CURVE('',#1344,#1343,#752,.T.);
#1669=EDGE_CURVE('',#1344,#1345,#753,.T.);
#1670=EDGE_CURVE('',#1345,#1346,#754,.T.);
#1671=EDGE_CURVE('',#1340,#1346,#755,.T.);
#1672=EDGE_CURVE('',#1347,#1348,#1265,.T.);
#1673=EDGE_CURVE('',#1348,#1349,#756,.T.);
#1674=EDGE_CURVE('',#1349,#1350,#1266,.F.);
#1675=EDGE_CURVE('',#1350,#1347,#757,.T.);
#1676=EDGE_CURVE('',#1351,#1350,#758,.T.);
#1677=EDGE_CURVE('',#1352,#1351,#759,.T.);
#1678=EDGE_CURVE('',#1352,#1347,#760,.T.);
#1679=EDGE_CURVE('',#1353,#1354,#1267,.T.);
#1680=EDGE_CURVE('',#1354,#1355,#761,.T.);
#1681=EDGE_CURVE('',#1355,#1356,#1268,.F.);
#1682=EDGE_CURVE('',#1356,#1353,#762,.T.);
#1683=EDGE_CURVE('',#1348,#1353,#763,.T.);
#1684=EDGE_CURVE('',#1349,#1356,#764,.T.);
#1685=EDGE_CURVE('',#1357,#1354,#765,.T.);
#1686=EDGE_CURVE('',#1358,#1357,#766,.T.);
#1687=EDGE_CURVE('',#1355,#1358,#767,.T.);
#1688=EDGE_CURVE('',#1357,#1352,#768,.T.);
#1689=EDGE_CURVE('',#1359,#1351,#769,.T.);
#1690=EDGE_CURVE('',#1359,#1360,#770,.T.);
#1691=EDGE_CURVE('',#1361,#1360,#771,.T.);
#1692=EDGE_CURVE('',#1362,#1361,#772,.T.);
#1693=EDGE_CURVE('',#1358,#1362,#773,.T.);
#1694=EDGE_CURVE('',#1363,#1364,#1269,.T.);
#1695=EDGE_CURVE('',#1364,#1365,#774,.T.);
#1696=EDGE_CURVE('',#1365,#1366,#1270,.F.);
#1697=EDGE_CURVE('',#1366,#1363,#775,.T.);
#1698=EDGE_CURVE('',#1367,#1366,#776,.T.);
#1699=EDGE_CURVE('',#1368,#1367,#777,.T.);
#1700=EDGE_CURVE('',#1368,#1363,#778,.T.);
#1701=EDGE_CURVE('',#1369,#1370,#1271,.T.);
#1702=EDGE_CURVE('',#1370,#1371,#779,.T.);
#1703=EDGE_CURVE('',#1371,#1372,#1272,.F.);
#1704=EDGE_CURVE('',#1372,#1369,#780,.T.);
#1705=EDGE_CURVE('',#1364,#1369,#781,.T.);
#1706=EDGE_CURVE('',#1365,#1372,#782,.T.);
#1707=EDGE_CURVE('',#1373,#1370,#783,.T.);
#1708=EDGE_CURVE('',#1374,#1373,#784,.T.);
#1709=EDGE_CURVE('',#1371,#1374,#785,.T.);
#1710=EDGE_CURVE('',#1373,#1368,#786,.T.);
#1711=EDGE_CURVE('',#1375,#1367,#787,.T.);
#1712=EDGE_CURVE('',#1375,#1376,#788,.T.);
#1713=EDGE_CURVE('',#1377,#1376,#789,.T.);
#1714=EDGE_CURVE('',#1378,#1377,#790,.T.);
#1715=EDGE_CURVE('',#1374,#1378,#791,.T.);
#1716=EDGE_CURVE('',#1379,#1380,#1273,.T.);
#1717=EDGE_CURVE('',#1380,#1381,#792,.T.);
#1718=EDGE_CURVE('',#1381,#1382,#1274,.F.);
#1719=EDGE_CURVE('',#1382,#1379,#793,.T.);
#1720=EDGE_CURVE('',#1383,#1379,#794,.T.);
#1721=EDGE_CURVE('',#1384,#1383,#1275,.T.);
#1722=EDGE_CURVE('',#1385,#1384,#795,.T.);
#1723=EDGE_CURVE('',#1386,#1385,#796,.T.);
#1724=EDGE_CURVE('',#1386,#1380,#797,.T.);
#1725=EDGE_CURVE('',#1387,#1382,#798,.T.);
#1726=EDGE_CURVE('',#1383,#1387,#799,.T.);
#1727=EDGE_CURVE('',#1387,#1388,#1276,.F.);
#1728=EDGE_CURVE('',#1388,#1384,#800,.T.);
#1729=EDGE_CURVE('',#1389,#1386,#801,.T.);
#1730=EDGE_CURVE('',#1381,#1389,#802,.T.);
#1731=EDGE_CURVE('',#1390,#1388,#803,.T.);
#1732=EDGE_CURVE('',#1385,#1390,#804,.T.);
#1733=EDGE_CURVE('',#1391,#1390,#805,.T.);
#1734=EDGE_CURVE('',#1391,#1392,#806,.T.);
#1735=EDGE_CURVE('',#1393,#1392,#807,.T.);
#1736=EDGE_CURVE('',#1394,#1393,#808,.T.);
#1737=EDGE_CURVE('',#1389,#1394,#809,.T.);
#1738=EDGE_CURVE('',#1395,#1396,#1277,.T.);
#1739=EDGE_CURVE('',#1397,#1396,#810,.T.);
#1740=EDGE_CURVE('',#1398,#1397,#811,.T.);
#1741=EDGE_CURVE('',#1399,#1398,#812,.T.);
#1742=EDGE_CURVE('',#1400,#1399,#813,.T.);
#1743=EDGE_CURVE('',#1401,#1400,#814,.T.);
#1744=EDGE_CURVE('',#1402,#1401,#815,.T.);
#1745=EDGE_CURVE('',#1403,#1402,#201,.F.);
#1746=EDGE_CURVE('',#1404,#1403,#816,.T.);
#1747=EDGE_CURVE('',#1404,#1395,#817,.T.);
#1748=EDGE_CURVE('',#1395,#1405,#818,.T.);
#1749=EDGE_CURVE('',#1405,#1406,#1278,.T.);
#1750=EDGE_CURVE('',#1396,#1406,#819,.T.);
#1751=EDGE_CURVE('',#1407,#1408,#1279,.T.);
#1752=EDGE_CURVE('',#1408,#1409,#820,.T.);
#1753=EDGE_CURVE('',#1409,#1410,#1280,.F.);
#1754=EDGE_CURVE('',#1410,#1407,#821,.T.);
#1755=EDGE_CURVE('',#1411,#1410,#822,.T.);
#1756=EDGE_CURVE('',#1412,#1411,#823,.T.);
#1757=EDGE_CURVE('',#1412,#1407,#824,.T.);
#1758=EDGE_CURVE('',#1413,#1412,#1281,.T.);
#1759=EDGE_CURVE('',#1405,#1411,#1282,.T.);
#1760=EDGE_CURVE('',#1405,#1414,#825,.T.);
#1761=EDGE_CURVE('',#1414,#1413,#826,.T.);
#1762=EDGE_CURVE('',#1404,#1415,#827,.T.);
#1763=EDGE_CURVE('',#1415,#1413,#828,.T.);
#1764=EDGE_CURVE('',#1416,#1417,#1283,.T.);
#1765=EDGE_CURVE('',#1417,#1418,#829,.T.);
#1766=EDGE_CURVE('',#1418,#1419,#1284,.F.);
#1767=EDGE_CURVE('',#1419,#1416,#830,.T.);
#1768=EDGE_CURVE('',#1420,#1416,#831,.T.);
#1769=EDGE_CURVE('',#1421,#1420,#1285,.T.);
#1770=EDGE_CURVE('',#1345,#1421,#832,.T.);
#1771=EDGE_CURVE('',#1422,#1345,#833,.T.);
#1772=EDGE_CURVE('',#1422,#1417,#834,.T.);
#1773=EDGE_CURVE('',#1423,#1419,#835,.T.);
#1774=EDGE_CURVE('',#1420,#1423,#836,.T.);
#1775=EDGE_CURVE('',#1423,#1424,#1286,.F.);
#1776=EDGE_CURVE('',#1424,#1421,#837,.T.);
#1777=EDGE_CURVE('',#1346,#1424,#838,.T.);
#1778=EDGE_CURVE('',#1418,#1425,#839,.T.);
#1779=EDGE_CURVE('',#1425,#1426,#840,.T.);
#1780=EDGE_CURVE('',#1426,#1427,#841,.T.);
#1781=EDGE_CURVE('',#1427,#1428,#842,.T.);
#1782=EDGE_CURVE('',#1428,#1429,#843,.T.);
#1783=EDGE_CURVE('',#1429,#1430,#844,.T.);
#1784=EDGE_CURVE('',#1430,#1431,#845,.T.);
#1785=EDGE_CURVE('',#1431,#1432,#846,.T.);
#1786=EDGE_CURVE('',#1432,#1433,#847,.T.);
#1787=EDGE_CURVE('',#1433,#1434,#121,.T.);
#1788=EDGE_CURVE('',#1434,#1435,#848,.T.);
#1789=EDGE_CURVE('',#1435,#1436,#122,.T.);
#1790=EDGE_CURVE('',#1436,#1437,#123,.T.);
#1791=EDGE_CURVE('',#1437,#1438,#124,.T.);
#1792=EDGE_CURVE('',#1438,#1439,#125,.T.);
#1793=EDGE_CURVE('',#1439,#1440,#126,.T.);
#1794=EDGE_CURVE('',#1440,#1441,#127,.T.);
#1795=EDGE_CURVE('',#1441,#1406,#849,.T.);
#1796=EDGE_CURVE('',#1409,#1442,#850,.T.);
#1797=EDGE_CURVE('',#1442,#1359,#202,.T.);
#1798=EDGE_CURVE('',#1362,#1443,#851,.T.);
#1799=EDGE_CURVE('',#1443,#1375,#852,.T.);
#1800=EDGE_CURVE('',#1378,#1444,#853,.T.);
#1801=EDGE_CURVE('',#1444,#1445,#128,.T.);
#1802=EDGE_CURVE('',#1445,#1446,#129,.T.);
#1803=EDGE_CURVE('',#1446,#1447,#130,.T.);
#1804=EDGE_CURVE('',#1447,#1448,#131,.T.);
#1805=EDGE_CURVE('',#1448,#1449,#854,.T.);
#1806=EDGE_CURVE('',#1449,#1450,#855,.T.);
#1807=EDGE_CURVE('',#1450,#1451,#856,.T.);
#1808=EDGE_CURVE('',#1451,#1452,#857,.T.);
#1809=EDGE_CURVE('',#1452,#1453,#858,.T.);
#1810=EDGE_CURVE('',#1453,#1454,#132,.T.);
#1811=EDGE_CURVE('',#1454,#1455,#133,.T.);
#1812=EDGE_CURVE('',#1455,#1456,#134,.T.);
#1813=EDGE_CURVE('',#1456,#1391,#859,.T.);
#1814=EDGE_CURVE('',#1394,#1457,#860,.T.);
#1815=EDGE_CURVE('',#1457,#1342,#861,.T.);
#1816=EDGE_CURVE('',#1458,#1459,#862,.T.);
#1817=EDGE_CURVE('',#1459,#1460,#135,.T.);
#1818=EDGE_CURVE('',#1460,#1461,#136,.T.);
#1819=EDGE_CURVE('',#1461,#1462,#137,.T.);
#1820=EDGE_CURVE('',#1462,#1463,#863,.T.);
#1821=EDGE_CURVE('',#1463,#1464,#138,.T.);
#1822=EDGE_CURVE('',#1464,#1465,#139,.T.);
#1823=EDGE_CURVE('',#1465,#1466,#140,.T.);
#1824=EDGE_CURVE('',#1466,#1458,#141,.T.);
#1825=EDGE_CURVE('',#1467,#1468,#864,.T.);
#1826=EDGE_CURVE('',#1468,#1469,#142,.T.);
#1827=EDGE_CURVE('',#1469,#1467,#143,.T.);
#1828=EDGE_CURVE('',#1470,#1471,#144,.T.);
#1829=EDGE_CURVE('',#1471,#1472,#145,.T.);
#1830=EDGE_CURVE('',#1472,#1473,#146,.T.);
#1831=EDGE_CURVE('',#1473,#1474,#147,.T.);
#1832=EDGE_CURVE('',#1474,#1475,#148,.T.);
#1833=EDGE_CURVE('',#1475,#1470,#149,.T.);
#1834=EDGE_CURVE('',#1476,#1408,#865,.T.);
#1835=EDGE_CURVE('',#1442,#1476,#866,.T.);
#1836=EDGE_CURVE('',#1476,#1415,#867,.T.);
#1837=EDGE_CURVE('',#1425,#1422,#868,.T.);
#1838=EDGE_CURVE('',#1477,#1344,#869,.T.);
#1839=EDGE_CURVE('',#1422,#1477,#870,.T.);
#1840=EDGE_CURVE('',#1478,#1479,#1287,.T.);
#1841=EDGE_CURVE('',#1479,#1480,#871,.T.);
#1842=EDGE_CURVE('',#1480,#1481,#203,.T.);
#1843=EDGE_CURVE('',#1481,#1478,#872,.T.);
#1844=EDGE_CURVE('',#1482,#1483,#204,.T.);
#1845=EDGE_CURVE('',#1483,#1479,#67,.T.);
#1846=EDGE_CURVE('',#1478,#1482,#68,.T.);
#1847=EDGE_CURVE('',#1478,#1484,#873,.T.);
#1848=EDGE_CURVE('',#1485,#1484,#205,.T.);
#1849=EDGE_CURVE('',#1485,#1482,#874,.T.);
#1850=EDGE_CURVE('',#1486,#1481,#206,.T.);
#1851=EDGE_CURVE('',#1487,#1486,#875,.T.);
#1852=EDGE_CURVE('',#1484,#1487,#69,.T.);
#1853=EDGE_CURVE('',#1488,#1489,#1288,.T.);
#1854=EDGE_CURVE('',#1489,#1490,#876,.T.);
#1855=EDGE_CURVE('',#1490,#1491,#207,.T.);
#1856=EDGE_CURVE('',#1491,#1488,#877,.T.);
#1857=EDGE_CURVE('',#1492,#1493,#208,.T.);
#1858=EDGE_CURVE('',#1493,#1489,#70,.T.);
#1859=EDGE_CURVE('',#1488,#1492,#71,.T.);
#1860=EDGE_CURVE('',#1494,#1491,#209,.T.);
#1861=EDGE_CURVE('',#1495,#1494,#878,.T.);
#1862=EDGE_CURVE('',#1495,#1496,#72,.T.);
#1863=EDGE_CURVE('',#1492,#1496,#879,.T.);
#1864=EDGE_CURVE('',#1497,#1498,#1289,.T.);
#1865=EDGE_CURVE('',#1498,#1499,#210,.T.);
#1866=EDGE_CURVE('',#1499,#1497,#211,.T.);
#1867=EDGE_CURVE('',#1500,#1501,#1290,.T.);
#1868=EDGE_CURVE('',#1501,#1498,#73,.T.);
#1869=EDGE_CURVE('',#1497,#1500,#74,.T.);
#1870=EDGE_CURVE('',#1502,#1503,#212,.T.);
#1871=EDGE_CURVE('',#1503,#1501,#880,.T.);
#1872=EDGE_CURVE('',#1500,#1502,#881,.T.);
#1873=EDGE_CURVE('',#1504,#1500,#882,.T.);
#1874=EDGE_CURVE('',#1505,#1504,#883,.T.);
#1875=EDGE_CURVE('',#1502,#1505,#213,.T.);
#1876=EDGE_CURVE('',#1499,#1485,#884,.T.);
#1877=EDGE_CURVE('',#1506,#1485,#214,.T.);
#1878=EDGE_CURVE('',#1504,#1506,#75,.T.);
#1879=EDGE_CURVE('',#1493,#1499,#885,.T.);
#1880=EDGE_CURVE('',#1498,#1489,#886,.T.);
#1881=EDGE_CURVE('',#1484,#1506,#1291,.T.);
#1882=EDGE_CURVE('',#1487,#1504,#1292,.T.);
#1883=EDGE_CURVE('',#1486,#1505,#215,.T.);
#1884=EDGE_CURVE('',#1507,#1508,#216,.T.);
#1885=EDGE_CURVE('',#1508,#1509,#887,.T.);
#1886=EDGE_CURVE('',#1509,#1510,#1293,.T.);
#1887=EDGE_CURVE('',#1510,#1507,#888,.T.);
#1888=EDGE_CURVE('',#1511,#1509,#1294,.T.);
#1889=EDGE_CURVE('',#1509,#1512,#889,.T.);
#1890=EDGE_CURVE('',#1512,#1513,#76,.F.);
#1891=EDGE_CURVE('',#1513,#1511,#890,.T.);
#1892=EDGE_CURVE('',#1511,#1510,#1295,.T.);
#1893=EDGE_CURVE('',#1511,#1514,#891,.T.);
#1894=EDGE_CURVE('',#1514,#1515,#77,.F.);
#1895=EDGE_CURVE('',#1515,#1510,#892,.T.);
#1896=EDGE_CURVE('',#1513,#1483,#893,.T.);
#1897=EDGE_CURVE('',#1427,#1492,#894,.T.);
#1898=EDGE_CURVE('',#1426,#1514,#895,.T.);
#1899=EDGE_CURVE('',#1495,#1516,#896,.T.);
#1900=EDGE_CURVE('',#1516,#1517,#1296,.T.);
#1901=EDGE_CURVE('',#1517,#1496,#897,.T.);
#1902=EDGE_CURVE('',#1518,#1519,#217,.T.);
#1903=EDGE_CURVE('',#1519,#1520,#898,.T.);
#1904=EDGE_CURVE('',#1520,#1516,#1297,.T.);
#1905=EDGE_CURVE('',#1516,#1518,#899,.T.);
#1906=EDGE_CURVE('',#1520,#1517,#1298,.T.);
#1907=EDGE_CURVE('',#1521,#1517,#900,.T.);
#1908=EDGE_CURVE('',#1496,#1521,#901,.T.);
#1909=EDGE_CURVE('',#1520,#1522,#902,.T.);
#1910=EDGE_CURVE('',#1522,#1521,#78,.F.);
#1911=EDGE_CURVE('',#1515,#1477,#903,.T.);
#1912=EDGE_CURVE('',#1343,#1523,#904,.T.);
#1913=EDGE_CURVE('',#1524,#1523,#905,.T.);
#1914=EDGE_CURVE('',#1525,#1524,#906,.T.);
#1915=EDGE_CURVE('',#1525,#1526,#907,.T.);
#1916=EDGE_CURVE('',#1526,#1527,#908,.T.);
#1917=EDGE_CURVE('',#1527,#1528,#909,.T.);
#1918=EDGE_CURVE('',#1528,#1529,#910,.T.);
#1919=EDGE_CURVE('',#1529,#1530,#911,.T.);
#1920=EDGE_CURVE('',#1531,#1530,#912,.T.);
#1921=EDGE_CURVE('',#1532,#1531,#913,.T.);
#1922=EDGE_CURVE('',#1532,#1361,#914,.T.);
#1923=EDGE_CURVE('',#1360,#1533,#150,.T.);
#1924=EDGE_CURVE('',#1533,#1534,#915,.T.);
#1925=EDGE_CURVE('',#1534,#1535,#916,.T.);
#1926=EDGE_CURVE('',#1536,#1535,#218,.T.);
#1927=EDGE_CURVE('',#1522,#1536,#917,.T.);
#1928=EDGE_CURVE('',#1519,#1537,#151,.T.);
#1929=EDGE_CURVE('',#1537,#1538,#152,.T.);
#1930=EDGE_CURVE('',#1538,#1539,#153,.T.);
#1931=EDGE_CURVE('',#1539,#1540,#154,.T.);
#1932=EDGE_CURVE('',#1540,#1541,#155,.T.);
#1933=EDGE_CURVE('',#1541,#1542,#156,.T.);
#1934=EDGE_CURVE('',#1542,#1543,#157,.T.);
#1935=EDGE_CURVE('',#1543,#1544,#158,.T.);
#1936=EDGE_CURVE('',#1544,#1545,#159,.T.);
#1937=EDGE_CURVE('',#1545,#1546,#160,.T.);
#1938=EDGE_CURVE('',#1546,#1547,#161,.T.);
#1939=EDGE_CURVE('',#1547,#1548,#162,.T.);
#1940=EDGE_CURVE('',#1548,#1549,#163,.T.);
#1941=EDGE_CURVE('',#1549,#1550,#164,.T.);
#1942=EDGE_CURVE('',#1550,#1551,#165,.T.);
#1943=EDGE_CURVE('',#1551,#1507,#166,.T.);
#1944=EDGE_CURVE('',#1552,#1552,#1299,.T.);
#1945=EDGE_CURVE('',#1553,#1553,#1300,.T.);
#1946=EDGE_CURVE('',#1554,#1554,#1301,.T.);
#1947=EDGE_CURVE('',#1555,#1555,#1302,.T.);
#1948=EDGE_CURVE('',#1556,#1508,#219,.T.);
#1949=EDGE_CURVE('',#1512,#1556,#918,.T.);
#1950=EDGE_CURVE('',#1536,#1557,#1303,.T.);
#1951=EDGE_CURVE('',#1557,#1521,#919,.T.);
#1952=EDGE_CURVE('',#1535,#1558,#220,.F.);
#1953=EDGE_CURVE('',#1558,#1557,#221,.T.);
#1954=EDGE_CURVE('',#1392,#1525,#79,.T.);
#1955=EDGE_CURVE('',#1524,#1393,#80,.T.);
#1956=EDGE_CURVE('',#1523,#1559,#1304,.F.);
#1957=EDGE_CURVE('',#1559,#1393,#920,.T.);
#1958=EDGE_CURVE('',#1457,#1559,#921,.T.);
#1959=EDGE_CURVE('',#1376,#1560,#922,.T.);
#1960=EDGE_CURVE('',#1560,#1532,#1305,.F.);
#1961=EDGE_CURVE('',#1531,#1376,#81,.T.);
#1962=EDGE_CURVE('',#1530,#1377,#82,.T.);
#1963=EDGE_CURVE('',#1449,#1529,#923,.T.);
#1964=EDGE_CURVE('',#1448,#1561,#924,.T.);
#1965=EDGE_CURVE('',#1561,#1562,#925,.T.);
#1966=EDGE_CURVE('',#1444,#1562,#926,.T.);
#1967=EDGE_CURVE('',#1447,#1563,#927,.T.);
#1968=EDGE_CURVE('',#1563,#1561,#167,.T.);
#1969=EDGE_CURVE('',#1446,#1564,#928,.T.);
#1970=EDGE_CURVE('',#1564,#1563,#168,.T.);
#1971=EDGE_CURVE('',#1445,#1565,#929,.T.);
#1972=EDGE_CURVE('',#1565,#1564,#169,.T.);
#1973=EDGE_CURVE('',#1562,#1565,#170,.T.);
#1974=EDGE_CURVE('',#1455,#1566,#930,.T.);
#1975=EDGE_CURVE('',#1566,#1567,#171,.T.);
#1976=EDGE_CURVE('',#1456,#1567,#931,.T.);
#1977=EDGE_CURVE('',#1454,#1568,#932,.T.);
#1978=EDGE_CURVE('',#1568,#1566,#172,.T.);
#1979=EDGE_CURVE('',#1453,#1569,#933,.T.);
#1980=EDGE_CURVE('',#1569,#1568,#173,.T.);
#1981=EDGE_CURVE('',#1567,#1569,#934,.T.);
#1982=EDGE_CURVE('',#1440,#1570,#935,.T.);
#1983=EDGE_CURVE('',#1570,#1571,#174,.T.);
#1984=EDGE_CURVE('',#1441,#1571,#936,.T.);
#1985=EDGE_CURVE('',#1439,#1572,#937,.T.);
#1986=EDGE_CURVE('',#1572,#1570,#175,.T.);
#1987=EDGE_CURVE('',#1438,#1573,#938,.T.);
#1988=EDGE_CURVE('',#1573,#1572,#176,.T.);
#1989=EDGE_CURVE('',#1437,#1574,#939,.T.);
#1990=EDGE_CURVE('',#1574,#1573,#177,.T.);
#1991=EDGE_CURVE('',#1436,#1575,#940,.T.);
#1992=EDGE_CURVE('',#1575,#1574,#178,.T.);
#1993=EDGE_CURVE('',#1435,#1576,#941,.T.);
#1994=EDGE_CURVE('',#1576,#1575,#179,.T.);
#1995=EDGE_CURVE('',#1434,#1577,#942,.T.);
#1996=EDGE_CURVE('',#1577,#1576,#180,.T.);
#1997=EDGE_CURVE('',#1578,#1433,#943,.T.);
#1998=EDGE_CURVE('',#1578,#1577,#181,.T.);
#1999=EDGE_CURVE('',#1571,#1578,#944,.T.);
#2000=EDGE_CURVE('',#1470,#1579,#945,.T.);
#2001=EDGE_CURVE('',#1579,#1580,#182,.T.);
#2002=EDGE_CURVE('',#1471,#1580,#946,.T.);
#2003=EDGE_CURVE('',#1475,#1581,#947,.T.);
#2004=EDGE_CURVE('',#1581,#1579,#183,.T.);
#2005=EDGE_CURVE('',#1474,#1582,#948,.T.);
#2006=EDGE_CURVE('',#1582,#1581,#184,.T.);
#2007=EDGE_CURVE('',#1473,#1583,#949,.T.);
#2008=EDGE_CURVE('',#1583,#1582,#185,.T.);
#2009=EDGE_CURVE('',#1472,#1584,#950,.T.);
#2010=EDGE_CURVE('',#1584,#1583,#186,.T.);
#2011=EDGE_CURVE('',#1580,#1584,#187,.T.);
#2012=EDGE_CURVE('',#1467,#1585,#951,.T.);
#2013=EDGE_CURVE('',#1585,#1586,#188,.T.);
#2014=EDGE_CURVE('',#1468,#1586,#952,.T.);
#2015=EDGE_CURVE('',#1469,#1587,#953,.T.);
#2016=EDGE_CURVE('',#1587,#1585,#189,.T.);
#2017=EDGE_CURVE('',#1586,#1587,#190,.T.);
#2018=EDGE_CURVE('',#1458,#1588,#954,.T.);
#2019=EDGE_CURVE('',#1588,#1589,#191,.T.);
#2020=EDGE_CURVE('',#1459,#1589,#955,.T.);
#2021=EDGE_CURVE('',#1466,#1590,#956,.T.);
#2022=EDGE_CURVE('',#1590,#1588,#192,.T.);
#2023=EDGE_CURVE('',#1465,#1591,#957,.T.);
#2024=EDGE_CURVE('',#1591,#1590,#193,.T.);
#2025=EDGE_CURVE('',#1464,#1592,#958,.T.);
#2026=EDGE_CURVE('',#1592,#1591,#194,.T.);
#2027=EDGE_CURVE('',#1463,#1593,#959,.T.);
#2028=EDGE_CURVE('',#1593,#1592,#195,.T.);
#2029=EDGE_CURVE('',#1462,#1594,#960,.T.);
#2030=EDGE_CURVE('',#1594,#1593,#196,.T.);
#2031=EDGE_CURVE('',#1461,#1595,#961,.T.);
#2032=EDGE_CURVE('',#1595,#1594,#197,.T.);
#2033=EDGE_CURVE('',#1460,#1596,#962,.T.);
#2034=EDGE_CURVE('',#1596,#1595,#198,.T.);
#2035=EDGE_CURVE('',#1589,#1596,#199,.T.);
#2036=EDGE_CURVE('',#1597,#1598,#222,.T.);
#2037=EDGE_CURVE('',#1598,#1599,#223,.T.);
#2038=EDGE_CURVE('',#1599,#1600,#224,.T.);
#2039=EDGE_CURVE('',#1597,#1600,#225,.T.);
#2040=EDGE_CURVE('',#1601,#1602,#226,.T.);
#2041=EDGE_CURVE('',#1602,#1603,#227,.T.);
#2042=EDGE_CURVE('',#1603,#1604,#228,.T.);
#2043=EDGE_CURVE('',#1604,#1601,#229,.T.);
#2044=EDGE_CURVE('',#1598,#1605,#230,.T.);
#2045=EDGE_CURVE('',#1605,#1606,#231,.T.);
#2046=EDGE_CURVE('',#1606,#1599,#232,.T.);
#2047=EDGE_CURVE('',#1605,#1607,#233,.T.);
#2048=EDGE_CURVE('',#1607,#1608,#234,.T.);
#2049=EDGE_CURVE('',#1608,#1606,#235,.T.);
#2050=EDGE_CURVE('',#1607,#1609,#236,.T.);
#2051=EDGE_CURVE('',#1609,#1610,#237,.T.);
#2052=EDGE_CURVE('',#1610,#1608,#238,.T.);
#2053=EDGE_CURVE('',#1609,#1611,#239,.T.);
#2054=EDGE_CURVE('',#1611,#1612,#240,.T.);
#2055=EDGE_CURVE('',#1612,#1610,#241,.T.);
#2056=EDGE_CURVE('',#1611,#1613,#242,.T.);
#2057=EDGE_CURVE('',#1613,#1614,#243,.T.);
#2058=EDGE_CURVE('',#1614,#1612,#244,.T.);
#2059=EDGE_CURVE('',#1613,#1615,#245,.T.);
#2060=EDGE_CURVE('',#1615,#1616,#246,.T.);
#2061=EDGE_CURVE('',#1616,#1614,#247,.T.);
#2062=EDGE_CURVE('',#1617,#1616,#248,.T.);
#2063=EDGE_CURVE('',#1615,#1618,#249,.T.);
#2064=EDGE_CURVE('',#1618,#1617,#250,.T.);
#2065=EDGE_CURVE('',#1619,#1617,#251,.T.);
#2066=EDGE_CURVE('',#1618,#1620,#252,.T.);
#2067=EDGE_CURVE('',#1620,#1619,#253,.T.);
#2068=EDGE_CURVE('',#1621,#1619,#254,.T.);
#2069=EDGE_CURVE('',#1620,#1622,#255,.T.);
#2070=EDGE_CURVE('',#1622,#1621,#256,.T.);
#2071=EDGE_CURVE('',#1623,#1621,#257,.T.);
#2072=EDGE_CURVE('',#1622,#1624,#258,.T.);
#2073=EDGE_CURVE('',#1624,#1623,#259,.T.);
#2074=EDGE_CURVE('',#1625,#1623,#260,.T.);
#2075=EDGE_CURVE('',#1624,#1626,#261,.T.);
#2076=EDGE_CURVE('',#1626,#1625,#262,.T.);
#2077=EDGE_CURVE('',#1602,#1625,#263,.T.);
#2078=EDGE_CURVE('',#1626,#1603,#264,.T.);
#2079=EDGE_CURVE('',#1600,#1601,#265,.T.);
#2080=EDGE_CURVE('',#1604,#1597,#266,.T.);
#2081=EDGE_CURVE('',#1616,#1544,#963,.T.);
#2082=EDGE_CURVE('',#1614,#1543,#964,.T.);
#2083=EDGE_CURVE('',#1617,#1545,#965,.T.);
#2084=EDGE_CURVE('',#1619,#1546,#966,.T.);
#2085=EDGE_CURVE('',#1621,#1547,#967,.T.);
#2086=EDGE_CURVE('',#1623,#1548,#968,.T.);
#2087=EDGE_CURVE('',#1625,#1549,#969,.T.);
#2088=EDGE_CURVE('',#1602,#1550,#970,.T.);
#2089=EDGE_CURVE('',#1601,#1551,#971,.T.);
#2090=EDGE_CURVE('',#1627,#1627,#1306,.T.);
#2091=EDGE_CURVE('',#1628,#1628,#1307,.T.);
#2092=EDGE_CURVE('',#1629,#1629,#1308,.T.);
#2093=EDGE_CURVE('',#1630,#1630,#1309,.T.);
#2094=EDGE_CURVE('',#1555,#1631,#1310,.T.);
#2095=EDGE_CURVE('',#1631,#1632,#1311,.T.);
#2096=EDGE_CURVE('',#1632,#1631,#1312,.T.);
#2097=EDGE_CURVE('',#1632,#1633,#972,.T.);
#2098=EDGE_CURVE('',#1633,#1633,#1313,.T.);
#2099=EDGE_CURVE('',#1552,#1634,#1314,.T.);
#2100=EDGE_CURVE('',#1634,#1635,#1315,.T.);
#2101=EDGE_CURVE('',#1635,#1634,#1316,.T.);
#2102=EDGE_CURVE('',#1635,#1636,#973,.T.);
#2103=EDGE_CURVE('',#1636,#1636,#1317,.T.);
#2104=EDGE_CURVE('',#1554,#1637,#1318,.T.);
#2105=EDGE_CURVE('',#1637,#1638,#1319,.T.);
#2106=EDGE_CURVE('',#1638,#1637,#1320,.T.);
#2107=EDGE_CURVE('',#1638,#1639,#974,.T.);
#2108=EDGE_CURVE('',#1639,#1639,#1321,.T.);
#2109=EDGE_CURVE('',#1553,#1640,#1322,.T.);
#2110=EDGE_CURVE('',#1640,#1641,#1323,.T.);
#2111=EDGE_CURVE('',#1641,#1640,#1324,.T.);
#2112=EDGE_CURVE('',#1641,#1642,#975,.T.);
#2113=EDGE_CURVE('',#1642,#1642,#1325,.T.);
#2114=EDGE_CURVE('',#1403,#1558,#267,.T.);
#2115=EDGE_CURVE('',#1415,#1534,#976,.T.);
#2116=EDGE_CURVE('',#1402,#1557,#268,.T.);
#2117=EDGE_CURVE('',#1401,#1428,#977,.T.);
#2118=EDGE_CURVE('',#1490,#1503,#269,.T.);
#2119=EDGE_CURVE('',#1627,#1643,#978,.T.);
#2120=EDGE_CURVE('',#1643,#1643,#1326,.T.);
#2121=EDGE_CURVE('',#1628,#1644,#979,.T.);
#2122=EDGE_CURVE('',#1644,#1644,#1327,.T.);
#2123=EDGE_CURVE('',#1629,#1645,#980,.T.);
#2124=EDGE_CURVE('',#1645,#1645,#1328,.T.);
#2125=EDGE_CURVE('',#1630,#1646,#981,.T.);
#2126=EDGE_CURVE('',#1646,#1646,#1329,.T.);
#2127=EDGE_CURVE('',#1480,#1556,#270,.T.);
#2128=EDGE_CURVE('',#1518,#1494,#271,.T.);
#2129=EDGE_CURVE('',#1600,#1537,#982,.T.);
#2130=EDGE_CURVE('',#1429,#1400,#983,.T.);
#2131=EDGE_CURVE('',#1399,#1430,#984,.T.);
#2132=EDGE_CURVE('',#1398,#1431,#985,.T.);
#2133=EDGE_CURVE('',#1397,#1432,#986,.T.);
#2134=EDGE_CURVE('',#1476,#1533,#987,.T.);
#2135=EDGE_CURVE('',#1647,#1538,#988,.T.);
#2136=EDGE_CURVE('',#1647,#1648,#200,.T.);
#2137=EDGE_CURVE('',#1648,#1539,#989,.T.);
#2138=EDGE_CURVE('',#1452,#1526,#990,.T.);
#2139=EDGE_CURVE('',#1451,#1527,#991,.T.);
#2140=EDGE_CURVE('',#1450,#1528,#992,.T.);
#2141=EDGE_CURVE('',#1443,#1560,#993,.T.);
#2142=EDGE_CURVE('',#1612,#1542,#994,.T.);
#2143=EDGE_CURVE('',#1610,#1541,#995,.T.);
#2144=EDGE_CURVE('',#1608,#1540,#996,.T.);
#2145=EDGE_CURVE('',#1606,#1648,#997,.T.);
#2146=EDGE_CURVE('',#1599,#1647,#998,.T.);
#2147=ORIENTED_EDGE('',*,*,#1649,.T.);
#2148=ORIENTED_EDGE('',*,*,#1650,.T.);
#2149=ORIENTED_EDGE('',*,*,#1651,.T.);
#2150=ORIENTED_EDGE('',*,*,#1652,.T.);
#2151=ORIENTED_EDGE('',*,*,#1650,.F.);
#2152=ORIENTED_EDGE('',*,*,#1653,.T.);
#2153=ORIENTED_EDGE('',*,*,#1654,.F.);
#2154=ORIENTED_EDGE('',*,*,#1655,.F.);
#2155=ORIENTED_EDGE('',*,*,#1649,.F.);
#2156=ORIENTED_EDGE('',*,*,#1656,.F.);
#2157=ORIENTED_EDGE('',*,*,#1657,.F.);
#2158=ORIENTED_EDGE('',*,*,#1658,.T.);
#2159=ORIENTED_EDGE('',*,*,#1659,.F.);
#2160=ORIENTED_EDGE('',*,*,#1653,.F.);
#2161=ORIENTED_EDGE('',*,*,#1659,.T.);
#2162=ORIENTED_EDGE('',*,*,#1660,.T.);
#2163=ORIENTED_EDGE('',*,*,#1661,.T.);
#2164=ORIENTED_EDGE('',*,*,#1654,.T.);
#2165=ORIENTED_EDGE('',*,*,#1660,.F.);
#2166=ORIENTED_EDGE('',*,*,#1658,.F.);
#2167=ORIENTED_EDGE('',*,*,#1662,.F.);
#2168=ORIENTED_EDGE('',*,*,#1663,.F.);
#2169=ORIENTED_EDGE('',*,*,#1652,.F.);
#2170=ORIENTED_EDGE('',*,*,#1664,.F.);
#2171=ORIENTED_EDGE('',*,*,#1665,.F.);
#2172=ORIENTED_EDGE('',*,*,#1656,.T.);
#2173=ORIENTED_EDGE('',*,*,#1662,.T.);
#2174=ORIENTED_EDGE('',*,*,#1657,.T.);
#2175=ORIENTED_EDGE('',*,*,#1665,.T.);
#2176=ORIENTED_EDGE('',*,*,#1666,.F.);
#2177=ORIENTED_EDGE('',*,*,#1667,.T.);
#2178=ORIENTED_EDGE('',*,*,#1668,.F.);
#2179=ORIENTED_EDGE('',*,*,#1669,.T.);
#2180=ORIENTED_EDGE('',*,*,#1670,.T.);
#2181=ORIENTED_EDGE('',*,*,#1671,.F.);
#2182=ORIENTED_EDGE('',*,*,#1672,.T.);
#2183=ORIENTED_EDGE('',*,*,#1673,.T.);
#2184=ORIENTED_EDGE('',*,*,#1674,.T.);
#2185=ORIENTED_EDGE('',*,*,#1675,.T.);
#2186=ORIENTED_EDGE('',*,*,#1675,.F.);
#2187=ORIENTED_EDGE('',*,*,#1676,.F.);
#2188=ORIENTED_EDGE('',*,*,#1677,.F.);
#2189=ORIENTED_EDGE('',*,*,#1678,.T.);
#2190=ORIENTED_EDGE('',*,*,#1679,.T.);
#2191=ORIENTED_EDGE('',*,*,#1680,.T.);
#2192=ORIENTED_EDGE('',*,*,#1681,.T.);
#2193=ORIENTED_EDGE('',*,*,#1682,.T.);
#2194=ORIENTED_EDGE('',*,*,#1673,.F.);
#2195=ORIENTED_EDGE('',*,*,#1683,.T.);
#2196=ORIENTED_EDGE('',*,*,#1682,.F.);
#2197=ORIENTED_EDGE('',*,*,#1684,.F.);
#2198=ORIENTED_EDGE('',*,*,#1680,.F.);
#2199=ORIENTED_EDGE('',*,*,#1685,.F.);
#2200=ORIENTED_EDGE('',*,*,#1686,.F.);
#2201=ORIENTED_EDGE('',*,*,#1687,.F.);
#2202=ORIENTED_EDGE('',*,*,#1672,.F.);
#2203=ORIENTED_EDGE('',*,*,#1678,.F.);
#2204=ORIENTED_EDGE('',*,*,#1688,.F.);
#2205=ORIENTED_EDGE('',*,*,#1685,.T.);
#2206=ORIENTED_EDGE('',*,*,#1679,.F.);
#2207=ORIENTED_EDGE('',*,*,#1683,.F.);
#2208=ORIENTED_EDGE('',*,*,#1686,.T.);
#2209=ORIENTED_EDGE('',*,*,#1688,.T.);
#2210=ORIENTED_EDGE('',*,*,#1677,.T.);
#2211=ORIENTED_EDGE('',*,*,#1689,.F.);
#2212=ORIENTED_EDGE('',*,*,#1690,.T.);
#2213=ORIENTED_EDGE('',*,*,#1691,.F.);
#2214=ORIENTED_EDGE('',*,*,#1692,.F.);
#2215=ORIENTED_EDGE('',*,*,#1693,.F.);
#2216=ORIENTED_EDGE('',*,*,#1694,.T.);
#2217=ORIENTED_EDGE('',*,*,#1695,.T.);
#2218=ORIENTED_EDGE('',*,*,#1696,.T.);
#2219=ORIENTED_EDGE('',*,*,#1697,.T.);
#2220=ORIENTED_EDGE('',*,*,#1697,.F.);
#2221=ORIENTED_EDGE('',*,*,#1698,.F.);
#2222=ORIENTED_EDGE('',*,*,#1699,.F.);
#2223=ORIENTED_EDGE('',*,*,#1700,.T.);
#2224=ORIENTED_EDGE('',*,*,#1701,.T.);
#2225=ORIENTED_EDGE('',*,*,#1702,.T.);
#2226=ORIENTED_EDGE('',*,*,#1703,.T.);
#2227=ORIENTED_EDGE('',*,*,#1704,.T.);
#2228=ORIENTED_EDGE('',*,*,#1695,.F.);
#2229=ORIENTED_EDGE('',*,*,#1705,.T.);
#2230=ORIENTED_EDGE('',*,*,#1704,.F.);
#2231=ORIENTED_EDGE('',*,*,#1706,.F.);
#2232=ORIENTED_EDGE('',*,*,#1702,.F.);
#2233=ORIENTED_EDGE('',*,*,#1707,.F.);
#2234=ORIENTED_EDGE('',*,*,#1708,.F.);
#2235=ORIENTED_EDGE('',*,*,#1709,.F.);
#2236=ORIENTED_EDGE('',*,*,#1694,.F.);
#2237=ORIENTED_EDGE('',*,*,#1700,.F.);
#2238=ORIENTED_EDGE('',*,*,#1710,.F.);
#2239=ORIENTED_EDGE('',*,*,#1707,.T.);
#2240=ORIENTED_EDGE('',*,*,#1701,.F.);
#2241=ORIENTED_EDGE('',*,*,#1705,.F.);
#2242=ORIENTED_EDGE('',*,*,#1708,.T.);
#2243=ORIENTED_EDGE('',*,*,#1710,.T.);
#2244=ORIENTED_EDGE('',*,*,#1699,.T.);
#2245=ORIENTED_EDGE('',*,*,#1711,.F.);
#2246=ORIENTED_EDGE('',*,*,#1712,.T.);
#2247=ORIENTED_EDGE('',*,*,#1713,.F.);
#2248=ORIENTED_EDGE('',*,*,#1714,.F.);
#2249=ORIENTED_EDGE('',*,*,#1715,.F.);
#2250=ORIENTED_EDGE('',*,*,#1716,.T.);
#2251=ORIENTED_EDGE('',*,*,#1717,.T.);
#2252=ORIENTED_EDGE('',*,*,#1718,.T.);
#2253=ORIENTED_EDGE('',*,*,#1719,.T.);
#2254=ORIENTED_EDGE('',*,*,#1716,.F.);
#2255=ORIENTED_EDGE('',*,*,#1720,.F.);
#2256=ORIENTED_EDGE('',*,*,#1721,.F.);
#2257=ORIENTED_EDGE('',*,*,#1722,.F.);
#2258=ORIENTED_EDGE('',*,*,#1723,.F.);
#2259=ORIENTED_EDGE('',*,*,#1724,.T.);
#2260=ORIENTED_EDGE('',*,*,#1719,.F.);
#2261=ORIENTED_EDGE('',*,*,#1725,.F.);
#2262=ORIENTED_EDGE('',*,*,#1726,.F.);
#2263=ORIENTED_EDGE('',*,*,#1720,.T.);
#2264=ORIENTED_EDGE('',*,*,#1721,.T.);
#2265=ORIENTED_EDGE('',*,*,#1726,.T.);
#2266=ORIENTED_EDGE('',*,*,#1727,.T.);
#2267=ORIENTED_EDGE('',*,*,#1728,.T.);
#2268=ORIENTED_EDGE('',*,*,#1717,.F.);
#2269=ORIENTED_EDGE('',*,*,#1724,.F.);
#2270=ORIENTED_EDGE('',*,*,#1729,.F.);
#2271=ORIENTED_EDGE('',*,*,#1730,.F.);
#2272=ORIENTED_EDGE('',*,*,#1728,.F.);
#2273=ORIENTED_EDGE('',*,*,#1731,.F.);
#2274=ORIENTED_EDGE('',*,*,#1732,.F.);
#2275=ORIENTED_EDGE('',*,*,#1722,.T.);
#2276=ORIENTED_EDGE('',*,*,#1729,.T.);
#2277=ORIENTED_EDGE('',*,*,#1723,.T.);
#2278=ORIENTED_EDGE('',*,*,#1732,.T.);
#2279=ORIENTED_EDGE('',*,*,#1733,.F.);
#2280=ORIENTED_EDGE('',*,*,#1734,.T.);
#2281=ORIENTED_EDGE('',*,*,#1735,.F.);
#2282=ORIENTED_EDGE('',*,*,#1736,.F.);
#2283=ORIENTED_EDGE('',*,*,#1737,.F.);
#2284=ORIENTED_EDGE('',*,*,#1738,.T.);
#2285=ORIENTED_EDGE('',*,*,#1739,.F.);
#2286=ORIENTED_EDGE('',*,*,#1740,.F.);
#2287=ORIENTED_EDGE('',*,*,#1741,.F.);
#2288=ORIENTED_EDGE('',*,*,#1742,.F.);
#2289=ORIENTED_EDGE('',*,*,#1743,.F.);
#2290=ORIENTED_EDGE('',*,*,#1744,.F.);
#2291=ORIENTED_EDGE('',*,*,#1745,.F.);
#2292=ORIENTED_EDGE('',*,*,#1746,.F.);
#2293=ORIENTED_EDGE('',*,*,#1747,.T.);
#2294=ORIENTED_EDGE('',*,*,#1748,.T.);
#2295=ORIENTED_EDGE('',*,*,#1749,.T.);
#2296=ORIENTED_EDGE('',*,*,#1750,.F.);
#2297=ORIENTED_EDGE('',*,*,#1738,.F.);
#2298=ORIENTED_EDGE('',*,*,#1751,.T.);
#2299=ORIENTED_EDGE('',*,*,#1752,.T.);
#2300=ORIENTED_EDGE('',*,*,#1753,.T.);
#2301=ORIENTED_EDGE('',*,*,#1754,.T.);
#2302=ORIENTED_EDGE('',*,*,#1754,.F.);
#2303=ORIENTED_EDGE('',*,*,#1755,.F.);
#2304=ORIENTED_EDGE('',*,*,#1756,.F.);
#2305=ORIENTED_EDGE('',*,*,#1757,.T.);
#2306=ORIENTED_EDGE('',*,*,#1758,.T.);
#2307=ORIENTED_EDGE('',*,*,#1756,.T.);
#2308=ORIENTED_EDGE('',*,*,#1759,.F.);
#2309=ORIENTED_EDGE('',*,*,#1760,.T.);
#2310=ORIENTED_EDGE('',*,*,#1761,.T.);
#2311=ORIENTED_EDGE('',*,*,#1748,.F.);
#2312=ORIENTED_EDGE('',*,*,#1747,.F.);
#2313=ORIENTED_EDGE('',*,*,#1762,.T.);
#2314=ORIENTED_EDGE('',*,*,#1763,.T.);
#2315=ORIENTED_EDGE('',*,*,#1761,.F.);
#2316=ORIENTED_EDGE('',*,*,#1760,.F.);
#2317=ORIENTED_EDGE('',*,*,#1764,.T.);
#2318=ORIENTED_EDGE('',*,*,#1765,.T.);
#2319=ORIENTED_EDGE('',*,*,#1766,.T.);
#2320=ORIENTED_EDGE('',*,*,#1767,.T.);
#2321=ORIENTED_EDGE('',*,*,#1764,.F.);
#2322=ORIENTED_EDGE('',*,*,#1768,.F.);
#2323=ORIENTED_EDGE('',*,*,#1769,.F.);
#2324=ORIENTED_EDGE('',*,*,#1770,.F.);
#2325=ORIENTED_EDGE('',*,*,#1771,.F.);
#2326=ORIENTED_EDGE('',*,*,#1772,.T.);
#2327=ORIENTED_EDGE('',*,*,#1767,.F.);
#2328=ORIENTED_EDGE('',*,*,#1773,.F.);
#2329=ORIENTED_EDGE('',*,*,#1774,.F.);
#2330=ORIENTED_EDGE('',*,*,#1768,.T.);
#2331=ORIENTED_EDGE('',*,*,#1769,.T.);
#2332=ORIENTED_EDGE('',*,*,#1774,.T.);
#2333=ORIENTED_EDGE('',*,*,#1775,.T.);
#2334=ORIENTED_EDGE('',*,*,#1776,.T.);
#2335=ORIENTED_EDGE('',*,*,#1663,.T.);
#2336=ORIENTED_EDGE('',*,*,#1671,.T.);
#2337=ORIENTED_EDGE('',*,*,#1777,.T.);
#2338=ORIENTED_EDGE('',*,*,#1775,.F.);
#2339=ORIENTED_EDGE('',*,*,#1773,.T.);
#2340=ORIENTED_EDGE('',*,*,#1766,.F.);
#2341=ORIENTED_EDGE('',*,*,#1778,.T.);
#2342=ORIENTED_EDGE('',*,*,#1779,.T.);
#2343=ORIENTED_EDGE('',*,*,#1780,.T.);
#2344=ORIENTED_EDGE('',*,*,#1781,.T.);
#2345=ORIENTED_EDGE('',*,*,#1782,.T.);
#2346=ORIENTED_EDGE('',*,*,#1783,.T.);
#2347=ORIENTED_EDGE('',*,*,#1784,.T.);
#2348=ORIENTED_EDGE('',*,*,#1785,.T.);
#2349=ORIENTED_EDGE('',*,*,#1786,.T.);
#2350=ORIENTED_EDGE('',*,*,#1787,.T.);
#2351=ORIENTED_EDGE('',*,*,#1788,.T.);
#2352=ORIENTED_EDGE('',*,*,#1789,.T.);
#2353=ORIENTED_EDGE('',*,*,#1790,.T.);
#2354=ORIENTED_EDGE('',*,*,#1791,.T.);
#2355=ORIENTED_EDGE('',*,*,#1792,.T.);
#2356=ORIENTED_EDGE('',*,*,#1793,.T.);
#2357=ORIENTED_EDGE('',*,*,#1794,.T.);
#2358=ORIENTED_EDGE('',*,*,#1795,.T.);
#2359=ORIENTED_EDGE('',*,*,#1749,.F.);
#2360=ORIENTED_EDGE('',*,*,#1759,.T.);
#2361=ORIENTED_EDGE('',*,*,#1755,.T.);
#2362=ORIENTED_EDGE('',*,*,#1753,.F.);
#2363=ORIENTED_EDGE('',*,*,#1796,.T.);
#2364=ORIENTED_EDGE('',*,*,#1797,.T.);
#2365=ORIENTED_EDGE('',*,*,#1689,.T.);
#2366=ORIENTED_EDGE('',*,*,#1676,.T.);
#2367=ORIENTED_EDGE('',*,*,#1674,.F.);
#2368=ORIENTED_EDGE('',*,*,#1684,.T.);
#2369=ORIENTED_EDGE('',*,*,#1681,.F.);
#2370=ORIENTED_EDGE('',*,*,#1687,.T.);
#2371=ORIENTED_EDGE('',*,*,#1693,.T.);
#2372=ORIENTED_EDGE('',*,*,#1798,.T.);
#2373=ORIENTED_EDGE('',*,*,#1799,.T.);
#2374=ORIENTED_EDGE('',*,*,#1711,.T.);
#2375=ORIENTED_EDGE('',*,*,#1698,.T.);
#2376=ORIENTED_EDGE('',*,*,#1696,.F.);
#2377=ORIENTED_EDGE('',*,*,#1706,.T.);
#2378=ORIENTED_EDGE('',*,*,#1703,.F.);
#2379=ORIENTED_EDGE('',*,*,#1709,.T.);
#2380=ORIENTED_EDGE('',*,*,#1715,.T.);
#2381=ORIENTED_EDGE('',*,*,#1800,.T.);
#2382=ORIENTED_EDGE('',*,*,#1801,.T.);
#2383=ORIENTED_EDGE('',*,*,#1802,.T.);
#2384=ORIENTED_EDGE('',*,*,#1803,.T.);
#2385=ORIENTED_EDGE('',*,*,#1804,.T.);
#2386=ORIENTED_EDGE('',*,*,#1805,.T.);
#2387=ORIENTED_EDGE('',*,*,#1806,.T.);
#2388=ORIENTED_EDGE('',*,*,#1807,.T.);
#2389=ORIENTED_EDGE('',*,*,#1808,.T.);
#2390=ORIENTED_EDGE('',*,*,#1809,.T.);
#2391=ORIENTED_EDGE('',*,*,#1810,.T.);
#2392=ORIENTED_EDGE('',*,*,#1811,.T.);
#2393=ORIENTED_EDGE('',*,*,#1812,.T.);
#2394=ORIENTED_EDGE('',*,*,#1813,.T.);
#2395=ORIENTED_EDGE('',*,*,#1733,.T.);
#2396=ORIENTED_EDGE('',*,*,#1731,.T.);
#2397=ORIENTED_EDGE('',*,*,#1727,.F.);
#2398=ORIENTED_EDGE('',*,*,#1725,.T.);
#2399=ORIENTED_EDGE('',*,*,#1718,.F.);
#2400=ORIENTED_EDGE('',*,*,#1730,.T.);
#2401=ORIENTED_EDGE('',*,*,#1737,.T.);
#2402=ORIENTED_EDGE('',*,*,#1814,.T.);
#2403=ORIENTED_EDGE('',*,*,#1815,.T.);
#2404=ORIENTED_EDGE('',*,*,#1666,.T.);
#2405=ORIENTED_EDGE('',*,*,#1664,.T.);
#2406=ORIENTED_EDGE('',*,*,#1651,.F.);
#2407=ORIENTED_EDGE('',*,*,#1655,.T.);
#2408=ORIENTED_EDGE('',*,*,#1661,.F.);
#2409=ORIENTED_EDGE('',*,*,#1816,.T.);
#2410=ORIENTED_EDGE('',*,*,#1817,.T.);
#2411=ORIENTED_EDGE('',*,*,#1818,.T.);
#2412=ORIENTED_EDGE('',*,*,#1819,.T.);
#2413=ORIENTED_EDGE('',*,*,#1820,.T.);
#2414=ORIENTED_EDGE('',*,*,#1821,.T.);
#2415=ORIENTED_EDGE('',*,*,#1822,.T.);
#2416=ORIENTED_EDGE('',*,*,#1823,.T.);
#2417=ORIENTED_EDGE('',*,*,#1824,.T.);
#2418=ORIENTED_EDGE('',*,*,#1825,.T.);
#2419=ORIENTED_EDGE('',*,*,#1826,.T.);
#2420=ORIENTED_EDGE('',*,*,#1827,.T.);
#2421=ORIENTED_EDGE('',*,*,#1828,.T.);
#2422=ORIENTED_EDGE('',*,*,#1829,.T.);
#2423=ORIENTED_EDGE('',*,*,#1830,.T.);
#2424=ORIENTED_EDGE('',*,*,#1831,.T.);
#2425=ORIENTED_EDGE('',*,*,#1832,.T.);
#2426=ORIENTED_EDGE('',*,*,#1833,.T.);
#2427=ORIENTED_EDGE('',*,*,#1752,.F.);
#2428=ORIENTED_EDGE('',*,*,#1834,.F.);
#2429=ORIENTED_EDGE('',*,*,#1835,.F.);
#2430=ORIENTED_EDGE('',*,*,#1796,.F.);
#2431=ORIENTED_EDGE('',*,*,#1751,.F.);
#2432=ORIENTED_EDGE('',*,*,#1757,.F.);
#2433=ORIENTED_EDGE('',*,*,#1758,.F.);
#2434=ORIENTED_EDGE('',*,*,#1763,.F.);
#2435=ORIENTED_EDGE('',*,*,#1836,.F.);
#2436=ORIENTED_EDGE('',*,*,#1834,.T.);
#2437=ORIENTED_EDGE('',*,*,#1765,.F.);
#2438=ORIENTED_EDGE('',*,*,#1772,.F.);
#2439=ORIENTED_EDGE('',*,*,#1837,.F.);
#2440=ORIENTED_EDGE('',*,*,#1778,.F.);
#2441=ORIENTED_EDGE('',*,*,#1776,.F.);
#2442=ORIENTED_EDGE('',*,*,#1777,.F.);
#2443=ORIENTED_EDGE('',*,*,#1670,.F.);
#2444=ORIENTED_EDGE('',*,*,#1770,.T.);
#2445=ORIENTED_EDGE('',*,*,#1771,.T.);
#2446=ORIENTED_EDGE('',*,*,#1669,.F.);
#2447=ORIENTED_EDGE('',*,*,#1838,.F.);
#2448=ORIENTED_EDGE('',*,*,#1839,.F.);
#2449=ORIENTED_EDGE('',*,*,#1840,.T.);
#2450=ORIENTED_EDGE('',*,*,#1841,.T.);
#2451=ORIENTED_EDGE('',*,*,#1842,.T.);
#2452=ORIENTED_EDGE('',*,*,#1843,.T.);
#2453=ORIENTED_EDGE('',*,*,#1844,.T.);
#2454=ORIENTED_EDGE('',*,*,#1845,.T.);
#2455=ORIENTED_EDGE('',*,*,#1840,.F.);
#2456=ORIENTED_EDGE('',*,*,#1846,.T.);
#2457=ORIENTED_EDGE('',*,*,#1846,.F.);
#2458=ORIENTED_EDGE('',*,*,#1847,.T.);
#2459=ORIENTED_EDGE('',*,*,#1848,.F.);
#2460=ORIENTED_EDGE('',*,*,#1849,.T.);
#2461=ORIENTED_EDGE('',*,*,#1843,.F.);
#2462=ORIENTED_EDGE('',*,*,#1850,.F.);
#2463=ORIENTED_EDGE('',*,*,#1851,.F.);
#2464=ORIENTED_EDGE('',*,*,#1852,.F.);
#2465=ORIENTED_EDGE('',*,*,#1847,.F.);
#2466=ORIENTED_EDGE('',*,*,#1853,.T.);
#2467=ORIENTED_EDGE('',*,*,#1854,.T.);
#2468=ORIENTED_EDGE('',*,*,#1855,.T.);
#2469=ORIENTED_EDGE('',*,*,#1856,.T.);
#2470=ORIENTED_EDGE('',*,*,#1857,.T.);
#2471=ORIENTED_EDGE('',*,*,#1858,.T.);
#2472=ORIENTED_EDGE('',*,*,#1853,.F.);
#2473=ORIENTED_EDGE('',*,*,#1859,.T.);
#2474=ORIENTED_EDGE('',*,*,#1859,.F.);
#2475=ORIENTED_EDGE('',*,*,#1856,.F.);
#2476=ORIENTED_EDGE('',*,*,#1860,.F.);
#2477=ORIENTED_EDGE('',*,*,#1861,.F.);
#2478=ORIENTED_EDGE('',*,*,#1862,.T.);
#2479=ORIENTED_EDGE('',*,*,#1863,.F.);
#2480=ORIENTED_EDGE('',*,*,#1864,.T.);
#2481=ORIENTED_EDGE('',*,*,#1865,.T.);
#2482=ORIENTED_EDGE('',*,*,#1866,.T.);
#2483=ORIENTED_EDGE('',*,*,#1867,.T.);
#2484=ORIENTED_EDGE('',*,*,#1868,.T.);
#2485=ORIENTED_EDGE('',*,*,#1864,.F.);
#2486=ORIENTED_EDGE('',*,*,#1869,.T.);
#2487=ORIENTED_EDGE('',*,*,#1870,.T.);
#2488=ORIENTED_EDGE('',*,*,#1871,.T.);
#2489=ORIENTED_EDGE('',*,*,#1867,.F.);
#2490=ORIENTED_EDGE('',*,*,#1872,.T.);
#2491=ORIENTED_EDGE('',*,*,#1872,.F.);
#2492=ORIENTED_EDGE('',*,*,#1873,.F.);
#2493=ORIENTED_EDGE('',*,*,#1874,.F.);
#2494=ORIENTED_EDGE('',*,*,#1875,.F.);
#2495=ORIENTED_EDGE('',*,*,#1869,.F.);
#2496=ORIENTED_EDGE('',*,*,#1866,.F.);
#2497=ORIENTED_EDGE('',*,*,#1876,.T.);
#2498=ORIENTED_EDGE('',*,*,#1877,.F.);
#2499=ORIENTED_EDGE('',*,*,#1878,.F.);
#2500=ORIENTED_EDGE('',*,*,#1873,.T.);
#2501=ORIENTED_EDGE('',*,*,#1858,.F.);
#2502=ORIENTED_EDGE('',*,*,#1879,.T.);
#2503=ORIENTED_EDGE('',*,*,#1865,.F.);
#2504=ORIENTED_EDGE('',*,*,#1880,.T.);
#2505=ORIENTED_EDGE('',*,*,#1881,.T.);
#2506=ORIENTED_EDGE('',*,*,#1877,.T.);
#2507=ORIENTED_EDGE('',*,*,#1848,.T.);
#2508=ORIENTED_EDGE('',*,*,#1882,.T.);
#2509=ORIENTED_EDGE('',*,*,#1878,.T.);
#2510=ORIENTED_EDGE('',*,*,#1881,.F.);
#2511=ORIENTED_EDGE('',*,*,#1852,.T.);
#2512=ORIENTED_EDGE('',*,*,#1883,.T.);
#2513=ORIENTED_EDGE('',*,*,#1874,.T.);
#2514=ORIENTED_EDGE('',*,*,#1882,.F.);
#2515=ORIENTED_EDGE('',*,*,#1851,.T.);
#2516=ORIENTED_EDGE('',*,*,#1884,.T.);
#2517=ORIENTED_EDGE('',*,*,#1885,.T.);
#2518=ORIENTED_EDGE('',*,*,#1886,.T.);
#2519=ORIENTED_EDGE('',*,*,#1887,.T.);
#2520=ORIENTED_EDGE('',*,*,#1888,.T.);
#2521=ORIENTED_EDGE('',*,*,#1889,.T.);
#2522=ORIENTED_EDGE('',*,*,#1890,.T.);
#2523=ORIENTED_EDGE('',*,*,#1891,.T.);
#2524=ORIENTED_EDGE('',*,*,#1888,.F.);
#2525=ORIENTED_EDGE('',*,*,#1892,.T.);
#2526=ORIENTED_EDGE('',*,*,#1886,.F.);
#2527=ORIENTED_EDGE('',*,*,#1892,.F.);
#2528=ORIENTED_EDGE('',*,*,#1893,.T.);
#2529=ORIENTED_EDGE('',*,*,#1894,.T.);
#2530=ORIENTED_EDGE('',*,*,#1895,.T.);
#2531=ORIENTED_EDGE('',*,*,#1891,.F.);
#2532=ORIENTED_EDGE('',*,*,#1896,.T.);
#2533=ORIENTED_EDGE('',*,*,#1844,.F.);
#2534=ORIENTED_EDGE('',*,*,#1849,.F.);
#2535=ORIENTED_EDGE('',*,*,#1876,.F.);
#2536=ORIENTED_EDGE('',*,*,#1879,.F.);
#2537=ORIENTED_EDGE('',*,*,#1857,.F.);
#2538=ORIENTED_EDGE('',*,*,#1897,.F.);
#2539=ORIENTED_EDGE('',*,*,#1780,.F.);
#2540=ORIENTED_EDGE('',*,*,#1898,.T.);
#2541=ORIENTED_EDGE('',*,*,#1893,.F.);
#2542=ORIENTED_EDGE('',*,*,#1862,.F.);
#2543=ORIENTED_EDGE('',*,*,#1899,.T.);
#2544=ORIENTED_EDGE('',*,*,#1900,.T.);
#2545=ORIENTED_EDGE('',*,*,#1901,.T.);
#2546=ORIENTED_EDGE('',*,*,#1902,.T.);
#2547=ORIENTED_EDGE('',*,*,#1903,.T.);
#2548=ORIENTED_EDGE('',*,*,#1904,.T.);
#2549=ORIENTED_EDGE('',*,*,#1905,.T.);
#2550=ORIENTED_EDGE('',*,*,#1904,.F.);
#2551=ORIENTED_EDGE('',*,*,#1906,.T.);
#2552=ORIENTED_EDGE('',*,*,#1900,.F.);
#2553=ORIENTED_EDGE('',*,*,#1901,.F.);
#2554=ORIENTED_EDGE('',*,*,#1907,.F.);
#2555=ORIENTED_EDGE('',*,*,#1908,.F.);
#2556=ORIENTED_EDGE('',*,*,#1906,.F.);
#2557=ORIENTED_EDGE('',*,*,#1909,.T.);
#2558=ORIENTED_EDGE('',*,*,#1910,.T.);
#2559=ORIENTED_EDGE('',*,*,#1907,.T.);
#2560=ORIENTED_EDGE('',*,*,#1887,.F.);
#2561=ORIENTED_EDGE('',*,*,#1895,.F.);
#2562=ORIENTED_EDGE('',*,*,#1911,.T.);
#2563=ORIENTED_EDGE('',*,*,#1838,.T.);
#2564=ORIENTED_EDGE('',*,*,#1668,.T.);
#2565=ORIENTED_EDGE('',*,*,#1912,.T.);
#2566=ORIENTED_EDGE('',*,*,#1913,.F.);
#2567=ORIENTED_EDGE('',*,*,#1914,.F.);
#2568=ORIENTED_EDGE('',*,*,#1915,.T.);
#2569=ORIENTED_EDGE('',*,*,#1916,.T.);
#2570=ORIENTED_EDGE('',*,*,#1917,.T.);
#2571=ORIENTED_EDGE('',*,*,#1918,.T.);
#2572=ORIENTED_EDGE('',*,*,#1919,.T.);
#2573=ORIENTED_EDGE('',*,*,#1920,.F.);
#2574=ORIENTED_EDGE('',*,*,#1921,.F.);
#2575=ORIENTED_EDGE('',*,*,#1922,.T.);
#2576=ORIENTED_EDGE('',*,*,#1691,.T.);
#2577=ORIENTED_EDGE('',*,*,#1923,.T.);
#2578=ORIENTED_EDGE('',*,*,#1924,.T.);
#2579=ORIENTED_EDGE('',*,*,#1925,.T.);
#2580=ORIENTED_EDGE('',*,*,#1926,.F.);
#2581=ORIENTED_EDGE('',*,*,#1927,.F.);
#2582=ORIENTED_EDGE('',*,*,#1909,.F.);
#2583=ORIENTED_EDGE('',*,*,#1903,.F.);
#2584=ORIENTED_EDGE('',*,*,#1928,.T.);
#2585=ORIENTED_EDGE('',*,*,#1929,.T.);
#2586=ORIENTED_EDGE('',*,*,#1930,.T.);
#2587=ORIENTED_EDGE('',*,*,#1931,.T.);
#2588=ORIENTED_EDGE('',*,*,#1932,.T.);
#2589=ORIENTED_EDGE('',*,*,#1933,.T.);
#2590=ORIENTED_EDGE('',*,*,#1934,.T.);
#2591=ORIENTED_EDGE('',*,*,#1935,.T.);
#2592=ORIENTED_EDGE('',*,*,#1936,.T.);
#2593=ORIENTED_EDGE('',*,*,#1937,.T.);
#2594=ORIENTED_EDGE('',*,*,#1938,.T.);
#2595=ORIENTED_EDGE('',*,*,#1939,.T.);
#2596=ORIENTED_EDGE('',*,*,#1940,.T.);
#2597=ORIENTED_EDGE('',*,*,#1941,.T.);
#2598=ORIENTED_EDGE('',*,*,#1942,.T.);
#2599=ORIENTED_EDGE('',*,*,#1943,.T.);
#2600=ORIENTED_EDGE('',*,*,#1944,.F.);
#2601=ORIENTED_EDGE('',*,*,#1945,.F.);
#2602=ORIENTED_EDGE('',*,*,#1946,.F.);
#2603=ORIENTED_EDGE('',*,*,#1947,.F.);
#2604=ORIENTED_EDGE('',*,*,#1885,.F.);
#2605=ORIENTED_EDGE('',*,*,#1948,.F.);
#2606=ORIENTED_EDGE('',*,*,#1949,.F.);
#2607=ORIENTED_EDGE('',*,*,#1889,.F.);
#2608=ORIENTED_EDGE('',*,*,#1950,.T.);
#2609=ORIENTED_EDGE('',*,*,#1951,.T.);
#2610=ORIENTED_EDGE('',*,*,#1910,.F.);
#2611=ORIENTED_EDGE('',*,*,#1927,.T.);
#2612=ORIENTED_EDGE('',*,*,#1952,.T.);
#2613=ORIENTED_EDGE('',*,*,#1953,.T.);
#2614=ORIENTED_EDGE('',*,*,#1950,.F.);
#2615=ORIENTED_EDGE('',*,*,#1926,.T.);
#2616=ORIENTED_EDGE('',*,*,#1735,.T.);
#2617=ORIENTED_EDGE('',*,*,#1954,.T.);
#2618=ORIENTED_EDGE('',*,*,#1914,.T.);
#2619=ORIENTED_EDGE('',*,*,#1955,.T.);
#2620=ORIENTED_EDGE('',*,*,#1913,.T.);
#2621=ORIENTED_EDGE('',*,*,#1956,.T.);
#2622=ORIENTED_EDGE('',*,*,#1957,.T.);
#2623=ORIENTED_EDGE('',*,*,#1955,.F.);
#2624=ORIENTED_EDGE('',*,*,#1957,.F.);
#2625=ORIENTED_EDGE('',*,*,#1958,.F.);
#2626=ORIENTED_EDGE('',*,*,#1814,.F.);
#2627=ORIENTED_EDGE('',*,*,#1736,.T.);
#2628=ORIENTED_EDGE('',*,*,#1959,.T.);
#2629=ORIENTED_EDGE('',*,*,#1960,.T.);
#2630=ORIENTED_EDGE('',*,*,#1921,.T.);
#2631=ORIENTED_EDGE('',*,*,#1961,.T.);
#2632=ORIENTED_EDGE('',*,*,#1920,.T.);
#2633=ORIENTED_EDGE('',*,*,#1962,.T.);
#2634=ORIENTED_EDGE('',*,*,#1713,.T.);
#2635=ORIENTED_EDGE('',*,*,#1961,.F.);
#2636=ORIENTED_EDGE('',*,*,#1962,.F.);
#2637=ORIENTED_EDGE('',*,*,#1919,.F.);
#2638=ORIENTED_EDGE('',*,*,#1963,.F.);
#2639=ORIENTED_EDGE('',*,*,#1805,.F.);
#2640=ORIENTED_EDGE('',*,*,#1964,.T.);
#2641=ORIENTED_EDGE('',*,*,#1965,.T.);
#2642=ORIENTED_EDGE('',*,*,#1966,.F.);
#2643=ORIENTED_EDGE('',*,*,#1800,.F.);
#2644=ORIENTED_EDGE('',*,*,#1714,.T.);
#2645=ORIENTED_EDGE('',*,*,#1804,.F.);
#2646=ORIENTED_EDGE('',*,*,#1967,.T.);
#2647=ORIENTED_EDGE('',*,*,#1968,.T.);
#2648=ORIENTED_EDGE('',*,*,#1964,.F.);
#2649=ORIENTED_EDGE('',*,*,#1803,.F.);
#2650=ORIENTED_EDGE('',*,*,#1969,.T.);
#2651=ORIENTED_EDGE('',*,*,#1970,.T.);
#2652=ORIENTED_EDGE('',*,*,#1967,.F.);
#2653=ORIENTED_EDGE('',*,*,#1802,.F.);
#2654=ORIENTED_EDGE('',*,*,#1971,.T.);
#2655=ORIENTED_EDGE('',*,*,#1972,.T.);
#2656=ORIENTED_EDGE('',*,*,#1969,.F.);
#2657=ORIENTED_EDGE('',*,*,#1801,.F.);
#2658=ORIENTED_EDGE('',*,*,#1966,.T.);
#2659=ORIENTED_EDGE('',*,*,#1973,.T.);
#2660=ORIENTED_EDGE('',*,*,#1971,.F.);
#2661=ORIENTED_EDGE('',*,*,#1965,.F.);
#2662=ORIENTED_EDGE('',*,*,#1968,.F.);
#2663=ORIENTED_EDGE('',*,*,#1970,.F.);
#2664=ORIENTED_EDGE('',*,*,#1972,.F.);
#2665=ORIENTED_EDGE('',*,*,#1973,.F.);
#2666=ORIENTED_EDGE('',*,*,#1812,.F.);
#2667=ORIENTED_EDGE('',*,*,#1974,.T.);
#2668=ORIENTED_EDGE('',*,*,#1975,.T.);
#2669=ORIENTED_EDGE('',*,*,#1976,.F.);
#2670=ORIENTED_EDGE('',*,*,#1811,.F.);
#2671=ORIENTED_EDGE('',*,*,#1977,.T.);
#2672=ORIENTED_EDGE('',*,*,#1978,.T.);
#2673=ORIENTED_EDGE('',*,*,#1974,.F.);
#2674=ORIENTED_EDGE('',*,*,#1810,.F.);
#2675=ORIENTED_EDGE('',*,*,#1979,.T.);
#2676=ORIENTED_EDGE('',*,*,#1980,.T.);
#2677=ORIENTED_EDGE('',*,*,#1977,.F.);
#2678=ORIENTED_EDGE('',*,*,#1980,.F.);
#2679=ORIENTED_EDGE('',*,*,#1981,.F.);
#2680=ORIENTED_EDGE('',*,*,#1975,.F.);
#2681=ORIENTED_EDGE('',*,*,#1978,.F.);
#2682=ORIENTED_EDGE('',*,*,#1794,.F.);
#2683=ORIENTED_EDGE('',*,*,#1982,.T.);
#2684=ORIENTED_EDGE('',*,*,#1983,.T.);
#2685=ORIENTED_EDGE('',*,*,#1984,.F.);
#2686=ORIENTED_EDGE('',*,*,#1793,.F.);
#2687=ORIENTED_EDGE('',*,*,#1985,.T.);
#2688=ORIENTED_EDGE('',*,*,#1986,.T.);
#2689=ORIENTED_EDGE('',*,*,#1982,.F.);
#2690=ORIENTED_EDGE('',*,*,#1792,.F.);
#2691=ORIENTED_EDGE('',*,*,#1987,.T.);
#2692=ORIENTED_EDGE('',*,*,#1988,.T.);
#2693=ORIENTED_EDGE('',*,*,#1985,.F.);
#2694=ORIENTED_EDGE('',*,*,#1791,.F.);
#2695=ORIENTED_EDGE('',*,*,#1989,.T.);
#2696=ORIENTED_EDGE('',*,*,#1990,.T.);
#2697=ORIENTED_EDGE('',*,*,#1987,.F.);
#2698=ORIENTED_EDGE('',*,*,#1790,.F.);
#2699=ORIENTED_EDGE('',*,*,#1991,.T.);
#2700=ORIENTED_EDGE('',*,*,#1992,.T.);
#2701=ORIENTED_EDGE('',*,*,#1989,.F.);
#2702=ORIENTED_EDGE('',*,*,#1789,.F.);
#2703=ORIENTED_EDGE('',*,*,#1993,.T.);
#2704=ORIENTED_EDGE('',*,*,#1994,.T.);
#2705=ORIENTED_EDGE('',*,*,#1991,.F.);
#2706=ORIENTED_EDGE('',*,*,#1788,.F.);
#2707=ORIENTED_EDGE('',*,*,#1995,.T.);
#2708=ORIENTED_EDGE('',*,*,#1996,.T.);
#2709=ORIENTED_EDGE('',*,*,#1993,.F.);
#2710=ORIENTED_EDGE('',*,*,#1787,.F.);
#2711=ORIENTED_EDGE('',*,*,#1997,.F.);
#2712=ORIENTED_EDGE('',*,*,#1998,.T.);
#2713=ORIENTED_EDGE('',*,*,#1995,.F.);
#2714=ORIENTED_EDGE('',*,*,#1998,.F.);
#2715=ORIENTED_EDGE('',*,*,#1999,.F.);
#2716=ORIENTED_EDGE('',*,*,#1983,.F.);
#2717=ORIENTED_EDGE('',*,*,#1986,.F.);
#2718=ORIENTED_EDGE('',*,*,#1988,.F.);
#2719=ORIENTED_EDGE('',*,*,#1990,.F.);
#2720=ORIENTED_EDGE('',*,*,#1992,.F.);
#2721=ORIENTED_EDGE('',*,*,#1994,.F.);
#2722=ORIENTED_EDGE('',*,*,#1996,.F.);
#2723=ORIENTED_EDGE('',*,*,#1828,.F.);
#2724=ORIENTED_EDGE('',*,*,#2000,.T.);
#2725=ORIENTED_EDGE('',*,*,#2001,.T.);
#2726=ORIENTED_EDGE('',*,*,#2002,.F.);
#2727=ORIENTED_EDGE('',*,*,#1833,.F.);
#2728=ORIENTED_EDGE('',*,*,#2003,.T.);
#2729=ORIENTED_EDGE('',*,*,#2004,.T.);
#2730=ORIENTED_EDGE('',*,*,#2000,.F.);
#2731=ORIENTED_EDGE('',*,*,#1832,.F.);
#2732=ORIENTED_EDGE('',*,*,#2005,.T.);
#2733=ORIENTED_EDGE('',*,*,#2006,.T.);
#2734=ORIENTED_EDGE('',*,*,#2003,.F.);
#2735=ORIENTED_EDGE('',*,*,#1831,.F.);
#2736=ORIENTED_EDGE('',*,*,#2007,.T.);
#2737=ORIENTED_EDGE('',*,*,#2008,.T.);
#2738=ORIENTED_EDGE('',*,*,#2005,.F.);
#2739=ORIENTED_EDGE('',*,*,#1830,.F.);
#2740=ORIENTED_EDGE('',*,*,#2009,.T.);
#2741=ORIENTED_EDGE('',*,*,#2010,.T.);
#2742=ORIENTED_EDGE('',*,*,#2007,.F.);
#2743=ORIENTED_EDGE('',*,*,#1829,.F.);
#2744=ORIENTED_EDGE('',*,*,#2002,.T.);
#2745=ORIENTED_EDGE('',*,*,#2011,.T.);
#2746=ORIENTED_EDGE('',*,*,#2009,.F.);
#2747=ORIENTED_EDGE('',*,*,#2011,.F.);
#2748=ORIENTED_EDGE('',*,*,#2001,.F.);
#2749=ORIENTED_EDGE('',*,*,#2004,.F.);
#2750=ORIENTED_EDGE('',*,*,#2006,.F.);
#2751=ORIENTED_EDGE('',*,*,#2008,.F.);
#2752=ORIENTED_EDGE('',*,*,#2010,.F.);
#2753=ORIENTED_EDGE('',*,*,#1825,.F.);
#2754=ORIENTED_EDGE('',*,*,#2012,.T.);
#2755=ORIENTED_EDGE('',*,*,#2013,.T.);
#2756=ORIENTED_EDGE('',*,*,#2014,.F.);
#2757=ORIENTED_EDGE('',*,*,#1827,.F.);
#2758=ORIENTED_EDGE('',*,*,#2015,.T.);
#2759=ORIENTED_EDGE('',*,*,#2016,.T.);
#2760=ORIENTED_EDGE('',*,*,#2012,.F.);
#2761=ORIENTED_EDGE('',*,*,#1826,.F.);
#2762=ORIENTED_EDGE('',*,*,#2014,.T.);
#2763=ORIENTED_EDGE('',*,*,#2017,.T.);
#2764=ORIENTED_EDGE('',*,*,#2015,.F.);
#2765=ORIENTED_EDGE('',*,*,#2017,.F.);
#2766=ORIENTED_EDGE('',*,*,#2013,.F.);
#2767=ORIENTED_EDGE('',*,*,#2016,.F.);
#2768=ORIENTED_EDGE('',*,*,#1816,.F.);
#2769=ORIENTED_EDGE('',*,*,#2018,.T.);
#2770=ORIENTED_EDGE('',*,*,#2019,.T.);
#2771=ORIENTED_EDGE('',*,*,#2020,.F.);
#2772=ORIENTED_EDGE('',*,*,#1824,.F.);
#2773=ORIENTED_EDGE('',*,*,#2021,.T.);
#2774=ORIENTED_EDGE('',*,*,#2022,.T.);
#2775=ORIENTED_EDGE('',*,*,#2018,.F.);
#2776=ORIENTED_EDGE('',*,*,#1823,.F.);
#2777=ORIENTED_EDGE('',*,*,#2023,.T.);
#2778=ORIENTED_EDGE('',*,*,#2024,.T.);
#2779=ORIENTED_EDGE('',*,*,#2021,.F.);
#2780=ORIENTED_EDGE('',*,*,#1822,.F.);
#2781=ORIENTED_EDGE('',*,*,#2025,.T.);
#2782=ORIENTED_EDGE('',*,*,#2026,.T.);
#2783=ORIENTED_EDGE('',*,*,#2023,.F.);
#2784=ORIENTED_EDGE('',*,*,#1821,.F.);
#2785=ORIENTED_EDGE('',*,*,#2027,.T.);
#2786=ORIENTED_EDGE('',*,*,#2028,.T.);
#2787=ORIENTED_EDGE('',*,*,#2025,.F.);
#2788=ORIENTED_EDGE('',*,*,#1820,.F.);
#2789=ORIENTED_EDGE('',*,*,#2029,.T.);
#2790=ORIENTED_EDGE('',*,*,#2030,.T.);
#2791=ORIENTED_EDGE('',*,*,#2027,.F.);
#2792=ORIENTED_EDGE('',*,*,#1819,.F.);
#2793=ORIENTED_EDGE('',*,*,#2031,.T.);
#2794=ORIENTED_EDGE('',*,*,#2032,.T.);
#2795=ORIENTED_EDGE('',*,*,#2029,.F.);
#2796=ORIENTED_EDGE('',*,*,#1818,.F.);
#2797=ORIENTED_EDGE('',*,*,#2033,.T.);
#2798=ORIENTED_EDGE('',*,*,#2034,.T.);
#2799=ORIENTED_EDGE('',*,*,#2031,.F.);
#2800=ORIENTED_EDGE('',*,*,#1817,.F.);
#2801=ORIENTED_EDGE('',*,*,#2020,.T.);
#2802=ORIENTED_EDGE('',*,*,#2035,.T.);
#2803=ORIENTED_EDGE('',*,*,#2033,.F.);
#2804=ORIENTED_EDGE('',*,*,#2035,.F.);
#2805=ORIENTED_EDGE('',*,*,#2019,.F.);
#2806=ORIENTED_EDGE('',*,*,#2022,.F.);
#2807=ORIENTED_EDGE('',*,*,#2024,.F.);
#2808=ORIENTED_EDGE('',*,*,#2026,.F.);
#2809=ORIENTED_EDGE('',*,*,#2028,.F.);
#2810=ORIENTED_EDGE('',*,*,#2030,.F.);
#2811=ORIENTED_EDGE('',*,*,#2032,.F.);
#2812=ORIENTED_EDGE('',*,*,#2034,.F.);
#2813=ORIENTED_EDGE('',*,*,#2036,.T.);
#2814=ORIENTED_EDGE('',*,*,#2037,.T.);
#2815=ORIENTED_EDGE('',*,*,#2038,.T.);
#2816=ORIENTED_EDGE('',*,*,#2039,.F.);
#2817=ORIENTED_EDGE('',*,*,#2040,.T.);
#2818=ORIENTED_EDGE('',*,*,#2041,.T.);
#2819=ORIENTED_EDGE('',*,*,#2042,.T.);
#2820=ORIENTED_EDGE('',*,*,#2043,.T.);
#2821=ORIENTED_EDGE('',*,*,#2044,.T.);
#2822=ORIENTED_EDGE('',*,*,#2045,.T.);
#2823=ORIENTED_EDGE('',*,*,#2046,.T.);
#2824=ORIENTED_EDGE('',*,*,#2037,.F.);
#2825=ORIENTED_EDGE('',*,*,#2047,.T.);
#2826=ORIENTED_EDGE('',*,*,#2048,.T.);
#2827=ORIENTED_EDGE('',*,*,#2049,.T.);
#2828=ORIENTED_EDGE('',*,*,#2045,.F.);
#2829=ORIENTED_EDGE('',*,*,#2050,.T.);
#2830=ORIENTED_EDGE('',*,*,#2051,.T.);
#2831=ORIENTED_EDGE('',*,*,#2052,.T.);
#2832=ORIENTED_EDGE('',*,*,#2048,.F.);
#2833=ORIENTED_EDGE('',*,*,#2053,.T.);
#2834=ORIENTED_EDGE('',*,*,#2054,.T.);
#2835=ORIENTED_EDGE('',*,*,#2055,.T.);
#2836=ORIENTED_EDGE('',*,*,#2051,.F.);
#2837=ORIENTED_EDGE('',*,*,#2056,.T.);
#2838=ORIENTED_EDGE('',*,*,#2057,.T.);
#2839=ORIENTED_EDGE('',*,*,#2058,.T.);
#2840=ORIENTED_EDGE('',*,*,#2054,.F.);
#2841=ORIENTED_EDGE('',*,*,#2059,.T.);
#2842=ORIENTED_EDGE('',*,*,#2060,.T.);
#2843=ORIENTED_EDGE('',*,*,#2061,.T.);
#2844=ORIENTED_EDGE('',*,*,#2057,.F.);
#2845=ORIENTED_EDGE('',*,*,#2062,.T.);
#2846=ORIENTED_EDGE('',*,*,#2060,.F.);
#2847=ORIENTED_EDGE('',*,*,#2063,.T.);
#2848=ORIENTED_EDGE('',*,*,#2064,.T.);
#2849=ORIENTED_EDGE('',*,*,#2065,.T.);
#2850=ORIENTED_EDGE('',*,*,#2064,.F.);
#2851=ORIENTED_EDGE('',*,*,#2066,.T.);
#2852=ORIENTED_EDGE('',*,*,#2067,.T.);
#2853=ORIENTED_EDGE('',*,*,#2068,.T.);
#2854=ORIENTED_EDGE('',*,*,#2067,.F.);
#2855=ORIENTED_EDGE('',*,*,#2069,.T.);
#2856=ORIENTED_EDGE('',*,*,#2070,.T.);
#2857=ORIENTED_EDGE('',*,*,#2071,.T.);
#2858=ORIENTED_EDGE('',*,*,#2070,.F.);
#2859=ORIENTED_EDGE('',*,*,#2072,.T.);
#2860=ORIENTED_EDGE('',*,*,#2073,.T.);
#2861=ORIENTED_EDGE('',*,*,#2074,.T.);
#2862=ORIENTED_EDGE('',*,*,#2073,.F.);
#2863=ORIENTED_EDGE('',*,*,#2075,.T.);
#2864=ORIENTED_EDGE('',*,*,#2076,.T.);
#2865=ORIENTED_EDGE('',*,*,#2077,.T.);
#2866=ORIENTED_EDGE('',*,*,#2076,.F.);
#2867=ORIENTED_EDGE('',*,*,#2078,.T.);
#2868=ORIENTED_EDGE('',*,*,#2041,.F.);
#2869=ORIENTED_EDGE('',*,*,#2079,.T.);
#2870=ORIENTED_EDGE('',*,*,#2043,.F.);
#2871=ORIENTED_EDGE('',*,*,#2080,.T.);
#2872=ORIENTED_EDGE('',*,*,#2039,.T.);
#2873=ORIENTED_EDGE('',*,*,#2061,.F.);
#2874=ORIENTED_EDGE('',*,*,#2081,.T.);
#2875=ORIENTED_EDGE('',*,*,#1935,.F.);
#2876=ORIENTED_EDGE('',*,*,#2082,.F.);
#2877=ORIENTED_EDGE('',*,*,#2062,.F.);
#2878=ORIENTED_EDGE('',*,*,#2083,.T.);
#2879=ORIENTED_EDGE('',*,*,#1936,.F.);
#2880=ORIENTED_EDGE('',*,*,#2081,.F.);
#2881=ORIENTED_EDGE('',*,*,#2065,.F.);
#2882=ORIENTED_EDGE('',*,*,#2084,.T.);
#2883=ORIENTED_EDGE('',*,*,#1937,.F.);
#2884=ORIENTED_EDGE('',*,*,#2083,.F.);
#2885=ORIENTED_EDGE('',*,*,#2068,.F.);
#2886=ORIENTED_EDGE('',*,*,#2085,.T.);
#2887=ORIENTED_EDGE('',*,*,#1938,.F.);
#2888=ORIENTED_EDGE('',*,*,#2084,.F.);
#2889=ORIENTED_EDGE('',*,*,#2071,.F.);
#2890=ORIENTED_EDGE('',*,*,#2086,.T.);
#2891=ORIENTED_EDGE('',*,*,#1939,.F.);
#2892=ORIENTED_EDGE('',*,*,#2085,.F.);
#2893=ORIENTED_EDGE('',*,*,#2074,.F.);
#2894=ORIENTED_EDGE('',*,*,#2087,.T.);
#2895=ORIENTED_EDGE('',*,*,#1940,.F.);
#2896=ORIENTED_EDGE('',*,*,#2086,.F.);
#2897=ORIENTED_EDGE('',*,*,#2077,.F.);
#2898=ORIENTED_EDGE('',*,*,#2088,.T.);
#2899=ORIENTED_EDGE('',*,*,#1941,.F.);
#2900=ORIENTED_EDGE('',*,*,#2087,.F.);
#2901=ORIENTED_EDGE('',*,*,#2040,.F.);
#2902=ORIENTED_EDGE('',*,*,#2089,.T.);
#2903=ORIENTED_EDGE('',*,*,#1942,.F.);
#2904=ORIENTED_EDGE('',*,*,#2088,.F.);
#2905=ORIENTED_EDGE('',*,*,#2042,.F.);
#2906=ORIENTED_EDGE('',*,*,#2078,.F.);
#2907=ORIENTED_EDGE('',*,*,#2075,.F.);
#2908=ORIENTED_EDGE('',*,*,#2072,.F.);
#2909=ORIENTED_EDGE('',*,*,#2069,.F.);
#2910=ORIENTED_EDGE('',*,*,#2066,.F.);
#2911=ORIENTED_EDGE('',*,*,#2063,.F.);
#2912=ORIENTED_EDGE('',*,*,#2059,.F.);
#2913=ORIENTED_EDGE('',*,*,#2056,.F.);
#2914=ORIENTED_EDGE('',*,*,#2053,.F.);
#2915=ORIENTED_EDGE('',*,*,#2050,.F.);
#2916=ORIENTED_EDGE('',*,*,#2047,.F.);
#2917=ORIENTED_EDGE('',*,*,#2044,.F.);
#2918=ORIENTED_EDGE('',*,*,#2036,.F.);
#2919=ORIENTED_EDGE('',*,*,#2080,.F.);
#2920=ORIENTED_EDGE('',*,*,#2090,.T.);
#2921=ORIENTED_EDGE('',*,*,#2091,.T.);
#2922=ORIENTED_EDGE('',*,*,#2092,.T.);
#2923=ORIENTED_EDGE('',*,*,#2093,.T.);
#2924=ORIENTED_EDGE('',*,*,#1947,.T.);
#2925=ORIENTED_EDGE('',*,*,#2094,.T.);
#2926=ORIENTED_EDGE('',*,*,#2095,.T.);
#2927=ORIENTED_EDGE('',*,*,#2096,.T.);
#2928=ORIENTED_EDGE('',*,*,#2094,.F.);
#2929=ORIENTED_EDGE('',*,*,#2096,.F.);
#2930=ORIENTED_EDGE('',*,*,#2097,.T.);
#2931=ORIENTED_EDGE('',*,*,#2098,.T.);
#2932=ORIENTED_EDGE('',*,*,#2097,.F.);
#2933=ORIENTED_EDGE('',*,*,#2095,.F.);
#2934=ORIENTED_EDGE('',*,*,#1944,.T.);
#2935=ORIENTED_EDGE('',*,*,#2099,.T.);
#2936=ORIENTED_EDGE('',*,*,#2100,.T.);
#2937=ORIENTED_EDGE('',*,*,#2101,.T.);
#2938=ORIENTED_EDGE('',*,*,#2099,.F.);
#2939=ORIENTED_EDGE('',*,*,#2101,.F.);
#2940=ORIENTED_EDGE('',*,*,#2102,.T.);
#2941=ORIENTED_EDGE('',*,*,#2103,.T.);
#2942=ORIENTED_EDGE('',*,*,#2102,.F.);
#2943=ORIENTED_EDGE('',*,*,#2100,.F.);
#2944=ORIENTED_EDGE('',*,*,#1946,.T.);
#2945=ORIENTED_EDGE('',*,*,#2104,.T.);
#2946=ORIENTED_EDGE('',*,*,#2105,.T.);
#2947=ORIENTED_EDGE('',*,*,#2106,.T.);
#2948=ORIENTED_EDGE('',*,*,#2104,.F.);
#2949=ORIENTED_EDGE('',*,*,#2106,.F.);
#2950=ORIENTED_EDGE('',*,*,#2107,.T.);
#2951=ORIENTED_EDGE('',*,*,#2108,.T.);
#2952=ORIENTED_EDGE('',*,*,#2107,.F.);
#2953=ORIENTED_EDGE('',*,*,#2105,.F.);
#2954=ORIENTED_EDGE('',*,*,#1945,.T.);
#2955=ORIENTED_EDGE('',*,*,#2109,.T.);
#2956=ORIENTED_EDGE('',*,*,#2110,.T.);
#2957=ORIENTED_EDGE('',*,*,#2111,.T.);
#2958=ORIENTED_EDGE('',*,*,#2109,.F.);
#2959=ORIENTED_EDGE('',*,*,#2111,.F.);
#2960=ORIENTED_EDGE('',*,*,#2112,.T.);
#2961=ORIENTED_EDGE('',*,*,#2113,.T.);
#2962=ORIENTED_EDGE('',*,*,#2112,.F.);
#2963=ORIENTED_EDGE('',*,*,#2110,.F.);
#2964=ORIENTED_EDGE('',*,*,#1746,.T.);
#2965=ORIENTED_EDGE('',*,*,#2114,.T.);
#2966=ORIENTED_EDGE('',*,*,#1952,.F.);
#2967=ORIENTED_EDGE('',*,*,#1925,.F.);
#2968=ORIENTED_EDGE('',*,*,#2115,.F.);
#2969=ORIENTED_EDGE('',*,*,#1762,.F.);
#2970=ORIENTED_EDGE('',*,*,#1953,.F.);
#2971=ORIENTED_EDGE('',*,*,#2114,.F.);
#2972=ORIENTED_EDGE('',*,*,#1745,.T.);
#2973=ORIENTED_EDGE('',*,*,#2116,.T.);
#2974=ORIENTED_EDGE('',*,*,#1951,.F.);
#2975=ORIENTED_EDGE('',*,*,#2116,.F.);
#2976=ORIENTED_EDGE('',*,*,#1744,.T.);
#2977=ORIENTED_EDGE('',*,*,#2117,.T.);
#2978=ORIENTED_EDGE('',*,*,#1781,.F.);
#2979=ORIENTED_EDGE('',*,*,#1897,.T.);
#2980=ORIENTED_EDGE('',*,*,#1863,.T.);
#2981=ORIENTED_EDGE('',*,*,#1908,.T.);
#2982=ORIENTED_EDGE('',*,*,#1854,.F.);
#2983=ORIENTED_EDGE('',*,*,#1880,.F.);
#2984=ORIENTED_EDGE('',*,*,#1868,.F.);
#2985=ORIENTED_EDGE('',*,*,#1871,.F.);
#2986=ORIENTED_EDGE('',*,*,#2118,.F.);
#2987=ORIENTED_EDGE('',*,*,#2090,.F.);
#2988=ORIENTED_EDGE('',*,*,#2119,.T.);
#2989=ORIENTED_EDGE('',*,*,#2120,.T.);
#2990=ORIENTED_EDGE('',*,*,#2119,.F.);
#2991=ORIENTED_EDGE('',*,*,#2120,.F.);
#2992=ORIENTED_EDGE('',*,*,#2103,.F.);
#2993=ORIENTED_EDGE('',*,*,#2091,.F.);
#2994=ORIENTED_EDGE('',*,*,#2121,.T.);
#2995=ORIENTED_EDGE('',*,*,#2122,.T.);
#2996=ORIENTED_EDGE('',*,*,#2121,.F.);
#2997=ORIENTED_EDGE('',*,*,#2122,.F.);
#2998=ORIENTED_EDGE('',*,*,#2098,.F.);
#2999=ORIENTED_EDGE('',*,*,#2092,.F.);
#3000=ORIENTED_EDGE('',*,*,#2123,.T.);
#3001=ORIENTED_EDGE('',*,*,#2124,.T.);
#3002=ORIENTED_EDGE('',*,*,#2123,.F.);
#3003=ORIENTED_EDGE('',*,*,#2124,.F.);
#3004=ORIENTED_EDGE('',*,*,#2108,.F.);
#3005=ORIENTED_EDGE('',*,*,#2093,.F.);
#3006=ORIENTED_EDGE('',*,*,#2125,.T.);
#3007=ORIENTED_EDGE('',*,*,#2126,.T.);
#3008=ORIENTED_EDGE('',*,*,#2125,.F.);
#3009=ORIENTED_EDGE('',*,*,#2126,.F.);
#3010=ORIENTED_EDGE('',*,*,#2113,.F.);
#3011=ORIENTED_EDGE('',*,*,#1845,.F.);
#3012=ORIENTED_EDGE('',*,*,#1896,.F.);
#3013=ORIENTED_EDGE('',*,*,#1890,.F.);
#3014=ORIENTED_EDGE('',*,*,#1949,.T.);
#3015=ORIENTED_EDGE('',*,*,#2127,.F.);
#3016=ORIENTED_EDGE('',*,*,#1841,.F.);
#3017=ORIENTED_EDGE('',*,*,#1899,.F.);
#3018=ORIENTED_EDGE('',*,*,#1861,.T.);
#3019=ORIENTED_EDGE('',*,*,#2128,.F.);
#3020=ORIENTED_EDGE('',*,*,#1905,.F.);
#3021=ORIENTED_EDGE('',*,*,#1884,.F.);
#3022=ORIENTED_EDGE('',*,*,#1943,.F.);
#3023=ORIENTED_EDGE('',*,*,#2089,.F.);
#3024=ORIENTED_EDGE('',*,*,#2079,.F.);
#3025=ORIENTED_EDGE('',*,*,#2129,.T.);
#3026=ORIENTED_EDGE('',*,*,#1928,.F.);
#3027=ORIENTED_EDGE('',*,*,#1902,.F.);
#3028=ORIENTED_EDGE('',*,*,#2128,.T.);
#3029=ORIENTED_EDGE('',*,*,#1860,.T.);
#3030=ORIENTED_EDGE('',*,*,#1855,.F.);
#3031=ORIENTED_EDGE('',*,*,#2118,.T.);
#3032=ORIENTED_EDGE('',*,*,#1870,.F.);
#3033=ORIENTED_EDGE('',*,*,#1875,.T.);
#3034=ORIENTED_EDGE('',*,*,#1883,.F.);
#3035=ORIENTED_EDGE('',*,*,#1850,.T.);
#3036=ORIENTED_EDGE('',*,*,#1842,.F.);
#3037=ORIENTED_EDGE('',*,*,#2127,.T.);
#3038=ORIENTED_EDGE('',*,*,#1948,.T.);
#3039=ORIENTED_EDGE('',*,*,#1783,.F.);
#3040=ORIENTED_EDGE('',*,*,#2130,.T.);
#3041=ORIENTED_EDGE('',*,*,#1742,.T.);
#3042=ORIENTED_EDGE('',*,*,#2131,.T.);
#3043=ORIENTED_EDGE('',*,*,#1784,.F.);
#3044=ORIENTED_EDGE('',*,*,#2131,.F.);
#3045=ORIENTED_EDGE('',*,*,#1741,.T.);
#3046=ORIENTED_EDGE('',*,*,#2132,.T.);
#3047=ORIENTED_EDGE('',*,*,#1785,.F.);
#3048=ORIENTED_EDGE('',*,*,#2132,.F.);
#3049=ORIENTED_EDGE('',*,*,#1740,.T.);
#3050=ORIENTED_EDGE('',*,*,#2133,.T.);
#3051=ORIENTED_EDGE('',*,*,#1750,.T.);
#3052=ORIENTED_EDGE('',*,*,#1795,.F.);
#3053=ORIENTED_EDGE('',*,*,#1984,.T.);
#3054=ORIENTED_EDGE('',*,*,#1999,.T.);
#3055=ORIENTED_EDGE('',*,*,#1997,.T.);
#3056=ORIENTED_EDGE('',*,*,#1786,.F.);
#3057=ORIENTED_EDGE('',*,*,#2133,.F.);
#3058=ORIENTED_EDGE('',*,*,#1739,.T.);
#3059=ORIENTED_EDGE('',*,*,#1782,.F.);
#3060=ORIENTED_EDGE('',*,*,#2117,.F.);
#3061=ORIENTED_EDGE('',*,*,#1743,.T.);
#3062=ORIENTED_EDGE('',*,*,#2130,.F.);
#3063=ORIENTED_EDGE('',*,*,#1836,.T.);
#3064=ORIENTED_EDGE('',*,*,#2115,.T.);
#3065=ORIENTED_EDGE('',*,*,#1924,.F.);
#3066=ORIENTED_EDGE('',*,*,#2134,.F.);
#3067=ORIENTED_EDGE('',*,*,#1797,.F.);
#3068=ORIENTED_EDGE('',*,*,#1835,.T.);
#3069=ORIENTED_EDGE('',*,*,#2134,.T.);
#3070=ORIENTED_EDGE('',*,*,#1923,.F.);
#3071=ORIENTED_EDGE('',*,*,#1690,.F.);
#3072=ORIENTED_EDGE('',*,*,#2135,.F.);
#3073=ORIENTED_EDGE('',*,*,#2136,.T.);
#3074=ORIENTED_EDGE('',*,*,#2137,.T.);
#3075=ORIENTED_EDGE('',*,*,#1930,.F.);
#3076=ORIENTED_EDGE('',*,*,#1815,.F.);
#3077=ORIENTED_EDGE('',*,*,#1958,.T.);
#3078=ORIENTED_EDGE('',*,*,#1956,.F.);
#3079=ORIENTED_EDGE('',*,*,#1912,.F.);
#3080=ORIENTED_EDGE('',*,*,#1667,.F.);
#3081=ORIENTED_EDGE('',*,*,#1954,.F.);
#3082=ORIENTED_EDGE('',*,*,#1734,.F.);
#3083=ORIENTED_EDGE('',*,*,#1813,.F.);
#3084=ORIENTED_EDGE('',*,*,#1976,.T.);
#3085=ORIENTED_EDGE('',*,*,#1981,.T.);
#3086=ORIENTED_EDGE('',*,*,#1979,.F.);
#3087=ORIENTED_EDGE('',*,*,#1809,.F.);
#3088=ORIENTED_EDGE('',*,*,#2138,.T.);
#3089=ORIENTED_EDGE('',*,*,#1915,.F.);
#3090=ORIENTED_EDGE('',*,*,#1808,.F.);
#3091=ORIENTED_EDGE('',*,*,#2139,.T.);
#3092=ORIENTED_EDGE('',*,*,#1916,.F.);
#3093=ORIENTED_EDGE('',*,*,#2138,.F.);
#3094=ORIENTED_EDGE('',*,*,#1807,.F.);
#3095=ORIENTED_EDGE('',*,*,#2140,.T.);
#3096=ORIENTED_EDGE('',*,*,#1917,.F.);
#3097=ORIENTED_EDGE('',*,*,#2139,.F.);
#3098=ORIENTED_EDGE('',*,*,#1806,.F.);
#3099=ORIENTED_EDGE('',*,*,#1963,.T.);
#3100=ORIENTED_EDGE('',*,*,#1918,.F.);
#3101=ORIENTED_EDGE('',*,*,#2140,.F.);
#3102=ORIENTED_EDGE('',*,*,#1959,.F.);
#3103=ORIENTED_EDGE('',*,*,#1712,.F.);
#3104=ORIENTED_EDGE('',*,*,#1799,.F.);
#3105=ORIENTED_EDGE('',*,*,#2141,.T.);
#3106=ORIENTED_EDGE('',*,*,#1798,.F.);
#3107=ORIENTED_EDGE('',*,*,#1692,.T.);
#3108=ORIENTED_EDGE('',*,*,#1922,.F.);
#3109=ORIENTED_EDGE('',*,*,#1960,.F.);
#3110=ORIENTED_EDGE('',*,*,#2141,.F.);
#3111=ORIENTED_EDGE('',*,*,#1779,.F.);
#3112=ORIENTED_EDGE('',*,*,#1837,.T.);
#3113=ORIENTED_EDGE('',*,*,#1839,.T.);
#3114=ORIENTED_EDGE('',*,*,#1911,.F.);
#3115=ORIENTED_EDGE('',*,*,#1894,.F.);
#3116=ORIENTED_EDGE('',*,*,#1898,.F.);
#3117=ORIENTED_EDGE('',*,*,#2058,.F.);
#3118=ORIENTED_EDGE('',*,*,#2082,.T.);
#3119=ORIENTED_EDGE('',*,*,#1934,.F.);
#3120=ORIENTED_EDGE('',*,*,#2142,.F.);
#3121=ORIENTED_EDGE('',*,*,#2055,.F.);
#3122=ORIENTED_EDGE('',*,*,#2142,.T.);
#3123=ORIENTED_EDGE('',*,*,#1933,.F.);
#3124=ORIENTED_EDGE('',*,*,#2143,.F.);
#3125=ORIENTED_EDGE('',*,*,#2052,.F.);
#3126=ORIENTED_EDGE('',*,*,#2143,.T.);
#3127=ORIENTED_EDGE('',*,*,#1932,.F.);
#3128=ORIENTED_EDGE('',*,*,#2144,.F.);
#3129=ORIENTED_EDGE('',*,*,#2049,.F.);
#3130=ORIENTED_EDGE('',*,*,#2144,.T.);
#3131=ORIENTED_EDGE('',*,*,#1931,.F.);
#3132=ORIENTED_EDGE('',*,*,#2137,.F.);
#3133=ORIENTED_EDGE('',*,*,#2145,.F.);
#3134=ORIENTED_EDGE('',*,*,#2046,.F.);
#3135=ORIENTED_EDGE('',*,*,#2145,.T.);
#3136=ORIENTED_EDGE('',*,*,#2136,.F.);
#3137=ORIENTED_EDGE('',*,*,#2146,.F.);
#3138=ORIENTED_EDGE('',*,*,#2038,.F.);
#3139=ORIENTED_EDGE('',*,*,#2146,.T.);
#3140=ORIENTED_EDGE('',*,*,#2135,.T.);
#3141=ORIENTED_EDGE('',*,*,#1929,.F.);
#3142=ORIENTED_EDGE('',*,*,#2129,.F.);
#3143=CYLINDRICAL_SURFACE('',#3372,2.);
#3144=CYLINDRICAL_SURFACE('',#3378,2.);
#3145=CYLINDRICAL_SURFACE('',#3383,2.);
#3146=CYLINDRICAL_SURFACE('',#3387,2.);
#3147=CYLINDRICAL_SURFACE('',#3394,2.);
#3148=CYLINDRICAL_SURFACE('',#3398,2.);
#3149=CYLINDRICAL_SURFACE('',#3405,2.);
#3150=CYLINDRICAL_SURFACE('',#3411,2.);
#3151=CYLINDRICAL_SURFACE('',#3418,3.);
#3152=CYLINDRICAL_SURFACE('',#3420,3.);
#3153=CYLINDRICAL_SURFACE('',#3424,3.);
#3154=CYLINDRICAL_SURFACE('',#3428,3.);
#3155=CYLINDRICAL_SURFACE('',#3434,3.);
#3156=CYLINDRICAL_SURFACE('',#3442,0.5);
#3157=CYLINDRICAL_SURFACE('',#3446,0.2);
#3158=CYLINDRICAL_SURFACE('',#3449,0.5);
#3159=CYLINDRICAL_SURFACE('',#3459,0.5);
#3160=CYLINDRICAL_SURFACE('',#3461,1.);
#3161=CYLINDRICAL_SURFACE('',#3463,0.2);
#3162=CYLINDRICAL_SURFACE('',#3466,0.5);
#3163=CYLINDRICAL_SURFACE('',#3467,0.2);
#3164=CYLINDRICAL_SURFACE('',#3469,0.2);
#3165=CYLINDRICAL_SURFACE('',#3474,0.2);
#3166=CYLINDRICAL_SURFACE('',#3477,0.2);
#3167=CYLINDRICAL_SURFACE('',#3479,0.2);
#3168=CYLINDRICAL_SURFACE('',#3484,0.2);
#3169=CYLINDRICAL_SURFACE('',#3492,0.2);
#3170=CYLINDRICAL_SURFACE('',#3494,0.5);
#3171=CYLINDRICAL_SURFACE('',#3497,0.5);
#3172=CYLINDRICAL_SURFACE('',#3500,0.5);
#3173=CYLINDRICAL_SURFACE('',#3503,0.5);
#3174=CYLINDRICAL_SURFACE('',#3525,1.7);
#3175=CYLINDRICAL_SURFACE('',#3531,1.7);
#3176=CYLINDRICAL_SURFACE('',#3537,1.70000000000001);
#3177=CYLINDRICAL_SURFACE('',#3543,1.85);
#3178=CYLINDRICAL_SURFACE('',#3548,3.75);
#3179=CYLINDRICAL_SURFACE('',#3551,3.75);
#3180=CYLINDRICAL_SURFACE('',#3554,3.75);
#3181=CYLINDRICAL_SURFACE('',#3557,3.75);
#3182=ADVANCED_FACE('',(#346),#3143,.T.);
#3183=ADVANCED_FACE('',(#347),#272,.T.);
#3184=ADVANCED_FACE('',(#348),#273,.T.);
#3185=ADVANCED_FACE('',(#349),#3144,.T.);
#3186=ADVANCED_FACE('',(#350),#274,.T.);
#3187=ADVANCED_FACE('',(#351),#275,.T.);
#3188=ADVANCED_FACE('',(#352),#276,.T.);
#3189=ADVANCED_FACE('',(#353),#3145,.T.);
#3190=ADVANCED_FACE('',(#354),#277,.T.);
#3191=ADVANCED_FACE('',(#355),#3146,.T.);
#3192=ADVANCED_FACE('',(#356),#278,.T.);
#3193=ADVANCED_FACE('',(#357),#279,.T.);
#3194=ADVANCED_FACE('',(#358),#280,.T.);
#3195=ADVANCED_FACE('',(#359),#281,.T.);
#3196=ADVANCED_FACE('',(#360),#3147,.T.);
#3197=ADVANCED_FACE('',(#361),#282,.T.);
#3198=ADVANCED_FACE('',(#362),#3148,.T.);
#3199=ADVANCED_FACE('',(#363),#283,.T.);
#3200=ADVANCED_FACE('',(#364),#284,.T.);
#3201=ADVANCED_FACE('',(#365),#285,.T.);
#3202=ADVANCED_FACE('',(#366),#286,.T.);
#3203=ADVANCED_FACE('',(#367),#3149,.T.);
#3204=ADVANCED_FACE('',(#368),#287,.T.);
#3205=ADVANCED_FACE('',(#369),#288,.T.);
#3206=ADVANCED_FACE('',(#370),#3150,.T.);
#3207=ADVANCED_FACE('',(#371),#289,.T.);
#3208=ADVANCED_FACE('',(#372),#290,.T.);
#3209=ADVANCED_FACE('',(#373),#291,.T.);
#3210=ADVANCED_FACE('',(#374),#292,.T.);
#3211=ADVANCED_FACE('',(#375),#3151,.T.);
#3212=ADVANCED_FACE('',(#376),#3152,.T.);
#3213=ADVANCED_FACE('',(#377),#293,.T.);
#3214=ADVANCED_FACE('',(#378),#3153,.T.);
#3215=ADVANCED_FACE('',(#379),#294,.T.);
#3216=ADVANCED_FACE('',(#380),#3154,.T.);
#3217=ADVANCED_FACE('',(#381),#295,.T.);
#3218=ADVANCED_FACE('',(#382),#296,.T.);
#3219=ADVANCED_FACE('',(#383),#3155,.T.);
#3220=ADVANCED_FACE('',(#384,#106,#107,#108),#297,.T.);
#3221=ADVANCED_FACE('',(#385),#298,.T.);
#3222=ADVANCED_FACE('',(#386),#299,.T.);
#3223=ADVANCED_FACE('',(#387),#300,.T.);
#3224=ADVANCED_FACE('',(#388),#301,.T.);
#3225=ADVANCED_FACE('',(#389),#302,.T.);
#3226=ADVANCED_FACE('',(#390),#3156,.F.);
#3227=ADVANCED_FACE('',(#391),#83,.T.);
#3228=ADVANCED_FACE('',(#392),#3157,.T.);
#3229=ADVANCED_FACE('',(#393),#303,.F.);
#3230=ADVANCED_FACE('',(#394),#3158,.F.);
#3231=ADVANCED_FACE('',(#395),#84,.T.);
#3232=ADVANCED_FACE('',(#396),#304,.F.);
#3233=ADVANCED_FACE('',(#397),#85,.T.);
#3234=ADVANCED_FACE('',(#398),#86,.T.);
#3235=ADVANCED_FACE('',(#399),#3159,.F.);
#3236=ADVANCED_FACE('',(#400),#305,.F.);
#3237=ADVANCED_FACE('',(#401),#3160,.T.);
#3238=ADVANCED_FACE('',(#402),#3161,.T.);
#3239=ADVANCED_FACE('',(#403),#87,.T.);
#3240=ADVANCED_FACE('',(#404),#88,.T.);
#3241=ADVANCED_FACE('',(#405),#3162,.F.);
#3242=ADVANCED_FACE('',(#406),#3163,.T.);
#3243=ADVANCED_FACE('',(#407),#3164,.T.);
#3244=ADVANCED_FACE('',(#408),#65,.T.);
#3245=ADVANCED_FACE('',(#409),#3165,.T.);
#3246=ADVANCED_FACE('',(#410),#306,.T.);
#3247=ADVANCED_FACE('',(#411),#3166,.T.);
#3248=ADVANCED_FACE('',(#412),#3167,.T.);
#3249=ADVANCED_FACE('',(#413),#66,.T.);
#3250=ADVANCED_FACE('',(#414),#307,.T.);
#3251=ADVANCED_FACE('',(#415),#3168,.T.);
#3252=ADVANCED_FACE('',(#416,#109,#110,#111,#112),#308,.T.);
#3253=ADVANCED_FACE('',(#417),#309,.F.);
#3254=ADVANCED_FACE('',(#418),#3169,.T.);
#3255=ADVANCED_FACE('',(#419),#89,.F.);
#3256=ADVANCED_FACE('',(#420),#3170,.T.);
#3257=ADVANCED_FACE('',(#421),#3171,.T.);
#3258=ADVANCED_FACE('',(#422),#310,.T.);
#3259=ADVANCED_FACE('',(#423),#3172,.T.);
#3260=ADVANCED_FACE('',(#424),#3173,.T.);
#3261=ADVANCED_FACE('',(#425),#311,.T.);
#3262=ADVANCED_FACE('',(#426),#19,.F.);
#3263=ADVANCED_FACE('',(#427),#20,.F.);
#3264=ADVANCED_FACE('',(#428),#21,.F.);
#3265=ADVANCED_FACE('',(#429),#22,.F.);
#3266=ADVANCED_FACE('',(#430),#312,.T.);
#3267=ADVANCED_FACE('',(#431),#23,.F.);
#3268=ADVANCED_FACE('',(#432),#24,.F.);
#3269=ADVANCED_FACE('',(#433),#25,.F.);
#3270=ADVANCED_FACE('',(#434),#313,.T.);
#3271=ADVANCED_FACE('',(#435),#26,.F.);
#3272=ADVANCED_FACE('',(#436),#27,.F.);
#3273=ADVANCED_FACE('',(#437),#28,.F.);
#3274=ADVANCED_FACE('',(#438),#29,.F.);
#3275=ADVANCED_FACE('',(#439),#30,.F.);
#3276=ADVANCED_FACE('',(#440),#31,.F.);
#3277=ADVANCED_FACE('',(#441),#314,.F.);
#3278=ADVANCED_FACE('',(#442),#32,.F.);
#3279=ADVANCED_FACE('',(#443),#315,.T.);
#3280=ADVANCED_FACE('',(#444),#33,.F.);
#3281=ADVANCED_FACE('',(#445),#34,.F.);
#3282=ADVANCED_FACE('',(#446),#35,.F.);
#3283=ADVANCED_FACE('',(#447),#36,.F.);
#3284=ADVANCED_FACE('',(#448),#37,.F.);
#3285=ADVANCED_FACE('',(#449),#38,.F.);
#3286=ADVANCED_FACE('',(#450),#316,.T.);
#3287=ADVANCED_FACE('',(#451),#317,.F.);
#3288=ADVANCED_FACE('',(#452),#39,.F.);
#3289=ADVANCED_FACE('',(#453),#40,.F.);
#3290=ADVANCED_FACE('',(#454),#318,.T.);
#3291=ADVANCED_FACE('',(#455),#319,.F.);
#3292=ADVANCED_FACE('',(#456),#41,.F.);
#3293=ADVANCED_FACE('',(#457),#42,.F.);
#3294=ADVANCED_FACE('',(#458),#43,.F.);
#3295=ADVANCED_FACE('',(#459),#44,.F.);
#3296=ADVANCED_FACE('',(#460),#320,.F.);
#3297=ADVANCED_FACE('',(#461),#45,.F.);
#3298=ADVANCED_FACE('',(#462),#46,.F.);
#3299=ADVANCED_FACE('',(#463),#47,.F.);
#3300=ADVANCED_FACE('',(#464),#321,.T.);
#3301=ADVANCED_FACE('',(#465),#90,.F.);
#3302=ADVANCED_FACE('',(#466),#91,.F.);
#3303=ADVANCED_FACE('',(#467),#92,.F.);
#3304=ADVANCED_FACE('',(#468),#93,.F.);
#3305=ADVANCED_FACE('',(#469),#94,.F.);
#3306=ADVANCED_FACE('',(#470),#95,.F.);
#3307=ADVANCED_FACE('',(#471),#96,.F.);
#3308=ADVANCED_FACE('',(#472),#97,.F.);
#3309=ADVANCED_FACE('',(#473),#98,.F.);
#3310=ADVANCED_FACE('',(#474),#99,.F.);
#3311=ADVANCED_FACE('',(#475),#100,.F.);
#3312=ADVANCED_FACE('',(#476),#101,.F.);
#3313=ADVANCED_FACE('',(#477),#102,.F.);
#3314=ADVANCED_FACE('',(#478),#103,.F.);
#3315=ADVANCED_FACE('',(#479),#104,.F.);
#3316=ADVANCED_FACE('',(#480),#48,.T.);
#3317=ADVANCED_FACE('',(#481),#49,.T.);
#3318=ADVANCED_FACE('',(#482),#50,.T.);
#3319=ADVANCED_FACE('',(#483),#51,.T.);
#3320=ADVANCED_FACE('',(#484),#52,.T.);
#3321=ADVANCED_FACE('',(#485),#53,.T.);
#3322=ADVANCED_FACE('',(#486),#54,.T.);
#3323=ADVANCED_FACE('',(#487),#55,.T.);
#3324=ADVANCED_FACE('',(#488,#113,#114,#115,#116),#322,.F.);
#3325=ADVANCED_FACE('',(#489),#15,.T.);
#3326=ADVANCED_FACE('',(#490),#3174,.F.);
#3327=ADVANCED_FACE('',(#491),#16,.T.);
#3328=ADVANCED_FACE('',(#492),#3175,.F.);
#3329=ADVANCED_FACE('',(#493),#17,.T.);
#3330=ADVANCED_FACE('',(#494),#3176,.F.);
#3331=ADVANCED_FACE('',(#495),#18,.T.);
#3332=ADVANCED_FACE('',(#496),#3177,.F.);
#3333=ADVANCED_FACE('',(#497),#323,.T.);
#3334=ADVANCED_FACE('',(#498),#105,.F.);
#3335=ADVANCED_FACE('',(#499),#324,.T.);
#3336=ADVANCED_FACE('',(#500),#325,.F.);
#3337=ADVANCED_FACE('',(#501),#3178,.F.);
#3338=ADVANCED_FACE('',(#502,#117),#326,.T.);
#3339=ADVANCED_FACE('',(#503),#3179,.F.);
#3340=ADVANCED_FACE('',(#504,#118),#327,.T.);
#3341=ADVANCED_FACE('',(#505),#3180,.F.);
#3342=ADVANCED_FACE('',(#506,#119),#328,.T.);
#3343=ADVANCED_FACE('',(#507),#3181,.F.);
#3344=ADVANCED_FACE('',(#508,#120),#329,.T.);
#3345=ADVANCED_FACE('',(#509),#330,.F.);
#3346=ADVANCED_FACE('',(#510),#331,.F.);
#3347=ADVANCED_FACE('',(#511),#56,.T.);
#3348=ADVANCED_FACE('',(#512),#332,.F.);
#3349=ADVANCED_FACE('',(#513),#333,.F.);
#3350=ADVANCED_FACE('',(#514),#334,.F.);
#3351=ADVANCED_FACE('',(#515),#335,.F.);
#3352=ADVANCED_FACE('',(#516),#336,.F.);
#3353=ADVANCED_FACE('',(#517),#337,.T.);
#3354=ADVANCED_FACE('',(#518),#57,.T.);
#3355=ADVANCED_FACE('',(#519),#58,.T.);
#3356=ADVANCED_FACE('',(#520),#338,.T.);
#3357=ADVANCED_FACE('',(#521),#339,.T.);
#3358=ADVANCED_FACE('',(#522),#340,.T.);
#3359=ADVANCED_FACE('',(#523),#341,.T.);
#3360=ADVANCED_FACE('',(#524),#342,.T.);
#3361=ADVANCED_FACE('',(#525),#343,.T.);
#3362=ADVANCED_FACE('',(#526),#344,.T.);
#3363=ADVANCED_FACE('',(#527),#345,.T.);
#3364=ADVANCED_FACE('',(#528),#59,.T.);
#3365=ADVANCED_FACE('',(#529),#60,.T.);
#3366=ADVANCED_FACE('',(#530),#61,.T.);
#3367=ADVANCED_FACE('',(#531),#62,.T.);
#3368=ADVANCED_FACE('',(#532),#63,.T.);
#3369=ADVANCED_FACE('',(#533),#64,.T.);
#3370=CLOSED_SHELL('',(#3182,#3183,#3184,#3185,#3186,#3187,#3188,#3189,
#3190,#3191,#3192,#3193,#3194,#3195,#3196,#3197,#3198,#3199,#3200,#3201,
#3202,#3203,#3204,#3205,#3206,#3207,#3208,#3209,#3210,#3211,#3212,#3213,
#3214,#3215,#3216,#3217,#3218,#3219,#3220,#3221,#3222,#3223,#3224,#3225,
#3226,#3227,#3228,#3229,#3230,#3231,#3232,#3233,#3234,#3235,#3236,#3237,
#3238,#3239,#3240,#3241,#3242,#3243,#3244,#3245,#3246,#3247,#3248,#3249,
#3250,#3251,#3252,#3253,#3254,#3255,#3256,#3257,#3258,#3259,#3260,#3261,
#3262,#3263,#3264,#3265,#3266,#3267,#3268,#3269,#3270,#3271,#3272,#3273,
#3274,#3275,#3276,#3277,#3278,#3279,#3280,#3281,#3282,#3283,#3284,#3285,
#3286,#3287,#3288,#3289,#3290,#3291,#3292,#3293,#3294,#3295,#3296,#3297,
#3298,#3299,#3300,#3301,#3302,#3303,#3304,#3305,#3306,#3307,#3308,#3309,
#3310,#3311,#3312,#3313,#3314,#3315,#3316,#3317,#3318,#3319,#3320,#3321,
#3322,#3323,#3324,#3325,#3326,#3327,#3328,#3329,#3330,#3331,#3332,#3333,
#3334,#3335,#3336,#3337,#3338,#3339,#3340,#3341,#3342,#3343,#3344,#3345,
#3346,#3347,#3348,#3349,#3350,#3351,#3352,#3353,#3354,#3355,#3356,#3357,
#3358,#3359,#3360,#3361,#3362,#3363,#3364,#3365,#3366,#3367,#3368,#3369));
#3371=AXIS2_PLACEMENT_3D('',#4248,#3576,#3577);
#3372=AXIS2_PLACEMENT_3D('',#4249,#3578,#3579);
#3373=AXIS2_PLACEMENT_3D('',#4252,#3580,#3581);
#3374=AXIS2_PLACEMENT_3D('',#4256,#3583,#3584);
#3375=AXIS2_PLACEMENT_3D('',#4258,#3586,#3587);
#3376=AXIS2_PLACEMENT_3D('',#4264,#3591,#3592);
#3377=AXIS2_PLACEMENT_3D('',#4271,#3596,#3597);
#3378=AXIS2_PLACEMENT_3D('',#4272,#3598,#3599);
#3379=AXIS2_PLACEMENT_3D('',#4275,#3601,#3602);
#3380=AXIS2_PLACEMENT_3D('',#4276,#3603,#3604);
#3381=AXIS2_PLACEMENT_3D('',#4280,#3607,#3608);
#3382=AXIS2_PLACEMENT_3D('',#4284,#3611,#3612);
#3383=AXIS2_PLACEMENT_3D('',#4296,#3619,#3620);
#3384=AXIS2_PLACEMENT_3D('',#4299,#3621,#3622);
#3385=AXIS2_PLACEMENT_3D('',#4303,#3624,#3625);
#3386=AXIS2_PLACEMENT_3D('',#4305,#3627,#3628);
#3387=AXIS2_PLACEMENT_3D('',#4311,#3632,#3633);
#3388=AXIS2_PLACEMENT_3D('',#4314,#3634,#3635);
#3389=AXIS2_PLACEMENT_3D('',#4318,#3637,#3638);
#3390=AXIS2_PLACEMENT_3D('',#4320,#3640,#3641);
#3391=AXIS2_PLACEMENT_3D('',#4323,#3644,#3645);
#3392=AXIS2_PLACEMENT_3D('',#4329,#3649,#3650);
#3393=AXIS2_PLACEMENT_3D('',#4331,#3652,#3653);
#3394=AXIS2_PLACEMENT_3D('',#4341,#3659,#3660);
#3395=AXIS2_PLACEMENT_3D('',#4344,#3661,#3662);
#3396=AXIS2_PLACEMENT_3D('',#4348,#3664,#3665);
#3397=AXIS2_PLACEMENT_3D('',#4350,#3667,#3668);
#3398=AXIS2_PLACEMENT_3D('',#4356,#3672,#3673);
#3399=AXIS2_PLACEMENT_3D('',#4359,#3674,#3675);
#3400=AXIS2_PLACEMENT_3D('',#4363,#3677,#3678);
#3401=AXIS2_PLACEMENT_3D('',#4365,#3680,#3681);
#3402=AXIS2_PLACEMENT_3D('',#4368,#3684,#3685);
#3403=AXIS2_PLACEMENT_3D('',#4374,#3689,#3690);
#3404=AXIS2_PLACEMENT_3D('',#4376,#3692,#3693);
#3405=AXIS2_PLACEMENT_3D('',#4386,#3699,#3700);
#3406=AXIS2_PLACEMENT_3D('',#4389,#3701,#3702);
#3407=AXIS2_PLACEMENT_3D('',#4393,#3704,#3705);
#3408=AXIS2_PLACEMENT_3D('',#4395,#3707,#3708);
#3409=AXIS2_PLACEMENT_3D('',#4399,#3710,#3711);
#3410=AXIS2_PLACEMENT_3D('',#4405,#3715,#3716);
#3411=AXIS2_PLACEMENT_3D('',#4409,#3719,#3720);
#3412=AXIS2_PLACEMENT_3D('',#4411,#3721,#3722);
#3413=AXIS2_PLACEMENT_3D('',#4413,#3724,#3725);
#3414=AXIS2_PLACEMENT_3D('',#4417,#3728,#3729);
#3415=AXIS2_PLACEMENT_3D('',#4421,#3732,#3733);
#3416=AXIS2_PLACEMENT_3D('',#4431,#3739,#3740);
#3417=AXIS2_PLACEMENT_3D('',#4434,#3741,#3742);
#3418=AXIS2_PLACEMENT_3D('',#4458,#3751,#3752);
#3419=AXIS2_PLACEMENT_3D('',#4462,#3754,#3755);
#3420=AXIS2_PLACEMENT_3D('',#4464,#3757,#3758);
#3421=AXIS2_PLACEMENT_3D('',#4467,#3759,#3760);
#3422=AXIS2_PLACEMENT_3D('',#4471,#3762,#3763);
#3423=AXIS2_PLACEMENT_3D('',#4473,#3765,#3766);
#3424=AXIS2_PLACEMENT_3D('',#4479,#3770,#3771);
#3425=AXIS2_PLACEMENT_3D('',#4481,#3772,#3773);
#3426=AXIS2_PLACEMENT_3D('',#4482,#3774,#3775);
#3427=AXIS2_PLACEMENT_3D('',#4486,#3778,#3779);
#3428=AXIS2_PLACEMENT_3D('',#4490,#3782,#3783);
#3429=AXIS2_PLACEMENT_3D('',#4493,#3784,#3785);
#3430=AXIS2_PLACEMENT_3D('',#4497,#3787,#3788);
#3431=AXIS2_PLACEMENT_3D('',#4499,#3790,#3791);
#3432=AXIS2_PLACEMENT_3D('',#4503,#3793,#3794);
#3433=AXIS2_PLACEMENT_3D('',#4508,#3798,#3799);
#3434=AXIS2_PLACEMENT_3D('',#4512,#3802,#3803);
#3435=AXIS2_PLACEMENT_3D('',#4514,#3804,#3805);
#3436=AXIS2_PLACEMENT_3D('',#4516,#3807,#3808);
#3437=AXIS2_PLACEMENT_3D('',#5149,#3836,#3837);
#3438=AXIS2_PLACEMENT_3D('',#5153,#3840,#3841);
#3439=AXIS2_PLACEMENT_3D('',#5155,#3843,#3844);
#3440=AXIS2_PLACEMENT_3D('',#5157,#3846,#3847);
#3441=AXIS2_PLACEMENT_3D('',#5158,#3848,#3849);
#3442=AXIS2_PLACEMENT_3D('',#5162,#3852,#3853);
#3443=AXIS2_PLACEMENT_3D('',#5165,#3854,#3855);
#3444=AXIS2_PLACEMENT_3D('',#5226,#3858,#3859);
#3445=AXIS2_PLACEMENT_3D('',#5227,#3860,#3861);
#3446=AXIS2_PLACEMENT_3D('',#5228,#3862,#3863);
#3447=AXIS2_PLACEMENT_3D('',#5239,#3866,#3867);
#3448=AXIS2_PLACEMENT_3D('',#5247,#3869,#3870);
#3449=AXIS2_PLACEMENT_3D('',#5248,#3871,#3872);
#3450=AXIS2_PLACEMENT_3D('',#5251,#3873,#3874);
#3451=AXIS2_PLACEMENT_3D('',#5312,#3877,#3878);
#3452=AXIS2_PLACEMENT_3D('',#5313,#3879,#3880);
#3453=AXIS2_PLACEMENT_3D('',#5314,#3881,#3882);
#3454=AXIS2_PLACEMENT_3D('',#5323,#3884,#3885);
#3455=AXIS2_PLACEMENT_3D('',#5351,#3887,#3888);
#3456=AXIS2_PLACEMENT_3D('',#5383,#3889,#3890);
#3457=AXIS2_PLACEMENT_3D('',#5384,#3891,#3892);
#3458=AXIS2_PLACEMENT_3D('',#5385,#3893,#3894);
#3459=AXIS2_PLACEMENT_3D('',#5386,#3895,#3896);
#3460=AXIS2_PLACEMENT_3D('',#5404,#3899,#3900);
#3461=AXIS2_PLACEMENT_3D('',#5413,#3903,#3904);
#3462=AXIS2_PLACEMENT_3D('',#5422,#3906,#3907);
#3463=AXIS2_PLACEMENT_3D('',#5423,#3908,#3909);
#3464=AXIS2_PLACEMENT_3D('',#5450,#3912,#3913);
#3465=AXIS2_PLACEMENT_3D('',#5467,#3914,#3915);
#3466=AXIS2_PLACEMENT_3D('',#5468,#3916,#3917);
#3467=AXIS2_PLACEMENT_3D('',#5479,#3918,#3919);
#3468=AXIS2_PLACEMENT_3D('',#5510,#3921,#3922);
#3469=AXIS2_PLACEMENT_3D('',#5512,#3924,#3925);
#3470=AXIS2_PLACEMENT_3D('',#5514,#3926,#3927);
#3471=AXIS2_PLACEMENT_3D('',#5518,#3929,#3930);
#3472=AXIS2_PLACEMENT_3D('',#5520,#3932,#3933);
#3473=AXIS2_PLACEMENT_3D('',#5521,#3934,#3935);
#3474=AXIS2_PLACEMENT_3D('',#5522,#3936,#3937);
#3475=AXIS2_PLACEMENT_3D('',#5526,#3939,#3940);
#3476=AXIS2_PLACEMENT_3D('',#5528,#3942,#3943);
#3477=AXIS2_PLACEMENT_3D('',#5532,#3947,#3948);
#3478=AXIS2_PLACEMENT_3D('',#5536,#3950,#3951);
#3479=AXIS2_PLACEMENT_3D('',#5538,#3953,#3954);
#3480=AXIS2_PLACEMENT_3D('',#5568,#3956,#3957);
#3481=AXIS2_PLACEMENT_3D('',#5570,#3959,#3960);
#3482=AXIS2_PLACEMENT_3D('',#5571,#3961,#3962);
#3483=AXIS2_PLACEMENT_3D('',#5572,#3963,#3964);
#3484=AXIS2_PLACEMENT_3D('',#5576,#3967,#3968);
#3485=AXIS2_PLACEMENT_3D('',#5579,#3970,#3971);
#3486=AXIS2_PLACEMENT_3D('',#5580,#3972,#3973);
#3487=AXIS2_PLACEMENT_3D('',#5891,#3989,#3990);
#3488=AXIS2_PLACEMENT_3D('',#5893,#3991,#3992);
#3489=AXIS2_PLACEMENT_3D('',#5895,#3993,#3994);
#3490=AXIS2_PLACEMENT_3D('',#5897,#3995,#3996);
#3491=AXIS2_PLACEMENT_3D('',#5898,#3997,#3998);
#3492=AXIS2_PLACEMENT_3D('',#5905,#4000,#4001);
#3493=AXIS2_PLACEMENT_3D('',#5907,#4002,#4003);
#3494=AXIS2_PLACEMENT_3D('',#5952,#4005,#4006);
#3495=AXIS2_PLACEMENT_3D('',#5953,#4007,#4008);
#3496=AXIS2_PLACEMENT_3D('',#5954,#4009,#4010);
#3497=AXIS2_PLACEMENT_3D('',#5955,#4011,#4012);
#3498=AXIS2_PLACEMENT_3D('',#5957,#4013,#4014);
#3499=AXIS2_PLACEMENT_3D('',#5959,#4016,#4017);
#3500=AXIS2_PLACEMENT_3D('',#5961,#4019,#4020);
#3501=AXIS2_PLACEMENT_3D('',#5964,#4022,#4023);
#3502=AXIS2_PLACEMENT_3D('',#5965,#4024,#4025);
#3503=AXIS2_PLACEMENT_3D('',#5966,#4026,#4027);
#3504=AXIS2_PLACEMENT_3D('',#5967,#4028,#4029);
#3505=AXIS2_PLACEMENT_3D('',#5968,#4030,#4031);
#3506=AXIS2_PLACEMENT_3D('',#6191,#4039,#4040);
#3507=AXIS2_PLACEMENT_3D('',#6425,#4045,#4046);
#3508=AXIS2_PLACEMENT_3D('',#6771,#4055,#4056);
#3509=AXIS2_PLACEMENT_3D('',#6891,#4059,#4060);
#3510=AXIS2_PLACEMENT_3D('',#7175,#4068,#4069);
#3511=AXIS2_PLACEMENT_3D('',#7176,#4070,#4071);
#3512=AXIS2_PLACEMENT_3D('',#7313,#4075,#4076);
#3513=AXIS2_PLACEMENT_3D('',#7314,#4077,#4078);
#3514=AXIS2_PLACEMENT_3D('',#7577,#4085,#4086);
#3515=AXIS2_PLACEMENT_3D('',#7744,#4090,#4091);
#3516=AXIS2_PLACEMENT_3D('',#11209,#4101,#4102);
#3517=AXIS2_PLACEMENT_3D('',#11211,#4103,#4104);
#3518=AXIS2_PLACEMENT_3D('',#11213,#4105,#4106);
#3519=AXIS2_PLACEMENT_3D('',#11215,#4107,#4108);
#3520=AXIS2_PLACEMENT_3D('',#11217,#4109,#4110);
#3521=AXIS2_PLACEMENT_3D('',#11218,#4111,#4112);
#3522=AXIS2_PLACEMENT_3D('',#11220,#4113,#4114);
#3523=AXIS2_PLACEMENT_3D('',#11222,#4115,#4116);
#3524=AXIS2_PLACEMENT_3D('',#11223,#4117,#4118);
#3525=AXIS2_PLACEMENT_3D('',#11224,#4119,#4120);
#3526=AXIS2_PLACEMENT_3D('',#11227,#4122,#4123);
#3527=AXIS2_PLACEMENT_3D('',#11228,#4124,#4125);
#3528=AXIS2_PLACEMENT_3D('',#11230,#4126,#4127);
#3529=AXIS2_PLACEMENT_3D('',#11232,#4128,#4129);
#3530=AXIS2_PLACEMENT_3D('',#11233,#4130,#4131);
#3531=AXIS2_PLACEMENT_3D('',#11234,#4132,#4133);
#3532=AXIS2_PLACEMENT_3D('',#11237,#4135,#4136);
#3533=AXIS2_PLACEMENT_3D('',#11238,#4137,#4138);
#3534=AXIS2_PLACEMENT_3D('',#11240,#4139,#4140);
#3535=AXIS2_PLACEMENT_3D('',#11242,#4141,#4142);
#3536=AXIS2_PLACEMENT_3D('',#11243,#4143,#4144);
#3537=AXIS2_PLACEMENT_3D('',#11244,#4145,#4146);
#3538=AXIS2_PLACEMENT_3D('',#11247,#4148,#4149);
#3539=AXIS2_PLACEMENT_3D('',#11248,#4150,#4151);
#3540=AXIS2_PLACEMENT_3D('',#11250,#4152,#4153);
#3541=AXIS2_PLACEMENT_3D('',#11252,#4154,#4155);
#3542=AXIS2_PLACEMENT_3D('',#11253,#4156,#4157);
#3543=AXIS2_PLACEMENT_3D('',#11254,#4158,#4159);
#3544=AXIS2_PLACEMENT_3D('',#11257,#4161,#4162);
#3545=AXIS2_PLACEMENT_3D('',#11258,#4163,#4164);
#3546=AXIS2_PLACEMENT_3D('',#11290,#4166,#4167);
#3547=AXIS2_PLACEMENT_3D('',#11292,#4169,#4170);
#3548=AXIS2_PLACEMENT_3D('',#11297,#4171,#4172);
#3549=AXIS2_PLACEMENT_3D('',#11300,#4174,#4175);
#3550=AXIS2_PLACEMENT_3D('',#11301,#4176,#4177);
#3551=AXIS2_PLACEMENT_3D('',#11302,#4178,#4179);
#3552=AXIS2_PLACEMENT_3D('',#11305,#4181,#4182);
#3553=AXIS2_PLACEMENT_3D('',#11306,#4183,#4184);
#3554=AXIS2_PLACEMENT_3D('',#11307,#4185,#4186);
#3555=AXIS2_PLACEMENT_3D('',#11310,#4188,#4189);
#3556=AXIS2_PLACEMENT_3D('',#11311,#4190,#4191);
#3557=AXIS2_PLACEMENT_3D('',#11312,#4192,#4193);
#3558=AXIS2_PLACEMENT_3D('',#11315,#4195,#4196);
#3559=AXIS2_PLACEMENT_3D('',#11316,#4197,#4198);
#3560=AXIS2_PLACEMENT_3D('',#11317,#4199,#4200);
#3561=AXIS2_PLACEMENT_3D('',#11322,#4201,#4202);
#3562=AXIS2_PLACEMENT_3D('',#11354,#4204,#4205);
#3563=AXIS2_PLACEMENT_3D('',#11357,#4208,#4209);
#3564=AXIS2_PLACEMENT_3D('',#11359,#4211,#4212);
#3565=AXIS2_PLACEMENT_3D('',#11361,#4214,#4215);
#3566=AXIS2_PLACEMENT_3D('',#11362,#4216,#4217);
#3567=AXIS2_PLACEMENT_3D('',#11363,#4218,#4219);
#3568=AXIS2_PLACEMENT_3D('',#11456,#4223,#4224);
#3569=AXIS2_PLACEMENT_3D('',#11457,#4225,#4226);
#3570=AXIS2_PLACEMENT_3D('',#11459,#4228,#4229);
#3571=AXIS2_PLACEMENT_3D('',#11461,#4231,#4232);
#3572=AXIS2_PLACEMENT_3D('',#11463,#4234,#4235);
#3573=AXIS2_PLACEMENT_3D('',#11464,#4236,#4237);
#3574=AXIS2_PLACEMENT_3D('',#11466,#4239,#4240);
#3575=AXIS2_PLACEMENT_3D('',#11467,#4241,#4242);
#3576=DIRECTION('axis',(0.,0.,1.));
#3577=DIRECTION('refdir',(1.,0.,0.));
#3578=DIRECTION('center_axis',(0.,1.,0.));
#3579=DIRECTION('ref_axis',(-0.0277670672403647,0.,0.999614420652718));
#3580=DIRECTION('center_axis',(0.,-1.,0.));
#3581=DIRECTION('ref_axis',(-0.0277670672403647,0.,0.999614420652718));
#3582=DIRECTION('',(0.,-1.,0.));
#3583=DIRECTION('center_axis',(0.,-1.,0.));
#3584=DIRECTION('ref_axis',(-0.0277670672403647,0.,0.999614420652718));
#3585=DIRECTION('',(0.,1.,0.));
#3586=DIRECTION('center_axis',(-0.726468416954723,0.,0.687199853876075));
#3587=DIRECTION('ref_axis',(0.687199853876075,0.,0.726468416954723));
#3588=DIRECTION('',(-0.687199853876075,0.,-0.726468416954723));
#3589=DIRECTION('',(0.,1.,0.));
#3590=DIRECTION('',(-0.687199853876075,0.,-0.726468416954723));
#3591=DIRECTION('center_axis',(0.,1.,0.));
#3592=DIRECTION('ref_axis',(-0.687199853876075,0.,-0.726468416954723));
#3593=DIRECTION('',(-0.726468416954723,0.,0.687199853876075));
#3594=DIRECTION('',(0.687199853876075,0.,0.726468416954723));
#3595=DIRECTION('',(-0.726468416954723,0.,0.687199853876075));
#3596=DIRECTION('center_axis',(0.,-1.,0.));
#3597=DIRECTION('ref_axis',(-0.999614420652718,0.,-0.0277670672403615));
#3598=DIRECTION('center_axis',(0.,-1.,0.));
#3599=DIRECTION('ref_axis',(-0.999614420652718,0.,-0.0277670672403615));
#3600=DIRECTION('',(0.,-1.,0.));
#3601=DIRECTION('center_axis',(0.,-1.,0.));
#3602=DIRECTION('ref_axis',(-0.999614420652718,0.,-0.0277670672403615));
#3603=DIRECTION('center_axis',(-0.687199853876075,0.,-0.726468416954723));
#3604=DIRECTION('ref_axis',(0.,-1.,0.));
#3605=DIRECTION('',(0.,1.,0.));
#3606=DIRECTION('',(0.726468416954723,0.,-0.687199853876075));
#3607=DIRECTION('center_axis',(0.687199853876075,0.,0.726468416954723));
#3608=DIRECTION('ref_axis',(0.,1.,0.));
#3609=DIRECTION('',(-0.726468416954723,0.,0.687199853876075));
#3610=DIRECTION('',(0.,-1.,0.));
#3611=DIRECTION('center_axis',(-0.726468416954723,0.,0.687199853876075));
#3612=DIRECTION('ref_axis',(0.687199853876075,0.,0.726468416954723));
#3613=DIRECTION('',(-0.687199853876075,0.,-0.726468416954723));
#3614=DIRECTION('',(0.,1.,0.));
#3615=DIRECTION('',(0.687199853876075,0.,0.726468416954723));
#3616=DIRECTION('',(0.,-1.,0.));
#3617=DIRECTION('',(0.,-1.,0.));
#3618=DIRECTION('',(-0.687199853876075,0.,-0.726468416954723));
#3619=DIRECTION('center_axis',(0.,1.,0.));
#3620=DIRECTION('ref_axis',(-1.,0.,-1.25607396694702E-14));
#3621=DIRECTION('center_axis',(0.,-1.,0.));
#3622=DIRECTION('ref_axis',(-1.,0.,-1.25607396694702E-14));
#3623=DIRECTION('',(0.,-1.,0.));
#3624=DIRECTION('center_axis',(0.,-1.,0.));
#3625=DIRECTION('ref_axis',(-1.,0.,-1.25607396694702E-14));
#3626=DIRECTION('',(0.,1.,0.));
#3627=DIRECTION('center_axis',(-0.707106781186555,0.,0.70710678118654));
#3628=DIRECTION('ref_axis',(0.,1.,0.));
#3629=DIRECTION('',(-0.70710678118654,0.,-0.707106781186555));
#3630=DIRECTION('',(0.,-1.,0.));
#3631=DIRECTION('',(-0.70710678118654,0.,-0.707106781186555));
#3632=DIRECTION('center_axis',(0.,-1.,0.));
#3633=DIRECTION('ref_axis',(9.42055475210267E-15,0.,-1.));
#3634=DIRECTION('center_axis',(0.,-1.,0.));
#3635=DIRECTION('ref_axis',(9.42055475210267E-15,0.,-1.));
#3636=DIRECTION('',(0.,-1.,0.));
#3637=DIRECTION('center_axis',(0.,-1.,0.));
#3638=DIRECTION('ref_axis',(9.42055475210267E-15,0.,-1.));
#3639=DIRECTION('',(0.,1.,0.));
#3640=DIRECTION('center_axis',(-0.70710678118654,0.,-0.707106781186555));
#3641=DIRECTION('ref_axis',(-0.707106781186555,0.,0.70710678118654));
#3642=DIRECTION('',(0.707106781186555,0.,-0.70710678118654));
#3643=DIRECTION('',(0.707106781186555,0.,-0.70710678118654));
#3644=DIRECTION('center_axis',(0.707106781186555,0.,-0.70710678118654));
#3645=DIRECTION('ref_axis',(0.,-1.,0.));
#3646=DIRECTION('',(-0.70710678118654,0.,-0.707106781186555));
#3647=DIRECTION('',(0.,1.,0.));
#3648=DIRECTION('',(0.70710678118654,0.,0.707106781186555));
#3649=DIRECTION('center_axis',(0.,1.,0.));
#3650=DIRECTION('ref_axis',(0.707106781186555,0.,-0.70710678118654));
#3651=DIRECTION('',(-0.707106781186555,0.,0.70710678118654));
#3652=DIRECTION('center_axis',(-0.70710678118654,0.,-0.707106781186555));
#3653=DIRECTION('ref_axis',(-0.707106781186555,0.,0.70710678118654));
#3654=DIRECTION('',(0.707106781186555,0.,-0.70710678118654));
#3655=DIRECTION('',(0.,1.,0.));
#3656=DIRECTION('',(-0.707106781186555,0.,0.70710678118654));
#3657=DIRECTION('',(0.,1.,0.));
#3658=DIRECTION('',(0.707106781186555,0.,-0.70710678118654));
#3659=DIRECTION('center_axis',(0.,1.,0.));
#3660=DIRECTION('ref_axis',(0.961025593124992,0.,0.276459417200351));
#3661=DIRECTION('center_axis',(0.,-1.,0.));
#3662=DIRECTION('ref_axis',(0.961025593124992,0.,0.276459417200351));
#3663=DIRECTION('',(0.,-1.,0.));
#3664=DIRECTION('center_axis',(0.,-1.,0.));
#3665=DIRECTION('ref_axis',(0.961025593124992,0.,0.276459417200351));
#3666=DIRECTION('',(0.,1.,0.));
#3667=DIRECTION('center_axis',(0.875034042417755,0.,-0.484061385167256));
#3668=DIRECTION('ref_axis',(0.,1.,0.));
#3669=DIRECTION('',(0.484061385167256,0.,0.875034042417755));
#3670=DIRECTION('',(0.,-1.,0.));
#3671=DIRECTION('',(0.484061385167256,0.,0.875034042417755));
#3672=DIRECTION('center_axis',(0.,-1.,0.));
#3673=DIRECTION('ref_axis',(-0.276459417200352,0.,0.961025593124991));
#3674=DIRECTION('center_axis',(0.,-1.,0.));
#3675=DIRECTION('ref_axis',(-0.276459417200352,0.,0.961025593124991));
#3676=DIRECTION('',(0.,-1.,0.));
#3677=DIRECTION('center_axis',(0.,-1.,0.));
#3678=DIRECTION('ref_axis',(-0.276459417200352,0.,0.961025593124991));
#3679=DIRECTION('',(0.,1.,0.));
#3680=DIRECTION('center_axis',(0.484061385167256,0.,0.875034042417755));
#3681=DIRECTION('ref_axis',(0.875034042417755,0.,-0.484061385167256));
#3682=DIRECTION('',(-0.875034042417755,0.,0.484061385167257));
#3683=DIRECTION('',(-0.875034042417755,0.,0.484061385167256));
#3684=DIRECTION('center_axis',(-0.875034042417755,0.,0.484061385167256));
#3685=DIRECTION('ref_axis',(0.,-1.,0.));
#3686=DIRECTION('',(0.484061385167256,0.,0.875034042417755));
#3687=DIRECTION('',(0.,1.,0.));
#3688=DIRECTION('',(-0.484061385167256,0.,-0.875034042417755));
#3689=DIRECTION('center_axis',(0.,1.,0.));
#3690=DIRECTION('ref_axis',(-0.875034042417755,0.,0.484061385167257));
#3691=DIRECTION('',(0.875034042417755,0.,-0.484061385167257));
#3692=DIRECTION('center_axis',(0.484061385167257,0.,0.875034042417755));
#3693=DIRECTION('ref_axis',(0.875034042417755,0.,-0.484061385167257));
#3694=DIRECTION('',(-0.875034042417755,0.,0.484061385167257));
#3695=DIRECTION('',(0.,1.,0.));
#3696=DIRECTION('',(0.875034042417755,0.,-0.484061385167257));
#3697=DIRECTION('',(0.,1.,0.));
#3698=DIRECTION('',(-0.875034042417755,0.,0.484061385167257));
#3699=DIRECTION('center_axis',(0.,-1.,0.));
#3700=DIRECTION('ref_axis',(0.948683298050518,0.,-0.316227766016827));
#3701=DIRECTION('center_axis',(0.,-1.,0.));
#3702=DIRECTION('ref_axis',(0.948683298050518,0.,-0.316227766016827));
#3703=DIRECTION('',(0.,-1.,0.));
#3704=DIRECTION('center_axis',(0.,-1.,0.));
#3705=DIRECTION('ref_axis',(0.948683298050518,0.,-0.316227766016827));
#3706=DIRECTION('',(0.,1.,0.));
#3707=DIRECTION('center_axis',(0.,1.,0.));
#3708=DIRECTION('ref_axis',(0.894427190999911,0.,0.447213595499967));
#3709=DIRECTION('',(0.894427190999911,0.,0.447213595499967));
#3710=DIRECTION('center_axis',(0.,-1.,0.));
#3711=DIRECTION('ref_axis',(-0.316227766016831,0.,-0.948683298050516));
#3712=DIRECTION('',(0.447213595499967,0.,-0.894427190999911));
#3713=DIRECTION('',(-0.894427190999911,0.,-0.447213595499967));
#3714=DIRECTION('',(0.447213595499967,0.,-0.894427190999911));
#3715=DIRECTION('center_axis',(0.447213595499967,0.,-0.894427190999911));
#3716=DIRECTION('ref_axis',(-0.894427190999911,0.,-0.447213595499967));
#3717=DIRECTION('',(0.894427190999911,0.,0.447213595499967));
#3718=DIRECTION('',(0.,-1.,0.));
#3719=DIRECTION('center_axis',(0.,1.,0.));
#3720=DIRECTION('ref_axis',(-0.316227766016831,0.,-0.948683298050516));
#3721=DIRECTION('center_axis',(0.,-1.,0.));
#3722=DIRECTION('ref_axis',(-0.316227766016831,0.,-0.948683298050516));
#3723=DIRECTION('',(0.,1.,0.));
#3724=DIRECTION('center_axis',(0.894427190999911,0.,0.447213595499967));
#3725=DIRECTION('ref_axis',(0.,-1.,0.));
#3726=DIRECTION('',(0.,1.,0.));
#3727=DIRECTION('',(-0.447213595499967,0.,0.894427190999911));
#3728=DIRECTION('center_axis',(-0.894427190999911,0.,-0.447213595499967));
#3729=DIRECTION('ref_axis',(0.,1.,0.));
#3730=DIRECTION('',(0.447213595499967,0.,-0.894427190999911));
#3731=DIRECTION('',(0.,-1.,0.));
#3732=DIRECTION('center_axis',(0.447213595499967,0.,-0.894427190999911));
#3733=DIRECTION('ref_axis',(-0.894427190999911,0.,-0.447213595499967));
#3734=DIRECTION('',(0.894427190999911,0.,0.447213595499967));
#3735=DIRECTION('',(0.,1.,0.));
#3736=DIRECTION('',(-0.894427190999911,0.,-0.447213595499967));
#3737=DIRECTION('',(0.,1.,0.));
#3738=DIRECTION('',(0.894427190999911,0.,0.447213595499967));
#3739=DIRECTION('center_axis',(0.,1.,0.));
#3740=DIRECTION('ref_axis',(-1.,0.,0.));
#3741=DIRECTION('center_axis',(0.,-1.,0.));
#3742=DIRECTION('ref_axis',(-0.996544590323845,0.,0.0830594937155301));
#3743=DIRECTION('',(1.,0.,3.95630009101796E-16));
#3744=DIRECTION('',(0.,0.,-1.));
#3745=DIRECTION('',(-0.999939643029128,0.,-0.0109868238713944));
#3746=DIRECTION('',(-1.,0.,-1.05708714321828E-15));
#3747=DIRECTION('',(-9.21685366842819E-16,0.,1.));
#3748=DIRECTION('',(0.894427190999912,0.,0.447213595499966));
#3749=DIRECTION('',(0.894427190999911,0.,0.447213595499967));
#3750=DIRECTION('',(-0.999261174631315,0.,0.0384331221011931));
#3751=DIRECTION('center_axis',(0.,1.,0.));
#3752=DIRECTION('ref_axis',(-0.996544590323845,0.,0.0830594937155301));
#3753=DIRECTION('',(0.,1.,0.));
#3754=DIRECTION('center_axis',(0.,-1.,0.));
#3755=DIRECTION('ref_axis',(-0.996544590323845,0.,0.0830594937155301));
#3756=DIRECTION('',(0.,1.,0.));
#3757=DIRECTION('center_axis',(3.41354696519796E-16,-1.,8.87522210951732E-15));
#3758=DIRECTION('ref_axis',(-0.733760674018161,-6.2803698347351E-15,-0.679408031498314));
#3759=DIRECTION('center_axis',(0.,-1.,0.));
#3760=DIRECTION('ref_axis',(-0.733760674018161,-6.2803698347351E-15,-0.679408031498314));
#3761=DIRECTION('',(3.41354696519796E-16,-1.,8.87522210951732E-15));
#3762=DIRECTION('center_axis',(0.,-1.,0.));
#3763=DIRECTION('ref_axis',(-0.733760674018161,-6.2803698347351E-15,-0.679408031498314));
#3764=DIRECTION('',(-3.41354696519796E-16,1.,-8.87522210951732E-15));
#3765=DIRECTION('center_axis',(-0.999261174631315,0.,0.0384331221011931));
#3766=DIRECTION('ref_axis',(0.0384331221011931,0.,0.999261174631315));
#3767=DIRECTION('',(-0.0384331221011931,0.,-0.999261174631315));
#3768=DIRECTION('',(0.,-1.,0.));
#3769=DIRECTION('',(-0.0384331221011932,0.,-0.999261174631315));
#3770=DIRECTION('center_axis',(0.,1.,0.));
#3771=DIRECTION('ref_axis',(-0.679408031498313,0.,0.733760674018162));
#3772=DIRECTION('center_axis',(0.,-1.,0.));
#3773=DIRECTION('ref_axis',(-0.679408031498313,0.,0.733760674018162));
#3774=DIRECTION('center_axis',(0.,-1.,0.));
#3775=DIRECTION('ref_axis',(-0.679408031498313,0.,0.733760674018162));
#3776=DIRECTION('',(0.999261174631315,0.,-0.0384331221011931));
#3777=DIRECTION('',(0.,1.,0.));
#3778=DIRECTION('center_axis',(0.0384331221011931,0.,0.999261174631315));
#3779=DIRECTION('ref_axis',(0.,1.,0.));
#3780=DIRECTION('',(0.,1.,0.));
#3781=DIRECTION('',(-0.999261174631315,0.,0.0384331221011931));
#3782=DIRECTION('center_axis',(0.,-1.,0.));
#3783=DIRECTION('ref_axis',(-0.707106781186547,0.,-0.707106781186548));
#3784=DIRECTION('center_axis',(0.,-1.,0.));
#3785=DIRECTION('ref_axis',(-0.707106781186547,0.,-0.707106781186548));
#3786=DIRECTION('',(0.,-1.,0.));
#3787=DIRECTION('center_axis',(0.,-1.,0.));
#3788=DIRECTION('ref_axis',(-0.707106781186547,0.,-0.707106781186548));
#3789=DIRECTION('',(0.,1.,0.));
#3790=DIRECTION('center_axis',(0.,1.,0.));
#3791=DIRECTION('ref_axis',(0.,0.,-1.));
#3792=DIRECTION('',(0.,0.,-1.));
#3793=DIRECTION('center_axis',(0.,-1.,0.));
#3794=DIRECTION('ref_axis',(-0.707106781186546,0.,0.707106781186549));
#3795=DIRECTION('',(-1.,0.,0.));
#3796=DIRECTION('',(-1.09716157727662E-14,0.,1.));
#3797=DIRECTION('',(-1.,0.,0.));
#3798=DIRECTION('center_axis',(-1.,0.,0.));
#3799=DIRECTION('ref_axis',(0.,0.,1.));
#3800=DIRECTION('',(0.,0.,-1.));
#3801=DIRECTION('',(0.,-1.,0.));
#3802=DIRECTION('center_axis',(0.,1.,0.));
#3803=DIRECTION('ref_axis',(-0.707106781186546,0.,0.707106781186549));
#3804=DIRECTION('center_axis',(0.,-1.,0.));
#3805=DIRECTION('ref_axis',(-0.707106781186546,0.,0.707106781186549));
#3806=DIRECTION('',(0.,1.,0.));
#3807=DIRECTION('center_axis',(0.,1.,0.));
#3808=DIRECTION('ref_axis',(1.,0.,0.));
#3809=DIRECTION('',(-1.,0.,0.));
#3810=DIRECTION('',(1.,0.,0.));
#3811=DIRECTION('',(0.825307261249839,0.,-0.56468391559198));
#3812=DIRECTION('',(1.08555140185571E-14,0.,-1.));
#3813=DIRECTION('',(-0.894427190999911,0.,-0.447213595499967));
#3814=DIRECTION('',(-9.21685366842819E-16,0.,1.));
#3815=DIRECTION('',(-1.,0.,-1.05708714321828E-15));
#3816=DIRECTION('',(-0.999939643029128,0.,-0.0109868238713944));
#3817=DIRECTION('',(0.,0.,-1.));
#3818=DIRECTION('',(1.,0.,3.95630009101796E-16));
#3819=DIRECTION('',(4.28045537536839E-13,0.,-1.));
#3820=DIRECTION('',(1.,0.,3.95630009101796E-16));
#3821=DIRECTION('',(0.999261174631315,0.,-0.0384331221011931));
#3822=DIRECTION('',(0.,0.,-1.));
#3823=DIRECTION('',(-1.,0.,-3.18858665361348E-16));
#3824=DIRECTION('',(-0.999997638915001,0.,-0.00217305416929618));
#3825=DIRECTION('',(-0.999997638915001,0.,-0.00217305416929618));
#3826=DIRECTION('',(-0.403640206576305,0.,0.914917801572927));
#3827=DIRECTION('',(0.,0.,1.));
#3828=DIRECTION('',(0.376377046955928,0.,0.926466577122313));
#3829=DIRECTION('',(0.989949493661165,0.,0.141421356237321));
#3830=DIRECTION('',(0.989949493661165,0.,0.141421356237321));
#3831=DIRECTION('',(1.,0.,0.));
#3832=DIRECTION('',(-7.77697811052904E-15,0.,-1.));
#3833=DIRECTION('',(-0.038781116472268,0.,-0.999247729547165));
#3834=DIRECTION('',(4.84868426248245E-13,0.,-1.));
#3835=DIRECTION('',(0.0244375798589947,0.,0.999701357751721));
#3836=DIRECTION('center_axis',(-0.0384331221011931,-8.88178419700125E-15,
-0.999261174631315));
#3837=DIRECTION('ref_axis',(3.41354696519797E-16,-1.,8.87522210951732E-15));
#3838=DIRECTION('',(-0.999261174631315,0.,0.0384331221011931));
#3839=DIRECTION('',(0.,1.,0.));
#3840=DIRECTION('center_axis',(0.,1.,0.));
#3841=DIRECTION('ref_axis',(-0.0384331221011932,0.,-0.999261174631315));
#3842=DIRECTION('',(0.0384331221011932,0.,0.999261174631315));
#3843=DIRECTION('center_axis',(0.,0.,-1.));
#3844=DIRECTION('ref_axis',(0.,-1.,0.));
#3845=DIRECTION('',(0.,1.,0.));
#3846=DIRECTION('center_axis',(0.,0.,1.));
#3847=DIRECTION('ref_axis',(0.,1.,0.));
#3848=DIRECTION('center_axis',(-1.,0.,-1.09716157727662E-14));
#3849=DIRECTION('ref_axis',(-1.09716157727662E-14,0.,1.));
#3850=DIRECTION('',(-1.09716157727662E-14,0.,1.));
#3851=DIRECTION('',(0.,1.,0.));
#3852=DIRECTION('center_axis',(1.,0.,0.));
#3853=DIRECTION('ref_axis',(0.,-0.382683428923707,0.923879533936754));
#3854=DIRECTION('center_axis',(-1.,0.,0.));
#3855=DIRECTION('ref_axis',(0.,-0.707106775918369,0.707106786454726));
#3856=DIRECTION('',(1.,0.,0.));
#3857=DIRECTION('',(-1.,0.,0.));
#3858=DIRECTION('center_axis',(0.,4.79200013003833E-13,-1.));
#3859=DIRECTION('ref_axis',(-1.06541987474003E-14,1.,4.79200013003833E-13));
#3860=DIRECTION('center_axis',(3.23503172301606E-15,-0.485642928106796,
0.874157277828113));
#3861=DIRECTION('ref_axis',(-6.10003434681323E-15,0.874157277828113,0.485642928106796));
#3862=DIRECTION('center_axis',(7.67600751859854E-15,-0.707106786454727,
-0.707106775918368));
#3863=DIRECTION('ref_axis',(-0.707106781186553,0.499999996274824,-0.500000003725168));
#3864=DIRECTION('',(7.67600751859854E-15,-0.707106786454727,-0.707106775918368));
#3865=DIRECTION('',(-7.67600751859854E-15,0.707106786454727,0.707106775918368));
#3866=DIRECTION('center_axis',(0.,-0.707106775918368,0.707106786454727));
#3867=DIRECTION('ref_axis',(0.,-0.707106786454727,-0.707106775918368));
#3868=DIRECTION('',(1.,0.,0.));
#3869=DIRECTION('center_axis',(0.,0.707106775918368,-0.707106786454727));
#3870=DIRECTION('ref_axis',(-1.54392426254179E-14,0.707106786454727,0.707106775918368));
#3871=DIRECTION('center_axis',(1.,0.,0.));
#3872=DIRECTION('ref_axis',(0.,-0.382683428923368,-0.923879533936895));
#3873=DIRECTION('center_axis',(-1.,0.,0.));
#3874=DIRECTION('ref_axis',(0.,0.,-1.));
#3875=DIRECTION('',(1.,0.,0.));
#3876=DIRECTION('',(-1.,0.,0.));
#3877=DIRECTION('center_axis',(-5.39171960530183E-15,-0.485642928106471,
-0.874157277828294));
#3878=DIRECTION('ref_axis',(6.1000343468158E-15,0.874157277828294,-0.485642928106471));
#3879=DIRECTION('center_axis',(0.,0.,1.));
#3880=DIRECTION('ref_axis',(1.11448526370858E-14,1.,0.));
#3881=DIRECTION('center_axis',(0.,0.,-1.));
#3882=DIRECTION('ref_axis',(0.,1.,0.));
#3883=DIRECTION('',(1.,0.,0.));
#3884=DIRECTION('center_axis',(0.,0.,-1.));
#3885=DIRECTION('ref_axis',(1.10397146564272E-14,-1.,0.));
#3886=DIRECTION('',(0.,1.,0.));
#3887=DIRECTION('center_axis',(0.746386916608609,0.470588236869261,-0.470588229810069));
#3888=DIRECTION('ref_axis',(0.533333333350603,-0.845905169352413,5.55111512312579E-15));
#3889=DIRECTION('center_axis',(1.,0.,0.));
#3890=DIRECTION('ref_axis',(0.,-1.,0.));
#3891=DIRECTION('center_axis',(0.,0.70710677591819,0.707106786454905));
#3892=DIRECTION('ref_axis',(1.54392426254218E-14,0.707106786454905,-0.70710677591819));
#3893=DIRECTION('center_axis',(-2.77128407419793E-15,-0.832050290522915,
-0.554700201947622));
#3894=DIRECTION('ref_axis',(1.47801824631954E-14,0.554700201947622,-0.832050290522915));
#3895=DIRECTION('center_axis',(1.,0.,0.));
#3896=DIRECTION('ref_axis',(0.,-0.92387953108568,-0.38268343580681));
#3897=DIRECTION('',(-1.,0.,0.));
#3898=DIRECTION('',(1.,0.,0.));
#3899=DIRECTION('center_axis',(0.,-1.,0.));
#3900=DIRECTION('ref_axis',(0.,0.,-1.));
#3901=DIRECTION('',(1.08555140185571E-14,0.,-1.));
#3902=DIRECTION('',(-1.,0.,0.));
#3903=DIRECTION('center_axis',(1.08555140185571E-14,0.,-1.));
#3904=DIRECTION('ref_axis',(-0.707106781186549,0.707106781186546,-7.85046229341885E-15));
#3905=DIRECTION('',(-1.08555140185571E-14,0.,1.));
#3906=DIRECTION('center_axis',(2.77128407420161E-15,-0.832050290523044,
0.554700201947429));
#3907=DIRECTION('ref_axis',(-1.47801824631902E-14,0.554700201947429,0.832050290523044));
#3908=DIRECTION('center_axis',(7.67600751859661E-15,0.707106786454905,-0.70710677591819));
#3909=DIRECTION('ref_axis',(-0.70710678118654,0.49999999627472,0.500000003725291));
#3910=DIRECTION('',(-7.67600751859661E-15,-0.707106786454905,0.70710677591819));
#3911=DIRECTION('',(7.67600751859661E-15,0.707106786454905,-0.70710677591819));
#3912=DIRECTION('center_axis',(0.746386916607858,0.470588236859759,0.470588229820761));
#3913=DIRECTION('ref_axis',(2.5552893134773E-11,-0.707106775918406,0.70710678645469));
#3914=DIRECTION('center_axis',(1.,0.,0.));
#3915=DIRECTION('ref_axis',(0.,-0.707106775918368,0.707106786454727));
#3916=DIRECTION('center_axis',(1.,0.,0.));
#3917=DIRECTION('ref_axis',(0.,-0.923879531085728,0.382683435806694));
#3918=DIRECTION('center_axis',(-1.,0.,0.));
#3919=DIRECTION('ref_axis',(0.,0.382683346322088,-0.92387956815146));
#3920=DIRECTION('',(-1.,0.,0.));
#3921=DIRECTION('center_axis',(1.,0.,0.));
#3922=DIRECTION('ref_axis',(0.,-0.707106912895461,-0.70710664947761));
#3923=DIRECTION('',(1.,0.,0.));
#3924=DIRECTION('center_axis',(-7.67600900555529E-15,-0.707106649477609,
0.707106912895461));
#3925=DIRECTION('ref_axis',(-0.707106781186554,-0.500000093132259,-0.499999906867716));
#3926=DIRECTION('center_axis',(-7.85046375568157E-15,-0.707106649477608,
0.707106912895462));
#3927=DIRECTION('ref_axis',(-1.,0.,-1.11022302462516E-14));
#3928=DIRECTION('',(-7.67600900555529E-15,-0.707106649477609,0.707106912895461));
#3929=DIRECTION('center_axis',(0.,-4.79200013003833E-13,1.));
#3930=DIRECTION('ref_axis',(-1.10397146564325E-14,-1.,-4.79174081405042E-13));
#3931=DIRECTION('',(7.67600900555529E-15,0.707106649477609,-0.707106912895461));
#3932=DIRECTION('center_axis',(0.538877954319717,-0.157833627613274,-0.827465465347425));
#3933=DIRECTION('ref_axis',(-0.794104553715875,0.232587734221623,-0.561516610312966));
#3934=DIRECTION('center_axis',(1.08555140185571E-14,0.,-1.));
#3935=DIRECTION('ref_axis',(-0.707106781186547,0.707106781186547,-8.32667268468864E-15));
#3936=DIRECTION('center_axis',(-1.08555140185571E-14,0.,1.));
#3937=DIRECTION('ref_axis',(-0.70710678118654,0.707106781186555,-7.85046229341895E-15));
#3938=DIRECTION('',(-1.08555140185571E-14,0.,1.));
#3939=DIRECTION('center_axis',(0.56468391559198,0.,0.825307261249839));
#3940=DIRECTION('ref_axis',(-0.825307261249839,-2.14751982147631E-16,0.56468391559198));
#3941=DIRECTION('',(1.08555140185571E-14,0.,-1.));
#3942=DIRECTION('center_axis',(-1.,0.,-1.08555140185571E-14));
#3943=DIRECTION('ref_axis',(-1.08555140185571E-14,0.,1.));
#3944=DIRECTION('',(5.20196245885584E-27,-1.,-4.79200013003833E-13));
#3945=DIRECTION('',(0.,1.,0.));
#3946=DIRECTION('',(0.,1.,0.));
#3947=DIRECTION('center_axis',(-7.67600900555529E-15,0.707106649477609,
0.707106912895461));
#3948=DIRECTION('ref_axis',(-0.70710678118656,-0.500000093132263,0.499999906867702));
#3949=DIRECTION('',(-7.67600900555529E-15,0.707106649477609,0.707106912895461));
#3950=DIRECTION('center_axis',(7.35980977095147E-15,-0.707106649477608,
-0.707106912895462));
#3951=DIRECTION('ref_axis',(0.,-0.707106912895462,0.707106649477608));
#3952=DIRECTION('',(7.67600900555529E-15,-0.707106649477609,-0.707106912895461));
#3953=DIRECTION('center_axis',(1.,0.,0.));
#3954=DIRECTION('ref_axis',(0.,0.382683346322087,0.923879568151461));
#3955=DIRECTION('',(-1.,0.,0.));
#3956=DIRECTION('center_axis',(1.,0.,0.));
#3957=DIRECTION('ref_axis',(0.,1.,0.));
#3958=DIRECTION('',(1.,0.,0.));
#3959=DIRECTION('center_axis',(-0.538877954319686,0.157833627613275,-0.827465465347446));
#3960=DIRECTION('ref_axis',(-0.794104553715899,0.232587734221619,0.561516610312933));
#3961=DIRECTION('center_axis',(-1.08555140185571E-14,0.,1.));
#3962=DIRECTION('ref_axis',(-0.707106781186547,0.707106781186547,-7.63278329429792E-15));
#3963=DIRECTION('center_axis',(-1.,0.,-1.08555140185571E-14));
#3964=DIRECTION('ref_axis',(-1.08555140185571E-14,0.,1.));
#3965=DIRECTION('',(-1.08555140185571E-14,0.,1.));
#3966=DIRECTION('',(0.,1.,0.));
#3967=DIRECTION('center_axis',(-1.08555140185571E-14,0.,1.));
#3968=DIRECTION('ref_axis',(-0.70710678118654,0.707106781186555,-7.85046229341895E-15));
#3969=DIRECTION('',(1.08555140185571E-14,0.,-1.));
#3970=DIRECTION('center_axis',(-0.525731112119126,0.,-0.850650808352044));
#3971=DIRECTION('ref_axis',(-0.850650808352044,-2.95128785421386E-16,0.525731112119127));
#3972=DIRECTION('center_axis',(0.,1.,0.));
#3973=DIRECTION('ref_axis',(1.,0.,0.));
#3974=DIRECTION('',(-0.825307261249839,0.,0.56468391559198));
#3975=DIRECTION('',(7.77697811052904E-15,0.,1.));
#3976=DIRECTION('',(1.,0.,0.));
#3977=DIRECTION('',(0.894427190999911,0.,0.447213595499967));
#3978=DIRECTION('',(-0.989949493661165,0.,-0.141421356237321));
#3979=DIRECTION('',(-0.376377046955928,0.,-0.926466577122313));
#3980=DIRECTION('',(0.,0.,-1.));
#3981=DIRECTION('',(0.403640206576305,0.,-0.914917801572927));
#3982=DIRECTION('',(0.999997638915001,0.,0.00217305416929618));
#3983=DIRECTION('',(-0.875034042417755,0.,0.484061385167257));
#3984=DIRECTION('',(-1.,0.,-3.18858665361348E-16));
#3985=DIRECTION('',(0.,0.,1.));
#3986=DIRECTION('',(0.0384331221011932,0.,0.999261174631315));
#3987=DIRECTION('',(0.894427190999911,0.,0.447213595499967));
#3988=DIRECTION('',(-0.894427190999911,0.,-0.447213595499967));
#3989=DIRECTION('center_axis',(0.,1.,0.));
#3990=DIRECTION('ref_axis',(-1.,0.,0.));
#3991=DIRECTION('center_axis',(0.,1.,0.));
#3992=DIRECTION('ref_axis',(-1.,0.,0.));
#3993=DIRECTION('center_axis',(0.,1.,0.));
#3994=DIRECTION('ref_axis',(-1.,0.,0.));
#3995=DIRECTION('center_axis',(0.,1.,0.));
#3996=DIRECTION('ref_axis',(-1.,0.,0.));
#3997=DIRECTION('center_axis',(0.,0.707106912895461,0.707106649477609));
#3998=DIRECTION('ref_axis',(0.,-0.707106649477609,0.707106912895461));
#3999=DIRECTION('',(1.,0.,0.));
#4000=DIRECTION('center_axis',(0.894427190999911,0.,0.447213595499967));
#4001=DIRECTION('ref_axis',(-0.316227766016848,0.707106781186546,0.632455532033672));
#4002=DIRECTION('center_axis',(0.89442719099991,0.,0.44721359549997));
#4003=DIRECTION('ref_axis',(0.,1.,0.));
#4004=DIRECTION('',(0.894427190999911,0.,0.447213595499967));
#4005=DIRECTION('center_axis',(-0.894427190999911,0.,-0.447213595499967));
#4006=DIRECTION('ref_axis',(0.316227766016846,0.707106781186543,-0.632455532033677));
#4007=DIRECTION('center_axis',(-0.141421356237321,0.,0.989949493661165));
#4008=DIRECTION('ref_axis',(0.989949493661165,0.,0.141421356237321));
#4009=DIRECTION('center_axis',(-0.973248989467727,0.,-0.229752920547374));
#4010=DIRECTION('ref_axis',(-0.229752920547374,0.,0.973248989467727));
#4011=DIRECTION('center_axis',(-1.,0.,0.));
#4012=DIRECTION('ref_axis',(0.,0.707106781186554,-0.707106781186541));
#4013=DIRECTION('center_axis',(1.,0.,-7.77697811052904E-15));
#4014=DIRECTION('ref_axis',(0.,0.707106781186554,-0.707106781186541));
#4015=DIRECTION('',(-1.,0.,0.));
#4016=DIRECTION('center_axis',(0.,0.,-1.));
#4017=DIRECTION('ref_axis',(-1.,0.,0.));
#4018=DIRECTION('',(0.,1.,0.));
#4019=DIRECTION('center_axis',(1.,0.,3.18858665361348E-16));
#4020=DIRECTION('ref_axis',(0.,0.707106781186541,0.707106781186554));
#4021=DIRECTION('',(1.,0.,3.18858665361348E-16));
#4022=DIRECTION('center_axis',(1.,0.,0.));
#4023=DIRECTION('ref_axis',(0.,0.707106781186541,0.707106781186554));
#4024=DIRECTION('center_axis',(0.968254626226423,0.,-0.249965955264171));
#4025=DIRECTION('ref_axis',(-0.249965955264171,0.,-0.968254626226423));
#4026=DIRECTION('center_axis',(0.875034042417755,0.,-0.484061385167257));
#4027=DIRECTION('ref_axis',(0.342283087962317,0.707106781186546,0.618742505162675));
#4028=DIRECTION('center_axis',(0.00217305416929618,0.,-0.999997638915001));
#4029=DIRECTION('ref_axis',(0.999997638915001,-3.37203694572112E-17,0.00217305416929619));
#4030=DIRECTION('center_axis',(-0.00217305416929618,0.,0.999997638915001));
#4031=DIRECTION('ref_axis',(0.999997638915001,0.,0.00217305416929618));
#4032=DIRECTION('',(0.,1.,0.));
#4033=DIRECTION('',(0.,-1.,0.));
#4034=DIRECTION('',(0.999997638915001,0.,0.00217305416929652));
#4035=DIRECTION('',(0.,-1.,0.));
#4036=DIRECTION('',(0.,-1.,0.));
#4037=DIRECTION('',(0.,-1.,0.));
#4038=DIRECTION('',(0.,-1.,0.));
#4039=DIRECTION('center_axis',(0.,1.,0.));
#4040=DIRECTION('ref_axis',(-1.,0.,0.));
#4041=DIRECTION('',(0.,-1.,0.));
#4042=DIRECTION('',(0.,-1.,0.));
#4043=DIRECTION('',(0.,-1.,0.));
#4044=DIRECTION('',(0.,-1.,0.));
#4045=DIRECTION('center_axis',(0.,1.,0.));
#4046=DIRECTION('ref_axis',(-1.,0.,0.));
#4047=DIRECTION('',(-0.989949493661165,0.,-0.141421356237321));
#4048=DIRECTION('',(0.,-1.,0.));
#4049=DIRECTION('',(0.,-1.,0.));
#4050=DIRECTION('',(0.,-1.,0.));
#4051=DIRECTION('',(0.,-1.,0.));
#4052=DIRECTION('',(0.,-1.,0.));
#4053=DIRECTION('',(0.,-1.,0.));
#4054=DIRECTION('',(0.,-1.,0.));
#4055=DIRECTION('center_axis',(-1.,0.,-4.28045537536839E-13));
#4056=DIRECTION('ref_axis',(4.28045537536839E-13,0.,-1.));
#4057=DIRECTION('',(0.,-1.,0.));
#4058=DIRECTION('',(0.,1.,0.));
#4059=DIRECTION('center_axis',(0.,1.,0.));
#4060=DIRECTION('ref_axis',(-1.,0.,0.));
#4061=DIRECTION('',(-1.,0.,-3.95630009101796E-16));
#4062=DIRECTION('',(0.,-1.,0.));
#4063=DIRECTION('',(0.,-1.,0.));
#4064=DIRECTION('',(0.,-1.,0.));
#4065=DIRECTION('',(0.,-1.,0.));
#4066=DIRECTION('',(0.,-1.,0.));
#4067=DIRECTION('',(0.,-1.,0.));
#4068=DIRECTION('center_axis',(0.,1.,0.));
#4069=DIRECTION('ref_axis',(-1.,0.,0.));
#4070=DIRECTION('center_axis',(0.999701357751722,0.,-0.0244375798589947));
#4071=DIRECTION('ref_axis',(0.0244375798589947,0.,0.999701357751721));
#4072=DIRECTION('',(0.,-1.,0.));
#4073=DIRECTION('',(0.,-1.,0.));
#4074=DIRECTION('',(0.,-1.,0.));
#4075=DIRECTION('center_axis',(0.,1.,0.));
#4076=DIRECTION('ref_axis',(-1.,0.,0.));
#4077=DIRECTION('center_axis',(-0.999247729547165,0.,0.038781116472268));
#4078=DIRECTION('ref_axis',(-0.038781116472268,0.,-0.999247729547165));
#4079=DIRECTION('',(0.,-1.,0.));
#4080=DIRECTION('',(0.,-1.,0.));
#4081=DIRECTION('',(0.,-1.,0.));
#4082=DIRECTION('',(0.,-1.,0.));
#4083=DIRECTION('',(0.,-1.,0.));
#4084=DIRECTION('',(0.,-1.,0.));
#4085=DIRECTION('center_axis',(-1.,0.,-4.84868426248245E-13));
#4086=DIRECTION('ref_axis',(4.84868426248245E-13,0.,-1.));
#4087=DIRECTION('',(0.,-1.,0.));
#4088=DIRECTION('',(0.,-1.,0.));
#4089=DIRECTION('',(0.,-1.,0.));
#4090=DIRECTION('center_axis',(0.,1.,0.));
#4091=DIRECTION('ref_axis',(-1.,0.,0.));
#4092=DIRECTION('',(0.,1.,0.));
#4093=DIRECTION('',(0.,1.,0.));
#4094=DIRECTION('',(0.,1.,0.));
#4095=DIRECTION('',(0.,1.,0.));
#4096=DIRECTION('',(0.,1.,0.));
#4097=DIRECTION('',(0.,1.,0.));
#4098=DIRECTION('',(0.,1.,0.));
#4099=DIRECTION('',(0.,1.,0.));
#4100=DIRECTION('',(0.,1.,0.));
#4101=DIRECTION('center_axis',(0.,1.,0.));
#4102=DIRECTION('ref_axis',(1.,0.,0.));
#4103=DIRECTION('center_axis',(0.,1.,0.));
#4104=DIRECTION('ref_axis',(1.,0.,0.));
#4105=DIRECTION('center_axis',(0.,1.,0.));
#4106=DIRECTION('ref_axis',(1.,0.,0.));
#4107=DIRECTION('center_axis',(0.,1.,0.));
#4108=DIRECTION('ref_axis',(1.,0.,0.));
#4109=DIRECTION('center_axis',(0.,1.,0.));
#4110=DIRECTION('ref_axis',(1.,0.,0.));
#4111=DIRECTION('center_axis',(0.,-1.,0.));
#4112=DIRECTION('ref_axis',(0.,0.,-1.));
#4113=DIRECTION('center_axis',(-1.,0.,0.));
#4114=DIRECTION('ref_axis',(0.,0.,1.));
#4115=DIRECTION('center_axis',(0.,-1.,0.));
#4116=DIRECTION('ref_axis',(-1.,0.,0.));
#4117=DIRECTION('center_axis',(0.,-1.,0.));
#4118=DIRECTION('ref_axis',(-1.,0.,0.));
#4119=DIRECTION('center_axis',(0.,-1.,0.));
#4120=DIRECTION('ref_axis',(-1.,0.,0.));
#4121=DIRECTION('',(0.,-1.,0.));
#4122=DIRECTION('center_axis',(0.,-1.,0.));
#4123=DIRECTION('ref_axis',(-1.,0.,0.));
#4124=DIRECTION('center_axis',(0.,-1.,0.));
#4125=DIRECTION('ref_axis',(0.,0.,-1.));
#4126=DIRECTION('center_axis',(-1.,0.,0.));
#4127=DIRECTION('ref_axis',(0.,0.,1.));
#4128=DIRECTION('center_axis',(0.,-1.,0.));
#4129=DIRECTION('ref_axis',(-1.,0.,0.));
#4130=DIRECTION('center_axis',(0.,-1.,0.));
#4131=DIRECTION('ref_axis',(-1.,0.,0.));
#4132=DIRECTION('center_axis',(0.,-1.,0.));
#4133=DIRECTION('ref_axis',(-1.,0.,0.));
#4134=DIRECTION('',(0.,-1.,0.));
#4135=DIRECTION('center_axis',(0.,-1.,0.));
#4136=DIRECTION('ref_axis',(-1.,0.,0.));
#4137=DIRECTION('center_axis',(0.,-1.,0.));
#4138=DIRECTION('ref_axis',(0.,0.,-1.));
#4139=DIRECTION('center_axis',(-1.,0.,0.));
#4140=DIRECTION('ref_axis',(0.,0.,1.));
#4141=DIRECTION('center_axis',(0.,-1.,0.));
#4142=DIRECTION('ref_axis',(-1.,0.,0.));
#4143=DIRECTION('center_axis',(0.,-1.,0.));
#4144=DIRECTION('ref_axis',(-1.,0.,0.));
#4145=DIRECTION('center_axis',(0.,-1.,0.));
#4146=DIRECTION('ref_axis',(-1.,0.,0.));
#4147=DIRECTION('',(0.,-1.,0.));
#4148=DIRECTION('center_axis',(0.,-1.,0.));
#4149=DIRECTION('ref_axis',(-1.,0.,0.));
#4150=DIRECTION('center_axis',(0.,-1.,0.));
#4151=DIRECTION('ref_axis',(0.,0.,-1.));
#4152=DIRECTION('center_axis',(-1.,0.,0.));
#4153=DIRECTION('ref_axis',(0.,0.,1.));
#4154=DIRECTION('center_axis',(0.,-1.,0.));
#4155=DIRECTION('ref_axis',(-1.,0.,0.));
#4156=DIRECTION('center_axis',(0.,-1.,0.));
#4157=DIRECTION('ref_axis',(-1.,0.,0.));
#4158=DIRECTION('center_axis',(0.,-1.,0.));
#4159=DIRECTION('ref_axis',(-1.,0.,0.));
#4160=DIRECTION('',(0.,-1.,0.));
#4161=DIRECTION('center_axis',(0.,-1.,0.));
#4162=DIRECTION('ref_axis',(-1.,0.,0.));
#4163=DIRECTION('center_axis',(-0.447213595499967,0.,0.894427190999911));
#4164=DIRECTION('ref_axis',(0.894427190999911,0.,0.447213595499967));
#4165=DIRECTION('',(0.,1.,0.));
#4166=DIRECTION('center_axis',(-0.447213595499967,0.,0.894427190999911));
#4167=DIRECTION('ref_axis',(0.894427190999911,0.,0.447213595499967));
#4168=DIRECTION('',(0.,1.,0.));
#4169=DIRECTION('center_axis',(0.,-0.70710677591819,-0.707106786454905));
#4170=DIRECTION('ref_axis',(0.,0.707106786454905,-0.70710677591819));
#4171=DIRECTION('center_axis',(0.,1.,0.));
#4172=DIRECTION('ref_axis',(1.,0.,0.));
#4173=DIRECTION('',(0.,1.,0.));
#4174=DIRECTION('center_axis',(0.,1.,0.));
#4175=DIRECTION('ref_axis',(1.,0.,0.));
#4176=DIRECTION('center_axis',(0.,-1.,0.));
#4177=DIRECTION('ref_axis',(1.,0.,0.));
#4178=DIRECTION('center_axis',(0.,1.,0.));
#4179=DIRECTION('ref_axis',(1.,0.,0.));
#4180=DIRECTION('',(0.,1.,0.));
#4181=DIRECTION('center_axis',(0.,1.,0.));
#4182=DIRECTION('ref_axis',(1.,0.,0.));
#4183=DIRECTION('center_axis',(0.,-1.,0.));
#4184=DIRECTION('ref_axis',(1.,0.,0.));
#4185=DIRECTION('center_axis',(0.,1.,0.));
#4186=DIRECTION('ref_axis',(1.,0.,0.));
#4187=DIRECTION('',(0.,1.,0.));
#4188=DIRECTION('center_axis',(0.,1.,0.));
#4189=DIRECTION('ref_axis',(1.,0.,0.));
#4190=DIRECTION('center_axis',(0.,-1.,0.));
#4191=DIRECTION('ref_axis',(1.,0.,0.));
#4192=DIRECTION('center_axis',(0.,1.,0.));
#4193=DIRECTION('ref_axis',(1.,0.,0.));
#4194=DIRECTION('',(0.,1.,0.));
#4195=DIRECTION('center_axis',(0.,1.,0.));
#4196=DIRECTION('ref_axis',(1.,0.,0.));
#4197=DIRECTION('center_axis',(0.,-1.,0.));
#4198=DIRECTION('ref_axis',(1.,0.,0.));
#4199=DIRECTION('center_axis',(0.,-4.79200013003833E-13,1.));
#4200=DIRECTION('ref_axis',(0.,-1.,-4.79200013003833E-13));
#4201=DIRECTION('center_axis',(0.,0.707106912895461,-0.707106649477609));
#4202=DIRECTION('ref_axis',(0.,0.707106649477609,0.707106912895461));
#4203=DIRECTION('',(0.,1.,0.));
#4204=DIRECTION('center_axis',(-1.05708714321828E-15,0.,1.));
#4205=DIRECTION('ref_axis',(1.,0.,1.05708714321828E-15));
#4206=DIRECTION('',(0.,-1.,0.));
#4207=DIRECTION('',(0.,1.,0.));
#4208=DIRECTION('center_axis',(-0.0109868238713944,0.,0.999939643029128));
#4209=DIRECTION('ref_axis',(0.999939643029128,0.,0.0109868238713944));
#4210=DIRECTION('',(0.,1.,0.));
#4211=DIRECTION('center_axis',(-1.,0.,0.));
#4212=DIRECTION('ref_axis',(0.,0.,1.));
#4213=DIRECTION('',(0.,1.,0.));
#4214=DIRECTION('center_axis',(3.95630009101796E-16,0.,-1.));
#4215=DIRECTION('ref_axis',(-1.,0.,-3.95630009101796E-16));
#4216=DIRECTION('center_axis',(1.,0.,9.21685366842819E-16));
#4217=DIRECTION('ref_axis',(9.21685366842819E-16,0.,-1.));
#4218=DIRECTION('center_axis',(-0.999261174631315,0.,0.0384331221011932));
#4219=DIRECTION('ref_axis',(0.0384331221011932,0.,0.999261174631315));
#4220=DIRECTION('',(0.,1.,0.));
#4221=DIRECTION('',(0.,1.,0.));
#4222=DIRECTION('',(0.,1.,0.));
#4223=DIRECTION('center_axis',(-1.,0.,7.77697811052904E-15));
#4224=DIRECTION('ref_axis',(7.77697811052904E-15,0.,1.));
#4225=DIRECTION('center_axis',(0.141421356237321,0.,-0.989949493661165));
#4226=DIRECTION('ref_axis',(-0.989949493661165,0.,-0.141421356237321));
#4227=DIRECTION('',(0.,1.,0.));
#4228=DIRECTION('center_axis',(0.926466577122314,0.,-0.376377046955928));
#4229=DIRECTION('ref_axis',(-0.376377046955928,0.,-0.926466577122313));
#4230=DIRECTION('',(0.,1.,0.));
#4231=DIRECTION('center_axis',(1.,0.,0.));
#4232=DIRECTION('ref_axis',(0.,0.,-1.));
#4233=DIRECTION('',(0.,1.,0.));
#4234=DIRECTION('center_axis',(0.914917801572927,0.,0.403640206576305));
#4235=DIRECTION('ref_axis',(0.403640206576305,0.,-0.914917801572927));
#4236=DIRECTION('center_axis',(-3.18858665361348E-16,0.,1.));
#4237=DIRECTION('ref_axis',(1.,0.,3.18858665361348E-16));
#4238=DIRECTION('',(0.,1.,0.));
#4239=DIRECTION('center_axis',(-1.,0.,0.));
#4240=DIRECTION('ref_axis',(0.,0.,1.));
#4241=DIRECTION('center_axis',(-0.56468391559198,0.,-0.825307261249839));
#4242=DIRECTION('ref_axis',(-0.825307261249839,0.,0.56468391559198));
#4243=DIRECTION('',(0.,1.,0.));
#4244=DIRECTION('',(0.,1.,0.));
#4245=DIRECTION('',(0.,1.,0.));
#4246=DIRECTION('',(0.,1.,0.));
#4247=DIRECTION('',(0.,1.,0.));
#4248=CARTESIAN_POINT('',(0.,0.,0.));
#4249=CARTESIAN_POINT('Origin',(33.2543919516363,5.10866115375915,38.180090730274));
#4250=CARTESIAN_POINT('',(34.6287916593884,11.4346446150366,39.6330275641834));
#4251=CARTESIAN_POINT('',(31.8014551177268,11.4346446150366,39.5544904380261));
#4252=CARTESIAN_POINT('Origin',(33.2543919516363,11.4346446150366,38.180090730274));
#4253=CARTESIAN_POINT('',(31.8014551177268,3.,39.5544904380261));
#4254=CARTESIAN_POINT('',(31.8014551177268,5.10866115375915,39.5544904380261));
#4255=CARTESIAN_POINT('',(34.6287916593884,3.,39.6330275641834));
#4256=CARTESIAN_POINT('Origin',(33.2543919516363,3.,38.180090730274));
#4257=CARTESIAN_POINT('',(34.6287916593884,5.10866115375915,39.6330275641834));
#4258=CARTESIAN_POINT('Origin',(31.4578551907888,7.21732230751829,39.1912562295488));
#4259=CARTESIAN_POINT('',(31.1142552638508,11.4346446150366,38.8280220210714));
#4260=CARTESIAN_POINT('',(33.175854825479,11.4346446150366,41.0074272719356));
#4261=CARTESIAN_POINT('',(31.1142552638508,3.,38.8280220210714));
#4262=CARTESIAN_POINT('',(31.1142552638508,9.32598346127743,38.8280220210714));
#4263=CARTESIAN_POINT('',(15.6329774991777,3.,22.4620998127024));
#4264=CARTESIAN_POINT('Origin',(36.0817284932979,11.4346446150366,38.2586278564313));
#4265=CARTESIAN_POINT('',(36.0817284932979,11.4346446150366,38.2586278564313));
#4266=CARTESIAN_POINT('',(36.0817284932979,11.4346446150366,38.2586278564313));
#4267=CARTESIAN_POINT('',(32.6457292239175,11.4346446150366,34.6262857716577));
#4268=CARTESIAN_POINT('',(29.6578440058018,11.4346446150366,31.4676642553638));
#4269=CARTESIAN_POINT('',(31.1927923900081,11.4346446150366,36.0006854794098));
#4270=CARTESIAN_POINT('',(32.6457292239175,11.4346446150366,34.6262857716577));
#4271=CARTESIAN_POINT('Origin',(32.5671920977602,11.4346446150366,37.4536223133193));
#4272=CARTESIAN_POINT('Origin',(32.5671920977602,9.32598346127743,37.4536223133193));
#4273=CARTESIAN_POINT('',(31.1927923900081,3.,36.0006854794098));
#4274=CARTESIAN_POINT('',(31.1927923900081,9.32598346127743,36.0006854794098));
#4275=CARTESIAN_POINT('Origin',(32.5671920977602,3.,37.4536223133193));
#4276=CARTESIAN_POINT('Origin',(32.6457292239175,11.4346446150366,34.6262857716577));
#4277=CARTESIAN_POINT('',(32.6457292239175,3.,34.6262857716577));
#4278=CARTESIAN_POINT('',(32.6457292239175,5.71732230751829,34.6262857716577));
#4279=CARTESIAN_POINT('',(33.2448353388917,3.,34.0595637710064));
#4280=CARTESIAN_POINT('Origin',(36.0817284932979,3.,38.2586278564313));
#4281=CARTESIAN_POINT('',(36.0817284932979,3.,38.2586278564313));
#4282=CARTESIAN_POINT('',(36.6808346082721,3.,37.6919058557801));
#4283=CARTESIAN_POINT('',(36.0817284932979,1.5,38.2586278564313));
#4284=CARTESIAN_POINT('Origin',(23.2339595183057,0.,24.6767006542964));
#4285=CARTESIAN_POINT('',(40.7339595183052,3.,43.1767006542963));
#4286=CARTESIAN_POINT('',(12.9739664968455,3.,13.830422317324));
#4287=CARTESIAN_POINT('',(40.7339595183052,13.,43.1767006542963));
#4288=CARTESIAN_POINT('',(40.7339595183052,0.,43.1767006542963));
#4289=CARTESIAN_POINT('',(23.0339595183056,13.,24.4652720828677));
#4290=CARTESIAN_POINT('',(23.2215713607853,13.,24.6636046020605));
#4291=CARTESIAN_POINT('',(23.0339595183056,11.4655077061416,24.4652720828674));
#4292=CARTESIAN_POINT('',(23.0339595183056,0.,24.4652720828677));
#4293=CARTESIAN_POINT('',(23.0339595183056,3.,24.4652720828677));
#4294=CARTESIAN_POINT('',(23.0339595183056,0.,24.4652720828677));
#4295=CARTESIAN_POINT('',(12.9739664968455,3.,13.830422317324));
#4296=CARTESIAN_POINT('Origin',(27.1854549670657,5.13018348526573,-30.7973019120948));
#4297=CARTESIAN_POINT('',(25.7712414046926,11.5207339410629,-29.3830883497217));
#4298=CARTESIAN_POINT('',(25.7712414046926,11.5207339410629,-32.2115154744679));
#4299=CARTESIAN_POINT('Origin',(27.1854549670657,11.5207339410629,-30.7973019120948));
#4300=CARTESIAN_POINT('',(25.7712414046926,3.,-32.2115154744679));
#4301=CARTESIAN_POINT('',(25.7712414046926,5.13018348526573,-32.2115154744679));
#4302=CARTESIAN_POINT('',(25.7712414046926,3.,-29.3830883497217));
#4303=CARTESIAN_POINT('Origin',(27.1854549670657,3.,-30.7973019120948));
#4304=CARTESIAN_POINT('',(25.7712414046926,5.13018348526573,-29.3830883497217));
#4305=CARTESIAN_POINT('Origin',(27.1854549670657,3.,-27.9688747873486));
#4306=CARTESIAN_POINT('',(27.1854549670657,3.,-27.9688747873486));
#4307=CARTESIAN_POINT('',(28.8220313432323,3.,-26.332298411182));
#4308=CARTESIAN_POINT('',(27.1854549670657,11.5207339410629,-27.9688747873486));
#4309=CARTESIAN_POINT('',(27.1854549670657,1.5,-27.9688747873486));
#4310=CARTESIAN_POINT('',(27.1854549670657,11.5207339410629,-27.9688747873486));
#4311=CARTESIAN_POINT('Origin',(28.5996685926591,9.39055045579718,-32.2115155376881));
#4312=CARTESIAN_POINT('',(27.185455030286,11.5207339410629,-33.6257291000612));
#4313=CARTESIAN_POINT('',(30.0138821550322,11.5207339410629,-33.6257291000612));
#4314=CARTESIAN_POINT('Origin',(28.5996685926591,11.5207339410629,-32.2115155376881));
#4315=CARTESIAN_POINT('',(30.0138821550322,3.,-33.6257291000612));
#4316=CARTESIAN_POINT('',(30.0138821550322,9.39055045579718,-33.6257291000612));
#4317=CARTESIAN_POINT('',(27.185455030286,3.,-33.6257291000612));
#4318=CARTESIAN_POINT('Origin',(28.5996685926591,3.,-32.2115155376881));
#4319=CARTESIAN_POINT('',(27.185455030286,9.39055045579718,-33.6257291000612));
#4320=CARTESIAN_POINT('Origin',(26.4783482174893,7.26036697053145,-32.9186222872645));
#4321=CARTESIAN_POINT('',(25.0641346340428,11.5207339410629,-31.504408703818));
#4322=CARTESIAN_POINT('',(12.1444770228719,3.,-18.5847510926474));
#4323=CARTESIAN_POINT('Origin',(31.4280957174053,11.5207339410629,-32.2115155376881));
#4324=CARTESIAN_POINT('',(31.4280957174053,11.5207339410629,-32.2115155376881));
#4325=CARTESIAN_POINT('',(31.4280957174053,11.5207339410629,-32.2115155376881));
#4326=CARTESIAN_POINT('',(31.4280957174053,3.00000004470348,-32.2115155376881));
#4327=CARTESIAN_POINT('',(31.4280957174053,5.76036697053145,-32.2115155376881));
#4328=CARTESIAN_POINT('',(33.0646720935719,3.,-30.5749391615215));
#4329=CARTESIAN_POINT('Origin',(27.1854549670657,11.5207339410629,-27.9688747873486));
#4330=CARTESIAN_POINT('',(33.959707242686,11.5207339410629,-34.7431270629687));
#4331=CARTESIAN_POINT('Origin',(40.7339595183063,0.,-41.5173793385889));
#4332=CARTESIAN_POINT('',(18.3457055134432,3.,-19.1291253337262));
#4333=CARTESIAN_POINT('',(20.6864962356535,3.,-21.4699160559365));
#4334=CARTESIAN_POINT('',(18.3457055134432,13.,-19.1291253337262));
#4335=CARTESIAN_POINT('',(18.3457055134432,0.,-19.1291253337262));
#4336=CARTESIAN_POINT('',(40.7339595183063,13.,-41.5173793385889));
#4337=CARTESIAN_POINT('',(40.7339595183063,13.,-41.5173793385889));
#4338=CARTESIAN_POINT('',(40.7339595183063,3.,-41.5173793385889));
#4339=CARTESIAN_POINT('',(40.7339595183063,0.,-41.5173793385889));
#4340=CARTESIAN_POINT('',(20.6864962356535,3.,-21.4699160559365));
#4341=CARTESIAN_POINT('Origin',(5.5524330109249,5.128471447491,-43.6751064270995));
#4342=CARTESIAN_POINT('',(7.30250109576041,11.513885789964,-44.643229197434));
#4343=CARTESIAN_POINT('',(6.52055578125942,11.513885789964,-41.9250383422639));
#4344=CARTESIAN_POINT('Origin',(5.5524330109249,11.513885789964,-43.6751064270995));
#4345=CARTESIAN_POINT('',(6.52055578125941,3.,-41.9250383422639));
#4346=CARTESIAN_POINT('',(6.52055578125941,5.128471447491,-41.9250383422639));
#4347=CARTESIAN_POINT('',(7.30250109576041,3.,-44.643229197434));
#4348=CARTESIAN_POINT('Origin',(5.5524330109249,3.,-43.6751064270995));
#4349=CARTESIAN_POINT('',(7.30250109576041,5.128471447491,-44.643229197434));
#4350=CARTESIAN_POINT('Origin',(6.81843971059315,3.,-45.5182632398517));
#4351=CARTESIAN_POINT('',(6.81843971059315,3.,-45.5182632398517));
#4352=CARTESIAN_POINT('',(16.5099900305136,3.,-27.9989222769182));
#4353=CARTESIAN_POINT('',(6.81843971059315,11.513885789964,-45.5182632398517));
#4354=CARTESIAN_POINT('',(6.81843971059316,1.5,-45.5182632398517));
#4355=CARTESIAN_POINT('',(6.81843971059315,11.513885789964,-45.5182632398517));
#4356=CARTESIAN_POINT('Origin',(4.67739890331203,9.38541434247301,-43.1910450058668));
#4357=CARTESIAN_POINT('',(5.64552167364654,11.513885789964,-41.4409769210313));
#4358=CARTESIAN_POINT('',(2.92733081847652,11.513885789964,-42.2229222355323));
#4359=CARTESIAN_POINT('Origin',(4.67739890331203,11.513885789964,-43.1910450058668));
#4360=CARTESIAN_POINT('',(2.92733081847652,3.,-42.2229222355323));
#4361=CARTESIAN_POINT('',(2.92733081847652,9.38541434247301,-42.2229222355323));
#4362=CARTESIAN_POINT('',(5.64552167364654,3.,-41.4409769210313));
#4363=CARTESIAN_POINT('Origin',(4.67739890331203,3.,-43.1910450058668));
#4364=CARTESIAN_POINT('',(5.64552167364654,9.38541434247301,-41.4409769210313));
#4365=CARTESIAN_POINT('Origin',(6.08303872745298,7.25694289498201,-41.6830076316476));
#4366=CARTESIAN_POINT('',(7.39558981063814,11.513885789964,-42.4090997202181));
#4367=CARTESIAN_POINT('',(-3.96784602577616,3.,-36.1229437256061));
#4368=CARTESIAN_POINT('Origin',(2.44326943330926,11.513885789964,-43.0979562779501));
#4369=CARTESIAN_POINT('',(2.44326943330926,11.513885789964,-43.0979562779501));
#4370=CARTESIAN_POINT('',(2.44326943330926,11.513885789964,-43.0979562779501));
#4371=CARTESIAN_POINT('',(2.44326943330926,3.00000004470348,-43.0979562779501));
#4372=CARTESIAN_POINT('',(2.44326943330927,5.75694289498201,-43.09795627795));
#4373=CARTESIAN_POINT('',(12.1348197532297,3.,-25.5786153150165));
#4374=CARTESIAN_POINT('Origin',(6.81843971059315,11.513885789964,-45.5182632398517));
#4375=CARTESIAN_POINT('',(-1.9012628663579,11.513885789964,-40.6945979845172));
#4376=CARTESIAN_POINT('Origin',(-10.620965443309,0.,-35.8709327291827));
#4377=CARTESIAN_POINT('',(12.8790345566907,3.,-48.8709327291822));
#4378=CARTESIAN_POINT('',(-13.045940188908,3.,-34.5294573380003));
#4379=CARTESIAN_POINT('',(12.8790345566907,12.5,-48.8709327291822));
#4380=CARTESIAN_POINT('',(12.8790345566907,0.,-48.8709327291822));
#4381=CARTESIAN_POINT('',(-10.620965443309,12.5,-35.8709327291827));
#4382=CARTESIAN_POINT('',(-13.045940188908,12.5,-34.5294573380003));
#4383=CARTESIAN_POINT('',(-10.620965443309,3.,-35.8709327291827));
#4384=CARTESIAN_POINT('',(-10.620965443309,0.,-35.8709327291827));
#4385=CARTESIAN_POINT('',(-13.045940188908,3.,-34.5294573380003));
#4386=CARTESIAN_POINT('Origin',(8.84896414412436,9.34624039421815,47.1480440921646));
#4387=CARTESIAN_POINT('',(9.7433913351243,11.4616538589575,45.3591897101648));
#4388=CARTESIAN_POINT('',(10.6378185261242,11.4616538589575,48.0424712831645));
#4389=CARTESIAN_POINT('Origin',(8.84896414412436,11.4616538589575,47.1480440921646));
#4390=CARTESIAN_POINT('',(10.6378185261242,3.,48.0424712831645));
#4391=CARTESIAN_POINT('',(10.6378185261242,9.34624039421815,48.0424712831645));
#4392=CARTESIAN_POINT('',(9.7433913351243,3.,45.3591897101648));
#4393=CARTESIAN_POINT('Origin',(8.84896414412436,3.,47.1480440921646));
#4394=CARTESIAN_POINT('',(9.7433913351243,9.34624039421815,45.3591897101648));
#4395=CARTESIAN_POINT('Origin',(6.01496059432511,11.4616538589575,46.8490763060148));
#4396=CARTESIAN_POINT('',(9.14545576282485,11.4616538589575,45.060221924015));
#4397=CARTESIAN_POINT('',(11.5322457171241,11.4616538589575,46.2536169011647));
#4398=CARTESIAN_POINT('',(6.46217418982508,11.4616538589575,45.9546491150149));
#4399=CARTESIAN_POINT('Origin',(8.25102857182491,11.4616538589575,46.8490763060148));
#4400=CARTESIAN_POINT('',(6.01496059432511,11.4616538589575,46.8490763060148));
#4401=CARTESIAN_POINT('',(6.01496059432511,11.4616538589575,46.8490763060148));
#4402=CARTESIAN_POINT('',(10.1906049306242,11.4616538589575,48.9368984741644));
#4403=CARTESIAN_POINT('',(9.19495155912806,11.4616538589575,48.4390717884163));
#4404=CARTESIAN_POINT('',(10.1906049306242,11.4616538589575,48.9368984741644));
#4405=CARTESIAN_POINT('Origin',(9.44442354897457,7.23082692947877,45.2097058170899));
#4406=CARTESIAN_POINT('',(9.14545576282484,3.,45.060221924015));
#4407=CARTESIAN_POINT('',(-1.44027275609002,3.,39.7673576645575));
#4408=CARTESIAN_POINT('',(9.14545576282484,5.11541346473938,45.060221924015));
#4409=CARTESIAN_POINT('Origin',(8.25102857182491,5.11541346473938,46.8490763060148));
#4410=CARTESIAN_POINT('',(6.46217418982509,3.,45.9546491150149));
#4411=CARTESIAN_POINT('Origin',(8.25102857182491,3.,46.8490763060148));
#4412=CARTESIAN_POINT('',(6.46217418982508,5.11541346473938,45.9546491150149));
#4413=CARTESIAN_POINT('Origin',(10.1906049306242,11.4616538589575,48.9368984741644));
#4414=CARTESIAN_POINT('',(10.1906049306242,3.00000004470348,48.9368984741644));
#4415=CARTESIAN_POINT('',(10.1906049306242,5.73082692947877,48.9368984741644));
#4416=CARTESIAN_POINT('',(18.9800027071184,3.,31.3581029211766));
#4417=CARTESIAN_POINT('Origin',(6.01496059432511,3.,46.8490763060148));
#4418=CARTESIAN_POINT('',(6.01496059432511,3.,46.8490763060148));
#4419=CARTESIAN_POINT('',(14.8043583708192,3.,29.270280753027));
#4420=CARTESIAN_POINT('',(6.01496059432512,1.5,46.8490763060148));
#4421=CARTESIAN_POINT('Origin',(12.374942523931,0.,50.0290672708178));
#4422=CARTESIAN_POINT('',(-6.54155749263297,3.,40.5708172625356));
#4423=CARTESIAN_POINT('',(-0.64583366186175,3.,43.5186791779213));
#4424=CARTESIAN_POINT('',(-6.54155749263297,12.5,40.5708172625356));
#4425=CARTESIAN_POINT('',(-6.54155749263297,0.,40.5708172625356));
#4426=CARTESIAN_POINT('',(12.374942523931,12.5,50.0290672708178));
#4427=CARTESIAN_POINT('',(-0.645833661861751,12.5,43.5186791779213));
#4428=CARTESIAN_POINT('',(12.374942523931,3.,50.0290672708178));
#4429=CARTESIAN_POINT('',(12.374942523931,0.,50.0290672708178));
#4430=CARTESIAN_POINT('',(-0.64583366186175,3.,43.5186791779213));
#4431=CARTESIAN_POINT('Origin',(5.50037482613346,2.,1.50838880747113));
#4432=CARTESIAN_POINT('',(16.7765703555089,2.,-6.2513950913631));
#4433=CARTESIAN_POINT('',(13.6716372182338,2.,-9.00000013411045));
#4434=CARTESIAN_POINT('Origin',(16.6612709892053,2.,-9.24917861525704));
#4435=CARTESIAN_POINT('',(-14.9992507351633,2.,-9.00000013411046));
#4436=CARTESIAN_POINT('',(18.6753340764098,2.,-9.00000013411045));
#4437=CARTESIAN_POINT('',(-14.9992507351633,2.,11.7970947603938));
#4438=CARTESIAN_POINT('',(-14.9992507351633,2.,-9.00000013411046));
#4439=CARTESIAN_POINT('',(4.99467397233238,2.,12.0167777490527));
#4440=CARTESIAN_POINT('',(-14.9992507351633,2.,11.7970947603938));
#4441=CARTESIAN_POINT('',(26.0000003874302,2.,12.0167777490527));
#4442=CARTESIAN_POINT('',(26.0000003874302,2.,12.0167777490527));
#4443=CARTESIAN_POINT('',(26.0000003874302,2.,-2.43791229462015));
#4444=CARTESIAN_POINT('',(26.0000003874302,2.,12.0167777490527));
#4445=CARTESIAN_POINT('',(25.9804968173332,1.99999999967017,-2.44766407966865));
#4446=CARTESIAN_POINT('',(32.5339595183058,2.,0.829067270817738));
#4447=CARTESIAN_POINT('',(25.7606377371727,2.,-2.8371021169364));
#4448=CARTESIAN_POINT('Ctrl Pts',(25.9804968173332,1.99999999967017,-2.44766407966865));
#4449=CARTESIAN_POINT('Ctrl Pts',(25.8996474429958,1.99999999967017,-2.48808876683736));
#4450=CARTESIAN_POINT('Ctrl Pts',(25.8333304773449,1.99999999967017,-2.55687760645873));
#4451=CARTESIAN_POINT('Ctrl Pts',(25.7956608729129,1.99999999967017,-2.63894675460959));
#4452=CARTESIAN_POINT('Ctrl Pts',(25.7674086707823,1.99999999967017,-2.70049861312251));
#4453=CARTESIAN_POINT('Ctrl Pts',(25.7552706079759,1.99999999967017,-2.76952064455212));
#4454=CARTESIAN_POINT('Ctrl Pts',(25.7606377371726,1.99999999967017,-2.8371021169364));
#4455=CARTESIAN_POINT('',(18.778088828833,2.,-6.32837657110631));
#4456=CARTESIAN_POINT('',(25.7559273320896,2.,-2.83945731947792));
#4457=CARTESIAN_POINT('',(11.9985536990931,2.,-6.06762521996255));
#4458=CARTESIAN_POINT('Origin',(16.6612709892053,4.86866731630354,-9.24917861525704));
#4459=CARTESIAN_POINT('',(16.7765703555089,3.,-6.2513950913631));
#4460=CARTESIAN_POINT('',(16.7765703555089,4.86866731630354,-6.2513950913631));
#4461=CARTESIAN_POINT('',(13.6716372182338,3.,-9.00000013411045));
#4462=CARTESIAN_POINT('Origin',(16.6612709892053,3.,-9.24917861525704));
#4463=CARTESIAN_POINT('',(13.6716372182338,4.86866731630354,-9.00000013411045));
#4464=CARTESIAN_POINT('Origin',(16.3996058591789,9.10600194891062,-16.1304864570851));
#4465=CARTESIAN_POINT('',(13.401822335285,11.4746692652142,-16.0151870907816));
#4466=CARTESIAN_POINT('',(16.2843064928753,11.4746692652142,-19.128269980979));
#4467=CARTESIAN_POINT('Origin',(16.3996058591789,11.4746692652141,-16.1304864570852));
#4468=CARTESIAN_POINT('',(16.2843064928753,3.,-19.128269980979));
#4469=CARTESIAN_POINT('',(16.2843064928753,9.1060019489106,-19.1282699809791));
#4470=CARTESIAN_POINT('',(13.401822335285,3.,-16.0151870907815));
#4471=CARTESIAN_POINT('Origin',(16.3996058591789,2.99999999999985,-16.1304864570851));
#4472=CARTESIAN_POINT('',(13.401822335285,9.10600194891062,-16.0151870907816));
#4473=CARTESIAN_POINT('Origin',(13.5341529623289,6.73733463260708,-12.5745907876379));
#4474=CARTESIAN_POINT('',(13.6664835893729,3.,-9.13399448449429));
#4475=CARTESIAN_POINT('',(13.8040463099484,3.,-5.55736374952959));
#4476=CARTESIAN_POINT('',(13.6664835893729,11.4746692652142,-9.13399448449429));
#4477=CARTESIAN_POINT('',(13.6664835893729,4.36866731630354,-9.13399448449429));
#4478=CARTESIAN_POINT('',(13.2865229689814,11.4746692652142,-19.0129706146755));
#4479=CARTESIAN_POINT('Origin',(16.6642671132668,4.36866731630354,-9.24929385079787));
#4480=CARTESIAN_POINT('',(16.7795664795704,11.4746692652142,-6.25151032690393));
#4481=CARTESIAN_POINT('Origin',(16.6642671132668,11.4746692652142,-9.24929385079787));
#4482=CARTESIAN_POINT('Origin',(16.6642671132668,3.,-9.24929385079787));
#4483=CARTESIAN_POINT('',(16.7795664795704,3.,-6.25151032690393));
#4484=CARTESIAN_POINT('',(11.1990589161377,3.,-6.03687542061811));
#4485=CARTESIAN_POINT('',(16.7795664795704,4.36866731630354,-6.25151032690393));
#4486=CARTESIAN_POINT('Origin',(18.778088828833,2.,-6.32837657110631));
#4487=CARTESIAN_POINT('',(18.778088828833,11.4746692652142,-6.32837657110631));
#4488=CARTESIAN_POINT('',(18.778088828833,3.,-6.32837657110631));
#4489=CARTESIAN_POINT('',(18.778088828833,11.4746692652142,-6.32837657110631));
#4490=CARTESIAN_POINT('Origin',(21.0339595183056,9.34913077960622,19.3290672708174));
#4491=CARTESIAN_POINT('',(18.0339595183056,11.4655077061416,19.3290672708174));
#4492=CARTESIAN_POINT('',(21.0339595183056,11.4655077061416,16.3290672708174));
#4493=CARTESIAN_POINT('Origin',(21.0339595183056,11.4655077061416,19.3290672708174));
#4494=CARTESIAN_POINT('',(21.0339595183056,3.,16.3290672708174));
#4495=CARTESIAN_POINT('',(21.0339595183056,9.34913077960622,16.3290672708174));
#4496=CARTESIAN_POINT('',(18.0339595183056,3.,19.3290672708174));
#4497=CARTESIAN_POINT('Origin',(21.0339595183056,3.,19.3290672708174));
#4498=CARTESIAN_POINT('',(18.0339595183056,9.34913077960622,19.3290672708174));
#4499=CARTESIAN_POINT('Origin',(23.0339595183056,11.4655077061416,24.4652720828674));
#4500=CARTESIAN_POINT('',(18.0339595183056,11.4655077061416,21.4652720828674));
#4501=CARTESIAN_POINT('',(18.0339595183056,11.4655077061416,16.3290672708174));
#4502=CARTESIAN_POINT('',(21.0339595183056,11.4655077061416,24.4652720828674));
#4503=CARTESIAN_POINT('Origin',(21.0339595183056,11.4655077061416,21.4652720828674));
#4504=CARTESIAN_POINT('',(23.0339595183056,11.4655077061416,24.4652720828674));
#4505=CARTESIAN_POINT('',(23.0339595183056,11.4655077061416,16.3290672708174));
#4506=CARTESIAN_POINT('',(23.0339595183056,11.4655077061416,20.3971696768425));
#4507=CARTESIAN_POINT('',(23.0339595183056,11.4655077061416,16.3290672708174));
#4508=CARTESIAN_POINT('Origin',(18.0339595183056,7.23275385307081,20.3971696768424));
#4509=CARTESIAN_POINT('',(18.0339595183056,3.,21.4652720828674));
#4510=CARTESIAN_POINT('',(18.0339595183056,3.,11.1239348279458));
#4511=CARTESIAN_POINT('',(18.0339595183056,5.11637692653541,21.4652720828674));
#4512=CARTESIAN_POINT('Origin',(21.0339595183056,5.11637692653541,21.4652720828674));
#4513=CARTESIAN_POINT('',(21.0339595183056,3.,24.4652720828674));
#4514=CARTESIAN_POINT('Origin',(21.0339595183056,3.,21.4652720828674));
#4515=CARTESIAN_POINT('',(21.0339595183056,5.11637692653541,24.4652720828674));
#4516=CARTESIAN_POINT('Origin',(3.91218570533376,3.,1.85069997904916));
#4517=CARTESIAN_POINT('',(13.4730726118197,3.,24.4652720828674));
#4518=CARTESIAN_POINT('',(23.0339595183057,3.,16.3290672708176));
#4519=CARTESIAN_POINT('',(13.4730726118197,3.,16.3290672708174));
#4520=CARTESIAN_POINT('',(32.5339595183057,3.,9.82906727081776));
#4521=CARTESIAN_POINT('',(24.645465532064,3.,15.226457892983));
#4522=CARTESIAN_POINT('',(32.5339595183058,3.,0.829067270817738));
#4523=CARTESIAN_POINT('',(32.5339595183058,3.,1.3398836249336));
#4524=CARTESIAN_POINT('',(26.0000003874302,3.,-2.43791229462015));
#4525=CARTESIAN_POINT('',(17.9092066368943,3.,-6.4833091698882));
#4526=CARTESIAN_POINT('',(26.0000003874302,3.,12.0167777490527));
#4527=CARTESIAN_POINT('',(26.0000003874302,3.,6.93373886405095));
#4528=CARTESIAN_POINT('',(4.99467397233238,3.,12.0167777490527));
#4529=CARTESIAN_POINT('',(4.45342983883307,3.,12.0167777490527));
#4530=CARTESIAN_POINT('',(-14.9992507351633,3.,11.7970947603938));
#4531=CARTESIAN_POINT('',(-5.59931026341192,3.,11.9003764845305));
#4532=CARTESIAN_POINT('',(-14.9992507351633,3.,-9.00000013411046));
#4533=CARTESIAN_POINT('',(-14.9992507351633,3.,-3.57465007753065));
#4534=CARTESIAN_POINT('',(-11.0000001639132,3.,-9.00000013411046));
#4535=CARTESIAN_POINT('',(11.2937598908718,3.,-9.00000013411045));
#4536=CARTESIAN_POINT('',(-3.21514292076973,3.,-22.0459574919914));
#4537=CARTESIAN_POINT('Ctrl Pts',(-11.0000001639132,3.,-9.00000013411046));
#4538=CARTESIAN_POINT('Ctrl Pts',(-11.2038614347677,3.,-9.00542888179461));
#4539=CARTESIAN_POINT('Ctrl Pts',(-11.6842526302518,3.,-9.02140626087326));
#4540=CARTESIAN_POINT('Ctrl Pts',(-12.440268485669,3.,-9.05864128482595));
#4541=CARTESIAN_POINT('Ctrl Pts',(-13.4694356961657,3.,-9.13683760566117));
#4542=CARTESIAN_POINT('Ctrl Pts',(-14.7648774298892,3.,-9.28818325241887));
#4543=CARTESIAN_POINT('Ctrl Pts',(-16.11479929256,3.,-9.51440035048137));
#4544=CARTESIAN_POINT('Ctrl Pts',(-17.4365648405671,3.,-9.81599726272267));
#4545=CARTESIAN_POINT('Ctrl Pts',(-18.7153721601154,3.,-10.2031915541687));
#4546=CARTESIAN_POINT('Ctrl Pts',(-19.9312124284842,3.,-10.6879334545173));
#4547=CARTESIAN_POINT('Ctrl Pts',(-21.0586173534282,3.,-11.2819058941657));
#4548=CARTESIAN_POINT('Ctrl Pts',(-22.0671058847098,3.,-11.9926839742002));
#4549=CARTESIAN_POINT('Ctrl Pts',(-22.9212650624672,3.,-12.8202340053325));
#4550=CARTESIAN_POINT('Ctrl Pts',(-23.5812930456757,3.,-13.7535774359413));
#4551=CARTESIAN_POINT('Ctrl Pts',(-24.0024740323993,3.,-14.7663865954547));
#4552=CARTESIAN_POINT('Ctrl Pts',(-24.1432404615215,3.,-15.8212731162263));
#4553=CARTESIAN_POINT('Ctrl Pts',(-23.9754861736894,3.,-16.875883712265));
#4554=CARTESIAN_POINT('Ctrl Pts',(-23.4931753247153,3.,-17.8881060377229));
#4555=CARTESIAN_POINT('Ctrl Pts',(-22.7243575707112,3.,-18.8221953820465));
#4556=CARTESIAN_POINT('Ctrl Pts',(-21.7225178231201,3.,-19.6503172200675));
#4557=CARTESIAN_POINT('Ctrl Pts',(-20.5529697688003,3.,-20.3530891948772));
#4558=CARTESIAN_POINT('Ctrl Pts',(-19.2811570172514,3.,-20.9204883789845));
#4559=CARTESIAN_POINT('Ctrl Pts',(-17.9599381759473,3.,-21.3527323315263));
#4560=CARTESIAN_POINT('Ctrl Pts',(-16.6180024085672,3.,-21.6610700881187));
#4561=CARTESIAN_POINT('Ctrl Pts',(-15.2658624068379,3.,-21.8642620651636));
#4562=CARTESIAN_POINT('Ctrl Pts',(-13.9010121637283,3.,-21.985335644389));
#4563=CARTESIAN_POINT('Ctrl Pts',(-12.5134142875735,3.,-22.0482073538881));
#4564=CARTESIAN_POINT('Ctrl Pts',(-11.0905774045563,3.,-22.0745433530159));
#4565=CARTESIAN_POINT('Ctrl Pts',(-9.62336767480715,3.,-22.0800959104788));
#4566=CARTESIAN_POINT('Ctrl Pts',(-8.10604866490036,3.,-22.0752340480232));
#4567=CARTESIAN_POINT('Ctrl Pts',(-6.53532006542325,3.,-22.0662016952187));
#4568=CARTESIAN_POINT('Ctrl Pts',(-5.23484410775001,3.,-22.0581200452299));
#4569=CARTESIAN_POINT('Ctrl Pts',(-4.23464222703838,3.,-22.0520445648976));
#4570=CARTESIAN_POINT('Ctrl Pts',(-3.55681388708725,3.,-22.0479876101799));
#4571=CARTESIAN_POINT('Ctrl Pts',(-3.21514292076973,3.,-22.0459574919914));
#4572=CARTESIAN_POINT('',(-3.21514292076973,3.,-30.1512795844603));
#4573=CARTESIAN_POINT('',(-3.21514292077485,3.,-10.0976287564726));
#4574=CARTESIAN_POINT('',(-23.0000003427267,3.,-31.000000461936));
#4575=CARTESIAN_POINT('Ctrl Pts',(-3.21514292076973,3.,-30.1512795844603));
#4576=CARTESIAN_POINT('Ctrl Pts',(-3.22974383221684,3.,-30.1696660948624));
#4577=CARTESIAN_POINT('Ctrl Pts',(-3.28632319296954,3.,-30.212882640114));
#4578=CARTESIAN_POINT('Ctrl Pts',(-3.45331880786314,3.,-30.2970358537537));
#4579=CARTESIAN_POINT('Ctrl Pts',(-3.84095561792304,3.,-30.4480736490218));
#4580=CARTESIAN_POINT('Ctrl Pts',(-4.59805068269074,3.,-30.7000965648687));
#4581=CARTESIAN_POINT('Ctrl Pts',(-5.61444376974586,3.,-31.009550116883));
#4582=CARTESIAN_POINT('Ctrl Pts',(-6.85617096949092,3.,-31.3628226176603));
#4583=CARTESIAN_POINT('Ctrl Pts',(-8.26839721657607,3.,-31.7385275600672));
#4584=CARTESIAN_POINT('Ctrl Pts',(-9.78488427359358,3.,-32.1110733001412));
#4585=CARTESIAN_POINT('Ctrl Pts',(-11.3345431095501,3.,-32.4532066176843));
#4586=CARTESIAN_POINT('Ctrl Pts',(-12.8487659114663,3.,-32.7388632883656));
#4587=CARTESIAN_POINT('Ctrl Pts',(-14.2687377857893,3.,-32.9460711888034));
#4588=CARTESIAN_POINT('Ctrl Pts',(-15.5520431800311,3.,-33.0595831095653));
#4589=CARTESIAN_POINT('Ctrl Pts',(-16.6820172139073,3.,-33.0746832304714));
#4590=CARTESIAN_POINT('Ctrl Pts',(-17.668904513299,3.,-32.9976178156192));
#4591=CARTESIAN_POINT('Ctrl Pts',(-18.5392602893806,3.,-32.8411682511165));
#4592=CARTESIAN_POINT('Ctrl Pts',(-19.3283749374889,3.,-32.6215052089045));
#4593=CARTESIAN_POINT('Ctrl Pts',(-20.072333405664,3.,-32.3549047562016));
#4594=CARTESIAN_POINT('Ctrl Pts',(-20.7990973204453,3.,-32.0540982153634));
#4595=CARTESIAN_POINT('Ctrl Pts',(-21.524485606724,3.,-31.726612307984));
#4596=CARTESIAN_POINT('Ctrl Pts',(-22.11011999663,3.,-31.4465241252158));
#4597=CARTESIAN_POINT('Ctrl Pts',(-22.5534616773713,3.,-31.226944970284));
#4598=CARTESIAN_POINT('Ctrl Pts',(-22.8508498183541,3.,-31.0763501643965));
#4599=CARTESIAN_POINT('Ctrl Pts',(-23.0000003427267,3.,-31.000000461936));
#4600=CARTESIAN_POINT('',(-23.579678834762,3.,-32.342765216499));
#4601=CARTESIAN_POINT('Ctrl Pts',(-23.0000003427267,3.,-31.000000461936));
#4602=CARTESIAN_POINT('Ctrl Pts',(-23.0426345294767,3.,-30.9922655480191));
#4603=CARTESIAN_POINT('Ctrl Pts',(-23.1263520502912,3.,-30.9815629715249));
#4604=CARTESIAN_POINT('Ctrl Pts',(-23.2472819950218,3.,-30.9798195724139));
#4605=CARTESIAN_POINT('Ctrl Pts',(-23.3990224871701,3.,-31.0065113869054));
#4606=CARTESIAN_POINT('Ctrl Pts',(-23.5707782095917,3.,-31.0899936173224));
#4607=CARTESIAN_POINT('Ctrl Pts',(-23.7190214772399,3.,-31.2220635142908));
#4608=CARTESIAN_POINT('Ctrl Pts',(-23.8356401360421,3.,-31.3973611539228));
#4609=CARTESIAN_POINT('Ctrl Pts',(-23.9047286911003,3.,-31.5956823301385));
#4610=CARTESIAN_POINT('Ctrl Pts',(-23.914991426902,3.,-31.7962699860755));
#4611=CARTESIAN_POINT('Ctrl Pts',(-23.8653181152108,3.,-31.990596724447));
#4612=CARTESIAN_POINT('Ctrl Pts',(-23.7787909664526,3.,-32.1372832201284));
#4613=CARTESIAN_POINT('Ctrl Pts',(-23.6888345607503,3.,-32.2420506644856));
#4614=CARTESIAN_POINT('Ctrl Pts',(-23.6178921295924,3.,-32.3095789427671));
#4615=CARTESIAN_POINT('Ctrl Pts',(-23.579678834762,3.,-32.342765216499));
#4616=CARTESIAN_POINT('',(-3.29999992623925,3.,-31.9999992847443));
#4617=CARTESIAN_POINT('Ctrl Pts',(-23.579678834762,3.,-32.342765216499));
#4618=CARTESIAN_POINT('Ctrl Pts',(-23.4962938406476,3.,-32.4101278212368));
#4619=CARTESIAN_POINT('Ctrl Pts',(-23.3179694396923,3.,-32.5442394786276));
#4620=CARTESIAN_POINT('Ctrl Pts',(-23.0158211869113,3.,-32.7435657685426));
#4621=CARTESIAN_POINT('Ctrl Pts',(-22.5433368233951,3.,-33.0056414683341));
#4622=CARTESIAN_POINT('Ctrl Pts',(-21.8377040564331,3.,-33.3258522948367));
#4623=CARTESIAN_POINT('Ctrl Pts',(-21.0227596467573,3.,-33.6352204100194));
#4624=CARTESIAN_POINT('Ctrl Pts',(-20.112768354918,3.,-33.9267490571446));
#4625=CARTESIAN_POINT('Ctrl Pts',(-19.1325532074894,3.,-34.189282777687));
#4626=CARTESIAN_POINT('Ctrl Pts',(-18.1112545032406,3.,-34.4098630459074));
#4627=CARTESIAN_POINT('Ctrl Pts',(-17.0772369485063,3.,-34.5757205120711));
#4628=CARTESIAN_POINT('Ctrl Pts',(-16.0529439630845,3.,-34.6763125395675));
#4629=CARTESIAN_POINT('Ctrl Pts',(-15.0489439489562,3.,-34.7057369110307));
#4630=CARTESIAN_POINT('Ctrl Pts',(-14.0605691684154,3.,-34.6641530019663));
#4631=CARTESIAN_POINT('Ctrl Pts',(-13.0735615506187,3.,-34.5556404247863));
#4632=CARTESIAN_POINT('Ctrl Pts',(-12.0681387526319,3.,-34.3867560554747));
#4633=CARTESIAN_POINT('Ctrl Pts',(-11.0233563542875,3.,-34.1649931711169));
#4634=CARTESIAN_POINT('Ctrl Pts',(-9.92180692418798,3.,-33.8972473850248));
#4635=CARTESIAN_POINT('Ctrl Pts',(-8.75268975911347,3.,-33.5887464122387));
#4636=CARTESIAN_POINT('Ctrl Pts',(-7.50971018302808,3.,-33.2433869682768));
#4637=CARTESIAN_POINT('Ctrl Pts',(-6.19004694843407,3.,-32.8638332737931));
#4638=CARTESIAN_POINT('Ctrl Pts',(-5.07244014032616,3.,-32.5341509904793));
#4639=CARTESIAN_POINT('Ctrl Pts',(-4.19962504964906,3.,-32.2726067430407));
#4640=CARTESIAN_POINT('Ctrl Pts',(-3.60242829292035,3.,-32.0919220824063));
#4641=CARTESIAN_POINT('Ctrl Pts',(-3.29999992623925,3.,-31.9999992847443));
#4642=CARTESIAN_POINT('',(-3.4999999217689,3.,-34.999999217689));
#4643=CARTESIAN_POINT('Ctrl Pts',(-3.29999992623925,3.,-31.9999992847443));
#4644=CARTESIAN_POINT('Ctrl Pts',(-3.30385540865974,3.,-32.0653701035963));
#4645=CARTESIAN_POINT('Ctrl Pts',(-3.31157888215524,3.,-32.1956468720688));
#4646=CARTESIAN_POINT('Ctrl Pts',(-3.3232016167001,3.,-32.3896674788485));
#4647=CARTESIAN_POINT('Ctrl Pts',(-3.3387748937613,3.,-32.6455261093577));
#4648=CARTESIAN_POINT('Ctrl Pts',(-3.35837738041645,3.,-32.9602991954614));
#4649=CARTESIAN_POINT('Ctrl Pts',(-3.37812827337732,3.,-33.2695569381772));
#4650=CARTESIAN_POINT('Ctrl Pts',(-3.39804027616603,3.,-33.5728272262632));
#4651=CARTESIAN_POINT('Ctrl Pts',(-3.41812137376066,3.,-33.8698133075354));
#4652=CARTESIAN_POINT('Ctrl Pts',(-3.43836626992966,3.,-34.1607120101264));
#4653=CARTESIAN_POINT('Ctrl Pts',(-3.45876317437538,3.,-34.4459615063867));
#4654=CARTESIAN_POINT('Ctrl Pts',(-3.47519261928591,3.,-34.6700016797436));
#4655=CARTESIAN_POINT('Ctrl Pts',(-3.48757369998526,3.,-34.8358392559993));
#4656=CARTESIAN_POINT('Ctrl Pts',(-3.49585354863477,3.,-34.9454390053328));
#4657=CARTESIAN_POINT('Ctrl Pts',(-3.4999999217689,3.,-34.999999217689));
#4658=CARTESIAN_POINT('',(-2.00000002980232,3.,-35.0000005215406));
#4659=CARTESIAN_POINT('Ctrl Pts',(-3.4999999217689,3.,-34.999999217689));
#4660=CARTESIAN_POINT('Ctrl Pts',(-3.481286708267,3.,-35.061388313439));
#4661=CARTESIAN_POINT('Ctrl Pts',(-3.44116189681803,3.,-35.1783650038644));
#4662=CARTESIAN_POINT('Ctrl Pts',(-3.37287172928498,3.,-35.336424003275));
#4663=CARTESIAN_POINT('Ctrl Pts',(-3.26541315973495,3.,-35.5117978176276));
#4664=CARTESIAN_POINT('Ctrl Pts',(-3.10337998296744,3.,-35.6684440450436));
#4665=CARTESIAN_POINT('Ctrl Pts',(-2.9168761437939,3.,-35.758396692204));
#4666=CARTESIAN_POINT('Ctrl Pts',(-2.71296795934662,3.,-35.7785435492225));
#4667=CARTESIAN_POINT('Ctrl Pts',(-2.51171470417776,3.,-35.7313500476372));
#4668=CARTESIAN_POINT('Ctrl Pts',(-2.33405944185523,3.,-35.6248962445965));
#4669=CARTESIAN_POINT('Ctrl Pts',(-2.18682935855212,3.,-35.4658677954483));
#4670=CARTESIAN_POINT('Ctrl Pts',(-2.09578916351336,3.,-35.3011680676342));
#4671=CARTESIAN_POINT('Ctrl Pts',(-2.04223818265811,3.,-35.1580673660276));
#4672=CARTESIAN_POINT('Ctrl Pts',(-2.01300283921034,3.,-35.0541150769327));
#4673=CARTESIAN_POINT('Ctrl Pts',(-2.00000002980232,3.,-35.0000005215406));
#4674=CARTESIAN_POINT('',(-2.00000002980232,3.,-9.00000013411045));
#4675=CARTESIAN_POINT('Ctrl Pts',(-2.00000002980232,3.,-35.0000005215406));
#4676=CARTESIAN_POINT('Ctrl Pts',(-1.95923234051513,3.,-34.4697002361357));
#4677=CARTESIAN_POINT('Ctrl Pts',(-1.88124241027269,3.,-33.4099954507589));
#4678=CARTESIAN_POINT('Ctrl Pts',(-1.77489346299298,3.,-31.8231255287098));
#4679=CARTESIAN_POINT('Ctrl Pts',(-1.6547201578253,3.,-29.7127627660486));
#4680=CARTESIAN_POINT('Ctrl Pts',(-1.54300461062266,3.,-27.0845369147677));
#4681=CARTESIAN_POINT('Ctrl Pts',(-1.4732805274998,3.,-24.4669205374776));
#4682=CARTESIAN_POINT('Ctrl Pts',(-1.44905299866736,3.,-21.8607992228191));
#4683=CARTESIAN_POINT('Ctrl Pts',(-1.47237643555854,3.,-19.2666920340186));
#4684=CARTESIAN_POINT('Ctrl Pts',(-1.54154897412953,3.,-16.6841689817298));
#4685=CARTESIAN_POINT('Ctrl Pts',(-1.65318489629712,3.,-14.112374637626));
#4686=CARTESIAN_POINT('Ctrl Pts',(-1.77371498856956,3.,-12.0628274833788));
#4687=CARTESIAN_POINT('Ctrl Pts',(-1.88056391799318,3.,-10.5298236833785));
#4688=CARTESIAN_POINT('Ctrl Pts',(-1.95898918906897,3.,-9.50963843006621));
#4689=CARTESIAN_POINT('Ctrl Pts',(-2.00000002980232,3.,-9.00000013411045));
#4690=CARTESIAN_POINT('',(11.2937598908718,3.,-9.00000013411045));
#4691=CARTESIAN_POINT('',(18.282828842138,3.,-19.2051362251814));
#4692=CARTESIAN_POINT('',(10.7037989294426,3.,-18.9136350746932));
#4693=CARTESIAN_POINT('Ctrl Pts',(18.2828288421439,3.,-19.2051362251743));
#4694=CARTESIAN_POINT('Ctrl Pts',(18.3038318487038,3.,-19.1798018105162));
#4695=CARTESIAN_POINT('Ctrl Pts',(18.3247907617123,3.,-19.1544648392175));
#4696=CARTESIAN_POINT('Ctrl Pts',(18.3457055134432,3.,-19.1291253337262));
#4697=CARTESIAN_POINT('',(40.7339595183063,3.,-48.8709327291822));
#4698=CARTESIAN_POINT('',(40.7339595183063,3.,-23.5101163750665));
#4699=CARTESIAN_POINT('',(8.39561013101224,3.,-48.8709327291822));
#4700=CARTESIAN_POINT('',(-25.1618311101401,3.,-35.9025308925511));
#4701=CARTESIAN_POINT('',(-14.8174539419624,3.,-35.8800519475424));
#4702=CARTESIAN_POINT('',(-29.1988976376089,3.,-34.4628601260676));
#4703=CARTESIAN_POINT('Ctrl Pts',(-25.1618311101401,3.,-35.9025308925511));
#4704=CARTESIAN_POINT('Ctrl Pts',(-25.1325034231969,3.,-35.854850279453));
#4705=CARTESIAN_POINT('Ctrl Pts',(-25.0789099045357,3.,-35.7604200478306));
#4706=CARTESIAN_POINT('Ctrl Pts',(-25.0137051782872,3.,-35.6215675881476));
#4707=CARTESIAN_POINT('Ctrl Pts',(-24.9573575232167,3.,-35.4420581605505));
#4708=CARTESIAN_POINT('Ctrl Pts',(-24.9393675501375,3.,-35.2276518432573));
#4709=CARTESIAN_POINT('Ctrl Pts',(-24.9758631868071,3.,-35.0246246590254));
#4710=CARTESIAN_POINT('Ctrl Pts',(-25.0690645804863,3.,-34.8354254852404));
#4711=CARTESIAN_POINT('Ctrl Pts',(-25.2207455846776,3.,-34.6638943359644));
#4712=CARTESIAN_POINT('Ctrl Pts',(-25.432223115356,3.,-34.5146985653836));
#4713=CARTESIAN_POINT('Ctrl Pts',(-25.7042664443456,3.,-34.3925493248377));
#4714=CARTESIAN_POINT('Ctrl Pts',(-26.0369044587408,3.,-34.3015306056768));
#4715=CARTESIAN_POINT('Ctrl Pts',(-26.4288437547405,3.,-34.2440422354977));
#4716=CARTESIAN_POINT('Ctrl Pts',(-26.8775849261699,3.,-34.2206831461215));
#4717=CARTESIAN_POINT('Ctrl Pts',(-27.3802684433793,3.,-34.2310712840509));
#4718=CARTESIAN_POINT('Ctrl Pts',(-27.9341282930736,3.,-34.2742731180512));
#4719=CARTESIAN_POINT('Ctrl Pts',(-28.416356837674,3.,-34.3342581976913));
#4720=CARTESIAN_POINT('Ctrl Pts',(-28.7993827434769,3.,-34.3931799244897));
#4721=CARTESIAN_POINT('Ctrl Pts',(-29.0641556221488,3.,-34.4386087748514));
#4722=CARTESIAN_POINT('Ctrl Pts',(-29.1988976376089,3.,-34.4628601260676));
#4723=CARTESIAN_POINT('',(-26.7760302032225,3.,-28.6561312773632));
#4724=CARTESIAN_POINT('Ctrl Pts',(-29.1988976376089,3.,-34.4628601260676));
#4725=CARTESIAN_POINT('Ctrl Pts',(-29.1366156517803,3.,-34.3506921394435));
#4726=CARTESIAN_POINT('Ctrl Pts',(-29.0132566838745,3.,-34.1260104243006));
#4727=CARTESIAN_POINT('Ctrl Pts',(-28.8318331212358,3.,-33.7879506609162));
#4728=CARTESIAN_POINT('Ctrl Pts',(-28.5972848147872,3.,-33.3350954981683));
#4729=CARTESIAN_POINT('Ctrl Pts',(-28.3171824086397,3.,-32.7652727529065));
#4730=CARTESIAN_POINT('Ctrl Pts',(-28.0513399333468,3.,-32.1913585220219));
#4731=CARTESIAN_POINT('Ctrl Pts',(-27.8009332789265,3.,-31.6130154169812));
#4732=CARTESIAN_POINT('Ctrl Pts',(-27.5666264465257,3.,-31.0300529213488));
#4733=CARTESIAN_POINT('Ctrl Pts',(-27.3478100336478,3.,-30.4426458860085));
#4734=CARTESIAN_POINT('Ctrl Pts',(-27.1433266247496,3.,-29.8511263987571));
#4735=CARTESIAN_POINT('Ctrl Pts',(-26.9902713897892,3.,-29.3748890938185));
#4736=CARTESIAN_POINT('Ctrl Pts',(-26.8810282804056,3.,-29.0161191818222));
#4737=CARTESIAN_POINT('Ctrl Pts',(-26.8106252639924,3.,-28.776243247527));
#4738=CARTESIAN_POINT('Ctrl Pts',(-26.7760302032225,3.,-28.6561312773632));
#4739=CARTESIAN_POINT('',(-28.2568834703688,3.,-28.1603367690567));
#4740=CARTESIAN_POINT('Ctrl Pts',(-26.7760302032225,3.,-28.6561312773632));
#4741=CARTESIAN_POINT('Ctrl Pts',(-26.7729061670048,3.,-28.6024402080502));
#4742=CARTESIAN_POINT('Ctrl Pts',(-26.7715359336103,3.,-28.4985864025929));
#4743=CARTESIAN_POINT('Ctrl Pts',(-26.7841238591143,3.,-28.3533888800501));
#4744=CARTESIAN_POINT('Ctrl Pts',(-26.830591619688,3.,-28.1813224838242));
#4745=CARTESIAN_POINT('Ctrl Pts',(-26.9397502279054,3.,-28.0048150156055));
#4746=CARTESIAN_POINT('Ctrl Pts',(-27.0976805376153,3.,-27.8713324832536));
#4747=CARTESIAN_POINT('Ctrl Pts',(-27.2976328576638,3.,-27.7859516662689));
#4748=CARTESIAN_POINT('Ctrl Pts',(-27.5162734323614,3.,-27.7543112177594));
#4749=CARTESIAN_POINT('Ctrl Pts',(-27.7291923405871,3.,-27.7777386591659));
#4750=CARTESIAN_POINT('Ctrl Pts',(-27.9269846441523,3.,-27.8535143010376));
#4751=CARTESIAN_POINT('Ctrl Pts',(-28.069142017237,3.,-27.9533025862499));
#4752=CARTESIAN_POINT('Ctrl Pts',(-28.1665569404179,3.,-28.0488826622509));
#4753=CARTESIAN_POINT('Ctrl Pts',(-28.2274487944164,3.,-28.1216736844177));
#4754=CARTESIAN_POINT('Ctrl Pts',(-28.2568834703688,3.,-28.1603367690567));
#4755=CARTESIAN_POINT('',(-30.9708423042029,3.,-35.9151542183506));
#4756=CARTESIAN_POINT('Ctrl Pts',(-28.2568834703688,3.,-28.1603367690567));
#4757=CARTESIAN_POINT('Ctrl Pts',(-28.2821209414391,3.,-28.2581710432841));
#4758=CARTESIAN_POINT('Ctrl Pts',(-28.3368922830848,3.,-28.4577210009576));
#4759=CARTESIAN_POINT('Ctrl Pts',(-28.4319382115609,3.,-28.7686898993292));
#4760=CARTESIAN_POINT('Ctrl Pts',(-28.5846338353809,3.,-29.206774663376));
#4761=CARTESIAN_POINT('Ctrl Pts',(-28.8190876119056,3.,-29.7936857619943));
#4762=CARTESIAN_POINT('Ctrl Pts',(-29.0960836491032,3.,-30.4187526493248));
#4763=CARTESIAN_POINT('Ctrl Pts',(-29.4118232241718,3.,-31.0781202015451));
#4764=CARTESIAN_POINT('Ctrl Pts',(-29.7583893146631,3.,-31.7639278813468));
#4765=CARTESIAN_POINT('Ctrl Pts',(-30.1216975244408,3.,-32.4623584789929));
#4766=CARTESIAN_POINT('Ctrl Pts',(-30.480784617001,3.,-33.1529709493828));
#4767=CARTESIAN_POINT('Ctrl Pts',(-30.8110780309228,3.,-33.8118461842078));
#4768=CARTESIAN_POINT('Ctrl Pts',(-31.0867407906478,3.,-34.4138556557321));
#4769=CARTESIAN_POINT('Ctrl Pts',(-31.2835623388021,3.,-34.9354673760571));
#4770=CARTESIAN_POINT('Ctrl Pts',(-31.3814341884579,3.,-35.3571554572111));
#4771=CARTESIAN_POINT('Ctrl Pts',(-31.3682617598023,3.,-35.6672256181707));
#4772=CARTESIAN_POINT('Ctrl Pts',(-31.2661670924507,3.,-35.8234227563726));
#4773=CARTESIAN_POINT('Ctrl Pts',(-31.1383011910414,3.,-35.8891381957825));
#4774=CARTESIAN_POINT('Ctrl Pts',(-31.0304329882682,3.,-35.9102633974572));
#4775=CARTESIAN_POINT('Ctrl Pts',(-30.9708423042029,3.,-35.9151542183506));
#4776=CARTESIAN_POINT('',(-33.6289959190176,3.,-35.9209305437843));
#4777=CARTESIAN_POINT('',(-14.8174539419624,3.,-35.8800519475424));
#4778=CARTESIAN_POINT('',(-41.1661295073386,3.,-18.836761076924));
#4779=CARTESIAN_POINT('',(-41.3138428366994,3.,-18.5019441970394));
#4780=CARTESIAN_POINT('',(-41.1661295073386,3.,20.50076797843));
#4781=CARTESIAN_POINT('',(-41.1661295073386,3.,11.1757339787396));
#4782=CARTESIAN_POINT('',(-34.6435932404045,3.,36.5562407271393));
#4783=CARTESIAN_POINT('',(-37.9636180757486,3.,28.3838730408056));
#4784=CARTESIAN_POINT('',(-27.396059596981,3.,37.5916026761999));
#4785=CARTESIAN_POINT('',(-4.12963153547354,3.,40.9153781135584));
#4786=CARTESIAN_POINT('',(-26.5369969788198,3.,32.1023001419416));
#4787=CARTESIAN_POINT('Ctrl Pts',(-27.396059596981,3.,37.5916026761999));
#4788=CARTESIAN_POINT('Ctrl Pts',(-27.5806539205039,3.,37.4190490660191));
#4789=CARTESIAN_POINT('Ctrl Pts',(-27.9385195830742,3.,37.0807318352925));
#4790=CARTESIAN_POINT('Ctrl Pts',(-28.4413492493479,3.,36.5936259096859));
#4791=CARTESIAN_POINT('Ctrl Pts',(-29.0435728556489,3.,35.9850578261923));
#4792=CARTESIAN_POINT('Ctrl Pts',(-29.6811914240217,3.,35.2935378227755));
#4793=CARTESIAN_POINT('Ctrl Pts',(-30.2020917781375,3.,34.6725365048906));
#4794=CARTESIAN_POINT('Ctrl Pts',(-30.6054273485801,3.,34.1233633804796));
#4795=CARTESIAN_POINT('Ctrl Pts',(-30.8919000233415,3.,33.6469279039745));
#4796=CARTESIAN_POINT('Ctrl Pts',(-31.0648516050534,3.,33.2432761431905));
#4797=CARTESIAN_POINT('Ctrl Pts',(-31.131144408336,3.,32.9111099504319));
#4798=CARTESIAN_POINT('Ctrl Pts',(-31.1030160075239,3.,32.6471054635919));
#4799=CARTESIAN_POINT('Ctrl Pts',(-30.9953018352943,3.,32.445947307875));
#4800=CARTESIAN_POINT('Ctrl Pts',(-30.8216559901203,3.,32.3005994030092));
#4801=CARTESIAN_POINT('Ctrl Pts',(-30.5905105062992,3.,32.2022759054498));
#4802=CARTESIAN_POINT('Ctrl Pts',(-30.3033753051806,3.,32.140858285553));
#4803=CARTESIAN_POINT('Ctrl Pts',(-29.9581496326886,3.,32.1062246252731));
#4804=CARTESIAN_POINT('Ctrl Pts',(-29.5511082511969,3.,32.0892392872106));
#4805=CARTESIAN_POINT('Ctrl Pts',(-29.0799122192131,3.,32.0830951143502));
#4806=CARTESIAN_POINT('Ctrl Pts',(-28.5439679049674,3.,32.0833507777046));
#4807=CARTESIAN_POINT('Ctrl Pts',(-27.943576725067,3.,32.0873099818362));
#4808=CARTESIAN_POINT('Ctrl Pts',(-27.4123427327636,3.,32.0923625180301));
#4809=CARTESIAN_POINT('Ctrl Pts',(-26.9856265956908,3.,32.0970019131613));
#4810=CARTESIAN_POINT('Ctrl Pts',(-26.6886272008283,3.,32.1004713275182));
#4811=CARTESIAN_POINT('Ctrl Pts',(-26.5369969788198,3.,32.1023001419416));
#4812=CARTESIAN_POINT('',(-28.6112364995388,3.,33.8308330758741));
#4813=CARTESIAN_POINT('Ctrl Pts',(-26.5369969788198,3.,32.1023001419416));
#4814=CARTESIAN_POINT('Ctrl Pts',(-26.7220973514757,3.,31.9446796960762));
#4815=CARTESIAN_POINT('Ctrl Pts',(-27.0748899845333,3.,31.6371737951791));
#4816=CARTESIAN_POINT('Ctrl Pts',(-27.5518545006452,3.,31.1991197434723));
#4817=CARTESIAN_POINT('Ctrl Pts',(-28.0831700245998,3.,30.661542792288));
#4818=CARTESIAN_POINT('Ctrl Pts',(-28.5726905002044,3.,30.0682324831183));
#4819=CARTESIAN_POINT('Ctrl Pts',(-28.8888405973705,3.,29.5562689483591));
#4820=CARTESIAN_POINT('Ctrl Pts',(-29.0355770268826,3.,29.1303361038773));
#4821=CARTESIAN_POINT('Ctrl Pts',(-29.0209423258995,3.,28.7977645551445));
#4822=CARTESIAN_POINT('Ctrl Pts',(-28.8582164011438,3.,28.568788563349));
#4823=CARTESIAN_POINT('Ctrl Pts',(-28.5678195989711,3.,28.4577890466291));
#4824=CARTESIAN_POINT('Ctrl Pts',(-28.1759688152274,3.,28.4797776569921));
#4825=CARTESIAN_POINT('Ctrl Pts',(-27.7116329920411,3.,28.6440687679539));
#4826=CARTESIAN_POINT('Ctrl Pts',(-27.2042251773529,3.,28.9494607184181));
#4827=CARTESIAN_POINT('Ctrl Pts',(-26.680635125281,3.,29.3770332156435));
#4828=CARTESIAN_POINT('Ctrl Pts',(-26.164658337376,3.,29.8930603790559));
#4829=CARTESIAN_POINT('Ctrl Pts',(-25.6773434730769,3.,30.4560653652189));
#4830=CARTESIAN_POINT('Ctrl Pts',(-25.2370251420038,3.,31.0223681501715));
#4831=CARTESIAN_POINT('Ctrl Pts',(-24.8594682427811,3.,31.5524250885206));
#4832=CARTESIAN_POINT('Ctrl Pts',(-24.5579199980361,3.,32.0163632409868));
#4833=CARTESIAN_POINT('Ctrl Pts',(-24.3432061450062,3.,32.4010840254546));
#4834=CARTESIAN_POINT('Ctrl Pts',(-24.2236466133457,3.,32.7130974710753));
#4835=CARTESIAN_POINT('Ctrl Pts',(-24.2043746667418,3.,32.968569838965));
#4836=CARTESIAN_POINT('Ctrl Pts',(-24.28688289828,3.,33.1864441720172));
#4837=CARTESIAN_POINT('Ctrl Pts',(-24.4680850571288,3.,33.3788955259821));
#4838=CARTESIAN_POINT('Ctrl Pts',(-24.7408167573024,3.,33.5484434573891));
#4839=CARTESIAN_POINT('Ctrl Pts',(-25.0961413015136,3.,33.6926163843083));
#4840=CARTESIAN_POINT('Ctrl Pts',(-25.525062649207,3.,33.8065182017476));
#4841=CARTESIAN_POINT('Ctrl Pts',(-26.0206958353718,3.,33.8866078473812));
#4842=CARTESIAN_POINT('Ctrl Pts',(-26.5782410496893,3.,33.9307930565361));
#4843=CARTESIAN_POINT('Ctrl Pts',(-27.1945472138095,3.,33.9379695655204));
#4844=CARTESIAN_POINT('Ctrl Pts',(-27.7331606839969,3.,33.9137979441255));
#4845=CARTESIAN_POINT('Ctrl Pts',(-28.1623895038818,3.,33.8788458979277));
#4846=CARTESIAN_POINT('Ctrl Pts',(-28.4597524414154,3.,33.8480812408137));
#4847=CARTESIAN_POINT('Ctrl Pts',(-28.6112364995388,3.,33.8308330758741));
#4848=CARTESIAN_POINT('',(-25.0771640226773,3.,37.922873472529));
#4849=CARTESIAN_POINT('Ctrl Pts',(-28.6112364995388,3.,33.8308330758741));
#4850=CARTESIAN_POINT('Ctrl Pts',(-28.5489023429634,3.,33.8995269240522));
#4851=CARTESIAN_POINT('Ctrl Pts',(-28.4234909753389,3.,34.0380849288292));
#4852=CARTESIAN_POINT('Ctrl Pts',(-28.233144752898,3.,34.2494328731996));
#4853=CARTESIAN_POINT('Ctrl Pts',(-27.9748181662512,3.,34.5383674247166));
#4854=CARTESIAN_POINT('Ctrl Pts',(-27.643857154227,3.,34.9122187148543));
#4855=CARTESIAN_POINT('Ctrl Pts',(-27.3041731228471,3.,35.2998087326077));
#4856=CARTESIAN_POINT('Ctrl Pts',(-26.9551307083905,3.,35.7021381738177));
#4857=CARTESIAN_POINT('Ctrl Pts',(-26.5965259070975,3.,36.1195283437666));
#4858=CARTESIAN_POINT('Ctrl Pts',(-26.2288865143219,3.,36.5511479664727));
#4859=CARTESIAN_POINT('Ctrl Pts',(-25.8529594088666,3.,36.9958207102225));
#4860=CARTESIAN_POINT('Ctrl Pts',(-25.5461631565152,3.,37.3610948305117));
#4861=CARTESIAN_POINT('Ctrl Pts',(-25.3128816213126,3.,37.640065755444));
#4862=CARTESIAN_POINT('Ctrl Pts',(-25.1559685727753,3.,37.8282388071184));
#4863=CARTESIAN_POINT('Ctrl Pts',(-25.0771640226773,3.,37.922873472529));
#4864=CARTESIAN_POINT('',(-4.12963153547354,3.,40.9153781135584));
#4865=CARTESIAN_POINT('',(40.7339595183053,3.,50.0290672708178));
#4866=CARTESIAN_POINT('',(22.3230726118195,3.,50.0290672708178));
#4867=CARTESIAN_POINT('',(40.7339595183051,3.,22.5137003166726));
#4868=CARTESIAN_POINT('',(-0.699999984353781,3.,39.0999991260469));
#4869=CARTESIAN_POINT('',(-0.843080769622769,3.,35.4133298698574));
#4870=CARTESIAN_POINT('',(-1.41827302930277,3.,20.5927261373114));
#4871=CARTESIAN_POINT('',(-20.5925753665187,3.,37.4718334292211));
#4872=CARTESIAN_POINT('Ctrl Pts',(-0.843080769622769,3.,35.4133298698574));
#4873=CARTESIAN_POINT('Ctrl Pts',(-1.20162020715539,3.,35.5755684839388));
#4874=CARTESIAN_POINT('Ctrl Pts',(-1.92191883411642,3.,35.8893514511716));
#4875=CARTESIAN_POINT('Ctrl Pts',(-3.01202592831559,3.,36.3279434577863));
#4876=CARTESIAN_POINT('Ctrl Pts',(-4.48513906215986,3.,36.8475093613455));
#4877=CARTESIAN_POINT('Ctrl Pts',(-6.36144795361707,3.,37.3809899227937));
#4878=CARTESIAN_POINT('Ctrl Pts',(-8.27566824119503,3.,37.7885494892335));
#4879=CARTESIAN_POINT('Ctrl Pts',(-10.230697670886,3.,38.0605633278314));
#4880=CARTESIAN_POINT('Ctrl Pts',(-12.2277532914821,3.,38.192989065819));
#4881=CARTESIAN_POINT('Ctrl Pts',(-14.2647663699491,3.,38.192697906803));
#4882=CARTESIAN_POINT('Ctrl Pts',(-16.3385491750898,3.,38.0702777563969));
#4883=CARTESIAN_POINT('Ctrl Pts',(-18.0244923350208,3.,37.8829383122525));
#4884=CARTESIAN_POINT('Ctrl Pts',(-19.3031152506889,3.,37.6953835069073));
#4885=CARTESIAN_POINT('Ctrl Pts',(-20.1617231715308,3.,37.5497783827148));
#4886=CARTESIAN_POINT('Ctrl Pts',(-20.5925753665187,3.,37.4718334292211));
#4887=CARTESIAN_POINT('',(-20.5925753665187,3.,36.0064192730837));
#4888=CARTESIAN_POINT('Ctrl Pts',(-20.5925753665187,3.,37.4718334292211));
#4889=CARTESIAN_POINT('Ctrl Pts',(-20.631183387322,3.,37.46990693805));
#4890=CARTESIAN_POINT('Ctrl Pts',(-20.7050129726604,3.,37.46037910925));
#4891=CARTESIAN_POINT('Ctrl Pts',(-20.8055982184203,3.,37.4290467722476));
#4892=CARTESIAN_POINT('Ctrl Pts',(-20.919057297225,3.,37.3527674661332));
#4893=CARTESIAN_POINT('Ctrl Pts',(-21.0241334547002,3.,37.1988683637646));
#4894=CARTESIAN_POINT('Ctrl Pts',(-21.0892282387188,3.,36.9923512810412));
#4895=CARTESIAN_POINT('Ctrl Pts',(-21.1111577056055,3.,36.7463736594989));
#4896=CARTESIAN_POINT('Ctrl Pts',(-21.0883279070465,3.,36.5000588557194));
#4897=CARTESIAN_POINT('Ctrl Pts',(-21.0226839163217,3.,36.2919740588034));
#4898=CARTESIAN_POINT('Ctrl Pts',(-20.9175284783309,3.,36.1352484602758));
#4899=CARTESIAN_POINT('Ctrl Pts',(-20.8044246962447,3.,36.0556753580639));
#4900=CARTESIAN_POINT('Ctrl Pts',(-20.704337332862,3.,36.0213207762958));
#4901=CARTESIAN_POINT('Ctrl Pts',(-20.6309412583637,3.,36.0095352436116));
#4902=CARTESIAN_POINT('Ctrl Pts',(-20.5925753665187,3.,36.0064192730837));
#4903=CARTESIAN_POINT('',(-0.906576394155716,3.,33.5256725191947));
#4904=CARTESIAN_POINT('Ctrl Pts',(-20.5925753665187,3.,36.0064192730837));
#4905=CARTESIAN_POINT('Ctrl Pts',(-20.3170966806959,3.,36.0447918484462));
#4906=CARTESIAN_POINT('Ctrl Pts',(-19.7682513015848,3.,36.1184508683225));
#4907=CARTESIAN_POINT('Ctrl Pts',(-18.9513191990681,3.,36.2196810756007));
#4908=CARTESIAN_POINT('Ctrl Pts',(-17.8748405650842,3.,36.3360028722654));
#4909=CARTESIAN_POINT('Ctrl Pts',(-16.5506991402039,3.,36.4490138367141));
#4910=CARTESIAN_POINT('Ctrl Pts',(-15.2475828393575,3.,36.5271222183363));
#4911=CARTESIAN_POINT('Ctrl Pts',(-13.9638231374723,3.,36.5664321886806));
#4912=CARTESIAN_POINT('Ctrl Pts',(-12.6957864161568,3.,36.5615279115038));
#4913=CARTESIAN_POINT('Ctrl Pts',(-11.4371312932806,3.,36.5054375406624));
#4914=CARTESIAN_POINT('Ctrl Pts',(-10.1800127842752,3.,36.3904291640166));
#4915=CARTESIAN_POINT('Ctrl Pts',(-8.91620230993673,3.,36.2089453006809));
#4916=CARTESIAN_POINT('Ctrl Pts',(-7.6381374445004,3.,35.954573925666));
#4917=CARTESIAN_POINT('Ctrl Pts',(-6.34018910123313,3.,35.6234962120436));
#4918=CARTESIAN_POINT('Ctrl Pts',(-5.01941804952924,3.,35.2152951171184));
#4919=CARTESIAN_POINT('Ctrl Pts',(-3.67457193631456,3.,34.7312635965452));
#4920=CARTESIAN_POINT('Ctrl Pts',(-2.57931079095651,3.,34.2849843459121));
#4921=CARTESIAN_POINT('Ctrl Pts',(-1.74709952083967,3.,33.9178473757943));
#4922=CARTESIAN_POINT('Ctrl Pts',(-1.18754239085908,3.,33.6587820616717));
#4923=CARTESIAN_POINT('Ctrl Pts',(-0.906576394155716,3.,33.5256725191947));
#4924=CARTESIAN_POINT('',(-0.906576394155716,3.,25.5831340733755));
#4925=CARTESIAN_POINT('',(-0.906576394148037,3.,17.6881862491208));
#4926=CARTESIAN_POINT('',(-1.57563144458951,3.,13.1068528794509));
#4927=CARTESIAN_POINT('Ctrl Pts',(-0.906576394155716,3.,25.5831340733755));
#4928=CARTESIAN_POINT('Ctrl Pts',(-1.24401492591597,3.,25.6081648318591));
#4929=CARTESIAN_POINT('Ctrl Pts',(-1.91190889250053,3.,25.657890645675));
#4930=CARTESIAN_POINT('Ctrl Pts',(-2.89280069820479,3.,25.7314720966437));
#4931=CARTESIAN_POINT('Ctrl Pts',(-4.15868099688049,3.,25.8275639322565));
#4932=CARTESIAN_POINT('Ctrl Pts',(-5.67169798094764,3.,25.9425497397459));
#4933=CARTESIAN_POINT('Ctrl Pts',(-7.11801054018806,3.,26.0471569245983));
#4934=CARTESIAN_POINT('Ctrl Pts',(-8.50352220444702,3.,26.130840776959));
#4935=CARTESIAN_POINT('Ctrl Pts',(-9.83856464310768,3.,26.1760904448907));
#4936=CARTESIAN_POINT('Ctrl Pts',(-11.1394698788578,3.,26.1562738971874));
#4937=CARTESIAN_POINT('Ctrl Pts',(-12.4239961997259,3.,26.0408680264943));
#4938=CARTESIAN_POINT('Ctrl Pts',(-13.7060450040645,3.,25.8016313776266));
#4939=CARTESIAN_POINT('Ctrl Pts',(-14.9910262674232,3.,25.4178069390335));
#4940=CARTESIAN_POINT('Ctrl Pts',(-16.2699250900591,3.,24.8833645925215));
#4941=CARTESIAN_POINT('Ctrl Pts',(-17.5175765144881,3.,24.2075303032896));
#4942=CARTESIAN_POINT('Ctrl Pts',(-18.6955970430104,3.,23.4081689870431));
#4943=CARTESIAN_POINT('Ctrl Pts',(-19.7538426570085,3.,22.5069651292253));
#4944=CARTESIAN_POINT('Ctrl Pts',(-20.6327282528672,3.,21.5243435580202));
#4945=CARTESIAN_POINT('Ctrl Pts',(-21.2642273390715,3.,20.4734665524838));
#4946=CARTESIAN_POINT('Ctrl Pts',(-21.5820413238677,3.,19.3646004198247));
#4947=CARTESIAN_POINT('Ctrl Pts',(-21.5338462738557,3.,18.2117104285612));
#4948=CARTESIAN_POINT('Ctrl Pts',(-21.0922340381085,3.,17.0378837957915));
#4949=CARTESIAN_POINT('Ctrl Pts',(-20.2683077464646,3.,15.88238598756));
#4950=CARTESIAN_POINT('Ctrl Pts',(-19.1025626202897,3.,14.7945850724585));
#4951=CARTESIAN_POINT('Ctrl Pts',(-17.653214573397,3.,13.8264278282424));
#4952=CARTESIAN_POINT('Ctrl Pts',(-15.9853668905198,3.,13.0251774380737));
#4953=CARTESIAN_POINT('Ctrl Pts',(-14.1606227129229,3.,12.426609997157));
#4954=CARTESIAN_POINT('Ctrl Pts',(-12.2248644356301,3.,12.0463298622504));
#4955=CARTESIAN_POINT('Ctrl Pts',(-10.2084583450436,3.,11.8826206660506));
#4956=CARTESIAN_POINT('Ctrl Pts',(-8.13004000856908,3.,11.9225581754446));
#4957=CARTESIAN_POINT('Ctrl Pts',(-5.99901954151218,3.,12.146888212758));
#4958=CARTESIAN_POINT('Ctrl Pts',(-4.25465372000308,3.,12.4576316808804));
#4959=CARTESIAN_POINT('Ctrl Pts',(-2.92397623533809,3.,12.757206626386));
#4960=CARTESIAN_POINT('Ctrl Pts',(-2.0267623311002,3.,12.9855354566067));
#4961=CARTESIAN_POINT('Ctrl Pts',(-1.57563144458951,3.,13.1068528794509));
#4962=CARTESIAN_POINT('',(-0.129492500604168,3.,13.3566135527432));
#4963=CARTESIAN_POINT('Ctrl Pts',(-1.57563144458951,3.,13.1068528794509));
#4964=CARTESIAN_POINT('Ctrl Pts',(-1.5677483629711,3.,13.0812646458092));
#4965=CARTESIAN_POINT('Ctrl Pts',(-1.54735657289537,3.,13.0320682375195));
#4966=CARTESIAN_POINT('Ctrl Pts',(-1.50287729726823,3.,12.9642098654586));
#4967=CARTESIAN_POINT('Ctrl Pts',(-1.41545874220432,3.,12.8858339342416));
#4968=CARTESIAN_POINT('Ctrl Pts',(-1.25860555916517,3.,12.8100110308258));
#4969=CARTESIAN_POINT('Ctrl Pts',(-1.05965777286906,3.,12.7607281111828));
#4970=CARTESIAN_POINT('Ctrl Pts',(-0.830200052367278,3.,12.7438732669836));
#4971=CARTESIAN_POINT('Ctrl Pts',(-0.604706828304066,3.,12.7696400167094));
#4972=CARTESIAN_POINT('Ctrl Pts',(-0.413238234807557,3.,12.8438158095828));
#4973=CARTESIAN_POINT('Ctrl Pts',(-0.2662411045646,3.,12.9659694992605));
#4974=CARTESIAN_POINT('Ctrl Pts',(-0.187690749642234,3.,13.100506394842));
#4975=CARTESIAN_POINT('Ctrl Pts',(-0.150322703041289,3.,13.2210425712461));
#4976=CARTESIAN_POINT('Ctrl Pts',(-0.134861901602284,3.,13.3099915668015));
#4977=CARTESIAN_POINT('Ctrl Pts',(-0.129492500604168,3.,13.3566135527432));
#4978=CARTESIAN_POINT('',(0.836850932865396,3.,39.2609563528428));
#4979=CARTESIAN_POINT('Ctrl Pts',(-0.129492500604168,3.,13.3566135527432));
#4980=CARTESIAN_POINT('Ctrl Pts',(-0.086929623559814,3.,13.7902665427791));
#4981=CARTESIAN_POINT('Ctrl Pts',(-0.0039020539592841,3.,14.6651968025902));
#4982=CARTESIAN_POINT('Ctrl Pts',(0.114344582571449,3.,16.0004656289338));
#4983=CARTESIAN_POINT('Ctrl Pts',(0.259211635113799,3.,17.827318377188));
#4984=CARTESIAN_POINT('Ctrl Pts',(0.417586433841459,3.,20.1934032229236));
#4985=CARTESIAN_POINT('Ctrl Pts',(0.551469016172971,3.,22.6484866816342));
#4986=CARTESIAN_POINT('Ctrl Pts',(0.659247658525174,3.,25.1984253553086));
#4987=CARTESIAN_POINT('Ctrl Pts',(0.740752527875266,3.,27.8438363748387));
#4988=CARTESIAN_POINT('Ctrl Pts',(0.797693670820854,3.,30.5785058568852));
#4989=CARTESIAN_POINT('Ctrl Pts',(0.832232307503565,3.,33.394580465845));
#4990=CARTESIAN_POINT('Ctrl Pts',(0.843554927570535,3.,35.706700413577));
#4991=CARTESIAN_POINT('Ctrl Pts',(0.843479780736315,3.,37.471921124747));
#4992=CARTESIAN_POINT('Ctrl Pts',(0.839684745764263,3.,38.6623431006224));
#4993=CARTESIAN_POINT('Ctrl Pts',(0.836850932865396,3.,39.2609563528428));
#4994=CARTESIAN_POINT('Ctrl Pts',(0.836850932865396,3.,39.2609563528428));
#4995=CARTESIAN_POINT('Ctrl Pts',(0.825878413029216,3.,39.3067147350203));
#4996=CARTESIAN_POINT('Ctrl Pts',(0.799483925222424,3.,39.3944137895006));
#4997=CARTESIAN_POINT('Ctrl Pts',(0.746529942415899,3.,39.5145120103103));
#4998=CARTESIAN_POINT('Ctrl Pts',(0.64888090648893,3.,39.6513415164744));
#4999=CARTESIAN_POINT('Ctrl Pts',(0.481067259884718,3.,39.7805054519497));
#5000=CARTESIAN_POINT('Ctrl Pts',(0.272793370094189,3.,39.8624710798186));
#5001=CARTESIAN_POINT('Ctrl Pts',(0.0353066784778672,3.,39.8909316754031));
#5002=CARTESIAN_POINT('Ctrl Pts',(-0.198264878146273,3.,39.8578889286492));
#5003=CARTESIAN_POINT('Ctrl Pts',(-0.397237115841214,3.,39.7605780714813));
#5004=CARTESIAN_POINT('Ctrl Pts',(-0.551215269227871,3.,39.6016552247236));
#5005=CARTESIAN_POINT('Ctrl Pts',(-0.634862634600534,3.,39.4281764939168));
#5006=CARTESIAN_POINT('Ctrl Pts',(-0.675799711442908,3.,39.2734934610317));
#5007=CARTESIAN_POINT('Ctrl Pts',(-0.693526080030804,3.,39.1596219737382));
#5008=CARTESIAN_POINT('Ctrl Pts',(-0.699999984353781,3.,39.0999991260469));
#5009=CARTESIAN_POINT('',(-22.0000003278255,3.,-4.32557972889117));
#5010=CARTESIAN_POINT('',(-21.9468274550441,3.,-2.15036461031583));
#5011=CARTESIAN_POINT('',(-21.9168188830855,3.,-0.922763094585238));
#5012=CARTESIAN_POINT('',(-22.1946295471537,3.,0.912342798834268));
#5013=CARTESIAN_POINT('Ctrl Pts',(-21.9468274550441,3.,-2.15036461031583));
#5014=CARTESIAN_POINT('Ctrl Pts',(-21.9458987043431,3.,-2.06986123676173));
#5015=CARTESIAN_POINT('Ctrl Pts',(-21.9445393477835,3.,-1.91048392727318));
#5016=CARTESIAN_POINT('Ctrl Pts',(-21.9439946508503,3.,-1.67630595985199));
#5017=CARTESIAN_POINT('Ctrl Pts',(-21.9463070686346,3.,-1.37400822904651));
#5018=CARTESIAN_POINT('Ctrl Pts',(-21.9546196543962,3.,-1.01387169890977));
#5019=CARTESIAN_POINT('Ctrl Pts',(-21.9688882449548,3.,-0.673217330270086));
#5020=CARTESIAN_POINT('Ctrl Pts',(-21.9896826119447,3.,-0.353908852807854));
#5021=CARTESIAN_POINT('Ctrl Pts',(-22.017448284278,3.,-0.0574035968011465));
#5022=CARTESIAN_POINT('Ctrl Pts',(-22.0521267314944,3.,0.216489891586686));
#5023=CARTESIAN_POINT('Ctrl Pts',(-22.0932855022928,3.,0.469186165644));
#5024=CARTESIAN_POINT('Ctrl Pts',(-22.1310166603812,3.,0.655628781959616));
#5025=CARTESIAN_POINT('Ctrl Pts',(-22.1618522733885,3.,0.787161387929601));
#5026=CARTESIAN_POINT('Ctrl Pts',(-22.183518872905,3.,0.871220525336016));
#5027=CARTESIAN_POINT('Ctrl Pts',(-22.1946295471537,3.,0.912342798834268));
#5028=CARTESIAN_POINT('Ctrl Pts',(-22.1946295471537,3.,0.912342798834268));
#5029=CARTESIAN_POINT('Ctrl Pts',(-22.2715320935016,3.,1.01925963884677));
#5030=CARTESIAN_POINT('Ctrl Pts',(-22.4269659452813,3.,1.20801133064122));
#5031=CARTESIAN_POINT('Ctrl Pts',(-22.6650003913639,3.,1.41589165852947));
#5032=CARTESIAN_POINT('Ctrl Pts',(-22.9875307149883,3.,1.54315937585423));
#5033=CARTESIAN_POINT('Ctrl Pts',(-23.3736838776621,3.,1.45896950215798));
#5034=CARTESIAN_POINT('Ctrl Pts',(-23.7126117754623,3.,1.14594225026959));
#5035=CARTESIAN_POINT('Ctrl Pts',(-23.9777715475615,3.,0.628755238425705));
#5036=CARTESIAN_POINT('Ctrl Pts',(-24.1572500038486,3.,-0.0533824363944962));
#5037=CARTESIAN_POINT('Ctrl Pts',(-24.2542344014327,3.,-0.848815291083932));
#5038=CARTESIAN_POINT('Ctrl Pts',(-24.2806575937318,3.,-1.6996624076186));
#5039=CARTESIAN_POINT('Ctrl Pts',(-24.253066566021,3.,-2.54661642059326));
#5040=CARTESIAN_POINT('Ctrl Pts',(-24.1878794248102,3.,-3.33407238297135));
#5041=CARTESIAN_POINT('Ctrl Pts',(-24.0967042048611,3.,-4.01543427694852));
#5042=CARTESIAN_POINT('Ctrl Pts',(-23.9822951804648,3.,-4.55782745960058));
#5043=CARTESIAN_POINT('Ctrl Pts',(-23.8324374560015,3.,-4.94908536431247));
#5044=CARTESIAN_POINT('Ctrl Pts',(-23.6217006094923,3.,-5.19797529438076));
#5045=CARTESIAN_POINT('Ctrl Pts',(-23.3370807904579,3.,-5.32105349414351));
#5046=CARTESIAN_POINT('Ctrl Pts',(-22.9841425854717,3.,-5.33600851313482));
#5047=CARTESIAN_POINT('Ctrl Pts',(-22.6330412943074,3.,-5.24570080540671));
#5048=CARTESIAN_POINT('Ctrl Pts',(-22.3367903657497,3.,-5.05017261396852));
#5049=CARTESIAN_POINT('Ctrl Pts',(-22.1603421255718,3.,-4.81125098268938));
#5050=CARTESIAN_POINT('Ctrl Pts',(-22.0656660622217,3.,-4.58617028260606));
#5051=CARTESIAN_POINT('Ctrl Pts',(-22.0191228585494,3.,-4.41582585914638));
#5052=CARTESIAN_POINT('Ctrl Pts',(-22.0000003278255,3.,-4.32557972889117));
#5053=CARTESIAN_POINT('',(-33.003451102239,3.,1.43807571998006));
#5054=CARTESIAN_POINT('',(-34.0912333722255,3.,-10.7616686988059));
#5055=CARTESIAN_POINT('Ctrl Pts',(-33.003451102239,3.,1.43807571998006));
#5056=CARTESIAN_POINT('Ctrl Pts',(-33.2210598734127,3.,1.16581604054289));
#5057=CARTESIAN_POINT('Ctrl Pts',(-33.6396203277623,3.,0.623700570348045));
#5058=CARTESIAN_POINT('Ctrl Pts',(-34.2174928540241,3.,-0.182261417546262));
#5059=CARTESIAN_POINT('Ctrl Pts',(-34.8863822259099,3.,-1.24221381135373));
#5060=CARTESIAN_POINT('Ctrl Pts',(-35.5412636468298,3.,-2.5409998249874));
#5061=CARTESIAN_POINT('Ctrl Pts',(-35.9973018940918,3.,-3.81108953502528));
#5062=CARTESIAN_POINT('Ctrl Pts',(-36.2359027994217,3.,-5.049799500601));
#5063=CARTESIAN_POINT('Ctrl Pts',(-36.2430237991485,3.,-6.25510315141188));
#5064=CARTESIAN_POINT('Ctrl Pts',(-36.0217868119307,3.,-7.427451031089));
#5065=CARTESIAN_POINT('Ctrl Pts',(-35.5869616152989,3.,-8.56897465871939));
#5066=CARTESIAN_POINT('Ctrl Pts',(-35.0809931330908,3.,-9.45937595834021));
#5067=CARTESIAN_POINT('Ctrl Pts',(-34.6180495195284,3.,-10.1151312512387));
#5068=CARTESIAN_POINT('Ctrl Pts',(-34.2729217678874,3.,-10.5470340940159));
#5069=CARTESIAN_POINT('Ctrl Pts',(-34.0912333722255,3.,-10.7616686988059));
#5070=CARTESIAN_POINT('',(-32.9463181376941,3.,-9.66067886790294));
#5071=CARTESIAN_POINT('Ctrl Pts',(-34.0912333722255,3.,-10.7616686988059));
#5072=CARTESIAN_POINT('Ctrl Pts',(-34.0501872446609,3.,-10.7958245815897));
#5073=CARTESIAN_POINT('Ctrl Pts',(-33.9673032099729,3.,-10.8574292135778));
#5074=CARTESIAN_POINT('Ctrl Pts',(-33.8405896836134,3.,-10.929706125207));
#5075=CARTESIAN_POINT('Ctrl Pts',(-33.6668899045804,3.,-10.9852277069188));
#5076=CARTESIAN_POINT('Ctrl Pts',(-33.443384998285,3.,-10.9834995433314));
#5077=CARTESIAN_POINT('Ctrl Pts',(-33.2210530424721,3.,-10.9104412008975));
#5078=CARTESIAN_POINT('Ctrl Pts',(-33.0126440741539,3.,-10.7698227094851));
#5079=CARTESIAN_POINT('Ctrl Pts',(-32.8484132273819,3.,-10.5813573104989));
#5080=CARTESIAN_POINT('Ctrl Pts',(-32.7541252558584,3.,-10.3677925588652));
#5081=CARTESIAN_POINT('Ctrl Pts',(-32.7359954414613,3.,-10.1397333151393));
#5082=CARTESIAN_POINT('Ctrl Pts',(-32.7832006828424,3.,-9.95102348624657));
#5083=CARTESIAN_POINT('Ctrl Pts',(-32.8519689713295,3.,-9.8068435168612));
#5084=CARTESIAN_POINT('Ctrl Pts',(-32.9124331496592,3.,-9.70959025241781));
#5085=CARTESIAN_POINT('Ctrl Pts',(-32.9463181376941,3.,-9.66067886790294));
#5086=CARTESIAN_POINT('',(-31.1454289448919,3.,1.40674564961071));
#5087=CARTESIAN_POINT('Ctrl Pts',(-32.9463181376941,3.,-9.66067886790294));
#5088=CARTESIAN_POINT('Ctrl Pts',(-33.1108916685203,3.,-9.5286878958331));
#5089=CARTESIAN_POINT('Ctrl Pts',(-33.421218748272,3.,-9.25632220447434));
#5090=CARTESIAN_POINT('Ctrl Pts',(-33.8302478666785,3.,-8.82262173284087));
#5091=CARTESIAN_POINT('Ctrl Pts',(-34.2608525865782,3.,-8.19322892647278));
#5092=CARTESIAN_POINT('Ctrl Pts',(-34.596258940059,3.,-7.31612442456673));
#5093=CARTESIAN_POINT('Ctrl Pts',(-34.7153993298217,3.,-6.342679810243));
#5094=CARTESIAN_POINT('Ctrl Pts',(-34.6090525592525,3.,-5.26878731220268));
#5095=CARTESIAN_POINT('Ctrl Pts',(-34.2848898999692,3.,-4.09786425584078));
#5096=CARTESIAN_POINT('Ctrl Pts',(-33.7615838660322,3.,-2.83822869580061));
#5097=CARTESIAN_POINT('Ctrl Pts',(-33.0594480685788,3.,-1.4989297471022));
#5098=CARTESIAN_POINT('Ctrl Pts',(-32.3686167445812,3.,-0.369970237392623));
#5099=CARTESIAN_POINT('Ctrl Pts',(-31.7828842623576,3.,0.506867206821494));
#5100=CARTESIAN_POINT('Ctrl Pts',(-31.3628402512352,3.,1.10459169154796));
#5101=CARTESIAN_POINT('Ctrl Pts',(-31.1454289448919,3.,1.40674564961071));
#5102=CARTESIAN_POINT('',(-30.7924791902526,3.,13.9177164475095));
#5103=CARTESIAN_POINT('Ctrl Pts',(-31.1454289448919,3.,1.40674564961071));
#5104=CARTESIAN_POINT('Ctrl Pts',(-31.2917981672154,3.,1.67425498386398));
#5105=CARTESIAN_POINT('Ctrl Pts',(-31.5712454807643,3.,2.2077758667966));
#5106=CARTESIAN_POINT('Ctrl Pts',(-31.9505447766588,3.,3.00356402817372));
#5107=CARTESIAN_POINT('Ctrl Pts',(-32.3752070283554,3.,4.05547906675358));
#5108=CARTESIAN_POINT('Ctrl Pts',(-32.7616543154793,3.,5.35410253631527));
#5109=CARTESIAN_POINT('Ctrl Pts',(-32.9904599029863,3.,6.63496126773319));
#5110=CARTESIAN_POINT('Ctrl Pts',(-33.0481892763504,3.,7.89654131746651));
#5111=CARTESIAN_POINT('Ctrl Pts',(-32.9264955837342,3.,9.13790207374946));
#5112=CARTESIAN_POINT('Ctrl Pts',(-32.6311430593393,3.,10.3596931116075));
#5113=CARTESIAN_POINT('Ctrl Pts',(-32.1746896644514,3.,11.5633295952661));
#5114=CARTESIAN_POINT('Ctrl Pts',(-31.6909405896942,3.,12.5128752139359));
#5115=CARTESIAN_POINT('Ctrl Pts',(-31.2656227348516,3.,13.2179905836257));
#5116=CARTESIAN_POINT('Ctrl Pts',(-30.9547485973667,3.,13.6849877864345));
#5117=CARTESIAN_POINT('Ctrl Pts',(-30.7924791902526,3.,13.9177164475095));
#5118=CARTESIAN_POINT('',(-32.0751615766753,3.,14.8077409605375));
#5119=CARTESIAN_POINT('Ctrl Pts',(-30.7924791902526,3.,13.9177164475095));
#5120=CARTESIAN_POINT('Ctrl Pts',(-30.7778045849772,3.,13.9582134395475));
#5121=CARTESIAN_POINT('Ctrl Pts',(-30.7532372640262,3.,14.0396403894877));
#5122=CARTESIAN_POINT('Ctrl Pts',(-30.7307378465175,3.,14.1630918137314));
#5123=CARTESIAN_POINT('Ctrl Pts',(-30.7298629172299,3.,14.3302540541196));
#5124=CARTESIAN_POINT('Ctrl Pts',(-30.7795078150914,3.,14.5416625658157));
#5125=CARTESIAN_POINT('Ctrl Pts',(-30.8801465599387,3.,14.7475446249077));
#5126=CARTESIAN_POINT('Ctrl Pts',(-31.0292463499156,3.,14.9346187178824));
#5127=CARTESIAN_POINT('Ctrl Pts',(-31.2131889832974,3.,15.072183126699));
#5128=CARTESIAN_POINT('Ctrl Pts',(-31.4157554816248,3.,15.1337527326103));
#5129=CARTESIAN_POINT('Ctrl Pts',(-31.6293838747267,3.,15.1132611036731));
#5130=CARTESIAN_POINT('Ctrl Pts',(-31.8052965780381,3.,15.0306370242344));
#5131=CARTESIAN_POINT('Ctrl Pts',(-31.939410289938,3.,14.9329005368343));
#5132=CARTESIAN_POINT('Ctrl Pts',(-32.0297545950516,3.,14.8520714815796));
#5133=CARTESIAN_POINT('Ctrl Pts',(-32.0751615766753,3.,14.8077409605375));
#5134=CARTESIAN_POINT('Ctrl Pts',(-32.0751615766753,3.,14.8077409605375));
#5135=CARTESIAN_POINT('Ctrl Pts',(-32.2436750158091,3.,14.5618280847382));
#5136=CARTESIAN_POINT('Ctrl Pts',(-32.5675196680323,3.,14.0681139416016));
#5137=CARTESIAN_POINT('Ctrl Pts',(-33.0137407257732,3.,13.3218776608018));
#5138=CARTESIAN_POINT('Ctrl Pts',(-33.5283025429668,3.,12.3153784816785));
#5139=CARTESIAN_POINT('Ctrl Pts',(-34.028487549338,3.,11.0367668759949));
#5140=CARTESIAN_POINT('Ctrl Pts',(-34.3731739552779,3.,9.73587965159586));
#5141=CARTESIAN_POINT('Ctrl Pts',(-34.5501381368439,3.,8.41096573943473));
#5142=CARTESIAN_POINT('Ctrl Pts',(-34.5535687455693,3.,7.06119264724406));
#5143=CARTESIAN_POINT('Ctrl Pts',(-34.3913290094741,3.,5.68768680490064));
#5144=CARTESIAN_POINT('Ctrl Pts',(-34.0763382381454,3.,4.29229894040867));
#5145=CARTESIAN_POINT('Ctrl Pts',(-33.7123798255006,3.,3.15994922875457));
#5146=CARTESIAN_POINT('Ctrl Pts',(-33.3804643348797,3.,2.30224266455298));
#5147=CARTESIAN_POINT('Ctrl Pts',(-33.1334173539116,3.,1.72674666413421));
#5148=CARTESIAN_POINT('Ctrl Pts',(-33.003451102239,3.,1.43807571998006));
#5149=CARTESIAN_POINT('Origin',(18.282828842138,11.4746692652142,-19.2051362251815));
#5150=CARTESIAN_POINT('',(18.282828842138,11.4746692652142,-19.2051362251814));
#5151=CARTESIAN_POINT('',(18.282828842138,11.4746692652142,-19.2051362251814));
#5152=CARTESIAN_POINT('',(18.282828842138,0.,-19.2051362251814));
#5153=CARTESIAN_POINT('Origin',(18.778088828833,11.4746692652142,-6.32837657110631));
#5154=CARTESIAN_POINT('',(18.5304588354855,11.4746692652142,-12.7667563981439));
#5155=CARTESIAN_POINT('Origin',(23.0339595183056,11.4655077061416,16.3290672708174));
#5156=CARTESIAN_POINT('',(23.0339595183057,0.,16.3290672708176));
#5157=CARTESIAN_POINT('Origin',(23.0339595183056,3.,24.4652720828674));
#5158=CARTESIAN_POINT('Origin',(23.0339595183057,0.,16.3290672708176));
#5159=CARTESIAN_POINT('',(23.0339595183057,13.,16.3290672708176));
#5160=CARTESIAN_POINT('',(23.0339595183057,13.,16.3290672708176));
#5161=CARTESIAN_POINT('',(23.0339595183057,0.,16.3290672708176));
#5162=CARTESIAN_POINT('Origin',(32.5339595183058,8.70710696526901,4.32906727081557));
#5163=CARTESIAN_POINT('',(32.7339595183058,8.35355357730982,4.68262066404293));
#5164=CARTESIAN_POINT('',(32.7339595183058,8.70710696526877,4.82906727081557));
#5165=CARTESIAN_POINT('Origin',(32.7339595183058,8.70710696526901,4.32906727081557));
#5166=CARTESIAN_POINT('',(37.716177931253,8.70710696526877,4.82906727081557));
#5167=CARTESIAN_POINT('',(32.5339595183058,8.70710696526877,4.82906727081557));
#5168=CARTESIAN_POINT('',(37.7711461724466,8.3535535773184,4.6826206640515));
#5169=CARTESIAN_POINT('Ctrl Pts',(37.716177931253,8.70710696526877,4.82906727081557));
#5170=CARTESIAN_POINT('Ctrl Pts',(37.716177931253,8.67157352369809,4.82906727081555));
#5171=CARTESIAN_POINT('Ctrl Pts',(37.7176067734814,8.63619887746279,4.82527975288781));
#5172=CARTESIAN_POINT('Ctrl Pts',(37.7204242788067,8.60157395770909,4.81780317528275));
#5173=CARTESIAN_POINT('Ctrl Pts',(37.7233692338614,8.56538278123347,4.80998839501862));
#5174=CARTESIAN_POINT('Ctrl Pts',(37.7278042646002,8.53033914872619,4.79821482001414));
#5175=CARTESIAN_POINT('Ctrl Pts',(37.7336003483808,8.49704269223423,4.78279957206198));
#5176=CARTESIAN_POINT('Ctrl Pts',(37.7429835535343,8.44313948897279,4.75784402630019));
#5177=CARTESIAN_POINT('Ctrl Pts',(37.7557763239489,8.39469552038634,4.7237626065085));
#5178=CARTESIAN_POINT('Ctrl Pts',(37.7711461724523,8.35355357730982,4.68262066404503));
#5179=CARTESIAN_POINT('',(32.5339595183058,8.35355357730983,4.68262066404293));
#5180=CARTESIAN_POINT('Ctrl Pts',(32.5339595183058,7.71715746423192,4.3290672708151));
#5181=CARTESIAN_POINT('Ctrl Pts',(32.5339595183058,7.85996441806182,4.40840446673056));
#5182=CARTESIAN_POINT('Ctrl Pts',(32.5601679570473,8.09712926513951,4.5401627140164));
#5183=CARTESIAN_POINT('Ctrl Pts',(32.644298917928,8.31002243400498,4.65843669574042));
#5184=CARTESIAN_POINT('Ctrl Pts',(32.7040395882716,8.35355357730983,4.68262066404293));
#5185=CARTESIAN_POINT('Ctrl Pts',(32.7339595183058,8.35355357730983,4.68262066404293));
#5186=CARTESIAN_POINT('Ctrl Pts',(32.5339595183058,7.71715746423185,4.45996696471468));
#5187=CARTESIAN_POINT('Ctrl Pts',(32.5127196880082,7.85979753719424,4.52611832918033));
#5188=CARTESIAN_POINT('Ctrl Pts',(32.5175318001576,8.11365322388524,4.62723201539637));
#5189=CARTESIAN_POINT('Ctrl Pts',(32.6149006965791,8.35066078760835,4.71194975627152));
#5190=CARTESIAN_POINT('Ctrl Pts',(32.6942568778132,8.3998336078214,4.7289006938649));
#5191=CARTESIAN_POINT('Ctrl Pts',(32.7339595183058,8.3998336078214,4.7289006938649));
#5192=CARTESIAN_POINT('Ctrl Pts',(32.4255528166562,7.71715746423173,4.72066056916547));
#5193=CARTESIAN_POINT('Ctrl Pts',(32.3866959016486,7.87724035702231,4.74386491085526));
#5194=CARTESIAN_POINT('Ctrl Pts',(32.3899922016968,8.17312729741091,4.77484102555109));
#5195=CARTESIAN_POINT('Ctrl Pts',(32.5450322059437,8.45254807304667,4.79859449238666));
#5196=CARTESIAN_POINT('Ctrl Pts',(32.6707706254733,8.51078766605164,4.80302399053518));
#5197=CARTESIAN_POINT('Ctrl Pts',(32.7339595183058,8.51078766605164,4.80302399053518));
#5198=CARTESIAN_POINT('Ctrl Pts',(32.1648592122054,7.71715746423168,4.82906727081509));
#5199=CARTESIAN_POINT('Ctrl Pts',(32.1515064998855,7.91849288496809,4.82863616865431));
#5200=CARTESIAN_POINT('Ctrl Pts',(32.213796892639,8.263151423969,4.82901251271321));
#5201=CARTESIAN_POINT('Ctrl Pts',(32.4616881684652,8.57709072252495,4.82882835777805));
#5202=CARTESIAN_POINT('Ctrl Pts',(32.6430881033399,8.64165711893989,4.82906727081554));
#5203=CARTESIAN_POINT('Ctrl Pts',(32.7339595183058,8.64165711893988,4.82906727081554));
#5204=CARTESIAN_POINT('Ctrl Pts',(32.0339595183058,7.71715746423168,4.82906727081509));
#5205=CARTESIAN_POINT('Ctrl Pts',(32.0339595183058,7.93930161279475,4.8290672708152));
#5206=CARTESIAN_POINT('Ctrl Pts',(32.125689053901,8.30822470519483,4.82906727081538));
#5207=CARTESIAN_POINT('Ctrl Pts',(32.4201474169834,8.6393918540218,4.82906727081554));
#5208=CARTESIAN_POINT('Ctrl Pts',(32.6292397631861,8.70710696526877,4.82906727081557));
#5209=CARTESIAN_POINT('Ctrl Pts',(32.7339595183058,8.70710696526877,4.82906727081557));
#5210=CARTESIAN_POINT('',(32.5339595183058,7.71715746423192,4.3290672708151));
#5211=CARTESIAN_POINT('',(32.5339595183058,8.66584076935065,4.82906727081555));
#5212=CARTESIAN_POINT('Ctrl Pts',(32.5339595183058,7.71715746423195,4.32906727081512));
#5213=CARTESIAN_POINT('Ctrl Pts',(32.5339595183058,7.71898926186583,4.33043261214276));
#5214=CARTESIAN_POINT('Ctrl Pts',(32.5339595183058,7.72082109583815,4.33179798055595));
#5215=CARTESIAN_POINT('Ctrl Pts',(32.5339595183058,7.73642677582933,4.34342956512866));
#5216=CARTESIAN_POINT('Ctrl Pts',(32.5339595183058,7.75029061880492,4.35376154040537));
#5217=CARTESIAN_POINT('Ctrl Pts',(32.5339595183058,7.8670337032193,4.44066589170815));
#5218=CARTESIAN_POINT('Ctrl Pts',(32.5339595183058,7.98766229305293,4.52984613318315));
#5219=CARTESIAN_POINT('Ctrl Pts',(32.5339595183058,8.17316175103004,4.65461148512533));
#5220=CARTESIAN_POINT('Ctrl Pts',(32.5339595183058,8.24666548688387,4.69962828543834));
#5221=CARTESIAN_POINT('Ctrl Pts',(32.5339595183058,8.37832261361056,4.76608815798532));
#5222=CARTESIAN_POINT('Ctrl Pts',(32.5339595183058,8.44216193917383,4.79222811956464));
#5223=CARTESIAN_POINT('Ctrl Pts',(32.5339595183058,8.56052523308583,4.82193833219241));
#5224=CARTESIAN_POINT('Ctrl Pts',(32.5339595183058,8.61284284956981,4.82906727081552));
#5225=CARTESIAN_POINT('Ctrl Pts',(32.5339595183058,8.66584076935065,4.82906727081555));
#5226=CARTESIAN_POINT('Origin',(32.7339595183058,7.71715746423168,4.82906727081509));
#5227=CARTESIAN_POINT('Origin',(32.7339595183058,7.71715746423192,4.32906727081509));
#5228=CARTESIAN_POINT('Origin',(32.7339595183058,5.23357875285137,1.84548859644152));
#5229=CARTESIAN_POINT('',(32.7339595183037,7.91530454485852,4.24437163812183));
#5230=CARTESIAN_POINT('',(32.7339595183058,5.37500010803505,1.70406723915057));
#5231=CARTESIAN_POINT('',(32.5339595183058,7.00000017878217,3.61190999605146));
#5232=CARTESIAN_POINT('Ctrl Pts',(32.5339595183058,7.00000017878216,3.61190999605145));
#5233=CARTESIAN_POINT('Ctrl Pts',(32.5339595183058,7.00145040937751,3.61274904845297));
#5234=CARTESIAN_POINT('Ctrl Pts',(32.5339669950243,7.00289654738739,3.61358638975606));
#5235=CARTESIAN_POINT('Ctrl Pts',(32.5326155235281,7.34098508514518,3.80898140733274));
#5236=CARTESIAN_POINT('Ctrl Pts',(32.6247302891072,7.67426740671409,4.00333450357229));
#5237=CARTESIAN_POINT('Ctrl Pts',(32.7339595183015,7.91530454485852,4.24437163812184));
#5238=CARTESIAN_POINT('',(32.5339595183058,5.23357875285137,1.84548859644151));
#5239=CARTESIAN_POINT('Origin',(32.5339595183058,8.50000018626451,4.82906727081547));
#5240=CARTESIAN_POINT('',(37.8480037644106,8.14644679083491,4.47551388065404));
#5241=CARTESIAN_POINT('Ctrl Pts',(37.8480037644147,8.14644679083567,4.4755138806548));
#5242=CARTESIAN_POINT('Ctrl Pts',(37.8225442191126,8.21551180694705,4.54457889573707));
#5243=CARTESIAN_POINT('Ctrl Pts',(37.7969254338862,8.28454776334855,4.61361485110988));
#5244=CARTESIAN_POINT('Ctrl Pts',(37.7711461724496,8.35355357731896,4.68262066405206));
#5245=CARTESIAN_POINT('',(33.5339595183058,8.14644679082299,4.47551388064212));
#5246=CARTESIAN_POINT('',(32.5339595183058,8.14644679082299,4.47551388064212));
#5247=CARTESIAN_POINT('Origin',(33.5339595183058,6.64644679082299,2.97551390299311));
#5248=CARTESIAN_POINT('Origin',(32.5339595183058,8.70710696526896,1.32906727081739));
#5249=CARTESIAN_POINT('',(32.7339595183058,8.70710696526896,0.829067270817385));
#5250=CARTESIAN_POINT('',(32.7339595183058,8.35355357730987,0.975513877589932));
#5251=CARTESIAN_POINT('Origin',(32.7339595183058,8.70710696526896,1.32906727081739));
#5252=CARTESIAN_POINT('',(39.0020457076023,8.35355357730914,0.975513877590659));
#5253=CARTESIAN_POINT('',(32.5339595183058,8.35355357730987,0.975513877589933));
#5254=CARTESIAN_POINT('',(39.0447907526542,8.70710696526896,0.829067270817385));
#5255=CARTESIAN_POINT('Ctrl Pts',(39.0020457076026,8.35355357730914,0.975513877590659));
#5256=CARTESIAN_POINT('Ctrl Pts',(39.0096941013742,8.37963016532744,0.949437289960822));
#5257=CARTESIAN_POINT('Ctrl Pts',(39.0164875168865,8.40862931343355,0.926208047717874));
#5258=CARTESIAN_POINT('Ctrl Pts',(39.022288952588,8.44008749146264,0.906337332667513));
#5259=CARTESIAN_POINT('Ctrl Pts',(39.0274314116503,8.46797238082715,0.888723703223983));
#5260=CARTESIAN_POINT('Ctrl Pts',(39.0317638900695,8.4976242106431,0.873853955996872));
#5261=CARTESIAN_POINT('Ctrl Pts',(39.0352134593217,8.52863647190726,0.862003802968279));
#5262=CARTESIAN_POINT('Ctrl Pts',(39.0415354025062,8.5854719024783,0.840286310523087));
#5263=CARTESIAN_POINT('Ctrl Pts',(39.0447907526542,8.64594845618343,0.829067270817386));
#5264=CARTESIAN_POINT('Ctrl Pts',(39.0447907526542,8.70710696526896,0.829067270817386));
#5265=CARTESIAN_POINT('',(32.5339595183058,8.70710696526896,0.829067270817385));
#5266=CARTESIAN_POINT('Ctrl Pts',(32.7339595183058,8.35355357730987,0.975513877589931));
#5267=CARTESIAN_POINT('Ctrl Pts',(32.7040395882716,8.35355357730986,0.975513877589931));
#5268=CARTESIAN_POINT('Ctrl Pts',(32.6442979386532,8.31002478241754,0.999696541218809));
#5269=CARTESIAN_POINT('Ctrl Pts',(32.5601653853851,8.0971324108355,1.11797008000749));
#5270=CARTESIAN_POINT('Ctrl Pts',(32.5339595183058,7.85996441806195,1.24973007490203));
#5271=CARTESIAN_POINT('Ctrl Pts',(32.5339595183058,7.71715746423208,1.3290672708174));
#5272=CARTESIAN_POINT('Ctrl Pts',(32.7339595183058,8.39983360782147,0.929233847767957));
#5273=CARTESIAN_POINT('Ctrl Pts',(32.6942568778132,8.39983360782146,0.929233847767958));
#5274=CARTESIAN_POINT('Ctrl Pts',(32.6149034683223,8.35066434413821,0.946182984979406));
#5275=CARTESIAN_POINT('Ctrl Pts',(32.5175346077386,8.11365978551454,1.03090068536957));
#5276=CARTESIAN_POINT('Ctrl Pts',(32.5127196880082,7.85979753719442,1.13201621245225));
#5277=CARTESIAN_POINT('Ctrl Pts',(32.5339595183058,7.71715746423208,1.19816757691782));
#5278=CARTESIAN_POINT('Ctrl Pts',(32.7339595183058,8.51078729805588,0.855109662677043));
#5279=CARTESIAN_POINT('Ctrl Pts',(32.6707706254733,8.51078729805588,0.855109662677044));
#5280=CARTESIAN_POINT('Ctrl Pts',(32.5450267432424,8.45255165061379,0.859538765324491));
#5281=CARTESIAN_POINT('Ctrl Pts',(32.3899751662065,8.17313138459589,0.883293017311555));
#5282=CARTESIAN_POINT('Ctrl Pts',(32.3867059596368,7.8772403570226,0.914259572789145));
#5283=CARTESIAN_POINT('Ctrl Pts',(32.4255628746444,7.71715746423208,0.937463914478861));
#5284=CARTESIAN_POINT('Ctrl Pts',(32.7339595183058,8.64165711894006,0.829067270817384));
#5285=CARTESIAN_POINT('Ctrl Pts',(32.64308810334,8.64165711894005,0.829067270817384));
#5286=CARTESIAN_POINT('Ctrl Pts',(32.4616855318421,8.57709472916641,0.829300564030473));
#5287=CARTESIAN_POINT('Ctrl Pts',(32.2137891234384,8.26315745510603,0.829112127367536));
#5288=CARTESIAN_POINT('Ctrl Pts',(32.1515064998856,7.91849288496842,0.829498372978269));
#5289=CARTESIAN_POINT('Ctrl Pts',(32.1648592122054,7.71715746423207,0.829067270817387));
#5290=CARTESIAN_POINT('Ctrl Pts',(32.7339595183058,8.70710696526896,0.829067270817384));
#5291=CARTESIAN_POINT('Ctrl Pts',(32.6292397631862,8.70710696526896,0.829067270817384));
#5292=CARTESIAN_POINT('Ctrl Pts',(32.4201439895216,8.63939550710811,0.829067270817385));
#5293=CARTESIAN_POINT('Ctrl Pts',(32.1256800530832,8.3082295984998,0.829067270817384));
#5294=CARTESIAN_POINT('Ctrl Pts',(32.0339595183058,7.93930161279509,0.829067270817387));
#5295=CARTESIAN_POINT('Ctrl Pts',(32.0339595183058,7.71715746423207,0.829067270817387));
#5296=CARTESIAN_POINT('',(32.5339595183058,8.66584076935085,0.829067270817738));
#5297=CARTESIAN_POINT('',(32.5339595183058,7.71715746423209,1.32906727081739));
#5298=CARTESIAN_POINT('Ctrl Pts',(32.5339595183058,8.66584076935085,0.829067270817385));
#5299=CARTESIAN_POINT('Ctrl Pts',(32.5339595183058,8.61284284957,0.829067270817385));
#5300=CARTESIAN_POINT('Ctrl Pts',(32.5339595183058,8.56052523308601,0.836196209440473));
#5301=CARTESIAN_POINT('Ctrl Pts',(32.5339595183058,8.44216193917399,0.865906422068201));
#5302=CARTESIAN_POINT('Ctrl Pts',(32.5339595183058,8.3783226136107,0.8920463836475));
#5303=CARTESIAN_POINT('Ctrl Pts',(32.5339595183058,8.2466654868762,0.95850625619837));
#5304=CARTESIAN_POINT('Ctrl Pts',(32.5339595183058,8.17316175101395,1.00352305651734));
#5305=CARTESIAN_POINT('Ctrl Pts',(32.5339595183058,7.98766229302948,1.12828840846661));
#5306=CARTESIAN_POINT('Ctrl Pts',(32.5339595183058,7.86703370318232,1.21746864995194));
#5307=CARTESIAN_POINT('Ctrl Pts',(32.5339595183058,7.75029061873602,1.3043730012786));
#5308=CARTESIAN_POINT('Ctrl Pts',(32.5339595183058,7.73642680405065,1.31470495546993));
#5309=CARTESIAN_POINT('Ctrl Pts',(32.5339595183058,7.72082107700842,1.3263365751108));
#5310=CARTESIAN_POINT('Ctrl Pts',(32.5339595183058,7.71898928069495,1.32770191545546));
#5311=CARTESIAN_POINT('Ctrl Pts',(32.5339595183058,7.71715746423208,1.3290672708174));
#5312=CARTESIAN_POINT('Origin',(32.7339595183058,7.71715746423209,1.32906727081738));
#5313=CARTESIAN_POINT('Origin',(32.7339595183058,7.71715746423209,0.829067270817385));
#5314=CARTESIAN_POINT('Origin',(32.5339595183058,8.50000018626464,0.829067270817385));
#5315=CARTESIAN_POINT('',(39.0447907526542,12.5000001862645,0.829067270817385));
#5316=CARTESIAN_POINT('Ctrl Pts',(39.0447907526542,12.5000001862645,0.829067270817385));
#5317=CARTESIAN_POINT('Ctrl Pts',(39.0447907526542,11.2357024459327,0.829067270817385));
#5318=CARTESIAN_POINT('Ctrl Pts',(39.0447907526542,9.97140470560086,0.829067270817385));
#5319=CARTESIAN_POINT('Ctrl Pts',(39.0447907526541,8.70710696526903,0.829067270817385));
#5320=CARTESIAN_POINT('',(32.7339595183058,12.5000001862645,0.829067270817385));
#5321=CARTESIAN_POINT('',(32.5339595183058,12.5000001862645,0.829067270817385));
#5322=CARTESIAN_POINT('',(32.5339595183058,12.7828428460559,0.829067270817738));
#5323=CARTESIAN_POINT('Origin',(32.7339595183058,12.7828428460556,0.829067270817385));
#5324=CARTESIAN_POINT('',(32.5339595183058,0.,0.829067270817738));
#5325=CARTESIAN_POINT('Ctrl Pts',(32.5339595183058,7.00000017878218,2.04622454558082));
#5326=CARTESIAN_POINT('Ctrl Pts',(32.5339595183058,7.00202467935586,2.04505324077656));
#5327=CARTESIAN_POINT('Ctrl Pts',(32.5339709122882,7.00404456204301,2.04388362354388));
#5328=CARTESIAN_POINT('Ctrl Pts',(32.5328370737035,7.34185620384137,1.84866129517259));
#5329=CARTESIAN_POINT('Ctrl Pts',(32.6249225981367,7.67469177680551,1.65437566797275));
#5330=CARTESIAN_POINT('Ctrl Pts',(32.7339595182984,7.91530454485169,1.41376290351768));
#5331=CARTESIAN_POINT('Ctrl Pts',(32.5339595183058,7.00000017878218,2.04622454558082));
#5332=CARTESIAN_POINT('Ctrl Pts',(32.5339008483237,7.00228037342501,2.04559868077688));
#5333=CARTESIAN_POINT('Ctrl Pts',(32.5340334369885,7.00383302118223,2.04441057402794));
#5334=CARTESIAN_POINT('Ctrl Pts',(32.5302272616445,7.35025091702914,1.91364205965477));
#5335=CARTESIAN_POINT('Ctrl Pts',(32.7076290366394,7.65977459018173,1.7589677306504));
#5336=CARTESIAN_POINT('Ctrl Pts',(32.8370708393533,7.83353354410477,1.49553390305151));
#5337=CARTESIAN_POINT('Ctrl Pts',(32.5339595183058,7.00000017878218,2.04622454558082));
#5338=CARTESIAN_POINT('Ctrl Pts',(32.5340051528414,7.00226503057549,2.04584010196317));
#5339=CARTESIAN_POINT('Ctrl Pts',(32.5339447880325,7.00388257600143,2.04522876107997));
#5340=CARTESIAN_POINT('Ctrl Pts',(32.5309363921225,7.35185194212479,1.97107377223429));
#5341=CARTESIAN_POINT('Ctrl Pts',(32.7503470385302,7.66438610663464,1.88240201985929));
#5342=CARTESIAN_POINT('Ctrl Pts',(32.9389506352601,7.80701963411265,1.63060870634721));
#5343=CARTESIAN_POINT('Ctrl Pts',(32.5339595183058,7.00000017878218,2.04622454558082));
#5344=CARTESIAN_POINT('Ctrl Pts',(32.5339595183058,7.0020608422812,2.0461197354665));
#5345=CARTESIAN_POINT('Ctrl Pts',(32.5339861042647,7.00411598525903,2.04601295003013));
#5346=CARTESIAN_POINT('Ctrl Pts',(32.5313404809007,7.34814817012731,2.02902725980637));
#5347=CARTESIAN_POINT('Ctrl Pts',(32.7462067045778,7.685496836099,2.0079290611931));
#5348=CARTESIAN_POINT('Ctrl Pts',(33.0006261849552,7.84590534813458,1.76731629674515));
#5349=CARTESIAN_POINT('',(33.0006261849552,7.84590534813458,1.76731629674514));
#5350=CARTESIAN_POINT('',(32.7339595183021,7.91530454485169,1.41376290351768));
#5351=CARTESIAN_POINT('Origin',(32.7339595182799,8.26885793281079,1.76731629674514));
#5352=CARTESIAN_POINT('',(32.5339595183058,7.00000017878217,2.04622454558083));
#5353=CARTESIAN_POINT('Ctrl Pts',(32.7339595182984,7.91530454485169,1.41376290351768));
#5354=CARTESIAN_POINT('Ctrl Pts',(32.6249225981367,7.67469177680551,1.65437566797275));
#5355=CARTESIAN_POINT('Ctrl Pts',(32.5328370737035,7.34185620384137,1.84866129517259));
#5356=CARTESIAN_POINT('Ctrl Pts',(32.5339709122882,7.00404456204301,2.04388362354388));
#5357=CARTESIAN_POINT('Ctrl Pts',(32.5339595183058,7.00202467935586,2.04505324077656));
#5358=CARTESIAN_POINT('Ctrl Pts',(32.5339595183058,7.00000017878218,2.04622454558082));
#5359=CARTESIAN_POINT('Ctrl Pts',(32.5339595183058,7.00000017878218,2.04622454558082));
#5360=CARTESIAN_POINT('Ctrl Pts',(32.5339595183058,7.0020608422812,2.0461197354665));
#5361=CARTESIAN_POINT('Ctrl Pts',(32.5339861042647,7.00411598525903,2.04601295003013));
#5362=CARTESIAN_POINT('Ctrl Pts',(32.5313404809007,7.34814817012731,2.02902725980637));
#5363=CARTESIAN_POINT('Ctrl Pts',(32.7462067045778,7.685496836099,2.0079290611931));
#5364=CARTESIAN_POINT('Ctrl Pts',(33.0006261849552,7.84590534813458,1.76731629674515));
#5365=CARTESIAN_POINT('Ctrl Pts',(33.5339595183058,8.00000017878217,1.53617405421804));
#5366=CARTESIAN_POINT('Ctrl Pts',(33.346447436786,8.00000017878217,1.53617405421804));
#5367=CARTESIAN_POINT('Ctrl Pts',(33.1592436240335,7.94591179161688,1.61730663375702));
#5368=CARTESIAN_POINT('Ctrl Pts',(33.0006261849593,7.84590534813718,1.76731629674124));
#5369=CARTESIAN_POINT('Ctrl Pts',(33.5339595183058,8.00000017878217,1.4052743590767));
#5370=CARTESIAN_POINT('Ctrl Pts',(33.3219676171453,8.00000017878217,1.4052743590767));
#5371=CARTESIAN_POINT('Ctrl Pts',(33.110151249364,7.93160022324501,1.48472029868886));
#5372=CARTESIAN_POINT('Ctrl Pts',(32.938950635259,7.80701963411234,1.6306087063423));
#5373=CARTESIAN_POINT('Ctrl Pts',(33.5339595183058,8.05388672804376,1.27518072239066));
#5374=CARTESIAN_POINT('Ctrl Pts',(33.2874520359543,8.05388672804376,1.27518072239066));
#5375=CARTESIAN_POINT('Ctrl Pts',(33.0411394871485,7.97657488875146,1.35301262751665));
#5376=CARTESIAN_POINT('Ctrl Pts',(32.8370708393452,7.83353354410513,1.49553390304577));
#5377=CARTESIAN_POINT('Ctrl Pts',(33.5339595183058,8.14644679082308,1.18262066099059));
#5378=CARTESIAN_POINT('Ctrl Pts',(33.2526913960261,8.14644679082308,1.18262066099059));
#5379=CARTESIAN_POINT('Ctrl Pts',(32.9718856768973,8.06531421007513,1.26375324052956));
#5380=CARTESIAN_POINT('Ctrl Pts',(32.7339595182861,7.9153045448556,1.41376290351378));
#5381=CARTESIAN_POINT('',(33.5339595183058,8.00000017878217,1.53617405421804));
#5382=CARTESIAN_POINT('',(33.5339595183058,8.14644679082308,1.18262066099059));
#5383=CARTESIAN_POINT('Origin',(33.5339595183058,8.50000017878217,1.53617405421804));
#5384=CARTESIAN_POINT('Origin',(33.5339595183058,6.64644679082308,2.68262063863884));
#5385=CARTESIAN_POINT('Origin',(33.5339595183058,7.00000017878217,3.0361740318663));
#5386=CARTESIAN_POINT('Origin',(32.5339595183058,8.50000017878217,1.53617405421804));
#5387=CARTESIAN_POINT('',(38.8345064612229,8.00000017878217,1.53617405427144));
#5388=CARTESIAN_POINT('',(38.9408806420742,8.14644679081492,1.18262066099875));
#5389=CARTESIAN_POINT('Ctrl Pts',(38.8345064612324,8.00000017878217,1.53617405429355));
#5390=CARTESIAN_POINT('Ctrl Pts',(38.839122794115,8.00000017877988,1.52100875987693));
#5391=CARTESIAN_POINT('Ctrl Pts',(38.8437311792619,8.00069013711053,1.50584675459981));
#5392=CARTESIAN_POINT('Ctrl Pts',(38.848317393288,8.00206915506176,1.49073513239173));
#5393=CARTESIAN_POINT('Ctrl Pts',(38.8533203884148,8.00357349394573,1.47425021218647));
#5394=CARTESIAN_POINT('Ctrl Pts',(38.8582930015786,8.00589662206569,1.45783841308622));
#5395=CARTESIAN_POINT('Ctrl Pts',(38.863217031948,8.00903342989196,1.44156088661342));
#5396=CARTESIAN_POINT('Ctrl Pts',(38.8730688054373,8.0153094107178,1.40899356030814));
#5397=CARTESIAN_POINT('Ctrl Pts',(38.8826998505034,8.02482597725354,1.37704981977774));
#5398=CARTESIAN_POINT('Ctrl Pts',(38.8919684009604,8.03748941693597,1.34621670326172));
#5399=CARTESIAN_POINT('Ctrl Pts',(38.9102304950509,8.06244055984266,1.28546531850819));
#5400=CARTESIAN_POINT('Ctrl Pts',(38.9268631690942,8.09930779024256,1.22975966087001));
#5401=CARTESIAN_POINT('Ctrl Pts',(38.9408806420787,8.14644679082308,1.18262066099192));
#5402=CARTESIAN_POINT('',(32.5339595183058,8.14644679082308,1.18262066099059));
#5403=CARTESIAN_POINT('',(32.5339595183058,8.00000017878217,1.53617405421804));
#5404=CARTESIAN_POINT('Origin',(32.5339595183058,8.00000017878217,4.32906727078346));
#5405=CARTESIAN_POINT('',(33.5339595183058,8.00000017878217,4.12196048741476));
#5406=CARTESIAN_POINT('',(33.5339595183058,8.00000017878217,2.57906727080061));
#5407=CARTESIAN_POINT('',(37.9768603247398,8.00000017878217,4.12196050136104));
#5408=CARTESIAN_POINT('',(32.5339595183058,8.00000017878217,4.12196048741476));
#5409=CARTESIAN_POINT('Ctrl Pts',(38.8345064612378,8.00000017878217,1.53617405427597));
#5410=CARTESIAN_POINT('Ctrl Pts',(38.570063809494,8.00000017878217,2.4049048785094));
#5411=CARTESIAN_POINT('Ctrl Pts',(38.2847459380908,8.00000017878217,3.26748199021637));
#5412=CARTESIAN_POINT('Ctrl Pts',(37.9768603291875,8.00000017878217,4.12196050296363));
#5413=CARTESIAN_POINT('Origin',(33.5339595183058,7.00000017878217,2.57906727080061));
#5414=CARTESIAN_POINT('',(32.5339595183058,7.00000017878217,2.5790672708006));
#5415=CARTESIAN_POINT('',(33.0006261849625,7.8459053481392,3.89081824489449));
#5416=CARTESIAN_POINT('Ctrl Pts',(33.0006261849625,7.8459053481392,3.89081824489449));
#5417=CARTESIAN_POINT('Ctrl Pts',(32.7457579835085,7.68521392270671,3.64978111034885));
#5418=CARTESIAN_POINT('Ctrl Pts',(32.5308235304908,7.34725135802775,3.62908954214892));
#5419=CARTESIAN_POINT('Ctrl Pts',(32.5339769639823,7.00294773690021,3.61206142116149));
#5420=CARTESIAN_POINT('Ctrl Pts',(32.5339595183058,7.00147631432571,3.6119850757238));
#5421=CARTESIAN_POINT('Ctrl Pts',(32.5339595183058,7.00000017878216,3.61190999605145));
#5422=CARTESIAN_POINT('Origin',(33.5339595183058,7.00000017878217,2.62196050976575));
#5423=CARTESIAN_POINT('Origin',(32.7339595183058,5.98357874910854,3.0626459601086));
#5424=CARTESIAN_POINT('',(32.5339595183058,5.98357874910854,3.06264596010859));
#5425=CARTESIAN_POINT('',(32.7339595183058,6.12500010429218,3.20406731739958));
#5426=CARTESIAN_POINT('Ctrl Pts',(32.5339595183058,7.00000017878216,3.61190999605145));
#5427=CARTESIAN_POINT('Ctrl Pts',(32.5339595183058,7.00147631432571,3.6119850757238));
#5428=CARTESIAN_POINT('Ctrl Pts',(32.5339769639823,7.00294773690021,3.61206142116149));
#5429=CARTESIAN_POINT('Ctrl Pts',(32.5308235304908,7.34725135802775,3.62908954214892));
#5430=CARTESIAN_POINT('Ctrl Pts',(32.7457579835085,7.68521392270671,3.64978111034885));
#5431=CARTESIAN_POINT('Ctrl Pts',(33.0006261849625,7.8459053481392,3.89081824489449));
#5432=CARTESIAN_POINT('Ctrl Pts',(32.5339595183058,7.00000017878216,3.61190999605145));
#5433=CARTESIAN_POINT('Ctrl Pts',(32.5340046461968,7.00167944130959,3.61216530822412));
#5434=CARTESIAN_POINT('Ctrl Pts',(32.5339360150952,7.00272836534133,3.61264145611536));
#5435=CARTESIAN_POINT('Ctrl Pts',(32.5303945191784,7.35097934132891,3.68694194583074));
#5436=CARTESIAN_POINT('Ctrl Pts',(32.7500104015654,7.66416004084152,3.77523686579126));
#5437=CARTESIAN_POINT('Ctrl Pts',(32.9389506352656,7.80701963411688,4.02752583529267));
#5438=CARTESIAN_POINT('Ctrl Pts',(32.5339595183058,7.00000017878216,3.61190999605145));
#5439=CARTESIAN_POINT('Ctrl Pts',(32.5339040665942,7.00169731471074,3.61230860705453));
#5440=CARTESIAN_POINT('Ctrl Pts',(32.5340235814967,7.00268652964712,3.61325467371752));
#5441=CARTESIAN_POINT('Ctrl Pts',(32.5298074722618,7.34939082380221,3.74407827784045));
#5442=CARTESIAN_POINT('Ctrl Pts',(32.7073692865826,7.65949081573143,3.89872496816392));
#5443=CARTESIAN_POINT('Ctrl Pts',(32.837070839357,7.83353354410989,4.16260063858855));
#5444=CARTESIAN_POINT('Ctrl Pts',(32.5339595183058,7.00000017878216,3.61190999605145));
#5445=CARTESIAN_POINT('Ctrl Pts',(32.5339595183058,7.00145040937751,3.61274904845297));
#5446=CARTESIAN_POINT('Ctrl Pts',(32.5339669950243,7.00289654738739,3.61358638975606));
#5447=CARTESIAN_POINT('Ctrl Pts',(32.5326155235281,7.34098508514518,3.80898140733274));
#5448=CARTESIAN_POINT('Ctrl Pts',(32.6247302891072,7.67426740671409,4.00333450357229));
#5449=CARTESIAN_POINT('Ctrl Pts',(32.7339595183015,7.91530454485852,4.24437163812184));
#5450=CARTESIAN_POINT('Origin',(32.7339595182909,8.26885793281772,3.89081824489449));
#5451=CARTESIAN_POINT('Ctrl Pts',(33.0006261849649,7.8459053481407,3.89081824489672));
#5452=CARTESIAN_POINT('Ctrl Pts',(33.1592436240378,7.94591179161817,4.04082790787769));
#5453=CARTESIAN_POINT('Ctrl Pts',(33.3464474367882,8.00000017878217,4.12196048741476));
#5454=CARTESIAN_POINT('Ctrl Pts',(33.5339595183058,8.00000017878217,4.12196048741476));
#5455=CARTESIAN_POINT('Ctrl Pts',(32.938950635265,7.8070196341167,4.02752583529548));
#5456=CARTESIAN_POINT('Ctrl Pts',(33.1101512493689,7.93160022324665,4.17341424294577));
#5457=CARTESIAN_POINT('Ctrl Pts',(33.3219676171477,8.00000017878217,4.25286018255605));
#5458=CARTESIAN_POINT('Ctrl Pts',(33.5339595183058,8.00000017878217,4.25286018255605));
#5459=CARTESIAN_POINT('Ctrl Pts',(32.8370708393524,7.8335335441101,4.16260063859185));
#5460=CARTESIAN_POINT('Ctrl Pts',(33.0411394871542,7.97657488875328,4.30512191411789));
#5461=CARTESIAN_POINT('Ctrl Pts',(33.2874520359571,8.05388672804372,4.38295381924206));
#5462=CARTESIAN_POINT('Ctrl Pts',(33.5339595183058,8.05388672804372,4.38295381924206));
#5463=CARTESIAN_POINT('Ctrl Pts',(32.7339595182944,7.91530454486078,4.24437163812408));
#5464=CARTESIAN_POINT('Ctrl Pts',(32.9718856769038,8.06531421007699,4.39438130110505));
#5465=CARTESIAN_POINT('Ctrl Pts',(33.2526913960294,8.14644679082299,4.47551388064212));
#5466=CARTESIAN_POINT('Ctrl Pts',(33.5339595183058,8.14644679082299,4.47551388064212));
#5467=CARTESIAN_POINT('Origin',(33.5339595183058,8.50000017878217,4.12196048741476));
#5468=CARTESIAN_POINT('Origin',(32.5339595183058,8.50000017878217,4.12196048741476));
#5469=CARTESIAN_POINT('Ctrl Pts',(37.848003764415,8.14644679083491,4.47551388065404));
#5470=CARTESIAN_POINT('Ctrl Pts',(37.8654944294413,8.09899924031555,4.42806633084488));
#5471=CARTESIAN_POINT('Ctrl Pts',(37.8860523071301,8.06208650056346,4.37207256819962));
#5472=CARTESIAN_POINT('Ctrl Pts',(37.9082538764464,8.03719697616337,4.3112042340648));
#5473=CARTESIAN_POINT('Ctrl Pts',(37.9207978395324,8.0231343092025,4.27681341575741));
#5474=CARTESIAN_POINT('Ctrl Pts',(37.9337937507673,8.01299145052102,4.24106765462009));
#5475=CARTESIAN_POINT('Ctrl Pts',(37.9469883364413,8.00688404864032,4.20464350981926));
#5476=CARTESIAN_POINT('Ctrl Pts',(37.9568907021234,8.00230052261802,4.17730766082883));
#5477=CARTESIAN_POINT('Ctrl Pts',(37.9668827761823,8.00000017946578,4.14965132191144));
#5478=CARTESIAN_POINT('Ctrl Pts',(37.9768603291875,8.00000017878217,4.12196050296363));
#5479=CARTESIAN_POINT('Origin',(18.2230726118198,12.8,4.81191011048142));
#5480=CARTESIAN_POINT('',(37.7226446256445,13.,4.81191011048142));
#5481=CARTESIAN_POINT('',(37.7756766447766,12.6585786174313,4.67048878057547));
#5482=CARTESIAN_POINT('Ctrl Pts',(37.7226446256439,13.,4.81191011048313));
#5483=CARTESIAN_POINT('Ctrl Pts',(37.7258969739313,13.0000000000001,4.80327635497906));
#5484=CARTESIAN_POINT('Ctrl Pts',(37.7291452046888,12.9994409370423,4.79464630880917));
#5485=CARTESIAN_POINT('Ctrl Pts',(37.7323689294852,12.9983242576495,4.7860743053312));
#5486=CARTESIAN_POINT('Ctrl Pts',(37.7374389263705,12.9965680404161,4.7725929960758));
#5487=CARTESIAN_POINT('Ctrl Pts',(37.7424367707432,12.9934365744973,4.75928583297711));
#5488=CARTESIAN_POINT('Ctrl Pts',(37.7472834187234,12.9889547511962,4.74636545393496));
#5489=CARTESIAN_POINT('Ctrl Pts',(37.7550806562986,12.981744439824,4.72557928061185));
#5490=CARTESIAN_POINT('Ctrl Pts',(37.7624308151506,12.9710902054666,4.70594235832463));
#5491=CARTESIAN_POINT('Ctrl Pts',(37.7690083607603,12.9572607568616,4.68834209539934));
#5492=CARTESIAN_POINT('Ctrl Pts',(37.7765650286774,12.9413726799425,4.66812188712211));
#5493=CARTESIAN_POINT('Ctrl Pts',(37.7829835296463,12.9215389306138,4.65090754934489));
#5494=CARTESIAN_POINT('Ctrl Pts',(37.7878212809498,12.8986287889726,4.63792056488275));
#5495=CARTESIAN_POINT('Ctrl Pts',(37.7924134454493,12.876881672901,4.6255928602818));
#5496=CARTESIAN_POINT('Ctrl Pts',(37.7954757855537,12.8528517740145,4.61735877669141));
#5497=CARTESIAN_POINT('Ctrl Pts',(37.7967839089484,12.8277288482884,4.6138416602838));
#5498=CARTESIAN_POINT('Ctrl Pts',(37.7980333309959,12.8037333006007,4.61048237261955));
#5499=CARTESIAN_POINT('Ctrl Pts',(37.7976496952714,12.7793501766478,4.6115145903188));
#5500=CARTESIAN_POINT('Ctrl Pts',(37.795660117416,12.7557668019927,4.61686287467931));
#5501=CARTESIAN_POINT('Ctrl Pts',(37.793695847233,12.7324834107338,4.62214312821175));
#5502=CARTESIAN_POINT('Ctrl Pts',(37.790213857263,12.710532081133,4.6315016374606));
#5503=CARTESIAN_POINT('Ctrl Pts',(37.7854366865187,12.6908496773877,4.64432071023897));
#5504=CARTESIAN_POINT('Ctrl Pts',(37.7825886548166,12.679115512368,4.65196312614133));
#5505=CARTESIAN_POINT('Ctrl Pts',(37.7793122133928,12.6683174771143,4.66074950478842));
#5506=CARTESIAN_POINT('Ctrl Pts',(37.7756766447729,12.658578617432,4.67048878057479));
#5507=CARTESIAN_POINT('',(32.7339595183058,12.6585786174209,4.6704887805859));
#5508=CARTESIAN_POINT('',(18.2230726118198,12.6585786174209,4.6704887805859));
#5509=CARTESIAN_POINT('',(32.7339595183058,13.,4.81191011048142));
#5510=CARTESIAN_POINT('Origin',(32.7339595183058,12.8,4.81191011048142));
#5511=CARTESIAN_POINT('',(18.2230726118198,13.,4.81191011048142));
#5512=CARTESIAN_POINT('Origin',(32.7339595183058,10.7664225932985,6.84548827474981));
#5513=CARTESIAN_POINT('',(32.5339595183058,12.8,4.81191011048142));
#5514=CARTESIAN_POINT('Origin',(32.7339595183058,12.8,4.81191011048142));
#5515=CARTESIAN_POINT('',(32.7339595183058,12.5000001862645,4.82906727081739));
#5516=CARTESIAN_POINT('',(32.7339595183058,10.6250012107194,6.70406694485429));
#5517=CARTESIAN_POINT('',(32.5339595183058,12.7828428460554,4.82906727081752));
#5518=CARTESIAN_POINT('Origin',(32.7339595183058,12.7828428460554,4.82906727081752));
#5519=CARTESIAN_POINT('',(32.5339595183058,10.7664225932985,6.84548827474981));
#5520=CARTESIAN_POINT('Origin',(32.7339595183058,12.8,4.81191011048142));
#5521=CARTESIAN_POINT('Origin',(32.7339595183058,12.8,4.81191011048142));
#5522=CARTESIAN_POINT('Origin',(32.7339595183058,12.8,1.3398836249336));
#5523=CARTESIAN_POINT('',(32.5339595183057,12.8,9.82906727081776));
#5524=CARTESIAN_POINT('',(32.5339595183058,12.8,1.3398836249336));
#5525=CARTESIAN_POINT('',(32.7339595183057,13.,9.6922251655546));
#5526=CARTESIAN_POINT('Origin',(32.7339595183057,12.8,9.6922251655546));
#5527=CARTESIAN_POINT('',(32.7339595183058,13.,1.3398836249336));
#5528=CARTESIAN_POINT('Origin',(32.5339595183058,0.,0.829067270817738));
#5529=CARTESIAN_POINT('',(32.5339595183058,6.2500000931313,4.82906727081439));
#5530=CARTESIAN_POINT('',(32.5339595183058,0.,0.829067270817738));
#5531=CARTESIAN_POINT('',(32.5339595183057,0.,9.82906727081776));
#5532=CARTESIAN_POINT('Origin',(32.7339595183059,9.51642268643102,-2.43735410564396));
#5533=CARTESIAN_POINT('',(32.7339595183058,12.6585786174209,0.98764576104887));
#5534=CARTESIAN_POINT('',(32.7339595183059,9.37500130385193,-2.29593277574844));
#5535=CARTESIAN_POINT('',(32.5339595183058,12.8,0.846224431153346));
#5536=CARTESIAN_POINT('Origin',(32.7339595183058,12.8,0.846224431153348));
#5537=CARTESIAN_POINT('',(32.5339595183059,9.51642268643102,-2.43735410564396));
#5538=CARTESIAN_POINT('Origin',(18.2230726118198,12.8,0.846224431153345));
#5539=CARTESIAN_POINT('',(38.9984859306083,12.6585786174364,0.987645761064406));
#5540=CARTESIAN_POINT('',(39.0398044094454,13.,0.846224431153346));
#5541=CARTESIAN_POINT('Ctrl Pts',(38.9984859306125,12.6585786174364,0.987645761065638));
#5542=CARTESIAN_POINT('Ctrl Pts',(38.9970143869413,12.6635916448533,0.992658828484478));
#5543=CARTESIAN_POINT('Ctrl Pts',(38.9956157246477,12.6688869881917,0.997421106483466));
#5544=CARTESIAN_POINT('Ctrl Pts',(38.9942977814791,12.6744490336705,1.00190665510241));
#5545=CARTESIAN_POINT('Ctrl Pts',(38.9895681380183,12.6944092964895,1.01800374198583));
#5546=CARTESIAN_POINT('Ctrl Pts',(38.9859726793999,12.7174079216569,1.03021592645161));
#5547=CARTESIAN_POINT('Ctrl Pts',(38.9837650980357,12.7422703163269,1.03771146367295));
#5548=CARTESIAN_POINT('Ctrl Pts',(38.9816277578703,12.7663416350996,1.04496850661763));
#5549=CARTESIAN_POINT('Ctrl Pts',(38.9808419182402,12.7916048482009,1.04763359501687));
#5550=CARTESIAN_POINT('Ctrl Pts',(38.9814639108291,12.8167379818653,1.04552280034656));
#5551=CARTESIAN_POINT('Ctrl Pts',(38.9820614138725,12.8408815554723,1.04349511342251));
#5552=CARTESIAN_POINT('Ctrl Pts',(38.9839442694075,12.8643615796924,1.03710665552968));
#5553=CARTESIAN_POINT('Ctrl Pts',(38.9869904354577,12.8860711744896,1.02675629239114));
#5554=CARTESIAN_POINT('Ctrl Pts',(38.9899727336491,12.9073255920863,1.01662294156267));
#5555=CARTESIAN_POINT('Ctrl Pts',(38.994012243007,12.9264784792227,1.00288757442845));
#5556=CARTESIAN_POINT('Ctrl Pts',(38.998881360329,12.9427558295904,0.986298601213212));
#5557=CARTESIAN_POINT('Ctrl Pts',(39.0045522854327,12.9617136054498,0.966977886917093));
#5558=CARTESIAN_POINT('Ctrl Pts',(39.0112405285024,12.9764174912801,0.944152686026003));
#5559=CARTESIAN_POINT('Ctrl Pts',(39.0185041306576,12.9861737110278,0.919295282538761));
#5560=CARTESIAN_POINT('Ctrl Pts',(39.0224016951125,12.9914087850987,0.905957088870604));
#5561=CARTESIAN_POINT('Ctrl Pts',(39.0264391534511,12.9951847084788,0.892122199421361));
#5562=CARTESIAN_POINT('Ctrl Pts',(39.0305450738651,12.9974544411445,0.878032349543728));
#5563=CARTESIAN_POINT('Ctrl Pts',(39.0336113336369,12.9991494545066,0.86751019238658));
#5564=CARTESIAN_POINT('Ctrl Pts',(39.0367076823326,13.0000000000001,0.856873660289663));
#5565=CARTESIAN_POINT('Ctrl Pts',(39.0398044094459,13.,0.846224431151626));
#5566=CARTESIAN_POINT('',(32.7339595183058,13.,0.846224431153345));
#5567=CARTESIAN_POINT('',(18.2230726118198,13.,0.846224431153345));
#5568=CARTESIAN_POINT('Origin',(32.7339595183058,12.8,0.846224431153345));
#5569=CARTESIAN_POINT('',(18.2230726118198,12.6585786174209,0.987645761048867));
#5570=CARTESIAN_POINT('Origin',(32.7339595183058,12.8,0.846224431153348));
#5571=CARTESIAN_POINT('Origin',(32.7339595183058,12.8,0.846224431153348));
#5572=CARTESIAN_POINT('Origin',(32.5339595183058,0.,0.829067270817738));
#5573=CARTESIAN_POINT('',(32.5339595183058,12.8,0.829067270817738));
#5574=CARTESIAN_POINT('',(32.5339595183058,12.8,1.3398836249336));
#5575=CARTESIAN_POINT('',(32.5339595183058,0.,0.829067270817738));
#5576=CARTESIAN_POINT('Origin',(32.7339595183058,12.8,1.3398836249336));
#5577=CARTESIAN_POINT('',(32.7339595183058,13.,0.705460473067766));
#5578=CARTESIAN_POINT('',(32.7339595183058,13.,1.3398836249336));
#5579=CARTESIAN_POINT('Origin',(32.7339595183058,12.8,0.705460473067767));
#5580=CARTESIAN_POINT('Origin',(3.91218570533376,13.,1.85069997904916));
#5581=CARTESIAN_POINT('',(32.5339595183057,13.,9.82906727081776));
#5582=CARTESIAN_POINT('',(40.7339595183053,13.,50.5290672708178));
#5583=CARTESIAN_POINT('',(40.7339595183052,13.,43.1767006542963));
#5584=CARTESIAN_POINT('',(12.2569085351811,13.,50.5290672708178));
#5585=CARTESIAN_POINT('',(22.3230726118195,13.,50.5290672708178));
#5586=CARTESIAN_POINT('',(-8.10680507688285,13.,40.3472104647856));
#5587=CARTESIAN_POINT('',(-0.869440459611734,13.,43.9658927734212));
#5588=CARTESIAN_POINT('',(-34.6435932404045,13.,36.5562407271393));
#5589=CARTESIAN_POINT('',(-34.6436065212593,13.,36.5562388298744));
#5590=CARTESIAN_POINT('',(-41.1661295073386,13.,20.50076797843));
#5591=CARTESIAN_POINT('',(-34.6435933608002,13.,36.5562415699096));
#5592=CARTESIAN_POINT('',(-41.1661295073386,13.,-18.836761076924));
#5593=CARTESIAN_POINT('',(-41.1661295073386,13.,20.50076797843));
#5594=CARTESIAN_POINT('',(-33.6289959190176,13.,-35.9209305437843));
#5595=CARTESIAN_POINT('',(-33.6289959190176,13.,-35.9209305437843));
#5596=CARTESIAN_POINT('',(-11.6498505997118,13.,-35.8731685576405));
#5597=CARTESIAN_POINT('',(-10.620965443309,13.,-35.8709327291827));
#5598=CARTESIAN_POINT('',(12.7499538642295,13.,-49.3709327291822));
#5599=CARTESIAN_POINT('',(-13.2879708814916,13.,-34.9669743592092));
#5600=CARTESIAN_POINT('',(40.7339595183063,13.,-49.3709327291822));
#5601=CARTESIAN_POINT('',(8.39561013101224,13.,-49.3709327291822));
#5602=CARTESIAN_POINT('',(40.7339595183063,13.,-48.8709327291822));
#5603=CARTESIAN_POINT('',(18.282828842138,13.,-19.2051362251814));
#5604=CARTESIAN_POINT('Ctrl Pts',(18.3457055134431,13.,-19.1291253337262));
#5605=CARTESIAN_POINT('Ctrl Pts',(18.3331566624035,13.,-19.1443290370224));
#5606=CARTESIAN_POINT('Ctrl Pts',(18.3205945629457,13.,-19.159531980098));
#5607=CARTESIAN_POINT('Ctrl Pts',(18.3080192219119,13.,-19.1747341606336));
#5608=CARTESIAN_POINT('Ctrl Pts',(18.2954306460751,13.,-19.1899355763852));
#5609=CARTESIAN_POINT('Ctrl Pts',(18.282828842138,13.,-19.2051362251814));
#5610=CARTESIAN_POINT('',(18.778088828833,13.,-6.32837657110631));
#5611=CARTESIAN_POINT('',(18.282828842138,13.,-19.2051362251814));
#5612=CARTESIAN_POINT('',(25.9739786202854,13.,-2.73043167589431));
#5613=CARTESIAN_POINT('',(32.7338140929527,13.,0.649486060953723));
#5614=CARTESIAN_POINT('',(26.0699395364332,13.,-2.62654951786864));
#5615=CARTESIAN_POINT('Ctrl Pts',(26.0699395364332,13.,-2.62654951786864));
#5616=CARTESIAN_POINT('Ctrl Pts',(26.0396224455034,13.,-2.64170806333353));
#5617=CARTESIAN_POINT('Ctrl Pts',(26.0020868937621,13.,-2.67444802885513));
#5618=CARTESIAN_POINT('Ctrl Pts',(25.979409671662,13.,-2.71722066597349));
#5619=CARTESIAN_POINT('Ctrl Pts',(25.9740811703047,13.,-2.7304731766181));
#5620=CARTESIAN_POINT('',(17.9986493559943,13.,-6.66219460808819));
#5621=CARTESIAN_POINT('',(41.3458130974312,13.,-10.9849516880246));
#5622=CARTESIAN_POINT('Ctrl Pts',(39.0398044094454,13.,0.846224431153346));
#5623=CARTESIAN_POINT('Ctrl Pts',(39.1918332692449,13.,0.323417575937923));
#5624=CARTESIAN_POINT('Ctrl Pts',(39.5783316277467,13.,-1.06569149255105));
#5625=CARTESIAN_POINT('Ctrl Pts',(40.1438156744365,13.,-3.35958987419204));
#5626=CARTESIAN_POINT('Ctrl Pts',(40.6148846930703,13.,-5.71898052431826));
#5627=CARTESIAN_POINT('Ctrl Pts',(40.9968638691045,13.,-8.14016955560138));
#5628=CARTESIAN_POINT('Ctrl Pts',(41.2380692152344,13.,-10.0307445270859));
#5629=CARTESIAN_POINT('Ctrl Pts',(41.3458130974312,13.,-10.9849516880246));
#5630=CARTESIAN_POINT('',(25.3028937457461,13.,-5.44319877928769));
#5631=CARTESIAN_POINT('Ctrl Pts',(41.3458130974312,13.,-10.9849516880246));
#5632=CARTESIAN_POINT('Ctrl Pts',(41.2571672620366,13.,-11.0212801831766));
#5633=CARTESIAN_POINT('Ctrl Pts',(41.0605513263768,13.,-11.0830313703314));
#5634=CARTESIAN_POINT('Ctrl Pts',(40.7076539076519,13.,-11.142940488851));
#5635=CARTESIAN_POINT('Ctrl Pts',(40.1203401573482,13.,-11.156910445149));
#5636=CARTESIAN_POINT('Ctrl Pts',(39.1903140405706,13.,-11.0629795289095));
#5637=CARTESIAN_POINT('Ctrl Pts',(38.0697951648749,13.,-10.8581255868056));
#5638=CARTESIAN_POINT('Ctrl Pts',(36.7767206563009,13.,-10.5473188165857));
#5639=CARTESIAN_POINT('Ctrl Pts',(35.3494872111237,13.,-10.1434159309658));
#5640=CARTESIAN_POINT('Ctrl Pts',(33.8412325142184,13.,-9.6648909683395));
#5641=CARTESIAN_POINT('Ctrl Pts',(32.3130452978688,13.,-9.13320516476966));
#5642=CARTESIAN_POINT('Ctrl Pts',(30.8282984370596,13.,-8.57071859706461));
#5643=CARTESIAN_POINT('Ctrl Pts',(29.4464464711058,13.,-7.9985389082016));
#5644=CARTESIAN_POINT('Ctrl Pts',(28.2176386240744,13.,-7.43471997636299));
#5645=CARTESIAN_POINT('Ctrl Pts',(27.1746510222193,13.,-6.89178007097171));
#5646=CARTESIAN_POINT('Ctrl Pts',(26.3314858471293,13.,-6.37619161736919));
#5647=CARTESIAN_POINT('Ctrl Pts',(25.8196090976272,13.,-5.98778384841698));
#5648=CARTESIAN_POINT('Ctrl Pts',(25.5262770747773,13.,-5.71019426179319));
#5649=CARTESIAN_POINT('Ctrl Pts',(25.3706932625749,13.,-5.53118836904626));
#5650=CARTESIAN_POINT('Ctrl Pts',(25.3028937457461,13.,-5.44319877928769));
#5651=CARTESIAN_POINT('',(23.0000003427267,13.,-12.0000001788139));
#5652=CARTESIAN_POINT('Ctrl Pts',(25.3028937457461,13.,-5.4431987792877));
#5653=CARTESIAN_POINT('Ctrl Pts',(25.2725942716826,13.,-5.57157901462188));
#5654=CARTESIAN_POINT('Ctrl Pts',(25.1907882223166,13.,-5.91048569932529));
#5655=CARTESIAN_POINT('Ctrl Pts',(25.0438563220322,13.,-6.48660924346416));
#5656=CARTESIAN_POINT('Ctrl Pts',(24.8056467786637,13.,-7.3437609431434));
#5657=CARTESIAN_POINT('Ctrl Pts',(24.4321870933918,13.,-8.53122347485732));
#5658=CARTESIAN_POINT('Ctrl Pts',(23.9900506257074,13.,-9.75042319712598));
#5659=CARTESIAN_POINT('Ctrl Pts',(23.5855362504179,13.,-10.7329032379884));
#5660=CARTESIAN_POINT('Ctrl Pts',(23.2651562085625,13.,-11.4436865662465));
#5661=CARTESIAN_POINT('Ctrl Pts',(23.0636927365684,13.,-11.867963205774));
#5662=CARTESIAN_POINT('Ctrl Pts',(23.0000003427269,13.,-12.0000001788136));
#5663=CARTESIAN_POINT('',(55.9999987483025,13.,-42.499999050051));
#5664=CARTESIAN_POINT('Ctrl Pts',(23.0000003427267,13.,-12.0000001788139));
#5665=CARTESIAN_POINT('Ctrl Pts',(23.5351946241173,13.,-12.4137691451335));
#5666=CARTESIAN_POINT('Ctrl Pts',(24.6171016952335,13.,-13.2594175388934));
#5667=CARTESIAN_POINT('Ctrl Pts',(26.2745192397069,13.,-14.5822237342198));
#5668=CARTESIAN_POINT('Ctrl Pts',(28.5546480092459,13.,-16.4564011061274));
#5669=CARTESIAN_POINT('Ctrl Pts',(31.5291984712645,13.,-18.9946994651169));
#5670=CARTESIAN_POINT('Ctrl Pts',(34.6370167150809,13.,-21.742533721521));
#5671=CARTESIAN_POINT('Ctrl Pts',(37.8852387704241,13.,-24.7111237994142));
#5672=CARTESIAN_POINT('Ctrl Pts',(41.2714735270597,13.,-27.8967101747634));
#5673=CARTESIAN_POINT('Ctrl Pts',(44.7849969872804,13.,-31.2824315893365));
#5674=CARTESIAN_POINT('Ctrl Pts',(48.4135835158888,13.,-34.849065771948));
#5675=CARTESIAN_POINT('Ctrl Pts',(51.3998090216339,13.,-37.83343355365));
#5676=CARTESIAN_POINT('Ctrl Pts',(53.6831858546429,13.,-40.1404306727178));
#5677=CARTESIAN_POINT('Ctrl Pts',(55.224543225916,13.,-41.7084692020785));
#5678=CARTESIAN_POINT('Ctrl Pts',(55.9999987483025,13.,-42.499999050051));
#5679=CARTESIAN_POINT('',(-14.0000002086163,13.,-43.0000006407499));
#5680=CARTESIAN_POINT('Ctrl Pts',(55.9999987483025,13.,-42.499999050051));
#5681=CARTESIAN_POINT('Ctrl Pts',(55.322909706831,13.,-43.0598604230467));
#5682=CARTESIAN_POINT('Ctrl Pts',(53.9506940563079,13.,-44.1555666562866));
#5683=CARTESIAN_POINT('Ctrl Pts',(51.8382571797337,13.,-45.7270780755883));
#5684=CARTESIAN_POINT('Ctrl Pts',(48.9126672125193,13.,-47.6772696955501));
#5685=CARTESIAN_POINT('Ctrl Pts',(45.0696919828216,13.,-49.8626730331345));
#5686=CARTESIAN_POINT('Ctrl Pts',(41.0362560479336,13.,-51.7752606691903));
#5687=CARTESIAN_POINT('Ctrl Pts',(36.8098922050182,13.,-53.3831277799959));
#5688=CARTESIAN_POINT('Ctrl Pts',(32.3939501484801,13.,-54.6407418937994));
#5689=CARTESIAN_POINT('Ctrl Pts',(27.7977668651432,13.,-55.4919412588961));
#5690=CARTESIAN_POINT('Ctrl Pts',(23.0336004679712,13.,-55.8775201849544));
#5691=CARTESIAN_POINT('Ctrl Pts',(18.1151426061948,13.,-55.7431399684328));
#5692=CARTESIAN_POINT('Ctrl Pts',(13.0560310727769,13.,-55.0476834378404));
#5693=CARTESIAN_POINT('Ctrl Pts',(7.86895220994859,13.,-53.7762666106051));
#5694=CARTESIAN_POINT('Ctrl Pts',(2.5648473992569,13.,-51.9337455870548));
#5695=CARTESIAN_POINT('Ctrl Pts',(-2.847603583788,13.,-49.5344381281664));
#5696=CARTESIAN_POINT('Ctrl Pts',(-7.25932873089956,13.,-47.1831909019017));
#5697=CARTESIAN_POINT('Ctrl Pts',(-10.6125227570941,13.,-45.1829990567232));
#5698=CARTESIAN_POINT('Ctrl Pts',(-12.8675759529706,13.,-43.7450770945606));
#5699=CARTESIAN_POINT('Ctrl Pts',(-14.0000002086163,13.,-43.0000006407499));
#5700=CARTESIAN_POINT('',(-11.0000001639128,13.,-57.0000008493662));
#5701=CARTESIAN_POINT('Ctrl Pts',(-14.0000002086163,13.,-43.0000006407499));
#5702=CARTESIAN_POINT('Ctrl Pts',(-13.9712192610061,13.,-43.2380097774394));
#5703=CARTESIAN_POINT('Ctrl Pts',(-13.9108456459343,13.,-43.7178099257728));
#5704=CARTESIAN_POINT('Ctrl Pts',(-13.8118498739521,13.,-44.4488560284525));
#5705=CARTESIAN_POINT('Ctrl Pts',(-13.6627089051825,13.,-45.4466470321058));
#5706=CARTESIAN_POINT('Ctrl Pts',(-13.4458434747981,13.,-46.7348277466253));
#5707=CARTESIAN_POINT('Ctrl Pts',(-13.1961224693928,13.,-48.067200515413));
#5708=CARTESIAN_POINT('Ctrl Pts',(-12.9113402240183,13.,-49.4467320454849));
#5709=CARTESIAN_POINT('Ctrl Pts',(-12.5911700599671,13.,-50.8738617326807));
#5710=CARTESIAN_POINT('Ctrl Pts',(-12.2378552581754,13.,-52.3455722749728));
#5711=CARTESIAN_POINT('Ctrl Pts',(-11.8542800142805,13.,-53.8579843145862));
#5712=CARTESIAN_POINT('Ctrl Pts',(-11.5253775149172,13.,-55.0975617215461));
#5713=CARTESIAN_POINT('Ctrl Pts',(-11.2671188120117,13.,-56.0428227962492));
#5714=CARTESIAN_POINT('Ctrl Pts',(-11.0898835641108,13.,-56.6798064854206));
#5715=CARTESIAN_POINT('Ctrl Pts',(-11.0000001639128,13.,-57.0000008493662));
#5716=CARTESIAN_POINT('',(-25.000000372529,13.,-45.0000006705523));
#5717=CARTESIAN_POINT('Ctrl Pts',(-11.0000001639128,13.,-57.0000008493662));
#5718=CARTESIAN_POINT('Ctrl Pts',(-11.3859708921425,13.,-56.9675318390438));
#5719=CARTESIAN_POINT('Ctrl Pts',(-12.1484259692942,13.,-56.8840158787096));
#5720=CARTESIAN_POINT('Ctrl Pts',(-13.2636490756062,13.,-56.7030073916174));
#5721=CARTESIAN_POINT('Ctrl Pts',(-14.6927610039329,13.,-56.3483660989456));
#5722=CARTESIAN_POINT('Ctrl Pts',(-16.3763952346538,13.,-55.7038297698503));
#5723=CARTESIAN_POINT('Ctrl Pts',(-17.9489108696492,13.,-54.8416809563165));
#5724=CARTESIAN_POINT('Ctrl Pts',(-19.4025136691835,13.,-53.7466555717093));
#5725=CARTESIAN_POINT('Ctrl Pts',(-20.735319938201,13.,-52.4150646244833));
#5726=CARTESIAN_POINT('Ctrl Pts',(-21.9544874762342,13.,-50.8609258092427));
#5727=CARTESIAN_POINT('Ctrl Pts',(-23.0696484286789,13.,-49.1031025311302));
#5728=CARTESIAN_POINT('Ctrl Pts',(-23.8859037918333,13.,-47.5482549284945));
#5729=CARTESIAN_POINT('Ctrl Pts',(-24.4582086733333,13.,-46.3040060092202));
#5730=CARTESIAN_POINT('Ctrl Pts',(-24.8223093084623,13.,-45.4403605012975));
#5731=CARTESIAN_POINT('Ctrl Pts',(-25.000000372529,13.,-45.0000006705523));
#5732=CARTESIAN_POINT('',(-39.6667701416206,13.,-36.8023734717377));
#5733=CARTESIAN_POINT('Ctrl Pts',(-25.000000372529,13.,-45.0000006705523));
#5734=CARTESIAN_POINT('Ctrl Pts',(-25.2879850193181,13.,-45.0439039741283));
#5735=CARTESIAN_POINT('Ctrl Pts',(-25.8594609274916,13.,-45.1435919769217));
#5736=CARTESIAN_POINT('Ctrl Pts',(-26.7031909839125,13.,-45.3287654547589));
#5737=CARTESIAN_POINT('Ctrl Pts',(-27.8166531504633,13.,-45.6506861619842));
#5738=CARTESIAN_POINT('Ctrl Pts',(-29.2646697644147,13.,-46.1953795173189));
#5739=CARTESIAN_POINT('Ctrl Pts',(-30.8420239066164,13.,-46.8974365897518));
#5740=CARTESIAN_POINT('Ctrl Pts',(-32.578471495314,13.,-47.758190883987));
#5741=CARTESIAN_POINT('Ctrl Pts',(-34.4234031835668,13.,-48.7563320147413));
#5742=CARTESIAN_POINT('Ctrl Pts',(-36.1947339427559,13.,-49.8318341397063));
#5743=CARTESIAN_POINT('Ctrl Pts',(-37.6447414995386,13.,-50.8854122212366));
#5744=CARTESIAN_POINT('Ctrl Pts',(-38.6081043514238,13.,-51.7417536496003));
#5745=CARTESIAN_POINT('Ctrl Pts',(-39.0320008160121,13.,-52.1951618124766));
#5746=CARTESIAN_POINT('Ctrl Pts',(-39.2641037058881,13.,-51.858871066149));
#5747=CARTESIAN_POINT('Ctrl Pts',(-39.6847451397939,13.,-50.5275475383823));
#5748=CARTESIAN_POINT('Ctrl Pts',(-40.2364628466837,13.,-48.469080052133));
#5749=CARTESIAN_POINT('Ctrl Pts',(-40.7617907370011,13.,-46.0895545973425));
#5750=CARTESIAN_POINT('Ctrl Pts',(-41.053518352907,13.,-43.8195306091305));
#5751=CARTESIAN_POINT('Ctrl Pts',(-41.0096937243192,13.,-41.9291471442416));
#5752=CARTESIAN_POINT('Ctrl Pts',(-40.7909954257405,13.,-40.3108076774205));
#5753=CARTESIAN_POINT('Ctrl Pts',(-40.471924036654,13.,-38.9251406753995));
#5754=CARTESIAN_POINT('Ctrl Pts',(-40.1716263094292,13.,-37.9789898412869));
#5755=CARTESIAN_POINT('Ctrl Pts',(-39.9267134068177,13.,-37.3569149870265));
#5756=CARTESIAN_POINT('Ctrl Pts',(-39.7548536946691,13.,-36.9807835141918));
#5757=CARTESIAN_POINT('Ctrl Pts',(-39.6667701416206,13.,-36.8023734717377));
#5758=CARTESIAN_POINT('',(-38.9716334118433,13.,38.9688754510102));
#5759=CARTESIAN_POINT('Ctrl Pts',(-39.6667701416206,13.,-36.8023734717377));
#5760=CARTESIAN_POINT('Ctrl Pts',(-40.1180324117319,13.,-36.3286825336047));
#5761=CARTESIAN_POINT('Ctrl Pts',(-40.9930904966467,13.,-35.3172274035059));
#5762=CARTESIAN_POINT('Ctrl Pts',(-42.2232788065816,13.,-33.6078263452522));
#5763=CARTESIAN_POINT('Ctrl Pts',(-43.6975296397684,13.,-30.9413808388026));
#5764=CARTESIAN_POINT('Ctrl Pts',(-45.2558082841767,13.,-26.9572528607067));
#5765=CARTESIAN_POINT('Ctrl Pts',(-46.5185313742453,13.,-22.3346650091936));
#5766=CARTESIAN_POINT('Ctrl Pts',(-47.4738983064122,13.,-17.1235542044796));
#5767=CARTESIAN_POINT('Ctrl Pts',(-48.1123603195904,13.,-11.4323059997275));
#5768=CARTESIAN_POINT('Ctrl Pts',(-48.425627332047,13.,-5.40608804619927));
#5769=CARTESIAN_POINT('Ctrl Pts',(-48.4064455006518,13.,0.792157844917061));
#5770=CARTESIAN_POINT('Ctrl Pts',(-48.0493708744855,13.,7.0003890141304));
#5771=CARTESIAN_POINT('Ctrl Pts',(-47.3519811780029,13.,13.0739567170133));
#5772=CARTESIAN_POINT('Ctrl Pts',(-46.3180167634836,13.,18.9065936346338));
#5773=CARTESIAN_POINT('Ctrl Pts',(-44.9582400174089,13.,24.4395340008954));
#5774=CARTESIAN_POINT('Ctrl Pts',(-43.285350493288,13.,29.6445783959842));
#5775=CARTESIAN_POINT('Ctrl Pts',(-41.7060215463715,13.,33.5403611867515));
#5776=CARTESIAN_POINT('Ctrl Pts',(-40.389714507324,13.,36.3124330579711));
#5777=CARTESIAN_POINT('Ctrl Pts',(-39.4540199813753,13.,38.0944072536235));
#5778=CARTESIAN_POINT('Ctrl Pts',(-38.9716334118433,13.,38.9688754510102));
#5779=CARTESIAN_POINT('',(-37.1771092498079,13.,58.2838286481392));
#5780=CARTESIAN_POINT('Ctrl Pts',(-38.9716334118433,13.,38.9688754510102));
#5781=CARTESIAN_POINT('Ctrl Pts',(-39.0552256002743,13.,39.2663507059198));
#5782=CARTESIAN_POINT('Ctrl Pts',(-39.2114529923553,13.,39.8694466740748));
#5783=CARTESIAN_POINT('Ctrl Pts',(-39.4129218127245,13.,40.7985279777074));
#5784=CARTESIAN_POINT('Ctrl Pts',(-39.6147321205365,13.,42.0869733797473));
#5785=CARTESIAN_POINT('Ctrl Pts',(-39.7485882536343,13.,43.7855540988902));
#5786=CARTESIAN_POINT('Ctrl Pts',(-39.7553407150627,13.,45.5786241034031));
#5787=CARTESIAN_POINT('Ctrl Pts',(-39.6276974210473,13.,47.4716043522146));
#5788=CARTESIAN_POINT('Ctrl Pts',(-39.3670288890859,13.,49.4634759981251));
#5789=CARTESIAN_POINT('Ctrl Pts',(-38.9832159704632,13.,51.5468935839536));
#5790=CARTESIAN_POINT('Ctrl Pts',(-38.487796905383,13.,53.713279544174));
#5791=CARTESIAN_POINT('Ctrl Pts',(-38.0104996163501,13.,55.5065757554887));
#5792=CARTESIAN_POINT('Ctrl Pts',(-37.610051022779,13.,56.8831244338843));
#5793=CARTESIAN_POINT('Ctrl Pts',(-37.3245179357787,13.,57.8146265874553));
#5794=CARTESIAN_POINT('Ctrl Pts',(-37.1771092498079,13.,58.2838286481392));
#5795=CARTESIAN_POINT('',(-24.2793571346299,13.,49.560834346442));
#5796=CARTESIAN_POINT('Ctrl Pts',(-37.1771092498079,13.,58.2838286481392));
#5797=CARTESIAN_POINT('Ctrl Pts',(-36.9160259621176,13.,58.2031939439498));
#5798=CARTESIAN_POINT('Ctrl Pts',(-36.3941407696524,13.,58.0334850431583));
#5799=CARTESIAN_POINT('Ctrl Pts',(-35.6121571471092,13.,57.7536026926014));
#5800=CARTESIAN_POINT('Ctrl Pts',(-34.5712282744827,13.,57.3289596686661));
#5801=CARTESIAN_POINT('Ctrl Pts',(-33.273113753639,13.,56.7067803912681));
#5802=CARTESIAN_POINT('Ctrl Pts',(-31.9782889349171,13.,55.9859333747825));
#5803=CARTESIAN_POINT('Ctrl Pts',(-30.6869767804563,13.,55.1597313358718));
#5804=CARTESIAN_POINT('Ctrl Pts',(-29.3992148627514,13.,54.2270473660563));
#5805=CARTESIAN_POINT('Ctrl Pts',(-28.114781144767,13.,53.1945410020594));
#5806=CARTESIAN_POINT('Ctrl Pts',(-26.8333875925008,13.,52.0708512216723));
#5807=CARTESIAN_POINT('Ctrl Pts',(-25.8104879521998,13.,51.1054590579987));
#5808=CARTESIAN_POINT('Ctrl Pts',(-25.0444772929218,13.,50.3465010601586));
#5809=CARTESIAN_POINT('Ctrl Pts',(-24.5343123731426,13.,49.8252670772142));
#5810=CARTESIAN_POINT('Ctrl Pts',(-24.2793571346299,13.,49.560834346442));
#5811=CARTESIAN_POINT('',(-10.5108973320244,13.,60.7014008074645));
#5812=CARTESIAN_POINT('Ctrl Pts',(-24.2793571346299,13.,49.560834346442));
#5813=CARTESIAN_POINT('Ctrl Pts',(-24.0932725489335,13.,49.8100257566902));
#5814=CARTESIAN_POINT('Ctrl Pts',(-23.7130812573863,13.,50.3060383570706));
#5815=CARTESIAN_POINT('Ctrl Pts',(-23.1187275039966,13.,51.0429464626798));
#5816=CARTESIAN_POINT('Ctrl Pts',(-22.2773342680296,13.,52.011036210547));
#5817=CARTESIAN_POINT('Ctrl Pts',(-21.1387271618776,13.,53.1954830479857));
#5818=CARTESIAN_POINT('Ctrl Pts',(-19.9062901926183,13.,54.3522068614733));
#5819=CARTESIAN_POINT('Ctrl Pts',(-18.5736117073101,13.,55.479313260429));
#5820=CARTESIAN_POINT('Ctrl Pts',(-17.1394991539423,13.,56.5764498927594));
#5821=CARTESIAN_POINT('Ctrl Pts',(-15.6102202806031,13.,57.6454686308221));
#5822=CARTESIAN_POINT('Ctrl Pts',(-13.9939716792448,13.,58.6887912442648));
#5823=CARTESIAN_POINT('Ctrl Pts',(-12.6375855307313,13.,59.5047208974273));
#5824=CARTESIAN_POINT('Ctrl Pts',(-11.5869833347186,13.,60.1068255823557));
#5825=CARTESIAN_POINT('Ctrl Pts',(-10.8720198268696,13.,60.5039261959983));
#5826=CARTESIAN_POINT('Ctrl Pts',(-10.5108973320244,13.,60.7014008074645));
#5827=CARTESIAN_POINT('',(-11.3287692839103,13.,47.4962744797385));
#5828=CARTESIAN_POINT('Ctrl Pts',(-10.5108973320244,13.,60.7014008074645));
#5829=CARTESIAN_POINT('Ctrl Pts',(-10.4113401690353,13.,60.4818176127926));
#5830=CARTESIAN_POINT('Ctrl Pts',(-10.2226873218096,13.,60.0386332823405));
#5831=CARTESIAN_POINT('Ctrl Pts',(-9.97109328488516,13.,59.3618026569814));
#5832=CARTESIAN_POINT('Ctrl Pts',(-9.69943080921338,13.,58.4348595953069));
#5833=CARTESIAN_POINT('Ctrl Pts',(-9.473084756901,13.,57.2326917273036));
#5834=CARTESIAN_POINT('Ctrl Pts',(-9.36888172623941,13.,55.9836123777221));
#5835=CARTESIAN_POINT('Ctrl Pts',(-9.39489222610095,13.,54.6845219054762));
#5836=CARTESIAN_POINT('Ctrl Pts',(-9.55203712544482,13.,53.3350666323381));
#5837=CARTESIAN_POINT('Ctrl Pts',(-9.83182566735207,13.,51.9385076040954));
#5838=CARTESIAN_POINT('Ctrl Pts',(-10.2234909607964,13.,50.4989800615701));
#5839=CARTESIAN_POINT('Ctrl Pts',(-10.6182759152897,13.,49.3160744739608));
#5840=CARTESIAN_POINT('Ctrl Pts',(-10.9571554489014,13.,48.4124606099307));
#5841=CARTESIAN_POINT('Ctrl Pts',(-11.2017802790106,13.,47.8028672819985));
#5842=CARTESIAN_POINT('Ctrl Pts',(-11.3287692839103,13.,47.4962744797385));
#5843=CARTESIAN_POINT('',(56.2499987427145,13.,50.499998871237));
#5844=CARTESIAN_POINT('Ctrl Pts',(-11.3287692839103,13.,47.4962744797385));
#5845=CARTESIAN_POINT('Ctrl Pts',(-10.8070948359646,13.,47.9633601564751));
#5846=CARTESIAN_POINT('Ctrl Pts',(-9.74002716627678,13.,48.8804949631792));
#5847=CARTESIAN_POINT('Ctrl Pts',(-8.06826956995758,13.,50.2050881345479));
#5848=CARTESIAN_POINT('Ctrl Pts',(-5.69591083097795,13.,51.8682463433695));
#5849=CARTESIAN_POINT('Ctrl Pts',(-2.48504511598579,13.,53.7670190556465));
#5850=CARTESIAN_POINT('Ctrl Pts',(0.979834988103635,13.,55.4676054160715));
#5851=CARTESIAN_POINT('Ctrl Pts',(4.70713212979681,13.,56.9401809486701));
#5852=CARTESIAN_POINT('Ctrl Pts',(8.70189317703562,13.,58.1406244165202));
#5853=CARTESIAN_POINT('Ctrl Pts',(12.9666259912758,13.,59.0166505887358));
#5854=CARTESIAN_POINT('Ctrl Pts',(17.501568461738,13.,59.5152155214814));
#5855=CARTESIAN_POINT('Ctrl Pts',(22.3043498143632,13.,59.5898159617952));
#5856=CARTESIAN_POINT('Ctrl Pts',(27.3684870993284,13.,59.2106610241048));
#5857=CARTESIAN_POINT('Ctrl Pts',(32.6825385474296,13.,58.3710917983668));
#5858=CARTESIAN_POINT('Ctrl Pts',(38.233602050079,13.,57.0773032458785));
#5859=CARTESIAN_POINT('Ctrl Pts',(44.0093483674564,13.,55.3424004096056));
#5860=CARTESIAN_POINT('Ctrl Pts',(48.8017100806104,13.,53.6129430493676));
#5861=CARTESIAN_POINT('Ctrl Pts',(52.4896796994874,13.,52.1287184979813));
#5862=CARTESIAN_POINT('Ctrl Pts',(54.9896686169118,13.,51.056666875682));
#5863=CARTESIAN_POINT('Ctrl Pts',(56.2499987427145,13.,50.499998871237));
#5864=CARTESIAN_POINT('',(27.6995097200631,13.,20.5655673566621));
#5865=CARTESIAN_POINT('Ctrl Pts',(56.2499987427145,13.,50.499998871237));
#5866=CARTESIAN_POINT('Ctrl Pts',(55.9670674142037,13.,49.9195730139318));
#5867=CARTESIAN_POINT('Ctrl Pts',(55.3746311465764,13.,48.7570366616333));
#5868=CARTESIAN_POINT('Ctrl Pts',(54.4062526504013,13.,47.0081780132677));
#5869=CARTESIAN_POINT('Ctrl Pts',(52.9530381322602,13.,44.6660937318683));
#5870=CARTESIAN_POINT('Ctrl Pts',(50.8495328800242,13.,41.720294793261));
#5871=CARTESIAN_POINT('Ctrl Pts',(48.4385094495624,13.,38.7550006975531));
#5872=CARTESIAN_POINT('Ctrl Pts',(45.7034047437377,13.,35.7691614249189));
#5873=CARTESIAN_POINT('Ctrl Pts',(42.6495619274457,13.,32.7631157060226));
#5874=CARTESIAN_POINT('Ctrl Pts',(39.3016628537254,13.,29.7384282503203));
#5875=CARTESIAN_POINT('Ctrl Pts',(35.6878954733793,13.,26.6968860368179));
#5876=CARTESIAN_POINT('Ctrl Pts',(32.6042553033182,13.,24.2514406974476));
#5877=CARTESIAN_POINT('Ctrl Pts',(30.190517516132,13.,22.4109532984669));
#5878=CARTESIAN_POINT('Ctrl Pts',(28.5372050975706,13.,21.1811625569875));
#5879=CARTESIAN_POINT('Ctrl Pts',(27.6995097200631,13.,20.5655673566621));
#5880=CARTESIAN_POINT('Ctrl Pts',(27.6995097200464,13.,20.5655673566459));
#5881=CARTESIAN_POINT('Ctrl Pts',(28.2784723787103,13.,19.966496271875));
#5882=CARTESIAN_POINT('Ctrl Pts',(29.4249384645625,13.,18.7321364884109));
#5883=CARTESIAN_POINT('Ctrl Pts',(31.0655453573457,13.,16.8115990267959));
#5884=CARTESIAN_POINT('Ctrl Pts',(33.0730535563171,13.,14.1166224765639));
#5885=CARTESIAN_POINT('Ctrl Pts',(35.0076847014072,13.,10.9173374635473));
#5886=CARTESIAN_POINT('Ctrl Pts',(36.3099761961518,13.,8.28009785896678));
#5887=CARTESIAN_POINT('Ctrl Pts',(37.1341476795162,13.,6.34014897529465));
#5888=CARTESIAN_POINT('Ctrl Pts',(37.5871256320268,13.,5.17166182021183));
#5889=CARTESIAN_POINT('Ctrl Pts',(37.7226446256445,13.,4.81191011048143));
#5890=CARTESIAN_POINT('',(46.0000006854534,13.,-39.3000006258488));
#5891=CARTESIAN_POINT('Origin',(46.0000006854534,13.,-42.0000006258488));
#5892=CARTESIAN_POINT('',(-32.0000004768372,13.,48.8500006854534));
#5893=CARTESIAN_POINT('Origin',(-32.0000004768372,13.,46.0000006854534));
#5894=CARTESIAN_POINT('',(46.0000006854534,13.,49.7000007003546));
#5895=CARTESIAN_POINT('Origin',(46.0000006854534,13.,47.0000007003546));
#5896=CARTESIAN_POINT('',(-32.0000004768372,13.,-38.7986205645585));
#5897=CARTESIAN_POINT('Origin',(-32.0000004768372,13.,-41.4986205645585));
#5898=CARTESIAN_POINT('Origin',(32.5339595183058,13.,4.32906727081739));
#5899=CARTESIAN_POINT('',(37.7161779312523,12.5000001862645,4.82906727081739));
#5900=CARTESIAN_POINT('Ctrl Pts',(37.7161779312523,12.5000001862645,4.82906727081739));
#5901=CARTESIAN_POINT('Ctrl Pts',(37.7361054563949,12.5528418766273,4.77622556076957));
#5902=CARTESIAN_POINT('Ctrl Pts',(37.7559381727783,12.60570151048,4.72336590722504));
#5903=CARTESIAN_POINT('Ctrl Pts',(37.7756766447729,12.658578617432,4.67048878057479));
#5904=CARTESIAN_POINT('',(32.5339595183058,12.5000001862645,4.82906727081739));
#5905=CARTESIAN_POINT('Origin',(17.9986493559943,12.8,-6.66219460808819));
#5906=CARTESIAN_POINT('',(25.9804968173332,12.8,-2.44766407966865));
#5907=CARTESIAN_POINT('Origin',(26.0699395364332,12.8,-2.62654951786864));
#5908=CARTESIAN_POINT('',(17.9092066368943,12.8,-6.4833091698882));
#5909=CARTESIAN_POINT('Ctrl Pts',(26.0699395364332,13.,-2.62654951786864));
#5910=CARTESIAN_POINT('Ctrl Pts',(26.0396224455034,13.,-2.64170806333353));
#5911=CARTESIAN_POINT('Ctrl Pts',(25.9780117620899,13.,-2.69544729340059));
#5912=CARTESIAN_POINT('Ctrl Pts',(25.9564320781606,13.,-2.77621633645561));
#5913=CARTESIAN_POINT('Ctrl Pts',(25.9600099963529,13.,-2.82126853650252));
#5914=CARTESIAN_POINT('Ctrl Pts',(26.0465234873297,13.,-2.5797174196617));
#5915=CARTESIAN_POINT('Ctrl Pts',(26.0082564406285,13.,-2.59885094301232));
#5916=CARTESIAN_POINT('Ctrl Pts',(25.9305062399195,13.,-2.66665291664215));
#5917=CARTESIAN_POINT('Ctrl Pts',(25.9032983164851,13.,-2.76854766084953));
#5918=CARTESIAN_POINT('Ctrl Pts',(25.9078144609554,13.,-2.82541375816678));
#5919=CARTESIAN_POINT('Ctrl Pts',(25.9999205307338,12.9565672564608,-2.48651150646989));
#5920=CARTESIAN_POINT('Ctrl Pts',(25.9458868094685,12.9565672564608,-2.51352836710255));
#5921=CARTESIAN_POINT('Ctrl Pts',(25.8360577676654,12.9565672564608,-2.60934454067841));
#5922=CARTESIAN_POINT('Ctrl Pts',(25.7975572853227,12.9565672564608,-2.75336774044525));
#5923=CARTESIAN_POINT('Ctrl Pts',(25.8039341581818,12.9565672564608,-2.83366363774495));
#5924=CARTESIAN_POINT('Ctrl Pts',(25.9804968173332,12.8523598775598,-2.44766407966865));
#5925=CARTESIAN_POINT('Ctrl Pts',(25.9197993099997,12.8523598775598,-2.47801283333541));
#5926=CARTESIAN_POINT('Ctrl Pts',(25.7965296763002,12.8523598775598,-2.58546122361922));
#5927=CARTESIAN_POINT('Ctrl Pts',(25.7534744273346,12.8523598775598,-2.74690361309343));
#5928=CARTESIAN_POINT('Ctrl Pts',(25.7606377371727,12.8523598775598,-2.83710211693641));
#5929=CARTESIAN_POINT('Ctrl Pts',(25.9804968173332,12.8,-2.44766407966865));
#5930=CARTESIAN_POINT('Ctrl Pts',(25.9198626354736,12.8,-2.47798117059844));
#5931=CARTESIAN_POINT('Ctrl Pts',(25.7966412686466,12.8,-2.58545963073256));
#5932=CARTESIAN_POINT('Ctrl Pts',(25.753481900788,12.8,-2.7469977168426));
#5933=CARTESIAN_POINT('Ctrl Pts',(25.7606377371727,12.8,-2.83710211693641));
#5934=CARTESIAN_POINT('',(25.7606377371727,12.8,-2.83710211693641));
#5935=CARTESIAN_POINT('Ctrl Pts',(25.7606377371727,12.8,-2.83710211693641));
#5936=CARTESIAN_POINT('Ctrl Pts',(25.7606377371727,12.8242418762495,-2.83710211693641));
#5937=CARTESIAN_POINT('Ctrl Pts',(25.764888014075,12.8481957961151,-2.83497697848755));
#5938=CARTESIAN_POINT('Ctrl Pts',(25.7815605641383,12.8937138948787,-2.82664070345593));
#5939=CARTESIAN_POINT('Ctrl Pts',(25.7939888716027,12.9146129964335,-2.82042654972137));
#5940=CARTESIAN_POINT('Ctrl Pts',(25.826429607435,12.9516804550598,-2.80420618180523));
#5941=CARTESIAN_POINT('Ctrl Pts',(25.8464202985069,12.9667919559295,-2.7942108362693));
#5942=CARTESIAN_POINT('Ctrl Pts',(25.8839964285114,12.985392854514,-2.77542277126703));
#5943=CARTESIAN_POINT('Ctrl Pts',(25.9001958099034,12.9908460160438,-2.76732308057106));
#5944=CARTESIAN_POINT('Ctrl Pts',(25.9357535622208,12.9984639084214,-2.74954420441235));
#5945=CARTESIAN_POINT('Ctrl Pts',(25.9546262626457,13.,-2.74010785419986));
#5946=CARTESIAN_POINT('Ctrl Pts',(25.9739786205462,13.,-2.73043167524963));
#5947=CARTESIAN_POINT('Ctrl Pts',(25.7606377371727,12.8,-2.83710211693641));
#5948=CARTESIAN_POINT('Ctrl Pts',(25.753481900788,12.8,-2.7469977168426));
#5949=CARTESIAN_POINT('Ctrl Pts',(25.7966412686466,12.8,-2.58545963073256));
#5950=CARTESIAN_POINT('Ctrl Pts',(25.9198626354736,12.8,-2.47798117059844));
#5951=CARTESIAN_POINT('Ctrl Pts',(25.9804968173332,12.8,-2.44766407966865));
#5952=CARTESIAN_POINT('Origin',(-0.869440459611734,12.5,43.9658927734212));
#5953=CARTESIAN_POINT('Origin',(-8.10680507688285,12.5,40.3472104647856));
#5954=CARTESIAN_POINT('Origin',(12.2569085351811,12.5,50.5290672708178));
#5955=CARTESIAN_POINT('Origin',(22.3230726118195,12.5,50.5290672708178));
#5956=CARTESIAN_POINT('',(40.7339595183053,12.5,50.0290672708178));
#5957=CARTESIAN_POINT('Origin',(40.7339595183052,12.5,50.5290672708178));
#5958=CARTESIAN_POINT('',(22.3230726118195,12.5,50.0290672708178));
#5959=CARTESIAN_POINT('Origin',(40.7339595183053,0.,50.0290672708178));
#5960=CARTESIAN_POINT('',(40.7339595183053,0.,50.0290672708178));
#5961=CARTESIAN_POINT('Origin',(8.39561013101224,12.5,-49.3709327291822));
#5962=CARTESIAN_POINT('',(40.7339595183063,12.5,-48.8709327291822));
#5963=CARTESIAN_POINT('',(8.39561013101224,12.5,-48.8709327291822));
#5964=CARTESIAN_POINT('Origin',(40.7339595183063,12.5,-49.3709327291822));
#5965=CARTESIAN_POINT('Origin',(12.7499538642295,12.5,-49.3709327291822));
#5966=CARTESIAN_POINT('Origin',(-13.2879708814916,12.5,-34.9669743592092));
#5967=CARTESIAN_POINT('Origin',(-11.6498505997118,12.5,-35.8731685576405));
#5968=CARTESIAN_POINT('Origin',(-33.6289959190176,0.,-35.9209305437843));
#5969=CARTESIAN_POINT('',(-33.6289959190176,0.,-35.9209305437843));
#5970=CARTESIAN_POINT('',(-30.9708423042029,2.5,-35.9151542183506));
#5971=CARTESIAN_POINT('',(-30.9708423042029,3.,-35.9151542183506));
#5972=CARTESIAN_POINT('',(-25.1618311101401,2.5,-35.9025308925511));
#5973=CARTESIAN_POINT('',(-10.620965443309,2.5,-35.8709327291827));
#5974=CARTESIAN_POINT('',(-25.1618311101401,3.,-35.9025308925511));
#5975=CARTESIAN_POINT('Ctrl Pts',(-28.2568834703688,3.,-28.1603367690567));
#5976=CARTESIAN_POINT('Ctrl Pts',(-28.2568834703688,2.5,-28.1603367690567));
#5977=CARTESIAN_POINT('Ctrl Pts',(-28.2821209414391,3.,-28.2581710432841));
#5978=CARTESIAN_POINT('Ctrl Pts',(-28.2821209414391,2.5,-28.2581710432841));
#5979=CARTESIAN_POINT('Ctrl Pts',(-28.3368922830848,3.,-28.4577210009576));
#5980=CARTESIAN_POINT('Ctrl Pts',(-28.3368922830848,2.5,-28.4577210009576));
#5981=CARTESIAN_POINT('Ctrl Pts',(-28.4319382115609,3.,-28.7686898993292));
#5982=CARTESIAN_POINT('Ctrl Pts',(-28.4319382115609,2.5,-28.7686898993292));
#5983=CARTESIAN_POINT('Ctrl Pts',(-28.5846338353809,3.,-29.206774663376));
#5984=CARTESIAN_POINT('Ctrl Pts',(-28.5846338353809,2.5,-29.206774663376));
#5985=CARTESIAN_POINT('Ctrl Pts',(-28.8190876119056,3.,-29.7936857619943));
#5986=CARTESIAN_POINT('Ctrl Pts',(-28.8190876119056,2.5,-29.7936857619943));
#5987=CARTESIAN_POINT('Ctrl Pts',(-29.0960836491032,3.,-30.4187526493248));
#5988=CARTESIAN_POINT('Ctrl Pts',(-29.0960836491032,2.5,-30.4187526493248));
#5989=CARTESIAN_POINT('Ctrl Pts',(-29.4118232241718,3.,-31.0781202015451));
#5990=CARTESIAN_POINT('Ctrl Pts',(-29.4118232241718,2.5,-31.0781202015451));
#5991=CARTESIAN_POINT('Ctrl Pts',(-29.7583893146631,3.,-31.7639278813468));
#5992=CARTESIAN_POINT('Ctrl Pts',(-29.7583893146631,2.5,-31.7639278813468));
#5993=CARTESIAN_POINT('Ctrl Pts',(-30.1216975244408,3.,-32.4623584789929));
#5994=CARTESIAN_POINT('Ctrl Pts',(-30.1216975244408,2.5,-32.4623584789929));
#5995=CARTESIAN_POINT('Ctrl Pts',(-30.480784617001,3.,-33.1529709493828));
#5996=CARTESIAN_POINT('Ctrl Pts',(-30.480784617001,2.5,-33.1529709493828));
#5997=CARTESIAN_POINT('Ctrl Pts',(-30.8110780309228,3.,-33.8118461842078));
#5998=CARTESIAN_POINT('Ctrl Pts',(-30.8110780309228,2.5,-33.8118461842078));
#5999=CARTESIAN_POINT('Ctrl Pts',(-31.0867407906478,3.,-34.4138556557321));
#6000=CARTESIAN_POINT('Ctrl Pts',(-31.0867407906478,2.5,-34.4138556557321));
#6001=CARTESIAN_POINT('Ctrl Pts',(-31.2835623388021,3.,-34.9354673760571));
#6002=CARTESIAN_POINT('Ctrl Pts',(-31.2835623388021,2.5,-34.9354673760571));
#6003=CARTESIAN_POINT('Ctrl Pts',(-31.3814341884579,3.,-35.3571554572111));
#6004=CARTESIAN_POINT('Ctrl Pts',(-31.3814341884579,2.5,-35.3571554572111));
#6005=CARTESIAN_POINT('Ctrl Pts',(-31.3682617598023,3.,-35.6672256181707));
#6006=CARTESIAN_POINT('Ctrl Pts',(-31.3682617598023,2.5,-35.6672256181707));
#6007=CARTESIAN_POINT('Ctrl Pts',(-31.2661670924507,3.,-35.8234227563726));
#6008=CARTESIAN_POINT('Ctrl Pts',(-31.2661670924507,2.5,-35.8234227563726));
#6009=CARTESIAN_POINT('Ctrl Pts',(-31.1383011910414,3.,-35.8891381957825));
#6010=CARTESIAN_POINT('Ctrl Pts',(-31.1383011910414,2.5,-35.8891381957825));
#6011=CARTESIAN_POINT('Ctrl Pts',(-31.0304329882682,3.,-35.9102633974572));
#6012=CARTESIAN_POINT('Ctrl Pts',(-31.0304329882682,2.5,-35.9102633974572));
#6013=CARTESIAN_POINT('Ctrl Pts',(-30.9708423042029,3.,-35.9151542183506));
#6014=CARTESIAN_POINT('Ctrl Pts',(-30.9708423042029,2.5,-35.9151542183506));
#6015=CARTESIAN_POINT('',(-28.2568834703688,2.5,-28.1603367690567));
#6016=CARTESIAN_POINT('',(-28.2568834703688,3.,-28.1603367690567));
#6017=CARTESIAN_POINT('Ctrl Pts',(-28.2568834703688,2.5,-28.1603367690567));
#6018=CARTESIAN_POINT('Ctrl Pts',(-28.2821209414391,2.5,-28.2581710432841));
#6019=CARTESIAN_POINT('Ctrl Pts',(-28.3368922830848,2.5,-28.4577210009576));
#6020=CARTESIAN_POINT('Ctrl Pts',(-28.4319382115609,2.5,-28.7686898993292));
#6021=CARTESIAN_POINT('Ctrl Pts',(-28.5846338353809,2.5,-29.206774663376));
#6022=CARTESIAN_POINT('Ctrl Pts',(-28.8190876119056,2.5,-29.7936857619943));
#6023=CARTESIAN_POINT('Ctrl Pts',(-29.0960836491032,2.5,-30.4187526493248));
#6024=CARTESIAN_POINT('Ctrl Pts',(-29.4118232241718,2.5,-31.0781202015451));
#6025=CARTESIAN_POINT('Ctrl Pts',(-29.7583893146631,2.5,-31.7639278813468));
#6026=CARTESIAN_POINT('Ctrl Pts',(-30.1216975244408,2.5,-32.4623584789929));
#6027=CARTESIAN_POINT('Ctrl Pts',(-30.480784617001,2.5,-33.1529709493828));
#6028=CARTESIAN_POINT('Ctrl Pts',(-30.8110780309228,2.5,-33.8118461842078));
#6029=CARTESIAN_POINT('Ctrl Pts',(-31.0867407906478,2.5,-34.4138556557321));
#6030=CARTESIAN_POINT('Ctrl Pts',(-31.2835623388021,2.5,-34.9354673760571));
#6031=CARTESIAN_POINT('Ctrl Pts',(-31.3814341884579,2.5,-35.3571554572111));
#6032=CARTESIAN_POINT('Ctrl Pts',(-31.3682617598023,2.5,-35.6672256181707));
#6033=CARTESIAN_POINT('Ctrl Pts',(-31.2661670924507,2.5,-35.8234227563726));
#6034=CARTESIAN_POINT('Ctrl Pts',(-31.1383011910414,2.5,-35.8891381957825));
#6035=CARTESIAN_POINT('Ctrl Pts',(-31.0304329882682,2.5,-35.9102633974572));
#6036=CARTESIAN_POINT('Ctrl Pts',(-30.9708423042029,2.5,-35.9151542183506));
#6037=CARTESIAN_POINT('Ctrl Pts',(-26.7760302032225,3.,-28.6561312773632));
#6038=CARTESIAN_POINT('Ctrl Pts',(-26.7760302032225,2.5,-28.6561312773632));
#6039=CARTESIAN_POINT('Ctrl Pts',(-26.7729061670048,3.,-28.6024402080502));
#6040=CARTESIAN_POINT('Ctrl Pts',(-26.7729061670048,2.5,-28.6024402080502));
#6041=CARTESIAN_POINT('Ctrl Pts',(-26.7715359336103,3.,-28.4985864025929));
#6042=CARTESIAN_POINT('Ctrl Pts',(-26.7715359336103,2.5,-28.4985864025929));
#6043=CARTESIAN_POINT('Ctrl Pts',(-26.7841238591143,3.,-28.3533888800501));
#6044=CARTESIAN_POINT('Ctrl Pts',(-26.7841238591143,2.5,-28.3533888800501));
#6045=CARTESIAN_POINT('Ctrl Pts',(-26.830591619688,3.,-28.1813224838242));
#6046=CARTESIAN_POINT('Ctrl Pts',(-26.830591619688,2.5,-28.1813224838242));
#6047=CARTESIAN_POINT('Ctrl Pts',(-26.9397502279054,3.,-28.0048150156055));
#6048=CARTESIAN_POINT('Ctrl Pts',(-26.9397502279054,2.5,-28.0048150156055));
#6049=CARTESIAN_POINT('Ctrl Pts',(-27.0976805376153,3.,-27.8713324832536));
#6050=CARTESIAN_POINT('Ctrl Pts',(-27.0976805376153,2.5,-27.8713324832536));
#6051=CARTESIAN_POINT('Ctrl Pts',(-27.2976328576638,3.,-27.7859516662689));
#6052=CARTESIAN_POINT('Ctrl Pts',(-27.2976328576638,2.5,-27.7859516662689));
#6053=CARTESIAN_POINT('Ctrl Pts',(-27.5162734323614,3.,-27.7543112177594));
#6054=CARTESIAN_POINT('Ctrl Pts',(-27.5162734323614,2.5,-27.7543112177594));
#6055=CARTESIAN_POINT('Ctrl Pts',(-27.7291923405871,3.,-27.7777386591659));
#6056=CARTESIAN_POINT('Ctrl Pts',(-27.7291923405871,2.5,-27.7777386591659));
#6057=CARTESIAN_POINT('Ctrl Pts',(-27.9269846441523,3.,-27.8535143010376));
#6058=CARTESIAN_POINT('Ctrl Pts',(-27.9269846441523,2.5,-27.8535143010376));
#6059=CARTESIAN_POINT('Ctrl Pts',(-28.069142017237,3.,-27.9533025862499));
#6060=CARTESIAN_POINT('Ctrl Pts',(-28.069142017237,2.5,-27.9533025862499));
#6061=CARTESIAN_POINT('Ctrl Pts',(-28.1665569404179,3.,-28.0488826622509));
#6062=CARTESIAN_POINT('Ctrl Pts',(-28.1665569404179,2.5,-28.0488826622509));
#6063=CARTESIAN_POINT('Ctrl Pts',(-28.2274487944164,3.,-28.1216736844177));
#6064=CARTESIAN_POINT('Ctrl Pts',(-28.2274487944164,2.5,-28.1216736844177));
#6065=CARTESIAN_POINT('Ctrl Pts',(-28.2568834703688,3.,-28.1603367690567));
#6066=CARTESIAN_POINT('Ctrl Pts',(-28.2568834703688,2.5,-28.1603367690567));
#6067=CARTESIAN_POINT('',(-26.7760302032225,2.5,-28.6561312773632));
#6068=CARTESIAN_POINT('',(-26.7760302032225,3.,-28.6561312773632));
#6069=CARTESIAN_POINT('Ctrl Pts',(-26.7760302032225,2.5,-28.6561312773632));
#6070=CARTESIAN_POINT('Ctrl Pts',(-26.7729061670048,2.5,-28.6024402080502));
#6071=CARTESIAN_POINT('Ctrl Pts',(-26.7715359336103,2.5,-28.4985864025929));
#6072=CARTESIAN_POINT('Ctrl Pts',(-26.7841238591143,2.5,-28.3533888800501));
#6073=CARTESIAN_POINT('Ctrl Pts',(-26.830591619688,2.5,-28.1813224838242));
#6074=CARTESIAN_POINT('Ctrl Pts',(-26.9397502279054,2.5,-28.0048150156055));
#6075=CARTESIAN_POINT('Ctrl Pts',(-27.0976805376153,2.5,-27.8713324832536));
#6076=CARTESIAN_POINT('Ctrl Pts',(-27.2976328576638,2.5,-27.7859516662689));
#6077=CARTESIAN_POINT('Ctrl Pts',(-27.5162734323614,2.5,-27.7543112177594));
#6078=CARTESIAN_POINT('Ctrl Pts',(-27.7291923405871,2.5,-27.7777386591659));
#6079=CARTESIAN_POINT('Ctrl Pts',(-27.9269846441523,2.5,-27.8535143010376));
#6080=CARTESIAN_POINT('Ctrl Pts',(-28.069142017237,2.5,-27.9533025862499));
#6081=CARTESIAN_POINT('Ctrl Pts',(-28.1665569404179,2.5,-28.0488826622509));
#6082=CARTESIAN_POINT('Ctrl Pts',(-28.2274487944164,2.5,-28.1216736844177));
#6083=CARTESIAN_POINT('Ctrl Pts',(-28.2568834703688,2.5,-28.1603367690567));
#6084=CARTESIAN_POINT('Ctrl Pts',(-29.1988976376089,3.,-34.4628601260676));
#6085=CARTESIAN_POINT('Ctrl Pts',(-29.1988976376089,2.5,-34.4628601260676));
#6086=CARTESIAN_POINT('Ctrl Pts',(-29.1366156517803,3.,-34.3506921394435));
#6087=CARTESIAN_POINT('Ctrl Pts',(-29.1366156517803,2.5,-34.3506921394435));
#6088=CARTESIAN_POINT('Ctrl Pts',(-29.0132566838745,3.,-34.1260104243006));
#6089=CARTESIAN_POINT('Ctrl Pts',(-29.0132566838745,2.5,-34.1260104243006));
#6090=CARTESIAN_POINT('Ctrl Pts',(-28.8318331212358,3.,-33.7879506609162));
#6091=CARTESIAN_POINT('Ctrl Pts',(-28.8318331212358,2.5,-33.7879506609162));
#6092=CARTESIAN_POINT('Ctrl Pts',(-28.5972848147872,3.,-33.3350954981683));
#6093=CARTESIAN_POINT('Ctrl Pts',(-28.5972848147872,2.5,-33.3350954981683));
#6094=CARTESIAN_POINT('Ctrl Pts',(-28.3171824086397,3.,-32.7652727529065));
#6095=CARTESIAN_POINT('Ctrl Pts',(-28.3171824086397,2.5,-32.7652727529065));
#6096=CARTESIAN_POINT('Ctrl Pts',(-28.0513399333468,3.,-32.1913585220219));
#6097=CARTESIAN_POINT('Ctrl Pts',(-28.0513399333468,2.5,-32.1913585220219));
#6098=CARTESIAN_POINT('Ctrl Pts',(-27.8009332789265,3.,-31.6130154169812));
#6099=CARTESIAN_POINT('Ctrl Pts',(-27.8009332789265,2.5,-31.6130154169812));
#6100=CARTESIAN_POINT('Ctrl Pts',(-27.5666264465257,3.,-31.0300529213488));
#6101=CARTESIAN_POINT('Ctrl Pts',(-27.5666264465257,2.5,-31.0300529213488));
#6102=CARTESIAN_POINT('Ctrl Pts',(-27.3478100336478,3.,-30.4426458860085));
#6103=CARTESIAN_POINT('Ctrl Pts',(-27.3478100336478,2.5,-30.4426458860085));
#6104=CARTESIAN_POINT('Ctrl Pts',(-27.1433266247496,3.,-29.8511263987571));
#6105=CARTESIAN_POINT('Ctrl Pts',(-27.1433266247496,2.5,-29.8511263987571));
#6106=CARTESIAN_POINT('Ctrl Pts',(-26.9902713897892,3.,-29.3748890938185));
#6107=CARTESIAN_POINT('Ctrl Pts',(-26.9902713897892,2.5,-29.3748890938185));
#6108=CARTESIAN_POINT('Ctrl Pts',(-26.8810282804056,3.,-29.0161191818222));
#6109=CARTESIAN_POINT('Ctrl Pts',(-26.8810282804056,2.5,-29.0161191818222));
#6110=CARTESIAN_POINT('Ctrl Pts',(-26.8106252639924,3.,-28.776243247527));
#6111=CARTESIAN_POINT('Ctrl Pts',(-26.8106252639924,2.5,-28.776243247527));
#6112=CARTESIAN_POINT('Ctrl Pts',(-26.7760302032225,3.,-28.6561312773632));
#6113=CARTESIAN_POINT('Ctrl Pts',(-26.7760302032225,2.5,-28.6561312773632));
#6114=CARTESIAN_POINT('',(-29.1988976376089,2.5,-34.4628601260676));
#6115=CARTESIAN_POINT('',(-29.1988976376089,3.,-34.4628601260676));
#6116=CARTESIAN_POINT('Ctrl Pts',(-29.1988976376089,2.5,-34.4628601260676));
#6117=CARTESIAN_POINT('Ctrl Pts',(-29.1366156517803,2.5,-34.3506921394435));
#6118=CARTESIAN_POINT('Ctrl Pts',(-29.0132566838745,2.5,-34.1260104243006));
#6119=CARTESIAN_POINT('Ctrl Pts',(-28.8318331212358,2.5,-33.7879506609162));
#6120=CARTESIAN_POINT('Ctrl Pts',(-28.5972848147872,2.5,-33.3350954981683));
#6121=CARTESIAN_POINT('Ctrl Pts',(-28.3171824086397,2.5,-32.7652727529065));
#6122=CARTESIAN_POINT('Ctrl Pts',(-28.0513399333468,2.5,-32.1913585220219));
#6123=CARTESIAN_POINT('Ctrl Pts',(-27.8009332789265,2.5,-31.6130154169812));
#6124=CARTESIAN_POINT('Ctrl Pts',(-27.5666264465257,2.5,-31.0300529213488));
#6125=CARTESIAN_POINT('Ctrl Pts',(-27.3478100336478,2.5,-30.4426458860085));
#6126=CARTESIAN_POINT('Ctrl Pts',(-27.1433266247496,2.5,-29.8511263987571));
#6127=CARTESIAN_POINT('Ctrl Pts',(-26.9902713897892,2.5,-29.3748890938185));
#6128=CARTESIAN_POINT('Ctrl Pts',(-26.8810282804056,2.5,-29.0161191818222));
#6129=CARTESIAN_POINT('Ctrl Pts',(-26.8106252639924,2.5,-28.776243247527));
#6130=CARTESIAN_POINT('Ctrl Pts',(-26.7760302032225,2.5,-28.6561312773632));
#6131=CARTESIAN_POINT('Ctrl Pts',(-25.1618311101401,3.,-35.9025308925511));
#6132=CARTESIAN_POINT('Ctrl Pts',(-25.1618311101401,2.5,-35.9025308925511));
#6133=CARTESIAN_POINT('Ctrl Pts',(-25.1325034231969,3.,-35.854850279453));
#6134=CARTESIAN_POINT('Ctrl Pts',(-25.1325034231969,2.5,-35.854850279453));
#6135=CARTESIAN_POINT('Ctrl Pts',(-25.0789099045357,3.,-35.7604200478306));
#6136=CARTESIAN_POINT('Ctrl Pts',(-25.0789099045357,2.5,-35.7604200478306));
#6137=CARTESIAN_POINT('Ctrl Pts',(-25.0137051782872,3.,-35.6215675881476));
#6138=CARTESIAN_POINT('Ctrl Pts',(-25.0137051782872,2.5,-35.6215675881476));
#6139=CARTESIAN_POINT('Ctrl Pts',(-24.9573575232167,3.,-35.4420581605505));
#6140=CARTESIAN_POINT('Ctrl Pts',(-24.9573575232167,2.5,-35.4420581605505));
#6141=CARTESIAN_POINT('Ctrl Pts',(-24.9393675501375,3.,-35.2276518432573));
#6142=CARTESIAN_POINT('Ctrl Pts',(-24.9393675501375,2.5,-35.2276518432573));
#6143=CARTESIAN_POINT('Ctrl Pts',(-24.9758631868071,3.,-35.0246246590254));
#6144=CARTESIAN_POINT('Ctrl Pts',(-24.9758631868071,2.5,-35.0246246590254));
#6145=CARTESIAN_POINT('Ctrl Pts',(-25.0690645804863,3.,-34.8354254852404));
#6146=CARTESIAN_POINT('Ctrl Pts',(-25.0690645804863,2.5,-34.8354254852404));
#6147=CARTESIAN_POINT('Ctrl Pts',(-25.2207455846776,3.,-34.6638943359644));
#6148=CARTESIAN_POINT('Ctrl Pts',(-25.2207455846776,2.5,-34.6638943359644));
#6149=CARTESIAN_POINT('Ctrl Pts',(-25.432223115356,3.,-34.5146985653836));
#6150=CARTESIAN_POINT('Ctrl Pts',(-25.432223115356,2.5,-34.5146985653836));
#6151=CARTESIAN_POINT('Ctrl Pts',(-25.7042664443456,3.,-34.3925493248377));
#6152=CARTESIAN_POINT('Ctrl Pts',(-25.7042664443456,2.5,-34.3925493248377));
#6153=CARTESIAN_POINT('Ctrl Pts',(-26.0369044587408,3.,-34.3015306056768));
#6154=CARTESIAN_POINT('Ctrl Pts',(-26.0369044587408,2.5,-34.3015306056768));
#6155=CARTESIAN_POINT('Ctrl Pts',(-26.4288437547405,3.,-34.2440422354977));
#6156=CARTESIAN_POINT('Ctrl Pts',(-26.4288437547405,2.5,-34.2440422354977));
#6157=CARTESIAN_POINT('Ctrl Pts',(-26.8775849261699,3.,-34.2206831461215));
#6158=CARTESIAN_POINT('Ctrl Pts',(-26.8775849261699,2.5,-34.2206831461215));
#6159=CARTESIAN_POINT('Ctrl Pts',(-27.3802684433793,3.,-34.2310712840509));
#6160=CARTESIAN_POINT('Ctrl Pts',(-27.3802684433793,2.5,-34.2310712840509));
#6161=CARTESIAN_POINT('Ctrl Pts',(-27.9341282930736,3.,-34.2742731180512));
#6162=CARTESIAN_POINT('Ctrl Pts',(-27.9341282930736,2.5,-34.2742731180512));
#6163=CARTESIAN_POINT('Ctrl Pts',(-28.416356837674,3.,-34.3342581976913));
#6164=CARTESIAN_POINT('Ctrl Pts',(-28.416356837674,2.5,-34.3342581976913));
#6165=CARTESIAN_POINT('Ctrl Pts',(-28.7993827434769,3.,-34.3931799244897));
#6166=CARTESIAN_POINT('Ctrl Pts',(-28.7993827434769,2.5,-34.3931799244897));
#6167=CARTESIAN_POINT('Ctrl Pts',(-29.0641556221488,3.,-34.4386087748514));
#6168=CARTESIAN_POINT('Ctrl Pts',(-29.0641556221488,2.5,-34.4386087748514));
#6169=CARTESIAN_POINT('Ctrl Pts',(-29.1988976376089,3.,-34.4628601260676));
#6170=CARTESIAN_POINT('Ctrl Pts',(-29.1988976376089,2.5,-34.4628601260676));
#6171=CARTESIAN_POINT('Ctrl Pts',(-25.1618311101401,2.5,-35.9025308925511));
#6172=CARTESIAN_POINT('Ctrl Pts',(-25.1325034231969,2.5,-35.854850279453));
#6173=CARTESIAN_POINT('Ctrl Pts',(-25.0789099045357,2.5,-35.7604200478306));
#6174=CARTESIAN_POINT('Ctrl Pts',(-25.0137051782872,2.5,-35.6215675881476));
#6175=CARTESIAN_POINT('Ctrl Pts',(-24.9573575232167,2.5,-35.4420581605505));
#6176=CARTESIAN_POINT('Ctrl Pts',(-24.9393675501375,2.5,-35.2276518432573));
#6177=CARTESIAN_POINT('Ctrl Pts',(-24.9758631868071,2.5,-35.0246246590254));
#6178=CARTESIAN_POINT('Ctrl Pts',(-25.0690645804863,2.5,-34.8354254852404));
#6179=CARTESIAN_POINT('Ctrl Pts',(-25.2207455846776,2.5,-34.6638943359644));
#6180=CARTESIAN_POINT('Ctrl Pts',(-25.432223115356,2.5,-34.5146985653836));
#6181=CARTESIAN_POINT('Ctrl Pts',(-25.7042664443456,2.5,-34.3925493248377));
#6182=CARTESIAN_POINT('Ctrl Pts',(-26.0369044587408,2.5,-34.3015306056768));
#6183=CARTESIAN_POINT('Ctrl Pts',(-26.4288437547405,2.5,-34.2440422354977));
#6184=CARTESIAN_POINT('Ctrl Pts',(-26.8775849261699,2.5,-34.2206831461215));
#6185=CARTESIAN_POINT('Ctrl Pts',(-27.3802684433793,2.5,-34.2310712840509));
#6186=CARTESIAN_POINT('Ctrl Pts',(-27.9341282930736,2.5,-34.2742731180512));
#6187=CARTESIAN_POINT('Ctrl Pts',(-28.416356837674,2.5,-34.3342581976913));
#6188=CARTESIAN_POINT('Ctrl Pts',(-28.7993827434769,2.5,-34.3931799244897));
#6189=CARTESIAN_POINT('Ctrl Pts',(-29.0641556221488,2.5,-34.4386087748514));
#6190=CARTESIAN_POINT('Ctrl Pts',(-29.1988976376089,2.5,-34.4628601260676));
#6191=CARTESIAN_POINT('Origin',(-28.1604008692977,2.5,-31.834732718055));
#6192=CARTESIAN_POINT('Ctrl Pts',(-28.6112364995388,3.,33.8308330758741));
#6193=CARTESIAN_POINT('Ctrl Pts',(-28.6112364995388,2.5,33.8308330758741));
#6194=CARTESIAN_POINT('Ctrl Pts',(-28.5489023429634,3.,33.8995269240522));
#6195=CARTESIAN_POINT('Ctrl Pts',(-28.5489023429634,2.5,33.8995269240522));
#6196=CARTESIAN_POINT('Ctrl Pts',(-28.4234909753389,3.,34.0380849288292));
#6197=CARTESIAN_POINT('Ctrl Pts',(-28.4234909753389,2.5,34.0380849288292));
#6198=CARTESIAN_POINT('Ctrl Pts',(-28.233144752898,3.,34.2494328731996));
#6199=CARTESIAN_POINT('Ctrl Pts',(-28.233144752898,2.5,34.2494328731996));
#6200=CARTESIAN_POINT('Ctrl Pts',(-27.9748181662512,3.,34.5383674247166));
#6201=CARTESIAN_POINT('Ctrl Pts',(-27.9748181662512,2.5,34.5383674247166));
#6202=CARTESIAN_POINT('Ctrl Pts',(-27.643857154227,3.,34.9122187148543));
#6203=CARTESIAN_POINT('Ctrl Pts',(-27.643857154227,2.5,34.9122187148543));
#6204=CARTESIAN_POINT('Ctrl Pts',(-27.3041731228471,3.,35.2998087326077));
#6205=CARTESIAN_POINT('Ctrl Pts',(-27.3041731228471,2.5,35.2998087326077));
#6206=CARTESIAN_POINT('Ctrl Pts',(-26.9551307083905,3.,35.7021381738177));
#6207=CARTESIAN_POINT('Ctrl Pts',(-26.9551307083905,2.5,35.7021381738177));
#6208=CARTESIAN_POINT('Ctrl Pts',(-26.5965259070975,3.,36.1195283437666));
#6209=CARTESIAN_POINT('Ctrl Pts',(-26.5965259070975,2.5,36.1195283437666));
#6210=CARTESIAN_POINT('Ctrl Pts',(-26.2288865143219,3.,36.5511479664727));
#6211=CARTESIAN_POINT('Ctrl Pts',(-26.2288865143219,2.5,36.5511479664727));
#6212=CARTESIAN_POINT('Ctrl Pts',(-25.8529594088666,3.,36.9958207102225));
#6213=CARTESIAN_POINT('Ctrl Pts',(-25.8529594088666,2.5,36.9958207102225));
#6214=CARTESIAN_POINT('Ctrl Pts',(-25.5461631565152,3.,37.3610948305117));
#6215=CARTESIAN_POINT('Ctrl Pts',(-25.5461631565152,2.5,37.3610948305117));
#6216=CARTESIAN_POINT('Ctrl Pts',(-25.3128816213126,3.,37.640065755444));
#6217=CARTESIAN_POINT('Ctrl Pts',(-25.3128816213126,2.5,37.640065755444));
#6218=CARTESIAN_POINT('Ctrl Pts',(-25.1559685727753,3.,37.8282388071184));
#6219=CARTESIAN_POINT('Ctrl Pts',(-25.1559685727753,2.5,37.8282388071184));
#6220=CARTESIAN_POINT('Ctrl Pts',(-25.0771640226773,3.,37.922873472529));
#6221=CARTESIAN_POINT('Ctrl Pts',(-25.0771640226773,2.5,37.922873472529));
#6222=CARTESIAN_POINT('',(-28.6112364995388,2.5,33.8308330758741));
#6223=CARTESIAN_POINT('',(-28.6112364995388,3.,33.8308330758741));
#6224=CARTESIAN_POINT('',(-25.0771640226773,2.5,37.922873472529));
#6225=CARTESIAN_POINT('Ctrl Pts',(-28.6112364995388,2.5,33.8308330758741));
#6226=CARTESIAN_POINT('Ctrl Pts',(-28.5489023429634,2.5,33.8995269240522));
#6227=CARTESIAN_POINT('Ctrl Pts',(-28.4234909753389,2.5,34.0380849288292));
#6228=CARTESIAN_POINT('Ctrl Pts',(-28.233144752898,2.5,34.2494328731996));
#6229=CARTESIAN_POINT('Ctrl Pts',(-27.9748181662512,2.5,34.5383674247166));
#6230=CARTESIAN_POINT('Ctrl Pts',(-27.643857154227,2.5,34.9122187148543));
#6231=CARTESIAN_POINT('Ctrl Pts',(-27.3041731228471,2.5,35.2998087326077));
#6232=CARTESIAN_POINT('Ctrl Pts',(-26.9551307083905,2.5,35.7021381738177));
#6233=CARTESIAN_POINT('Ctrl Pts',(-26.5965259070975,2.5,36.1195283437666));
#6234=CARTESIAN_POINT('Ctrl Pts',(-26.2288865143219,2.5,36.5511479664727));
#6235=CARTESIAN_POINT('Ctrl Pts',(-25.8529594088666,2.5,36.9958207102225));
#6236=CARTESIAN_POINT('Ctrl Pts',(-25.5461631565152,2.5,37.3610948305117));
#6237=CARTESIAN_POINT('Ctrl Pts',(-25.3128816213126,2.5,37.640065755444));
#6238=CARTESIAN_POINT('Ctrl Pts',(-25.1559685727753,2.5,37.8282388071184));
#6239=CARTESIAN_POINT('Ctrl Pts',(-25.0771640226773,2.5,37.922873472529));
#6240=CARTESIAN_POINT('',(-25.0771640226773,3.,37.922873472529));
#6241=CARTESIAN_POINT('Ctrl Pts',(-26.5369969788198,3.,32.1023001419416));
#6242=CARTESIAN_POINT('Ctrl Pts',(-26.5369969788198,2.5,32.1023001419416));
#6243=CARTESIAN_POINT('Ctrl Pts',(-26.7220973514757,3.,31.9446796960762));
#6244=CARTESIAN_POINT('Ctrl Pts',(-26.7220973514757,2.5,31.9446796960762));
#6245=CARTESIAN_POINT('Ctrl Pts',(-27.0748899845333,3.,31.6371737951791));
#6246=CARTESIAN_POINT('Ctrl Pts',(-27.0748899845333,2.5,31.6371737951791));
#6247=CARTESIAN_POINT('Ctrl Pts',(-27.5518545006452,3.,31.1991197434723));
#6248=CARTESIAN_POINT('Ctrl Pts',(-27.5518545006452,2.5,31.1991197434723));
#6249=CARTESIAN_POINT('Ctrl Pts',(-28.0831700245998,3.,30.661542792288));
#6250=CARTESIAN_POINT('Ctrl Pts',(-28.0831700245998,2.5,30.661542792288));
#6251=CARTESIAN_POINT('Ctrl Pts',(-28.5726905002044,3.,30.0682324831183));
#6252=CARTESIAN_POINT('Ctrl Pts',(-28.5726905002044,2.5,30.0682324831183));
#6253=CARTESIAN_POINT('Ctrl Pts',(-28.8888405973705,3.,29.5562689483591));
#6254=CARTESIAN_POINT('Ctrl Pts',(-28.8888405973705,2.5,29.5562689483591));
#6255=CARTESIAN_POINT('Ctrl Pts',(-29.0355770268826,3.,29.1303361038773));
#6256=CARTESIAN_POINT('Ctrl Pts',(-29.0355770268826,2.5,29.1303361038773));
#6257=CARTESIAN_POINT('Ctrl Pts',(-29.0209423258995,3.,28.7977645551445));
#6258=CARTESIAN_POINT('Ctrl Pts',(-29.0209423258995,2.5,28.7977645551445));
#6259=CARTESIAN_POINT('Ctrl Pts',(-28.8582164011438,3.,28.568788563349));
#6260=CARTESIAN_POINT('Ctrl Pts',(-28.8582164011438,2.5,28.568788563349));
#6261=CARTESIAN_POINT('Ctrl Pts',(-28.5678195989711,3.,28.4577890466291));
#6262=CARTESIAN_POINT('Ctrl Pts',(-28.5678195989711,2.5,28.4577890466291));
#6263=CARTESIAN_POINT('Ctrl Pts',(-28.1759688152274,3.,28.4797776569921));
#6264=CARTESIAN_POINT('Ctrl Pts',(-28.1759688152274,2.5,28.4797776569921));
#6265=CARTESIAN_POINT('Ctrl Pts',(-27.7116329920411,3.,28.6440687679539));
#6266=CARTESIAN_POINT('Ctrl Pts',(-27.7116329920411,2.5,28.6440687679539));
#6267=CARTESIAN_POINT('Ctrl Pts',(-27.2042251773529,3.,28.9494607184181));
#6268=CARTESIAN_POINT('Ctrl Pts',(-27.2042251773529,2.5,28.9494607184181));
#6269=CARTESIAN_POINT('Ctrl Pts',(-26.680635125281,3.,29.3770332156435));
#6270=CARTESIAN_POINT('Ctrl Pts',(-26.680635125281,2.5,29.3770332156435));
#6271=CARTESIAN_POINT('Ctrl Pts',(-26.164658337376,3.,29.8930603790559));
#6272=CARTESIAN_POINT('Ctrl Pts',(-26.164658337376,2.5,29.8930603790559));
#6273=CARTESIAN_POINT('Ctrl Pts',(-25.6773434730769,3.,30.4560653652189));
#6274=CARTESIAN_POINT('Ctrl Pts',(-25.6773434730769,2.5,30.4560653652189));
#6275=CARTESIAN_POINT('Ctrl Pts',(-25.2370251420038,3.,31.0223681501715));
#6276=CARTESIAN_POINT('Ctrl Pts',(-25.2370251420038,2.5,31.0223681501715));
#6277=CARTESIAN_POINT('Ctrl Pts',(-24.8594682427811,3.,31.5524250885206));
#6278=CARTESIAN_POINT('Ctrl Pts',(-24.8594682427811,2.5,31.5524250885206));
#6279=CARTESIAN_POINT('Ctrl Pts',(-24.5579199980361,3.,32.0163632409868));
#6280=CARTESIAN_POINT('Ctrl Pts',(-24.5579199980361,2.5,32.0163632409868));
#6281=CARTESIAN_POINT('Ctrl Pts',(-24.3432061450062,3.,32.4010840254546));
#6282=CARTESIAN_POINT('Ctrl Pts',(-24.3432061450062,2.5,32.4010840254546));
#6283=CARTESIAN_POINT('Ctrl Pts',(-24.2236466133457,3.,32.7130974710753));
#6284=CARTESIAN_POINT('Ctrl Pts',(-24.2236466133457,2.5,32.7130974710753));
#6285=CARTESIAN_POINT('Ctrl Pts',(-24.2043746667418,3.,32.968569838965));
#6286=CARTESIAN_POINT('Ctrl Pts',(-24.2043746667418,2.5,32.968569838965));
#6287=CARTESIAN_POINT('Ctrl Pts',(-24.28688289828,3.,33.1864441720172));
#6288=CARTESIAN_POINT('Ctrl Pts',(-24.28688289828,2.5,33.1864441720172));
#6289=CARTESIAN_POINT('Ctrl Pts',(-24.4680850571288,3.,33.3788955259821));
#6290=CARTESIAN_POINT('Ctrl Pts',(-24.4680850571288,2.5,33.3788955259821));
#6291=CARTESIAN_POINT('Ctrl Pts',(-24.7408167573024,3.,33.5484434573891));
#6292=CARTESIAN_POINT('Ctrl Pts',(-24.7408167573024,2.5,33.5484434573891));
#6293=CARTESIAN_POINT('Ctrl Pts',(-25.0961413015136,3.,33.6926163843083));
#6294=CARTESIAN_POINT('Ctrl Pts',(-25.0961413015136,2.5,33.6926163843083));
#6295=CARTESIAN_POINT('Ctrl Pts',(-25.525062649207,3.,33.8065182017476));
#6296=CARTESIAN_POINT('Ctrl Pts',(-25.525062649207,2.5,33.8065182017476));
#6297=CARTESIAN_POINT('Ctrl Pts',(-26.0206958353718,3.,33.8866078473812));
#6298=CARTESIAN_POINT('Ctrl Pts',(-26.0206958353718,2.5,33.8866078473812));
#6299=CARTESIAN_POINT('Ctrl Pts',(-26.5782410496893,3.,33.9307930565361));
#6300=CARTESIAN_POINT('Ctrl Pts',(-26.5782410496893,2.5,33.9307930565361));
#6301=CARTESIAN_POINT('Ctrl Pts',(-27.1945472138095,3.,33.9379695655204));
#6302=CARTESIAN_POINT('Ctrl Pts',(-27.1945472138095,2.5,33.9379695655204));
#6303=CARTESIAN_POINT('Ctrl Pts',(-27.7331606839969,3.,33.9137979441255));
#6304=CARTESIAN_POINT('Ctrl Pts',(-27.7331606839969,2.5,33.9137979441255));
#6305=CARTESIAN_POINT('Ctrl Pts',(-28.1623895038818,3.,33.8788458979277));
#6306=CARTESIAN_POINT('Ctrl Pts',(-28.1623895038818,2.5,33.8788458979277));
#6307=CARTESIAN_POINT('Ctrl Pts',(-28.4597524414154,3.,33.8480812408137));
#6308=CARTESIAN_POINT('Ctrl Pts',(-28.4597524414154,2.5,33.8480812408137));
#6309=CARTESIAN_POINT('Ctrl Pts',(-28.6112364995388,3.,33.8308330758741));
#6310=CARTESIAN_POINT('Ctrl Pts',(-28.6112364995388,2.5,33.8308330758741));
#6311=CARTESIAN_POINT('',(-26.5369969788198,2.5,32.1023001419416));
#6312=CARTESIAN_POINT('',(-26.5369969788198,3.,32.1023001419416));
#6313=CARTESIAN_POINT('Ctrl Pts',(-26.5369969788198,2.5,32.1023001419416));
#6314=CARTESIAN_POINT('Ctrl Pts',(-26.7220973514757,2.5,31.9446796960762));
#6315=CARTESIAN_POINT('Ctrl Pts',(-27.0748899845333,2.5,31.6371737951791));
#6316=CARTESIAN_POINT('Ctrl Pts',(-27.5518545006452,2.5,31.1991197434723));
#6317=CARTESIAN_POINT('Ctrl Pts',(-28.0831700245998,2.5,30.661542792288));
#6318=CARTESIAN_POINT('Ctrl Pts',(-28.5726905002044,2.5,30.0682324831183));
#6319=CARTESIAN_POINT('Ctrl Pts',(-28.8888405973705,2.5,29.5562689483591));
#6320=CARTESIAN_POINT('Ctrl Pts',(-29.0355770268826,2.5,29.1303361038773));
#6321=CARTESIAN_POINT('Ctrl Pts',(-29.0209423258995,2.5,28.7977645551445));
#6322=CARTESIAN_POINT('Ctrl Pts',(-28.8582164011438,2.5,28.568788563349));
#6323=CARTESIAN_POINT('Ctrl Pts',(-28.5678195989711,2.5,28.4577890466291));
#6324=CARTESIAN_POINT('Ctrl Pts',(-28.1759688152274,2.5,28.4797776569921));
#6325=CARTESIAN_POINT('Ctrl Pts',(-27.7116329920411,2.5,28.6440687679539));
#6326=CARTESIAN_POINT('Ctrl Pts',(-27.2042251773529,2.5,28.9494607184181));
#6327=CARTESIAN_POINT('Ctrl Pts',(-26.680635125281,2.5,29.3770332156435));
#6328=CARTESIAN_POINT('Ctrl Pts',(-26.164658337376,2.5,29.8930603790559));
#6329=CARTESIAN_POINT('Ctrl Pts',(-25.6773434730769,2.5,30.4560653652189));
#6330=CARTESIAN_POINT('Ctrl Pts',(-25.2370251420038,2.5,31.0223681501715));
#6331=CARTESIAN_POINT('Ctrl Pts',(-24.8594682427811,2.5,31.5524250885206));
#6332=CARTESIAN_POINT('Ctrl Pts',(-24.5579199980361,2.5,32.0163632409868));
#6333=CARTESIAN_POINT('Ctrl Pts',(-24.3432061450062,2.5,32.4010840254546));
#6334=CARTESIAN_POINT('Ctrl Pts',(-24.2236466133457,2.5,32.7130974710753));
#6335=CARTESIAN_POINT('Ctrl Pts',(-24.2043746667418,2.5,32.968569838965));
#6336=CARTESIAN_POINT('Ctrl Pts',(-24.28688289828,2.5,33.1864441720172));
#6337=CARTESIAN_POINT('Ctrl Pts',(-24.4680850571288,2.5,33.3788955259821));
#6338=CARTESIAN_POINT('Ctrl Pts',(-24.7408167573024,2.5,33.5484434573891));
#6339=CARTESIAN_POINT('Ctrl Pts',(-25.0961413015136,2.5,33.6926163843083));
#6340=CARTESIAN_POINT('Ctrl Pts',(-25.525062649207,2.5,33.8065182017476));
#6341=CARTESIAN_POINT('Ctrl Pts',(-26.0206958353718,2.5,33.8866078473812));
#6342=CARTESIAN_POINT('Ctrl Pts',(-26.5782410496893,2.5,33.9307930565361));
#6343=CARTESIAN_POINT('Ctrl Pts',(-27.1945472138095,2.5,33.9379695655204));
#6344=CARTESIAN_POINT('Ctrl Pts',(-27.7331606839969,2.5,33.9137979441255));
#6345=CARTESIAN_POINT('Ctrl Pts',(-28.1623895038818,2.5,33.8788458979277));
#6346=CARTESIAN_POINT('Ctrl Pts',(-28.4597524414154,2.5,33.8480812408137));
#6347=CARTESIAN_POINT('Ctrl Pts',(-28.6112364995388,2.5,33.8308330758741));
#6348=CARTESIAN_POINT('Ctrl Pts',(-27.396059596981,3.,37.5916026761999));
#6349=CARTESIAN_POINT('Ctrl Pts',(-27.396059596981,2.5,37.5916026761999));
#6350=CARTESIAN_POINT('Ctrl Pts',(-27.5806539205039,3.,37.4190490660191));
#6351=CARTESIAN_POINT('Ctrl Pts',(-27.5806539205039,2.5,37.4190490660191));
#6352=CARTESIAN_POINT('Ctrl Pts',(-27.9385195830742,3.,37.0807318352925));
#6353=CARTESIAN_POINT('Ctrl Pts',(-27.9385195830742,2.5,37.0807318352925));
#6354=CARTESIAN_POINT('Ctrl Pts',(-28.4413492493479,3.,36.5936259096859));
#6355=CARTESIAN_POINT('Ctrl Pts',(-28.4413492493479,2.5,36.5936259096859));
#6356=CARTESIAN_POINT('Ctrl Pts',(-29.0435728556489,3.,35.9850578261923));
#6357=CARTESIAN_POINT('Ctrl Pts',(-29.0435728556489,2.5,35.9850578261923));
#6358=CARTESIAN_POINT('Ctrl Pts',(-29.6811914240217,3.,35.2935378227755));
#6359=CARTESIAN_POINT('Ctrl Pts',(-29.6811914240217,2.5,35.2935378227755));
#6360=CARTESIAN_POINT('Ctrl Pts',(-30.2020917781375,3.,34.6725365048906));
#6361=CARTESIAN_POINT('Ctrl Pts',(-30.2020917781375,2.5,34.6725365048906));
#6362=CARTESIAN_POINT('Ctrl Pts',(-30.6054273485801,3.,34.1233633804796));
#6363=CARTESIAN_POINT('Ctrl Pts',(-30.6054273485801,2.5,34.1233633804796));
#6364=CARTESIAN_POINT('Ctrl Pts',(-30.8919000233415,3.,33.6469279039745));
#6365=CARTESIAN_POINT('Ctrl Pts',(-30.8919000233415,2.5,33.6469279039745));
#6366=CARTESIAN_POINT('Ctrl Pts',(-31.0648516050534,3.,33.2432761431905));
#6367=CARTESIAN_POINT('Ctrl Pts',(-31.0648516050534,2.5,33.2432761431905));
#6368=CARTESIAN_POINT('Ctrl Pts',(-31.131144408336,3.,32.9111099504319));
#6369=CARTESIAN_POINT('Ctrl Pts',(-31.131144408336,2.5,32.9111099504319));
#6370=CARTESIAN_POINT('Ctrl Pts',(-31.1030160075239,3.,32.6471054635919));
#6371=CARTESIAN_POINT('Ctrl Pts',(-31.1030160075239,2.5,32.6471054635919));
#6372=CARTESIAN_POINT('Ctrl Pts',(-30.9953018352943,3.,32.445947307875));
#6373=CARTESIAN_POINT('Ctrl Pts',(-30.9953018352943,2.5,32.445947307875));
#6374=CARTESIAN_POINT('Ctrl Pts',(-30.8216559901203,3.,32.3005994030092));
#6375=CARTESIAN_POINT('Ctrl Pts',(-30.8216559901203,2.5,32.3005994030092));
#6376=CARTESIAN_POINT('Ctrl Pts',(-30.5905105062992,3.,32.2022759054498));
#6377=CARTESIAN_POINT('Ctrl Pts',(-30.5905105062992,2.5,32.2022759054498));
#6378=CARTESIAN_POINT('Ctrl Pts',(-30.3033753051806,3.,32.140858285553));
#6379=CARTESIAN_POINT('Ctrl Pts',(-30.3033753051806,2.5,32.140858285553));
#6380=CARTESIAN_POINT('Ctrl Pts',(-29.9581496326886,3.,32.1062246252731));
#6381=CARTESIAN_POINT('Ctrl Pts',(-29.9581496326886,2.5,32.1062246252731));
#6382=CARTESIAN_POINT('Ctrl Pts',(-29.5511082511969,3.,32.0892392872106));
#6383=CARTESIAN_POINT('Ctrl Pts',(-29.5511082511969,2.5,32.0892392872106));
#6384=CARTESIAN_POINT('Ctrl Pts',(-29.0799122192131,3.,32.0830951143502));
#6385=CARTESIAN_POINT('Ctrl Pts',(-29.0799122192131,2.5,32.0830951143502));
#6386=CARTESIAN_POINT('Ctrl Pts',(-28.5439679049674,3.,32.0833507777046));
#6387=CARTESIAN_POINT('Ctrl Pts',(-28.5439679049674,2.5,32.0833507777046));
#6388=CARTESIAN_POINT('Ctrl Pts',(-27.943576725067,3.,32.0873099818362));
#6389=CARTESIAN_POINT('Ctrl Pts',(-27.943576725067,2.5,32.0873099818362));
#6390=CARTESIAN_POINT('Ctrl Pts',(-27.4123427327636,3.,32.0923625180301));
#6391=CARTESIAN_POINT('Ctrl Pts',(-27.4123427327636,2.5,32.0923625180301));
#6392=CARTESIAN_POINT('Ctrl Pts',(-26.9856265956908,3.,32.0970019131613));
#6393=CARTESIAN_POINT('Ctrl Pts',(-26.9856265956908,2.5,32.0970019131613));
#6394=CARTESIAN_POINT('Ctrl Pts',(-26.6886272008283,3.,32.1004713275182));
#6395=CARTESIAN_POINT('Ctrl Pts',(-26.6886272008283,2.5,32.1004713275182));
#6396=CARTESIAN_POINT('Ctrl Pts',(-26.5369969788198,3.,32.1023001419416));
#6397=CARTESIAN_POINT('Ctrl Pts',(-26.5369969788198,2.5,32.1023001419416));
#6398=CARTESIAN_POINT('',(-27.396059596981,2.5,37.5916026761999));
#6399=CARTESIAN_POINT('',(-27.396059596981,3.,37.5916026761999));
#6400=CARTESIAN_POINT('Ctrl Pts',(-27.396059596981,2.5,37.5916026761999));
#6401=CARTESIAN_POINT('Ctrl Pts',(-27.5806539205039,2.5,37.4190490660191));
#6402=CARTESIAN_POINT('Ctrl Pts',(-27.9385195830742,2.5,37.0807318352925));
#6403=CARTESIAN_POINT('Ctrl Pts',(-28.4413492493479,2.5,36.5936259096859));
#6404=CARTESIAN_POINT('Ctrl Pts',(-29.0435728556489,2.5,35.9850578261923));
#6405=CARTESIAN_POINT('Ctrl Pts',(-29.6811914240217,2.5,35.2935378227755));
#6406=CARTESIAN_POINT('Ctrl Pts',(-30.2020917781375,2.5,34.6725365048906));
#6407=CARTESIAN_POINT('Ctrl Pts',(-30.6054273485801,2.5,34.1233633804796));
#6408=CARTESIAN_POINT('Ctrl Pts',(-30.8919000233415,2.5,33.6469279039745));
#6409=CARTESIAN_POINT('Ctrl Pts',(-31.0648516050534,2.5,33.2432761431905));
#6410=CARTESIAN_POINT('Ctrl Pts',(-31.131144408336,2.5,32.9111099504319));
#6411=CARTESIAN_POINT('Ctrl Pts',(-31.1030160075239,2.5,32.6471054635919));
#6412=CARTESIAN_POINT('Ctrl Pts',(-30.9953018352943,2.5,32.445947307875));
#6413=CARTESIAN_POINT('Ctrl Pts',(-30.8216559901203,2.5,32.3005994030092));
#6414=CARTESIAN_POINT('Ctrl Pts',(-30.5905105062992,2.5,32.2022759054498));
#6415=CARTESIAN_POINT('Ctrl Pts',(-30.3033753051806,2.5,32.140858285553));
#6416=CARTESIAN_POINT('Ctrl Pts',(-29.9581496326886,2.5,32.1062246252731));
#6417=CARTESIAN_POINT('Ctrl Pts',(-29.5511082511969,2.5,32.0892392872106));
#6418=CARTESIAN_POINT('Ctrl Pts',(-29.0799122192131,2.5,32.0830951143502));
#6419=CARTESIAN_POINT('Ctrl Pts',(-28.5439679049674,2.5,32.0833507777046));
#6420=CARTESIAN_POINT('Ctrl Pts',(-27.943576725067,2.5,32.0873099818362));
#6421=CARTESIAN_POINT('Ctrl Pts',(-27.4123427327636,2.5,32.0923625180301));
#6422=CARTESIAN_POINT('Ctrl Pts',(-26.9856265956908,2.5,32.0970019131613));
#6423=CARTESIAN_POINT('Ctrl Pts',(-26.6886272008283,2.5,32.1004713275182));
#6424=CARTESIAN_POINT('Ctrl Pts',(-26.5369969788198,2.5,32.1023001419416));
#6425=CARTESIAN_POINT('Origin',(-27.6677595375389,2.5,33.1903312595791));
#6426=CARTESIAN_POINT('',(-34.6435932404045,2.5,36.5562407271393));
#6427=CARTESIAN_POINT('Ctrl Pts',(-2.00000002980232,3.,-35.0000005215406));
#6428=CARTESIAN_POINT('Ctrl Pts',(-2.00000002980232,2.5,-35.0000005215406));
#6429=CARTESIAN_POINT('Ctrl Pts',(-1.95923234051513,3.,-34.4697002361357));
#6430=CARTESIAN_POINT('Ctrl Pts',(-1.95923234051513,2.5,-34.4697002361357));
#6431=CARTESIAN_POINT('Ctrl Pts',(-1.88124241027269,3.,-33.4099954507589));
#6432=CARTESIAN_POINT('Ctrl Pts',(-1.88124241027269,2.5,-33.4099954507589));
#6433=CARTESIAN_POINT('Ctrl Pts',(-1.77489346299298,3.,-31.8231255287098));
#6434=CARTESIAN_POINT('Ctrl Pts',(-1.77489346299298,2.5,-31.8231255287098));
#6435=CARTESIAN_POINT('Ctrl Pts',(-1.6547201578253,3.,-29.7127627660486));
#6436=CARTESIAN_POINT('Ctrl Pts',(-1.6547201578253,2.5,-29.7127627660486));
#6437=CARTESIAN_POINT('Ctrl Pts',(-1.54300461062266,3.,-27.0845369147677));
#6438=CARTESIAN_POINT('Ctrl Pts',(-1.54300461062266,2.5,-27.0845369147677));
#6439=CARTESIAN_POINT('Ctrl Pts',(-1.4732805274998,3.,-24.4669205374776));
#6440=CARTESIAN_POINT('Ctrl Pts',(-1.4732805274998,2.5,-24.4669205374776));
#6441=CARTESIAN_POINT('Ctrl Pts',(-1.44905299866736,3.,-21.8607992228191));
#6442=CARTESIAN_POINT('Ctrl Pts',(-1.44905299866736,2.5,-21.8607992228191));
#6443=CARTESIAN_POINT('Ctrl Pts',(-1.47237643555854,3.,-19.2666920340186));
#6444=CARTESIAN_POINT('Ctrl Pts',(-1.47237643555854,2.5,-19.2666920340186));
#6445=CARTESIAN_POINT('Ctrl Pts',(-1.54154897412953,3.,-16.6841689817298));
#6446=CARTESIAN_POINT('Ctrl Pts',(-1.54154897412953,2.5,-16.6841689817298));
#6447=CARTESIAN_POINT('Ctrl Pts',(-1.65318489629712,3.,-14.112374637626));
#6448=CARTESIAN_POINT('Ctrl Pts',(-1.65318489629712,2.5,-14.112374637626));
#6449=CARTESIAN_POINT('Ctrl Pts',(-1.77371498856956,3.,-12.0628274833788));
#6450=CARTESIAN_POINT('Ctrl Pts',(-1.77371498856956,2.5,-12.0628274833788));
#6451=CARTESIAN_POINT('Ctrl Pts',(-1.88056391799318,3.,-10.5298236833785));
#6452=CARTESIAN_POINT('Ctrl Pts',(-1.88056391799318,2.5,-10.5298236833785));
#6453=CARTESIAN_POINT('Ctrl Pts',(-1.95898918906897,3.,-9.50963843006621));
#6454=CARTESIAN_POINT('Ctrl Pts',(-1.95898918906897,2.5,-9.50963843006621));
#6455=CARTESIAN_POINT('Ctrl Pts',(-2.00000002980232,3.,-9.00000013411045));
#6456=CARTESIAN_POINT('Ctrl Pts',(-2.00000002980232,2.5,-9.00000013411045));
#6457=CARTESIAN_POINT('',(-2.00000002980232,2.5,-35.0000005215406));
#6458=CARTESIAN_POINT('',(-2.00000002980232,3.,-35.0000005215406));
#6459=CARTESIAN_POINT('',(-2.00000002980232,2.5,-9.00000013411045));
#6460=CARTESIAN_POINT('Ctrl Pts',(-2.00000002980232,2.5,-35.0000005215406));
#6461=CARTESIAN_POINT('Ctrl Pts',(-1.95923234051513,2.5,-34.4697002361357));
#6462=CARTESIAN_POINT('Ctrl Pts',(-1.88124241027269,2.5,-33.4099954507589));
#6463=CARTESIAN_POINT('Ctrl Pts',(-1.77489346299298,2.5,-31.8231255287098));
#6464=CARTESIAN_POINT('Ctrl Pts',(-1.6547201578253,2.5,-29.7127627660486));
#6465=CARTESIAN_POINT('Ctrl Pts',(-1.54300461062266,2.5,-27.0845369147677));
#6466=CARTESIAN_POINT('Ctrl Pts',(-1.4732805274998,2.5,-24.4669205374776));
#6467=CARTESIAN_POINT('Ctrl Pts',(-1.44905299866736,2.5,-21.8607992228191));
#6468=CARTESIAN_POINT('Ctrl Pts',(-1.47237643555854,2.5,-19.2666920340186));
#6469=CARTESIAN_POINT('Ctrl Pts',(-1.54154897412953,2.5,-16.6841689817298));
#6470=CARTESIAN_POINT('Ctrl Pts',(-1.65318489629712,2.5,-14.112374637626));
#6471=CARTESIAN_POINT('Ctrl Pts',(-1.77371498856956,2.5,-12.0628274833788));
#6472=CARTESIAN_POINT('Ctrl Pts',(-1.88056391799318,2.5,-10.5298236833785));
#6473=CARTESIAN_POINT('Ctrl Pts',(-1.95898918906897,2.5,-9.50963843006621));
#6474=CARTESIAN_POINT('Ctrl Pts',(-2.00000002980232,2.5,-9.00000013411045));
#6475=CARTESIAN_POINT('',(-2.00000002980232,3.,-9.00000013411045));
#6476=CARTESIAN_POINT('Ctrl Pts',(-3.4999999217689,3.,-34.999999217689));
#6477=CARTESIAN_POINT('Ctrl Pts',(-3.4999999217689,2.5,-34.999999217689));
#6478=CARTESIAN_POINT('Ctrl Pts',(-3.481286708267,3.,-35.061388313439));
#6479=CARTESIAN_POINT('Ctrl Pts',(-3.481286708267,2.5,-35.061388313439));
#6480=CARTESIAN_POINT('Ctrl Pts',(-3.44116189681803,3.,-35.1783650038644));
#6481=CARTESIAN_POINT('Ctrl Pts',(-3.44116189681803,2.5,-35.1783650038644));
#6482=CARTESIAN_POINT('Ctrl Pts',(-3.37287172928498,3.,-35.336424003275));
#6483=CARTESIAN_POINT('Ctrl Pts',(-3.37287172928498,2.5,-35.336424003275));
#6484=CARTESIAN_POINT('Ctrl Pts',(-3.26541315973495,3.,-35.5117978176276));
#6485=CARTESIAN_POINT('Ctrl Pts',(-3.26541315973495,2.5,-35.5117978176276));
#6486=CARTESIAN_POINT('Ctrl Pts',(-3.10337998296744,3.,-35.6684440450436));
#6487=CARTESIAN_POINT('Ctrl Pts',(-3.10337998296744,2.5,-35.6684440450436));
#6488=CARTESIAN_POINT('Ctrl Pts',(-2.9168761437939,3.,-35.758396692204));
#6489=CARTESIAN_POINT('Ctrl Pts',(-2.9168761437939,2.5,-35.758396692204));
#6490=CARTESIAN_POINT('Ctrl Pts',(-2.71296795934662,3.,-35.7785435492225));
#6491=CARTESIAN_POINT('Ctrl Pts',(-2.71296795934662,2.5,-35.7785435492225));
#6492=CARTESIAN_POINT('Ctrl Pts',(-2.51171470417776,3.,-35.7313500476372));
#6493=CARTESIAN_POINT('Ctrl Pts',(-2.51171470417776,2.5,-35.7313500476372));
#6494=CARTESIAN_POINT('Ctrl Pts',(-2.33405944185523,3.,-35.6248962445965));
#6495=CARTESIAN_POINT('Ctrl Pts',(-2.33405944185523,2.5,-35.6248962445965));
#6496=CARTESIAN_POINT('Ctrl Pts',(-2.18682935855212,3.,-35.4658677954483));
#6497=CARTESIAN_POINT('Ctrl Pts',(-2.18682935855212,2.5,-35.4658677954483));
#6498=CARTESIAN_POINT('Ctrl Pts',(-2.09578916351336,3.,-35.3011680676342));
#6499=CARTESIAN_POINT('Ctrl Pts',(-2.09578916351336,2.5,-35.3011680676342));
#6500=CARTESIAN_POINT('Ctrl Pts',(-2.04223818265811,3.,-35.1580673660276));
#6501=CARTESIAN_POINT('Ctrl Pts',(-2.04223818265811,2.5,-35.1580673660276));
#6502=CARTESIAN_POINT('Ctrl Pts',(-2.01300283921034,3.,-35.0541150769327));
#6503=CARTESIAN_POINT('Ctrl Pts',(-2.01300283921034,2.5,-35.0541150769327));
#6504=CARTESIAN_POINT('Ctrl Pts',(-2.00000002980232,3.,-35.0000005215406));
#6505=CARTESIAN_POINT('Ctrl Pts',(-2.00000002980232,2.5,-35.0000005215406));
#6506=CARTESIAN_POINT('',(-3.4999999217689,2.5,-34.999999217689));
#6507=CARTESIAN_POINT('',(-3.4999999217689,3.,-34.999999217689));
#6508=CARTESIAN_POINT('Ctrl Pts',(-3.4999999217689,2.5,-34.999999217689));
#6509=CARTESIAN_POINT('Ctrl Pts',(-3.481286708267,2.5,-35.061388313439));
#6510=CARTESIAN_POINT('Ctrl Pts',(-3.44116189681803,2.5,-35.1783650038644));
#6511=CARTESIAN_POINT('Ctrl Pts',(-3.37287172928498,2.5,-35.336424003275));
#6512=CARTESIAN_POINT('Ctrl Pts',(-3.26541315973495,2.5,-35.5117978176276));
#6513=CARTESIAN_POINT('Ctrl Pts',(-3.10337998296744,2.5,-35.6684440450436));
#6514=CARTESIAN_POINT('Ctrl Pts',(-2.9168761437939,2.5,-35.758396692204));
#6515=CARTESIAN_POINT('Ctrl Pts',(-2.71296795934662,2.5,-35.7785435492225));
#6516=CARTESIAN_POINT('Ctrl Pts',(-2.51171470417776,2.5,-35.7313500476372));
#6517=CARTESIAN_POINT('Ctrl Pts',(-2.33405944185523,2.5,-35.6248962445965));
#6518=CARTESIAN_POINT('Ctrl Pts',(-2.18682935855212,2.5,-35.4658677954483));
#6519=CARTESIAN_POINT('Ctrl Pts',(-2.09578916351336,2.5,-35.3011680676342));
#6520=CARTESIAN_POINT('Ctrl Pts',(-2.04223818265811,2.5,-35.1580673660276));
#6521=CARTESIAN_POINT('Ctrl Pts',(-2.01300283921034,2.5,-35.0541150769327));
#6522=CARTESIAN_POINT('Ctrl Pts',(-2.00000002980232,2.5,-35.0000005215406));
#6523=CARTESIAN_POINT('Ctrl Pts',(-3.29999992623925,3.,-31.9999992847443));
#6524=CARTESIAN_POINT('Ctrl Pts',(-3.29999992623925,2.5,-31.9999992847443));
#6525=CARTESIAN_POINT('Ctrl Pts',(-3.30385540865974,3.,-32.0653701035963));
#6526=CARTESIAN_POINT('Ctrl Pts',(-3.30385540865974,2.5,-32.0653701035963));
#6527=CARTESIAN_POINT('Ctrl Pts',(-3.31157888215524,3.,-32.1956468720688));
#6528=CARTESIAN_POINT('Ctrl Pts',(-3.31157888215524,2.5,-32.1956468720688));
#6529=CARTESIAN_POINT('Ctrl Pts',(-3.3232016167001,3.,-32.3896674788485));
#6530=CARTESIAN_POINT('Ctrl Pts',(-3.3232016167001,2.5,-32.3896674788485));
#6531=CARTESIAN_POINT('Ctrl Pts',(-3.3387748937613,3.,-32.6455261093577));
#6532=CARTESIAN_POINT('Ctrl Pts',(-3.3387748937613,2.5,-32.6455261093577));
#6533=CARTESIAN_POINT('Ctrl Pts',(-3.35837738041645,3.,-32.9602991954614));
#6534=CARTESIAN_POINT('Ctrl Pts',(-3.35837738041645,2.5,-32.9602991954614));
#6535=CARTESIAN_POINT('Ctrl Pts',(-3.37812827337732,3.,-33.2695569381772));
#6536=CARTESIAN_POINT('Ctrl Pts',(-3.37812827337732,2.5,-33.2695569381772));
#6537=CARTESIAN_POINT('Ctrl Pts',(-3.39804027616603,3.,-33.5728272262632));
#6538=CARTESIAN_POINT('Ctrl Pts',(-3.39804027616603,2.5,-33.5728272262632));
#6539=CARTESIAN_POINT('Ctrl Pts',(-3.41812137376066,3.,-33.8698133075354));
#6540=CARTESIAN_POINT('Ctrl Pts',(-3.41812137376066,2.5,-33.8698133075354));
#6541=CARTESIAN_POINT('Ctrl Pts',(-3.43836626992966,3.,-34.1607120101264));
#6542=CARTESIAN_POINT('Ctrl Pts',(-3.43836626992966,2.5,-34.1607120101264));
#6543=CARTESIAN_POINT('Ctrl Pts',(-3.45876317437538,3.,-34.4459615063867));
#6544=CARTESIAN_POINT('Ctrl Pts',(-3.45876317437538,2.5,-34.4459615063867));
#6545=CARTESIAN_POINT('Ctrl Pts',(-3.47519261928591,3.,-34.6700016797436));
#6546=CARTESIAN_POINT('Ctrl Pts',(-3.47519261928591,2.5,-34.6700016797436));
#6547=CARTESIAN_POINT('Ctrl Pts',(-3.48757369998526,3.,-34.8358392559993));
#6548=CARTESIAN_POINT('Ctrl Pts',(-3.48757369998526,2.5,-34.8358392559993));
#6549=CARTESIAN_POINT('Ctrl Pts',(-3.49585354863477,3.,-34.9454390053328));
#6550=CARTESIAN_POINT('Ctrl Pts',(-3.49585354863477,2.5,-34.9454390053328));
#6551=CARTESIAN_POINT('Ctrl Pts',(-3.4999999217689,3.,-34.999999217689));
#6552=CARTESIAN_POINT('Ctrl Pts',(-3.4999999217689,2.5,-34.999999217689));
#6553=CARTESIAN_POINT('',(-3.29999992623925,2.5,-31.9999992847443));
#6554=CARTESIAN_POINT('',(-3.29999992623925,3.,-31.9999992847443));
#6555=CARTESIAN_POINT('Ctrl Pts',(-3.29999992623925,2.5,-31.9999992847443));
#6556=CARTESIAN_POINT('Ctrl Pts',(-3.30385540865974,2.5,-32.0653701035963));
#6557=CARTESIAN_POINT('Ctrl Pts',(-3.31157888215524,2.5,-32.1956468720688));
#6558=CARTESIAN_POINT('Ctrl Pts',(-3.3232016167001,2.5,-32.3896674788485));
#6559=CARTESIAN_POINT('Ctrl Pts',(-3.3387748937613,2.5,-32.6455261093577));
#6560=CARTESIAN_POINT('Ctrl Pts',(-3.35837738041645,2.5,-32.9602991954614));
#6561=CARTESIAN_POINT('Ctrl Pts',(-3.37812827337732,2.5,-33.2695569381772));
#6562=CARTESIAN_POINT('Ctrl Pts',(-3.39804027616603,2.5,-33.5728272262632));
#6563=CARTESIAN_POINT('Ctrl Pts',(-3.41812137376066,2.5,-33.8698133075354));
#6564=CARTESIAN_POINT('Ctrl Pts',(-3.43836626992966,2.5,-34.1607120101264));
#6565=CARTESIAN_POINT('Ctrl Pts',(-3.45876317437538,2.5,-34.4459615063867));
#6566=CARTESIAN_POINT('Ctrl Pts',(-3.47519261928591,2.5,-34.6700016797436));
#6567=CARTESIAN_POINT('Ctrl Pts',(-3.48757369998526,2.5,-34.8358392559993));
#6568=CARTESIAN_POINT('Ctrl Pts',(-3.49585354863477,2.5,-34.9454390053328));
#6569=CARTESIAN_POINT('Ctrl Pts',(-3.4999999217689,2.5,-34.999999217689));
#6570=CARTESIAN_POINT('Ctrl Pts',(-23.579678834762,3.,-32.342765216499));
#6571=CARTESIAN_POINT('Ctrl Pts',(-23.579678834762,2.5,-32.342765216499));
#6572=CARTESIAN_POINT('Ctrl Pts',(-23.4962938406476,3.,-32.4101278212368));
#6573=CARTESIAN_POINT('Ctrl Pts',(-23.4962938406476,2.5,-32.4101278212368));
#6574=CARTESIAN_POINT('Ctrl Pts',(-23.3179694396923,3.,-32.5442394786276));
#6575=CARTESIAN_POINT('Ctrl Pts',(-23.3179694396923,2.5,-32.5442394786276));
#6576=CARTESIAN_POINT('Ctrl Pts',(-23.0158211869113,3.,-32.7435657685426));
#6577=CARTESIAN_POINT('Ctrl Pts',(-23.0158211869113,2.5,-32.7435657685426));
#6578=CARTESIAN_POINT('Ctrl Pts',(-22.5433368233951,3.,-33.0056414683341));
#6579=CARTESIAN_POINT('Ctrl Pts',(-22.5433368233951,2.5,-33.0056414683341));
#6580=CARTESIAN_POINT('Ctrl Pts',(-21.8377040564331,3.,-33.3258522948367));
#6581=CARTESIAN_POINT('Ctrl Pts',(-21.8377040564331,2.5,-33.3258522948367));
#6582=CARTESIAN_POINT('Ctrl Pts',(-21.0227596467573,3.,-33.6352204100194));
#6583=CARTESIAN_POINT('Ctrl Pts',(-21.0227596467573,2.5,-33.6352204100194));
#6584=CARTESIAN_POINT('Ctrl Pts',(-20.112768354918,3.,-33.9267490571446));
#6585=CARTESIAN_POINT('Ctrl Pts',(-20.112768354918,2.5,-33.9267490571446));
#6586=CARTESIAN_POINT('Ctrl Pts',(-19.1325532074894,3.,-34.189282777687));
#6587=CARTESIAN_POINT('Ctrl Pts',(-19.1325532074894,2.5,-34.189282777687));
#6588=CARTESIAN_POINT('Ctrl Pts',(-18.1112545032406,3.,-34.4098630459074));
#6589=CARTESIAN_POINT('Ctrl Pts',(-18.1112545032406,2.5,-34.4098630459074));
#6590=CARTESIAN_POINT('Ctrl Pts',(-17.0772369485063,3.,-34.5757205120711));
#6591=CARTESIAN_POINT('Ctrl Pts',(-17.0772369485063,2.5,-34.5757205120711));
#6592=CARTESIAN_POINT('Ctrl Pts',(-16.0529439630845,3.,-34.6763125395675));
#6593=CARTESIAN_POINT('Ctrl Pts',(-16.0529439630845,2.5,-34.6763125395675));
#6594=CARTESIAN_POINT('Ctrl Pts',(-15.0489439489562,3.,-34.7057369110307));
#6595=CARTESIAN_POINT('Ctrl Pts',(-15.0489439489562,2.5,-34.7057369110307));
#6596=CARTESIAN_POINT('Ctrl Pts',(-14.0605691684154,3.,-34.6641530019663));
#6597=CARTESIAN_POINT('Ctrl Pts',(-14.0605691684154,2.5,-34.6641530019663));
#6598=CARTESIAN_POINT('Ctrl Pts',(-13.0735615506187,3.,-34.5556404247863));
#6599=CARTESIAN_POINT('Ctrl Pts',(-13.0735615506187,2.5,-34.5556404247863));
#6600=CARTESIAN_POINT('Ctrl Pts',(-12.0681387526319,3.,-34.3867560554747));
#6601=CARTESIAN_POINT('Ctrl Pts',(-12.0681387526319,2.5,-34.3867560554747));
#6602=CARTESIAN_POINT('Ctrl Pts',(-11.0233563542875,3.,-34.1649931711169));
#6603=CARTESIAN_POINT('Ctrl Pts',(-11.0233563542875,2.5,-34.1649931711169));
#6604=CARTESIAN_POINT('Ctrl Pts',(-9.92180692418798,3.,-33.8972473850248));
#6605=CARTESIAN_POINT('Ctrl Pts',(-9.92180692418798,2.5,-33.8972473850248));
#6606=CARTESIAN_POINT('Ctrl Pts',(-8.75268975911347,3.,-33.5887464122387));
#6607=CARTESIAN_POINT('Ctrl Pts',(-8.75268975911347,2.5,-33.5887464122387));
#6608=CARTESIAN_POINT('Ctrl Pts',(-7.50971018302808,3.,-33.2433869682768));
#6609=CARTESIAN_POINT('Ctrl Pts',(-7.50971018302808,2.5,-33.2433869682768));
#6610=CARTESIAN_POINT('Ctrl Pts',(-6.19004694843407,3.,-32.8638332737931));
#6611=CARTESIAN_POINT('Ctrl Pts',(-6.19004694843407,2.5,-32.8638332737931));
#6612=CARTESIAN_POINT('Ctrl Pts',(-5.07244014032616,3.,-32.5341509904793));
#6613=CARTESIAN_POINT('Ctrl Pts',(-5.07244014032616,2.5,-32.5341509904793));
#6614=CARTESIAN_POINT('Ctrl Pts',(-4.19962504964906,3.,-32.2726067430407));
#6615=CARTESIAN_POINT('Ctrl Pts',(-4.19962504964906,2.5,-32.2726067430407));
#6616=CARTESIAN_POINT('Ctrl Pts',(-3.60242829292035,3.,-32.0919220824063));
#6617=CARTESIAN_POINT('Ctrl Pts',(-3.60242829292035,2.5,-32.0919220824063));
#6618=CARTESIAN_POINT('Ctrl Pts',(-3.29999992623925,3.,-31.9999992847443));
#6619=CARTESIAN_POINT('Ctrl Pts',(-3.29999992623925,2.5,-31.9999992847443));
#6620=CARTESIAN_POINT('',(-23.579678834762,2.5,-32.342765216499));
#6621=CARTESIAN_POINT('',(-23.579678834762,3.,-32.342765216499));
#6622=CARTESIAN_POINT('Ctrl Pts',(-23.579678834762,2.5,-32.342765216499));
#6623=CARTESIAN_POINT('Ctrl Pts',(-23.4962938406476,2.5,-32.4101278212368));
#6624=CARTESIAN_POINT('Ctrl Pts',(-23.3179694396923,2.5,-32.5442394786276));
#6625=CARTESIAN_POINT('Ctrl Pts',(-23.0158211869113,2.5,-32.7435657685426));
#6626=CARTESIAN_POINT('Ctrl Pts',(-22.5433368233951,2.5,-33.0056414683341));
#6627=CARTESIAN_POINT('Ctrl Pts',(-21.8377040564331,2.5,-33.3258522948367));
#6628=CARTESIAN_POINT('Ctrl Pts',(-21.0227596467573,2.5,-33.6352204100194));
#6629=CARTESIAN_POINT('Ctrl Pts',(-20.112768354918,2.5,-33.9267490571446));
#6630=CARTESIAN_POINT('Ctrl Pts',(-19.1325532074894,2.5,-34.189282777687));
#6631=CARTESIAN_POINT('Ctrl Pts',(-18.1112545032406,2.5,-34.4098630459074));
#6632=CARTESIAN_POINT('Ctrl Pts',(-17.0772369485063,2.5,-34.5757205120711));
#6633=CARTESIAN_POINT('Ctrl Pts',(-16.0529439630845,2.5,-34.6763125395675));
#6634=CARTESIAN_POINT('Ctrl Pts',(-15.0489439489562,2.5,-34.7057369110307));
#6635=CARTESIAN_POINT('Ctrl Pts',(-14.0605691684154,2.5,-34.6641530019663));
#6636=CARTESIAN_POINT('Ctrl Pts',(-13.0735615506187,2.5,-34.5556404247863));
#6637=CARTESIAN_POINT('Ctrl Pts',(-12.0681387526319,2.5,-34.3867560554747));
#6638=CARTESIAN_POINT('Ctrl Pts',(-11.0233563542875,2.5,-34.1649931711169));
#6639=CARTESIAN_POINT('Ctrl Pts',(-9.92180692418798,2.5,-33.8972473850248));
#6640=CARTESIAN_POINT('Ctrl Pts',(-8.75268975911347,2.5,-33.5887464122387));
#6641=CARTESIAN_POINT('Ctrl Pts',(-7.50971018302808,2.5,-33.2433869682768));
#6642=CARTESIAN_POINT('Ctrl Pts',(-6.19004694843407,2.5,-32.8638332737931));
#6643=CARTESIAN_POINT('Ctrl Pts',(-5.07244014032616,2.5,-32.5341509904793));
#6644=CARTESIAN_POINT('Ctrl Pts',(-4.19962504964906,2.5,-32.2726067430407));
#6645=CARTESIAN_POINT('Ctrl Pts',(-3.60242829292035,2.5,-32.0919220824063));
#6646=CARTESIAN_POINT('Ctrl Pts',(-3.29999992623925,2.5,-31.9999992847443));
#6647=CARTESIAN_POINT('Ctrl Pts',(-23.0000003427267,3.,-31.000000461936));
#6648=CARTESIAN_POINT('Ctrl Pts',(-23.0000003427267,2.5,-31.000000461936));
#6649=CARTESIAN_POINT('Ctrl Pts',(-23.0426345294767,3.,-30.9922655480191));
#6650=CARTESIAN_POINT('Ctrl Pts',(-23.0426345294767,2.5,-30.9922655480191));
#6651=CARTESIAN_POINT('Ctrl Pts',(-23.1263520502912,3.,-30.9815629715249));
#6652=CARTESIAN_POINT('Ctrl Pts',(-23.1263520502912,2.5,-30.9815629715249));
#6653=CARTESIAN_POINT('Ctrl Pts',(-23.2472819950218,3.,-30.9798195724139));
#6654=CARTESIAN_POINT('Ctrl Pts',(-23.2472819950218,2.5,-30.9798195724139));
#6655=CARTESIAN_POINT('Ctrl Pts',(-23.3990224871701,3.,-31.0065113869054));
#6656=CARTESIAN_POINT('Ctrl Pts',(-23.3990224871701,2.5,-31.0065113869054));
#6657=CARTESIAN_POINT('Ctrl Pts',(-23.5707782095917,3.,-31.0899936173224));
#6658=CARTESIAN_POINT('Ctrl Pts',(-23.5707782095917,2.5,-31.0899936173224));
#6659=CARTESIAN_POINT('Ctrl Pts',(-23.7190214772399,3.,-31.2220635142908));
#6660=CARTESIAN_POINT('Ctrl Pts',(-23.7190214772399,2.5,-31.2220635142908));
#6661=CARTESIAN_POINT('Ctrl Pts',(-23.8356401360421,3.,-31.3973611539228));
#6662=CARTESIAN_POINT('Ctrl Pts',(-23.8356401360421,2.5,-31.3973611539228));
#6663=CARTESIAN_POINT('Ctrl Pts',(-23.9047286911003,3.,-31.5956823301385));
#6664=CARTESIAN_POINT('Ctrl Pts',(-23.9047286911003,2.5,-31.5956823301385));
#6665=CARTESIAN_POINT('Ctrl Pts',(-23.914991426902,3.,-31.7962699860755));
#6666=CARTESIAN_POINT('Ctrl Pts',(-23.914991426902,2.5,-31.7962699860755));
#6667=CARTESIAN_POINT('Ctrl Pts',(-23.8653181152108,3.,-31.990596724447));
#6668=CARTESIAN_POINT('Ctrl Pts',(-23.8653181152108,2.5,-31.990596724447));
#6669=CARTESIAN_POINT('Ctrl Pts',(-23.7787909664526,3.,-32.1372832201284));
#6670=CARTESIAN_POINT('Ctrl Pts',(-23.7787909664526,2.5,-32.1372832201284));
#6671=CARTESIAN_POINT('Ctrl Pts',(-23.6888345607503,3.,-32.2420506644856));
#6672=CARTESIAN_POINT('Ctrl Pts',(-23.6888345607503,2.5,-32.2420506644856));
#6673=CARTESIAN_POINT('Ctrl Pts',(-23.6178921295924,3.,-32.3095789427671));
#6674=CARTESIAN_POINT('Ctrl Pts',(-23.6178921295924,2.5,-32.3095789427671));
#6675=CARTESIAN_POINT('Ctrl Pts',(-23.579678834762,3.,-32.342765216499));
#6676=CARTESIAN_POINT('Ctrl Pts',(-23.579678834762,2.5,-32.342765216499));
#6677=CARTESIAN_POINT('',(-23.0000003427267,2.5,-31.000000461936));
#6678=CARTESIAN_POINT('',(-23.0000003427267,3.,-31.000000461936));
#6679=CARTESIAN_POINT('Ctrl Pts',(-23.0000003427267,2.5,-31.000000461936));
#6680=CARTESIAN_POINT('Ctrl Pts',(-23.0426345294767,2.5,-30.9922655480191));
#6681=CARTESIAN_POINT('Ctrl Pts',(-23.1263520502912,2.5,-30.9815629715249));
#6682=CARTESIAN_POINT('Ctrl Pts',(-23.2472819950218,2.5,-30.9798195724139));
#6683=CARTESIAN_POINT('Ctrl Pts',(-23.3990224871701,2.5,-31.0065113869054));
#6684=CARTESIAN_POINT('Ctrl Pts',(-23.5707782095917,2.5,-31.0899936173224));
#6685=CARTESIAN_POINT('Ctrl Pts',(-23.7190214772399,2.5,-31.2220635142908));
#6686=CARTESIAN_POINT('Ctrl Pts',(-23.8356401360421,2.5,-31.3973611539228));
#6687=CARTESIAN_POINT('Ctrl Pts',(-23.9047286911003,2.5,-31.5956823301385));
#6688=CARTESIAN_POINT('Ctrl Pts',(-23.914991426902,2.5,-31.7962699860755));
#6689=CARTESIAN_POINT('Ctrl Pts',(-23.8653181152108,2.5,-31.990596724447));
#6690=CARTESIAN_POINT('Ctrl Pts',(-23.7787909664526,2.5,-32.1372832201284));
#6691=CARTESIAN_POINT('Ctrl Pts',(-23.6888345607503,2.5,-32.2420506644856));
#6692=CARTESIAN_POINT('Ctrl Pts',(-23.6178921295924,2.5,-32.3095789427671));
#6693=CARTESIAN_POINT('Ctrl Pts',(-23.579678834762,2.5,-32.342765216499));
#6694=CARTESIAN_POINT('Ctrl Pts',(-3.21514292076973,3.,-30.1512795844603));
#6695=CARTESIAN_POINT('Ctrl Pts',(-3.21514292076973,2.5,-30.1512795844603));
#6696=CARTESIAN_POINT('Ctrl Pts',(-3.22974383221684,3.,-30.1696660948624));
#6697=CARTESIAN_POINT('Ctrl Pts',(-3.22974383221684,2.5,-30.1696660948624));
#6698=CARTESIAN_POINT('Ctrl Pts',(-3.28632319296954,3.,-30.212882640114));
#6699=CARTESIAN_POINT('Ctrl Pts',(-3.28632319296954,2.5,-30.212882640114));
#6700=CARTESIAN_POINT('Ctrl Pts',(-3.45331880786314,3.,-30.2970358537537));
#6701=CARTESIAN_POINT('Ctrl Pts',(-3.45331880786314,2.5,-30.2970358537537));
#6702=CARTESIAN_POINT('Ctrl Pts',(-3.84095561792304,3.,-30.4480736490218));
#6703=CARTESIAN_POINT('Ctrl Pts',(-3.84095561792304,2.5,-30.4480736490218));
#6704=CARTESIAN_POINT('Ctrl Pts',(-4.59805068269074,3.,-30.7000965648687));
#6705=CARTESIAN_POINT('Ctrl Pts',(-4.59805068269074,2.5,-30.7000965648687));
#6706=CARTESIAN_POINT('Ctrl Pts',(-5.61444376974586,3.,-31.009550116883));
#6707=CARTESIAN_POINT('Ctrl Pts',(-5.61444376974586,2.5,-31.009550116883));
#6708=CARTESIAN_POINT('Ctrl Pts',(-6.85617096949092,3.,-31.3628226176603));
#6709=CARTESIAN_POINT('Ctrl Pts',(-6.85617096949092,2.5,-31.3628226176603));
#6710=CARTESIAN_POINT('Ctrl Pts',(-8.26839721657607,3.,-31.7385275600672));
#6711=CARTESIAN_POINT('Ctrl Pts',(-8.26839721657607,2.5,-31.7385275600672));
#6712=CARTESIAN_POINT('Ctrl Pts',(-9.78488427359358,3.,-32.1110733001412));
#6713=CARTESIAN_POINT('Ctrl Pts',(-9.78488427359358,2.5,-32.1110733001412));
#6714=CARTESIAN_POINT('Ctrl Pts',(-11.3345431095501,3.,-32.4532066176843));
#6715=CARTESIAN_POINT('Ctrl Pts',(-11.3345431095501,2.5,-32.4532066176843));
#6716=CARTESIAN_POINT('Ctrl Pts',(-12.8487659114663,3.,-32.7388632883656));
#6717=CARTESIAN_POINT('Ctrl Pts',(-12.8487659114663,2.5,-32.7388632883656));
#6718=CARTESIAN_POINT('Ctrl Pts',(-14.2687377857893,3.,-32.9460711888034));
#6719=CARTESIAN_POINT('Ctrl Pts',(-14.2687377857893,2.5,-32.9460711888034));
#6720=CARTESIAN_POINT('Ctrl Pts',(-15.5520431800311,3.,-33.0595831095653));
#6721=CARTESIAN_POINT('Ctrl Pts',(-15.5520431800311,2.5,-33.0595831095653));
#6722=CARTESIAN_POINT('Ctrl Pts',(-16.6820172139073,3.,-33.0746832304714));
#6723=CARTESIAN_POINT('Ctrl Pts',(-16.6820172139073,2.5,-33.0746832304714));
#6724=CARTESIAN_POINT('Ctrl Pts',(-17.668904513299,3.,-32.9976178156192));
#6725=CARTESIAN_POINT('Ctrl Pts',(-17.668904513299,2.5,-32.9976178156192));
#6726=CARTESIAN_POINT('Ctrl Pts',(-18.5392602893806,3.,-32.8411682511165));
#6727=CARTESIAN_POINT('Ctrl Pts',(-18.5392602893806,2.5,-32.8411682511165));
#6728=CARTESIAN_POINT('Ctrl Pts',(-19.3283749374889,3.,-32.6215052089045));
#6729=CARTESIAN_POINT('Ctrl Pts',(-19.3283749374889,2.5,-32.6215052089045));
#6730=CARTESIAN_POINT('Ctrl Pts',(-20.072333405664,3.,-32.3549047562016));
#6731=CARTESIAN_POINT('Ctrl Pts',(-20.072333405664,2.5,-32.3549047562016));
#6732=CARTESIAN_POINT('Ctrl Pts',(-20.7990973204453,3.,-32.0540982153634));
#6733=CARTESIAN_POINT('Ctrl Pts',(-20.7990973204453,2.5,-32.0540982153634));
#6734=CARTESIAN_POINT('Ctrl Pts',(-21.524485606724,3.,-31.726612307984));
#6735=CARTESIAN_POINT('Ctrl Pts',(-21.524485606724,2.5,-31.726612307984));
#6736=CARTESIAN_POINT('Ctrl Pts',(-22.11011999663,3.,-31.4465241252158));
#6737=CARTESIAN_POINT('Ctrl Pts',(-22.11011999663,2.5,-31.4465241252158));
#6738=CARTESIAN_POINT('Ctrl Pts',(-22.5534616773713,3.,-31.226944970284));
#6739=CARTESIAN_POINT('Ctrl Pts',(-22.5534616773713,2.5,-31.226944970284));
#6740=CARTESIAN_POINT('Ctrl Pts',(-22.8508498183541,3.,-31.0763501643965));
#6741=CARTESIAN_POINT('Ctrl Pts',(-22.8508498183541,2.5,-31.0763501643965));
#6742=CARTESIAN_POINT('Ctrl Pts',(-23.0000003427267,3.,-31.000000461936));
#6743=CARTESIAN_POINT('Ctrl Pts',(-23.0000003427267,2.5,-31.000000461936));
#6744=CARTESIAN_POINT('',(-3.21514292076973,2.5,-30.1512795844603));
#6745=CARTESIAN_POINT('',(-3.21514292076973,3.,-30.1512795844603));
#6746=CARTESIAN_POINT('Ctrl Pts',(-3.21514292076973,2.5,-30.1512795844603));
#6747=CARTESIAN_POINT('Ctrl Pts',(-3.22974383221684,2.5,-30.1696660948624));
#6748=CARTESIAN_POINT('Ctrl Pts',(-3.28632319296954,2.5,-30.212882640114));
#6749=CARTESIAN_POINT('Ctrl Pts',(-3.45331880786314,2.5,-30.2970358537537));
#6750=CARTESIAN_POINT('Ctrl Pts',(-3.84095561792304,2.5,-30.4480736490218));
#6751=CARTESIAN_POINT('Ctrl Pts',(-4.59805068269074,2.5,-30.7000965648687));
#6752=CARTESIAN_POINT('Ctrl Pts',(-5.61444376974586,2.5,-31.009550116883));
#6753=CARTESIAN_POINT('Ctrl Pts',(-6.85617096949092,2.5,-31.3628226176603));
#6754=CARTESIAN_POINT('Ctrl Pts',(-8.26839721657607,2.5,-31.7385275600672));
#6755=CARTESIAN_POINT('Ctrl Pts',(-9.78488427359358,2.5,-32.1110733001412));
#6756=CARTESIAN_POINT('Ctrl Pts',(-11.3345431095501,2.5,-32.4532066176843));
#6757=CARTESIAN_POINT('Ctrl Pts',(-12.8487659114663,2.5,-32.7388632883656));
#6758=CARTESIAN_POINT('Ctrl Pts',(-14.2687377857893,2.5,-32.9460711888034));
#6759=CARTESIAN_POINT('Ctrl Pts',(-15.5520431800311,2.5,-33.0595831095653));
#6760=CARTESIAN_POINT('Ctrl Pts',(-16.6820172139073,2.5,-33.0746832304714));
#6761=CARTESIAN_POINT('Ctrl Pts',(-17.668904513299,2.5,-32.9976178156192));
#6762=CARTESIAN_POINT('Ctrl Pts',(-18.5392602893806,2.5,-32.8411682511165));
#6763=CARTESIAN_POINT('Ctrl Pts',(-19.3283749374889,2.5,-32.6215052089045));
#6764=CARTESIAN_POINT('Ctrl Pts',(-20.072333405664,2.5,-32.3549047562016));
#6765=CARTESIAN_POINT('Ctrl Pts',(-20.7990973204453,2.5,-32.0540982153634));
#6766=CARTESIAN_POINT('Ctrl Pts',(-21.524485606724,2.5,-31.726612307984));
#6767=CARTESIAN_POINT('Ctrl Pts',(-22.11011999663,2.5,-31.4465241252158));
#6768=CARTESIAN_POINT('Ctrl Pts',(-22.5534616773713,2.5,-31.226944970284));
#6769=CARTESIAN_POINT('Ctrl Pts',(-22.8508498183541,2.5,-31.0763501643965));
#6770=CARTESIAN_POINT('Ctrl Pts',(-23.0000003427267,2.5,-31.000000461936));
#6771=CARTESIAN_POINT('Origin',(-3.21514292076973,3.,-22.0459574919914));
#6772=CARTESIAN_POINT('',(-3.21514292076973,2.5,-22.0459574919914));
#6773=CARTESIAN_POINT('',(-3.21514292076973,3.,-22.0459574919914));
#6774=CARTESIAN_POINT('Ctrl Pts',(-3.21514292076973,2.5,-22.0459574919914));
#6775=CARTESIAN_POINT('Ctrl Pts',(-3.21514292076959,2.5,-22.3701703756877));
#6776=CARTESIAN_POINT('Ctrl Pts',(-3.21514292076933,2.5,-23.0185961430805));
#6777=CARTESIAN_POINT('Ctrl Pts',(-3.21514292076899,2.5,-23.9912347941706));
#6778=CARTESIAN_POINT('Ctrl Pts',(-3.21514292076865,2.5,-25.2880863289592));
#6779=CARTESIAN_POINT('Ctrl Pts',(-3.21514292076848,2.5,-26.9091507474496));
#6780=CARTESIAN_POINT('Ctrl Pts',(-3.21514292076868,2.5,-28.2060022822481));
#6781=CARTESIAN_POINT('Ctrl Pts',(-3.21514292076909,2.5,-29.178640933352));
#6782=CARTESIAN_POINT('Ctrl Pts',(-3.2151429207695,2.5,-29.8270667007571));
#6783=CARTESIAN_POINT('Ctrl Pts',(-3.21514292076973,2.5,-30.1512795844603));
#6784=CARTESIAN_POINT('Ctrl Pts',(-11.0000001639132,3.,-9.00000013411046));
#6785=CARTESIAN_POINT('Ctrl Pts',(-11.0000001639132,2.5,-9.00000013411046));
#6786=CARTESIAN_POINT('Ctrl Pts',(-11.2038614347677,3.,-9.00542888179461));
#6787=CARTESIAN_POINT('Ctrl Pts',(-11.2038614347677,2.5,-9.00542888179461));
#6788=CARTESIAN_POINT('Ctrl Pts',(-11.6842526302518,3.,-9.02140626087326));
#6789=CARTESIAN_POINT('Ctrl Pts',(-11.6842526302518,2.5,-9.02140626087326));
#6790=CARTESIAN_POINT('Ctrl Pts',(-12.440268485669,3.,-9.05864128482595));
#6791=CARTESIAN_POINT('Ctrl Pts',(-12.440268485669,2.5,-9.05864128482595));
#6792=CARTESIAN_POINT('Ctrl Pts',(-13.4694356961657,3.,-9.13683760566117));
#6793=CARTESIAN_POINT('Ctrl Pts',(-13.4694356961657,2.5,-9.13683760566117));
#6794=CARTESIAN_POINT('Ctrl Pts',(-14.7648774298892,3.,-9.28818325241887));
#6795=CARTESIAN_POINT('Ctrl Pts',(-14.7648774298892,2.5,-9.28818325241887));
#6796=CARTESIAN_POINT('Ctrl Pts',(-16.11479929256,3.,-9.51440035048137));
#6797=CARTESIAN_POINT('Ctrl Pts',(-16.11479929256,2.5,-9.51440035048137));
#6798=CARTESIAN_POINT('Ctrl Pts',(-17.4365648405671,3.,-9.81599726272267));
#6799=CARTESIAN_POINT('Ctrl Pts',(-17.4365648405671,2.5,-9.81599726272267));
#6800=CARTESIAN_POINT('Ctrl Pts',(-18.7153721601154,3.,-10.2031915541687));
#6801=CARTESIAN_POINT('Ctrl Pts',(-18.7153721601154,2.5,-10.2031915541687));
#6802=CARTESIAN_POINT('Ctrl Pts',(-19.9312124284842,3.,-10.6879334545173));
#6803=CARTESIAN_POINT('Ctrl Pts',(-19.9312124284842,2.5,-10.6879334545173));
#6804=CARTESIAN_POINT('Ctrl Pts',(-21.0586173534282,3.,-11.2819058941657));
#6805=CARTESIAN_POINT('Ctrl Pts',(-21.0586173534282,2.5,-11.2819058941657));
#6806=CARTESIAN_POINT('Ctrl Pts',(-22.0671058847098,3.,-11.9926839742002));
#6807=CARTESIAN_POINT('Ctrl Pts',(-22.0671058847098,2.5,-11.9926839742002));
#6808=CARTESIAN_POINT('Ctrl Pts',(-22.9212650624672,3.,-12.8202340053325));
#6809=CARTESIAN_POINT('Ctrl Pts',(-22.9212650624672,2.5,-12.8202340053325));
#6810=CARTESIAN_POINT('Ctrl Pts',(-23.5812930456757,3.,-13.7535774359413));
#6811=CARTESIAN_POINT('Ctrl Pts',(-23.5812930456757,2.5,-13.7535774359413));
#6812=CARTESIAN_POINT('Ctrl Pts',(-24.0024740323993,3.,-14.7663865954547));
#6813=CARTESIAN_POINT('Ctrl Pts',(-24.0024740323993,2.5,-14.7663865954547));
#6814=CARTESIAN_POINT('Ctrl Pts',(-24.1432404615215,3.,-15.8212731162263));
#6815=CARTESIAN_POINT('Ctrl Pts',(-24.1432404615215,2.5,-15.8212731162263));
#6816=CARTESIAN_POINT('Ctrl Pts',(-23.9754861736894,3.,-16.875883712265));
#6817=CARTESIAN_POINT('Ctrl Pts',(-23.9754861736894,2.5,-16.875883712265));
#6818=CARTESIAN_POINT('Ctrl Pts',(-23.4931753247153,3.,-17.8881060377229));
#6819=CARTESIAN_POINT('Ctrl Pts',(-23.4931753247153,2.5,-17.8881060377229));
#6820=CARTESIAN_POINT('Ctrl Pts',(-22.7243575707112,3.,-18.8221953820465));
#6821=CARTESIAN_POINT('Ctrl Pts',(-22.7243575707112,2.5,-18.8221953820465));
#6822=CARTESIAN_POINT('Ctrl Pts',(-21.7225178231201,3.,-19.6503172200675));
#6823=CARTESIAN_POINT('Ctrl Pts',(-21.7225178231201,2.5,-19.6503172200675));
#6824=CARTESIAN_POINT('Ctrl Pts',(-20.5529697688003,3.,-20.3530891948772));
#6825=CARTESIAN_POINT('Ctrl Pts',(-20.5529697688003,2.5,-20.3530891948772));
#6826=CARTESIAN_POINT('Ctrl Pts',(-19.2811570172514,3.,-20.9204883789845));
#6827=CARTESIAN_POINT('Ctrl Pts',(-19.2811570172514,2.5,-20.9204883789845));
#6828=CARTESIAN_POINT('Ctrl Pts',(-17.9599381759473,3.,-21.3527323315263));
#6829=CARTESIAN_POINT('Ctrl Pts',(-17.9599381759473,2.5,-21.3527323315263));
#6830=CARTESIAN_POINT('Ctrl Pts',(-16.6180024085672,3.,-21.6610700881187));
#6831=CARTESIAN_POINT('Ctrl Pts',(-16.6180024085672,2.5,-21.6610700881187));
#6832=CARTESIAN_POINT('Ctrl Pts',(-15.2658624068379,3.,-21.8642620651636));
#6833=CARTESIAN_POINT('Ctrl Pts',(-15.2658624068379,2.5,-21.8642620651636));
#6834=CARTESIAN_POINT('Ctrl Pts',(-13.9010121637283,3.,-21.985335644389));
#6835=CARTESIAN_POINT('Ctrl Pts',(-13.9010121637283,2.5,-21.985335644389));
#6836=CARTESIAN_POINT('Ctrl Pts',(-12.5134142875735,3.,-22.0482073538881));
#6837=CARTESIAN_POINT('Ctrl Pts',(-12.5134142875735,2.5,-22.0482073538881));
#6838=CARTESIAN_POINT('Ctrl Pts',(-11.0905774045563,3.,-22.0745433530159));
#6839=CARTESIAN_POINT('Ctrl Pts',(-11.0905774045563,2.5,-22.0745433530159));
#6840=CARTESIAN_POINT('Ctrl Pts',(-9.62336767480715,3.,-22.0800959104788));
#6841=CARTESIAN_POINT('Ctrl Pts',(-9.62336767480715,2.5,-22.0800959104788));
#6842=CARTESIAN_POINT('Ctrl Pts',(-8.10604866490036,3.,-22.0752340480232));
#6843=CARTESIAN_POINT('Ctrl Pts',(-8.10604866490036,2.5,-22.0752340480232));
#6844=CARTESIAN_POINT('Ctrl Pts',(-6.53532006542325,3.,-22.0662016952187));
#6845=CARTESIAN_POINT('Ctrl Pts',(-6.53532006542325,2.5,-22.0662016952187));
#6846=CARTESIAN_POINT('Ctrl Pts',(-5.23484410775001,3.,-22.0581200452299));
#6847=CARTESIAN_POINT('Ctrl Pts',(-5.23484410775001,2.5,-22.0581200452299));
#6848=CARTESIAN_POINT('Ctrl Pts',(-4.23464222703838,3.,-22.0520445648976));
#6849=CARTESIAN_POINT('Ctrl Pts',(-4.23464222703838,2.5,-22.0520445648976));
#6850=CARTESIAN_POINT('Ctrl Pts',(-3.55681388708725,3.,-22.0479876101799));
#6851=CARTESIAN_POINT('Ctrl Pts',(-3.55681388708725,2.5,-22.0479876101799));
#6852=CARTESIAN_POINT('Ctrl Pts',(-3.21514292076973,3.,-22.0459574919914));
#6853=CARTESIAN_POINT('Ctrl Pts',(-3.21514292076973,2.5,-22.0459574919914));
#6854=CARTESIAN_POINT('',(-11.0000001639132,2.5,-9.00000013411046));
#6855=CARTESIAN_POINT('',(-11.0000001639132,3.,-9.00000013411046));
#6856=CARTESIAN_POINT('Ctrl Pts',(-11.0000001639132,2.5,-9.00000013411046));
#6857=CARTESIAN_POINT('Ctrl Pts',(-11.2038614347677,2.5,-9.00542888179461));
#6858=CARTESIAN_POINT('Ctrl Pts',(-11.6842526302518,2.5,-9.02140626087326));
#6859=CARTESIAN_POINT('Ctrl Pts',(-12.440268485669,2.5,-9.05864128482595));
#6860=CARTESIAN_POINT('Ctrl Pts',(-13.4694356961657,2.5,-9.13683760566117));
#6861=CARTESIAN_POINT('Ctrl Pts',(-14.7648774298892,2.5,-9.28818325241887));
#6862=CARTESIAN_POINT('Ctrl Pts',(-16.11479929256,2.5,-9.51440035048137));
#6863=CARTESIAN_POINT('Ctrl Pts',(-17.4365648405671,2.5,-9.81599726272267));
#6864=CARTESIAN_POINT('Ctrl Pts',(-18.7153721601154,2.5,-10.2031915541687));
#6865=CARTESIAN_POINT('Ctrl Pts',(-19.9312124284842,2.5,-10.6879334545173));
#6866=CARTESIAN_POINT('Ctrl Pts',(-21.0586173534282,2.5,-11.2819058941657));
#6867=CARTESIAN_POINT('Ctrl Pts',(-22.0671058847098,2.5,-11.9926839742002));
#6868=CARTESIAN_POINT('Ctrl Pts',(-22.9212650624672,2.5,-12.8202340053325));
#6869=CARTESIAN_POINT('Ctrl Pts',(-23.5812930456757,2.5,-13.7535774359413));
#6870=CARTESIAN_POINT('Ctrl Pts',(-24.0024740323993,2.5,-14.7663865954547));
#6871=CARTESIAN_POINT('Ctrl Pts',(-24.1432404615215,2.5,-15.8212731162263));
#6872=CARTESIAN_POINT('Ctrl Pts',(-23.9754861736894,2.5,-16.875883712265));
#6873=CARTESIAN_POINT('Ctrl Pts',(-23.4931753247153,2.5,-17.8881060377229));
#6874=CARTESIAN_POINT('Ctrl Pts',(-22.7243575707112,2.5,-18.8221953820465));
#6875=CARTESIAN_POINT('Ctrl Pts',(-21.7225178231201,2.5,-19.6503172200675));
#6876=CARTESIAN_POINT('Ctrl Pts',(-20.5529697688003,2.5,-20.3530891948772));
#6877=CARTESIAN_POINT('Ctrl Pts',(-19.2811570172514,2.5,-20.9204883789845));
#6878=CARTESIAN_POINT('Ctrl Pts',(-17.9599381759473,2.5,-21.3527323315263));
#6879=CARTESIAN_POINT('Ctrl Pts',(-16.6180024085672,2.5,-21.6610700881187));
#6880=CARTESIAN_POINT('Ctrl Pts',(-15.2658624068379,2.5,-21.8642620651636));
#6881=CARTESIAN_POINT('Ctrl Pts',(-13.9010121637283,2.5,-21.985335644389));
#6882=CARTESIAN_POINT('Ctrl Pts',(-12.5134142875735,2.5,-22.0482073538881));
#6883=CARTESIAN_POINT('Ctrl Pts',(-11.0905774045563,2.5,-22.0745433530159));
#6884=CARTESIAN_POINT('Ctrl Pts',(-9.62336767480715,2.5,-22.0800959104788));
#6885=CARTESIAN_POINT('Ctrl Pts',(-8.10604866490036,2.5,-22.0752340480232));
#6886=CARTESIAN_POINT('Ctrl Pts',(-6.53532006542325,2.5,-22.0662016952187));
#6887=CARTESIAN_POINT('Ctrl Pts',(-5.23484410775001,2.5,-22.0581200452299));
#6888=CARTESIAN_POINT('Ctrl Pts',(-4.23464222703838,2.5,-22.0520445648976));
#6889=CARTESIAN_POINT('Ctrl Pts',(-3.55681388708725,2.5,-22.0479876101799));
#6890=CARTESIAN_POINT('Ctrl Pts',(-3.21514292076973,2.5,-22.0459574919914));
#6891=CARTESIAN_POINT('Origin',(-12.7961467300944,2.5,-22.3892718416665));
#6892=CARTESIAN_POINT('',(2.9395936731577,2.5,-9.00000013411046));
#6893=CARTESIAN_POINT('Ctrl Pts',(-33.003451102239,3.,1.43807571998006));
#6894=CARTESIAN_POINT('Ctrl Pts',(-33.003451102239,2.5,1.43807571998006));
#6895=CARTESIAN_POINT('Ctrl Pts',(-33.2210598734127,3.,1.16581604054289));
#6896=CARTESIAN_POINT('Ctrl Pts',(-33.2210598734127,2.5,1.16581604054289));
#6897=CARTESIAN_POINT('Ctrl Pts',(-33.6396203277623,3.,0.623700570348045));
#6898=CARTESIAN_POINT('Ctrl Pts',(-33.6396203277623,2.5,0.623700570348045));
#6899=CARTESIAN_POINT('Ctrl Pts',(-34.2174928540241,3.,-0.182261417546262));
#6900=CARTESIAN_POINT('Ctrl Pts',(-34.2174928540241,2.5,-0.182261417546262));
#6901=CARTESIAN_POINT('Ctrl Pts',(-34.8863822259099,3.,-1.24221381135373));
#6902=CARTESIAN_POINT('Ctrl Pts',(-34.8863822259099,2.5,-1.24221381135373));
#6903=CARTESIAN_POINT('Ctrl Pts',(-35.5412636468298,3.,-2.5409998249874));
#6904=CARTESIAN_POINT('Ctrl Pts',(-35.5412636468298,2.5,-2.5409998249874));
#6905=CARTESIAN_POINT('Ctrl Pts',(-35.9973018940918,3.,-3.81108953502528));
#6906=CARTESIAN_POINT('Ctrl Pts',(-35.9973018940918,2.5,-3.81108953502528));
#6907=CARTESIAN_POINT('Ctrl Pts',(-36.2359027994217,3.,-5.049799500601));
#6908=CARTESIAN_POINT('Ctrl Pts',(-36.2359027994217,2.5,-5.049799500601));
#6909=CARTESIAN_POINT('Ctrl Pts',(-36.2430237991485,3.,-6.25510315141188));
#6910=CARTESIAN_POINT('Ctrl Pts',(-36.2430237991485,2.5,-6.25510315141188));
#6911=CARTESIAN_POINT('Ctrl Pts',(-36.0217868119307,3.,-7.427451031089));
#6912=CARTESIAN_POINT('Ctrl Pts',(-36.0217868119307,2.5,-7.427451031089));
#6913=CARTESIAN_POINT('Ctrl Pts',(-35.5869616152989,3.,-8.56897465871939));
#6914=CARTESIAN_POINT('Ctrl Pts',(-35.5869616152989,2.5,-8.56897465871939));
#6915=CARTESIAN_POINT('Ctrl Pts',(-35.0809931330908,3.,-9.45937595834021));
#6916=CARTESIAN_POINT('Ctrl Pts',(-35.0809931330908,2.5,-9.45937595834021));
#6917=CARTESIAN_POINT('Ctrl Pts',(-34.6180495195284,3.,-10.1151312512387));
#6918=CARTESIAN_POINT('Ctrl Pts',(-34.6180495195284,2.5,-10.1151312512387));
#6919=CARTESIAN_POINT('Ctrl Pts',(-34.2729217678874,3.,-10.5470340940159));
#6920=CARTESIAN_POINT('Ctrl Pts',(-34.2729217678874,2.5,-10.5470340940159));
#6921=CARTESIAN_POINT('Ctrl Pts',(-34.0912333722255,3.,-10.7616686988059));
#6922=CARTESIAN_POINT('Ctrl Pts',(-34.0912333722255,2.5,-10.7616686988059));
#6923=CARTESIAN_POINT('',(-33.003451102239,2.5,1.43807571998006));
#6924=CARTESIAN_POINT('',(-33.003451102239,3.,1.43807571998006));
#6925=CARTESIAN_POINT('',(-34.0912333722255,2.5,-10.7616686988059));
#6926=CARTESIAN_POINT('Ctrl Pts',(-33.003451102239,2.5,1.43807571998006));
#6927=CARTESIAN_POINT('Ctrl Pts',(-33.2210598734127,2.5,1.16581604054289));
#6928=CARTESIAN_POINT('Ctrl Pts',(-33.6396203277623,2.5,0.623700570348045));
#6929=CARTESIAN_POINT('Ctrl Pts',(-34.2174928540241,2.5,-0.182261417546262));
#6930=CARTESIAN_POINT('Ctrl Pts',(-34.8863822259099,2.5,-1.24221381135373));
#6931=CARTESIAN_POINT('Ctrl Pts',(-35.5412636468298,2.5,-2.5409998249874));
#6932=CARTESIAN_POINT('Ctrl Pts',(-35.9973018940918,2.5,-3.81108953502528));
#6933=CARTESIAN_POINT('Ctrl Pts',(-36.2359027994217,2.5,-5.049799500601));
#6934=CARTESIAN_POINT('Ctrl Pts',(-36.2430237991485,2.5,-6.25510315141188));
#6935=CARTESIAN_POINT('Ctrl Pts',(-36.0217868119307,2.5,-7.427451031089));
#6936=CARTESIAN_POINT('Ctrl Pts',(-35.5869616152989,2.5,-8.56897465871939));
#6937=CARTESIAN_POINT('Ctrl Pts',(-35.0809931330908,2.5,-9.45937595834021));
#6938=CARTESIAN_POINT('Ctrl Pts',(-34.6180495195284,2.5,-10.1151312512387));
#6939=CARTESIAN_POINT('Ctrl Pts',(-34.2729217678874,2.5,-10.5470340940159));
#6940=CARTESIAN_POINT('Ctrl Pts',(-34.0912333722255,2.5,-10.7616686988059));
#6941=CARTESIAN_POINT('',(-34.0912333722255,3.,-10.7616686988059));
#6942=CARTESIAN_POINT('Ctrl Pts',(-32.0751615766753,3.,14.8077409605375));
#6943=CARTESIAN_POINT('Ctrl Pts',(-32.0751615766753,2.5,14.8077409605375));
#6944=CARTESIAN_POINT('Ctrl Pts',(-32.2436750158091,3.,14.5618280847382));
#6945=CARTESIAN_POINT('Ctrl Pts',(-32.2436750158091,2.5,14.5618280847382));
#6946=CARTESIAN_POINT('Ctrl Pts',(-32.5675196680323,3.,14.0681139416016));
#6947=CARTESIAN_POINT('Ctrl Pts',(-32.5675196680323,2.5,14.0681139416016));
#6948=CARTESIAN_POINT('Ctrl Pts',(-33.0137407257732,3.,13.3218776608018));
#6949=CARTESIAN_POINT('Ctrl Pts',(-33.0137407257732,2.5,13.3218776608018));
#6950=CARTESIAN_POINT('Ctrl Pts',(-33.5283025429668,3.,12.3153784816785));
#6951=CARTESIAN_POINT('Ctrl Pts',(-33.5283025429668,2.5,12.3153784816785));
#6952=CARTESIAN_POINT('Ctrl Pts',(-34.028487549338,3.,11.0367668759949));
#6953=CARTESIAN_POINT('Ctrl Pts',(-34.028487549338,2.5,11.0367668759949));
#6954=CARTESIAN_POINT('Ctrl Pts',(-34.3731739552779,3.,9.73587965159586));
#6955=CARTESIAN_POINT('Ctrl Pts',(-34.3731739552779,2.5,9.73587965159586));
#6956=CARTESIAN_POINT('Ctrl Pts',(-34.5501381368439,3.,8.41096573943473));
#6957=CARTESIAN_POINT('Ctrl Pts',(-34.5501381368439,2.5,8.41096573943473));
#6958=CARTESIAN_POINT('Ctrl Pts',(-34.5535687455693,3.,7.06119264724406));
#6959=CARTESIAN_POINT('Ctrl Pts',(-34.5535687455693,2.5,7.06119264724406));
#6960=CARTESIAN_POINT('Ctrl Pts',(-34.3913290094741,3.,5.68768680490064));
#6961=CARTESIAN_POINT('Ctrl Pts',(-34.3913290094741,2.5,5.68768680490064));
#6962=CARTESIAN_POINT('Ctrl Pts',(-34.0763382381454,3.,4.29229894040867));
#6963=CARTESIAN_POINT('Ctrl Pts',(-34.0763382381454,2.5,4.29229894040867));
#6964=CARTESIAN_POINT('Ctrl Pts',(-33.7123798255006,3.,3.15994922875457));
#6965=CARTESIAN_POINT('Ctrl Pts',(-33.7123798255006,2.5,3.15994922875457));
#6966=CARTESIAN_POINT('Ctrl Pts',(-33.3804643348797,3.,2.30224266455298));
#6967=CARTESIAN_POINT('Ctrl Pts',(-33.3804643348797,2.5,2.30224266455298));
#6968=CARTESIAN_POINT('Ctrl Pts',(-33.1334173539116,3.,1.72674666413421));
#6969=CARTESIAN_POINT('Ctrl Pts',(-33.1334173539116,2.5,1.72674666413421));
#6970=CARTESIAN_POINT('Ctrl Pts',(-33.003451102239,3.,1.43807571998006));
#6971=CARTESIAN_POINT('Ctrl Pts',(-33.003451102239,2.5,1.43807571998006));
#6972=CARTESIAN_POINT('',(-32.0751615766753,2.5,14.8077409605375));
#6973=CARTESIAN_POINT('',(-32.0751615766753,3.,14.8077409605375));
#6974=CARTESIAN_POINT('Ctrl Pts',(-32.0751615766753,2.5,14.8077409605375));
#6975=CARTESIAN_POINT('Ctrl Pts',(-32.2436750158091,2.5,14.5618280847382));
#6976=CARTESIAN_POINT('Ctrl Pts',(-32.5675196680323,2.5,14.0681139416016));
#6977=CARTESIAN_POINT('Ctrl Pts',(-33.0137407257732,2.5,13.3218776608018));
#6978=CARTESIAN_POINT('Ctrl Pts',(-33.5283025429668,2.5,12.3153784816785));
#6979=CARTESIAN_POINT('Ctrl Pts',(-34.028487549338,2.5,11.0367668759949));
#6980=CARTESIAN_POINT('Ctrl Pts',(-34.3731739552779,2.5,9.73587965159586));
#6981=CARTESIAN_POINT('Ctrl Pts',(-34.5501381368439,2.5,8.41096573943473));
#6982=CARTESIAN_POINT('Ctrl Pts',(-34.5535687455693,2.5,7.06119264724406));
#6983=CARTESIAN_POINT('Ctrl Pts',(-34.3913290094741,2.5,5.68768680490064));
#6984=CARTESIAN_POINT('Ctrl Pts',(-34.0763382381454,2.5,4.29229894040867));
#6985=CARTESIAN_POINT('Ctrl Pts',(-33.7123798255006,2.5,3.15994922875457));
#6986=CARTESIAN_POINT('Ctrl Pts',(-33.3804643348797,2.5,2.30224266455298));
#6987=CARTESIAN_POINT('Ctrl Pts',(-33.1334173539116,2.5,1.72674666413421));
#6988=CARTESIAN_POINT('Ctrl Pts',(-33.003451102239,2.5,1.43807571998006));
#6989=CARTESIAN_POINT('Ctrl Pts',(-30.7924791902526,3.,13.9177164475095));
#6990=CARTESIAN_POINT('Ctrl Pts',(-30.7924791902526,2.5,13.9177164475095));
#6991=CARTESIAN_POINT('Ctrl Pts',(-30.7778045849772,3.,13.9582134395475));
#6992=CARTESIAN_POINT('Ctrl Pts',(-30.7778045849772,2.5,13.9582134395475));
#6993=CARTESIAN_POINT('Ctrl Pts',(-30.7532372640262,3.,14.0396403894877));
#6994=CARTESIAN_POINT('Ctrl Pts',(-30.7532372640262,2.5,14.0396403894877));
#6995=CARTESIAN_POINT('Ctrl Pts',(-30.7307378465175,3.,14.1630918137314));
#6996=CARTESIAN_POINT('Ctrl Pts',(-30.7307378465175,2.5,14.1630918137314));
#6997=CARTESIAN_POINT('Ctrl Pts',(-30.7298629172299,3.,14.3302540541196));
#6998=CARTESIAN_POINT('Ctrl Pts',(-30.7298629172299,2.5,14.3302540541196));
#6999=CARTESIAN_POINT('Ctrl Pts',(-30.7795078150914,3.,14.5416625658157));
#7000=CARTESIAN_POINT('Ctrl Pts',(-30.7795078150914,2.5,14.5416625658157));
#7001=CARTESIAN_POINT('Ctrl Pts',(-30.8801465599387,3.,14.7475446249077));
#7002=CARTESIAN_POINT('Ctrl Pts',(-30.8801465599387,2.5,14.7475446249077));
#7003=CARTESIAN_POINT('Ctrl Pts',(-31.0292463499156,3.,14.9346187178824));
#7004=CARTESIAN_POINT('Ctrl Pts',(-31.0292463499156,2.5,14.9346187178824));
#7005=CARTESIAN_POINT('Ctrl Pts',(-31.2131889832974,3.,15.072183126699));
#7006=CARTESIAN_POINT('Ctrl Pts',(-31.2131889832974,2.5,15.072183126699));
#7007=CARTESIAN_POINT('Ctrl Pts',(-31.4157554816248,3.,15.1337527326103));
#7008=CARTESIAN_POINT('Ctrl Pts',(-31.4157554816248,2.5,15.1337527326103));
#7009=CARTESIAN_POINT('Ctrl Pts',(-31.6293838747267,3.,15.1132611036731));
#7010=CARTESIAN_POINT('Ctrl Pts',(-31.6293838747267,2.5,15.1132611036731));
#7011=CARTESIAN_POINT('Ctrl Pts',(-31.8052965780381,3.,15.0306370242344));
#7012=CARTESIAN_POINT('Ctrl Pts',(-31.8052965780381,2.5,15.0306370242344));
#7013=CARTESIAN_POINT('Ctrl Pts',(-31.939410289938,3.,14.9329005368343));
#7014=CARTESIAN_POINT('Ctrl Pts',(-31.939410289938,2.5,14.9329005368343));
#7015=CARTESIAN_POINT('Ctrl Pts',(-32.0297545950516,3.,14.8520714815796));
#7016=CARTESIAN_POINT('Ctrl Pts',(-32.0297545950516,2.5,14.8520714815796));
#7017=CARTESIAN_POINT('Ctrl Pts',(-32.0751615766753,3.,14.8077409605375));
#7018=CARTESIAN_POINT('Ctrl Pts',(-32.0751615766753,2.5,14.8077409605375));
#7019=CARTESIAN_POINT('',(-30.7924791902526,2.5,13.9177164475095));
#7020=CARTESIAN_POINT('',(-30.7924791902526,3.,13.9177164475095));
#7021=CARTESIAN_POINT('Ctrl Pts',(-30.7924791902526,2.5,13.9177164475095));
#7022=CARTESIAN_POINT('Ctrl Pts',(-30.7778045849772,2.5,13.9582134395475));
#7023=CARTESIAN_POINT('Ctrl Pts',(-30.7532372640262,2.5,14.0396403894877));
#7024=CARTESIAN_POINT('Ctrl Pts',(-30.7307378465175,2.5,14.1630918137314));
#7025=CARTESIAN_POINT('Ctrl Pts',(-30.7298629172299,2.5,14.3302540541196));
#7026=CARTESIAN_POINT('Ctrl Pts',(-30.7795078150914,2.5,14.5416625658157));
#7027=CARTESIAN_POINT('Ctrl Pts',(-30.8801465599387,2.5,14.7475446249077));
#7028=CARTESIAN_POINT('Ctrl Pts',(-31.0292463499156,2.5,14.9346187178824));
#7029=CARTESIAN_POINT('Ctrl Pts',(-31.2131889832974,2.5,15.072183126699));
#7030=CARTESIAN_POINT('Ctrl Pts',(-31.4157554816248,2.5,15.1337527326103));
#7031=CARTESIAN_POINT('Ctrl Pts',(-31.6293838747267,2.5,15.1132611036731));
#7032=CARTESIAN_POINT('Ctrl Pts',(-31.8052965780381,2.5,15.0306370242344));
#7033=CARTESIAN_POINT('Ctrl Pts',(-31.939410289938,2.5,14.9329005368343));
#7034=CARTESIAN_POINT('Ctrl Pts',(-32.0297545950516,2.5,14.8520714815796));
#7035=CARTESIAN_POINT('Ctrl Pts',(-32.0751615766753,2.5,14.8077409605375));
#7036=CARTESIAN_POINT('Ctrl Pts',(-31.1454289448919,3.,1.40674564961071));
#7037=CARTESIAN_POINT('Ctrl Pts',(-31.1454289448919,2.5,1.40674564961071));
#7038=CARTESIAN_POINT('Ctrl Pts',(-31.2917981672154,3.,1.67425498386398));
#7039=CARTESIAN_POINT('Ctrl Pts',(-31.2917981672154,2.5,1.67425498386398));
#7040=CARTESIAN_POINT('Ctrl Pts',(-31.5712454807643,3.,2.2077758667966));
#7041=CARTESIAN_POINT('Ctrl Pts',(-31.5712454807643,2.5,2.2077758667966));
#7042=CARTESIAN_POINT('Ctrl Pts',(-31.9505447766588,3.,3.00356402817372));
#7043=CARTESIAN_POINT('Ctrl Pts',(-31.9505447766588,2.5,3.00356402817372));
#7044=CARTESIAN_POINT('Ctrl Pts',(-32.3752070283554,3.,4.05547906675358));
#7045=CARTESIAN_POINT('Ctrl Pts',(-32.3752070283554,2.5,4.05547906675358));
#7046=CARTESIAN_POINT('Ctrl Pts',(-32.7616543154793,3.,5.35410253631527));
#7047=CARTESIAN_POINT('Ctrl Pts',(-32.7616543154793,2.5,5.35410253631527));
#7048=CARTESIAN_POINT('Ctrl Pts',(-32.9904599029863,3.,6.63496126773319));
#7049=CARTESIAN_POINT('Ctrl Pts',(-32.9904599029863,2.5,6.63496126773319));
#7050=CARTESIAN_POINT('Ctrl Pts',(-33.0481892763504,3.,7.89654131746651));
#7051=CARTESIAN_POINT('Ctrl Pts',(-33.0481892763504,2.5,7.89654131746651));
#7052=CARTESIAN_POINT('Ctrl Pts',(-32.9264955837342,3.,9.13790207374946));
#7053=CARTESIAN_POINT('Ctrl Pts',(-32.9264955837342,2.5,9.13790207374946));
#7054=CARTESIAN_POINT('Ctrl Pts',(-32.6311430593393,3.,10.3596931116075));
#7055=CARTESIAN_POINT('Ctrl Pts',(-32.6311430593393,2.5,10.3596931116075));
#7056=CARTESIAN_POINT('Ctrl Pts',(-32.1746896644514,3.,11.5633295952661));
#7057=CARTESIAN_POINT('Ctrl Pts',(-32.1746896644514,2.5,11.5633295952661));
#7058=CARTESIAN_POINT('Ctrl Pts',(-31.6909405896942,3.,12.5128752139359));
#7059=CARTESIAN_POINT('Ctrl Pts',(-31.6909405896942,2.5,12.5128752139359));
#7060=CARTESIAN_POINT('Ctrl Pts',(-31.2656227348516,3.,13.2179905836257));
#7061=CARTESIAN_POINT('Ctrl Pts',(-31.2656227348516,2.5,13.2179905836257));
#7062=CARTESIAN_POINT('Ctrl Pts',(-30.9547485973667,3.,13.6849877864345));
#7063=CARTESIAN_POINT('Ctrl Pts',(-30.9547485973667,2.5,13.6849877864345));
#7064=CARTESIAN_POINT('Ctrl Pts',(-30.7924791902526,3.,13.9177164475095));
#7065=CARTESIAN_POINT('Ctrl Pts',(-30.7924791902526,2.5,13.9177164475095));
#7066=CARTESIAN_POINT('',(-31.1454289448919,2.5,1.40674564961071));
#7067=CARTESIAN_POINT('',(-31.1454289448919,3.,1.40674564961071));
#7068=CARTESIAN_POINT('Ctrl Pts',(-31.1454289448919,2.5,1.40674564961071));
#7069=CARTESIAN_POINT('Ctrl Pts',(-31.2917981672154,2.5,1.67425498386398));
#7070=CARTESIAN_POINT('Ctrl Pts',(-31.5712454807643,2.5,2.2077758667966));
#7071=CARTESIAN_POINT('Ctrl Pts',(-31.9505447766588,2.5,3.00356402817372));
#7072=CARTESIAN_POINT('Ctrl Pts',(-32.3752070283554,2.5,4.05547906675358));
#7073=CARTESIAN_POINT('Ctrl Pts',(-32.7616543154793,2.5,5.35410253631527));
#7074=CARTESIAN_POINT('Ctrl Pts',(-32.9904599029863,2.5,6.63496126773319));
#7075=CARTESIAN_POINT('Ctrl Pts',(-33.0481892763504,2.5,7.89654131746651));
#7076=CARTESIAN_POINT('Ctrl Pts',(-32.9264955837342,2.5,9.13790207374946));
#7077=CARTESIAN_POINT('Ctrl Pts',(-32.6311430593393,2.5,10.3596931116075));
#7078=CARTESIAN_POINT('Ctrl Pts',(-32.1746896644514,2.5,11.5633295952661));
#7079=CARTESIAN_POINT('Ctrl Pts',(-31.6909405896942,2.5,12.5128752139359));
#7080=CARTESIAN_POINT('Ctrl Pts',(-31.2656227348516,2.5,13.2179905836257));
#7081=CARTESIAN_POINT('Ctrl Pts',(-30.9547485973667,2.5,13.6849877864345));
#7082=CARTESIAN_POINT('Ctrl Pts',(-30.7924791902526,2.5,13.9177164475095));
#7083=CARTESIAN_POINT('Ctrl Pts',(-32.9463181376941,3.,-9.66067886790294));
#7084=CARTESIAN_POINT('Ctrl Pts',(-32.9463181376941,2.5,-9.66067886790294));
#7085=CARTESIAN_POINT('Ctrl Pts',(-33.1108916685203,3.,-9.5286878958331));
#7086=CARTESIAN_POINT('Ctrl Pts',(-33.1108916685203,2.5,-9.5286878958331));
#7087=CARTESIAN_POINT('Ctrl Pts',(-33.421218748272,3.,-9.25632220447434));
#7088=CARTESIAN_POINT('Ctrl Pts',(-33.421218748272,2.5,-9.25632220447434));
#7089=CARTESIAN_POINT('Ctrl Pts',(-33.8302478666785,3.,-8.82262173284087));
#7090=CARTESIAN_POINT('Ctrl Pts',(-33.8302478666785,2.5,-8.82262173284087));
#7091=CARTESIAN_POINT('Ctrl Pts',(-34.2608525865782,3.,-8.19322892647278));
#7092=CARTESIAN_POINT('Ctrl Pts',(-34.2608525865782,2.5,-8.19322892647278));
#7093=CARTESIAN_POINT('Ctrl Pts',(-34.596258940059,3.,-7.31612442456673));
#7094=CARTESIAN_POINT('Ctrl Pts',(-34.596258940059,2.5,-7.31612442456673));
#7095=CARTESIAN_POINT('Ctrl Pts',(-34.7153993298217,3.,-6.342679810243));
#7096=CARTESIAN_POINT('Ctrl Pts',(-34.7153993298217,2.5,-6.342679810243));
#7097=CARTESIAN_POINT('Ctrl Pts',(-34.6090525592525,3.,-5.26878731220268));
#7098=CARTESIAN_POINT('Ctrl Pts',(-34.6090525592525,2.5,-5.26878731220268));
#7099=CARTESIAN_POINT('Ctrl Pts',(-34.2848898999692,3.,-4.09786425584078));
#7100=CARTESIAN_POINT('Ctrl Pts',(-34.2848898999692,2.5,-4.09786425584078));
#7101=CARTESIAN_POINT('Ctrl Pts',(-33.7615838660322,3.,-2.83822869580061));
#7102=CARTESIAN_POINT('Ctrl Pts',(-33.7615838660322,2.5,-2.83822869580061));
#7103=CARTESIAN_POINT('Ctrl Pts',(-33.0594480685788,3.,-1.4989297471022));
#7104=CARTESIAN_POINT('Ctrl Pts',(-33.0594480685788,2.5,-1.4989297471022));
#7105=CARTESIAN_POINT('Ctrl Pts',(-32.3686167445812,3.,-0.369970237392623));
#7106=CARTESIAN_POINT('Ctrl Pts',(-32.3686167445812,2.5,-0.369970237392623));
#7107=CARTESIAN_POINT('Ctrl Pts',(-31.7828842623576,3.,0.506867206821494));
#7108=CARTESIAN_POINT('Ctrl Pts',(-31.7828842623576,2.5,0.506867206821494));
#7109=CARTESIAN_POINT('Ctrl Pts',(-31.3628402512352,3.,1.10459169154796));
#7110=CARTESIAN_POINT('Ctrl Pts',(-31.3628402512352,2.5,1.10459169154796));
#7111=CARTESIAN_POINT('Ctrl Pts',(-31.1454289448919,3.,1.40674564961071));
#7112=CARTESIAN_POINT('Ctrl Pts',(-31.1454289448919,2.5,1.40674564961071));
#7113=CARTESIAN_POINT('',(-32.9463181376941,2.5,-9.66067886790294));
#7114=CARTESIAN_POINT('',(-32.9463181376941,3.,-9.66067886790294));
#7115=CARTESIAN_POINT('Ctrl Pts',(-32.9463181376941,2.5,-9.66067886790294));
#7116=CARTESIAN_POINT('Ctrl Pts',(-33.1108916685203,2.5,-9.5286878958331));
#7117=CARTESIAN_POINT('Ctrl Pts',(-33.421218748272,2.5,-9.25632220447434));
#7118=CARTESIAN_POINT('Ctrl Pts',(-33.8302478666785,2.5,-8.82262173284087));
#7119=CARTESIAN_POINT('Ctrl Pts',(-34.2608525865782,2.5,-8.19322892647278));
#7120=CARTESIAN_POINT('Ctrl Pts',(-34.596258940059,2.5,-7.31612442456673));
#7121=CARTESIAN_POINT('Ctrl Pts',(-34.7153993298217,2.5,-6.342679810243));
#7122=CARTESIAN_POINT('Ctrl Pts',(-34.6090525592525,2.5,-5.26878731220268));
#7123=CARTESIAN_POINT('Ctrl Pts',(-34.2848898999692,2.5,-4.09786425584078));
#7124=CARTESIAN_POINT('Ctrl Pts',(-33.7615838660322,2.5,-2.83822869580061));
#7125=CARTESIAN_POINT('Ctrl Pts',(-33.0594480685788,2.5,-1.4989297471022));
#7126=CARTESIAN_POINT('Ctrl Pts',(-32.3686167445812,2.5,-0.369970237392623));
#7127=CARTESIAN_POINT('Ctrl Pts',(-31.7828842623576,2.5,0.506867206821494));
#7128=CARTESIAN_POINT('Ctrl Pts',(-31.3628402512352,2.5,1.10459169154796));
#7129=CARTESIAN_POINT('Ctrl Pts',(-31.1454289448919,2.5,1.40674564961071));
#7130=CARTESIAN_POINT('Ctrl Pts',(-34.0912333722255,3.,-10.7616686988059));
#7131=CARTESIAN_POINT('Ctrl Pts',(-34.0912333722255,2.5,-10.7616686988059));
#7132=CARTESIAN_POINT('Ctrl Pts',(-34.0501872446609,3.,-10.7958245815897));
#7133=CARTESIAN_POINT('Ctrl Pts',(-34.0501872446609,2.5,-10.7958245815897));
#7134=CARTESIAN_POINT('Ctrl Pts',(-33.9673032099729,3.,-10.8574292135778));
#7135=CARTESIAN_POINT('Ctrl Pts',(-33.9673032099729,2.5,-10.8574292135778));
#7136=CARTESIAN_POINT('Ctrl Pts',(-33.8405896836134,3.,-10.929706125207));
#7137=CARTESIAN_POINT('Ctrl Pts',(-33.8405896836134,2.5,-10.929706125207));
#7138=CARTESIAN_POINT('Ctrl Pts',(-33.6668899045804,3.,-10.9852277069188));
#7139=CARTESIAN_POINT('Ctrl Pts',(-33.6668899045804,2.5,-10.9852277069188));
#7140=CARTESIAN_POINT('Ctrl Pts',(-33.443384998285,3.,-10.9834995433314));
#7141=CARTESIAN_POINT('Ctrl Pts',(-33.443384998285,2.5,-10.9834995433314));
#7142=CARTESIAN_POINT('Ctrl Pts',(-33.2210530424721,3.,-10.9104412008975));
#7143=CARTESIAN_POINT('Ctrl Pts',(-33.2210530424721,2.5,-10.9104412008975));
#7144=CARTESIAN_POINT('Ctrl Pts',(-33.0126440741539,3.,-10.7698227094851));
#7145=CARTESIAN_POINT('Ctrl Pts',(-33.0126440741539,2.5,-10.7698227094851));
#7146=CARTESIAN_POINT('Ctrl Pts',(-32.8484132273819,3.,-10.5813573104989));
#7147=CARTESIAN_POINT('Ctrl Pts',(-32.8484132273819,2.5,-10.5813573104989));
#7148=CARTESIAN_POINT('Ctrl Pts',(-32.7541252558584,3.,-10.3677925588652));
#7149=CARTESIAN_POINT('Ctrl Pts',(-32.7541252558584,2.5,-10.3677925588652));
#7150=CARTESIAN_POINT('Ctrl Pts',(-32.7359954414613,3.,-10.1397333151393));
#7151=CARTESIAN_POINT('Ctrl Pts',(-32.7359954414613,2.5,-10.1397333151393));
#7152=CARTESIAN_POINT('Ctrl Pts',(-32.7832006828424,3.,-9.95102348624657));
#7153=CARTESIAN_POINT('Ctrl Pts',(-32.7832006828424,2.5,-9.95102348624657));
#7154=CARTESIAN_POINT('Ctrl Pts',(-32.8519689713295,3.,-9.8068435168612));
#7155=CARTESIAN_POINT('Ctrl Pts',(-32.8519689713295,2.5,-9.8068435168612));
#7156=CARTESIAN_POINT('Ctrl Pts',(-32.9124331496592,3.,-9.70959025241781));
#7157=CARTESIAN_POINT('Ctrl Pts',(-32.9124331496592,2.5,-9.70959025241781));
#7158=CARTESIAN_POINT('Ctrl Pts',(-32.9463181376941,3.,-9.66067886790294));
#7159=CARTESIAN_POINT('Ctrl Pts',(-32.9463181376941,2.5,-9.66067886790294));
#7160=CARTESIAN_POINT('Ctrl Pts',(-34.0912333722255,2.5,-10.7616686988059));
#7161=CARTESIAN_POINT('Ctrl Pts',(-34.0501872446609,2.5,-10.7958245815897));
#7162=CARTESIAN_POINT('Ctrl Pts',(-33.9673032099729,2.5,-10.8574292135778));
#7163=CARTESIAN_POINT('Ctrl Pts',(-33.8405896836134,2.5,-10.929706125207));
#7164=CARTESIAN_POINT('Ctrl Pts',(-33.6668899045804,2.5,-10.9852277069188));
#7165=CARTESIAN_POINT('Ctrl Pts',(-33.443384998285,2.5,-10.9834995433314));
#7166=CARTESIAN_POINT('Ctrl Pts',(-33.2210530424721,2.5,-10.9104412008975));
#7167=CARTESIAN_POINT('Ctrl Pts',(-33.0126440741539,2.5,-10.7698227094851));
#7168=CARTESIAN_POINT('Ctrl Pts',(-32.8484132273819,2.5,-10.5813573104989));
#7169=CARTESIAN_POINT('Ctrl Pts',(-32.7541252558584,2.5,-10.3677925588652));
#7170=CARTESIAN_POINT('Ctrl Pts',(-32.7359954414613,2.5,-10.1397333151393));
#7171=CARTESIAN_POINT('Ctrl Pts',(-32.7832006828424,2.5,-9.95102348624657));
#7172=CARTESIAN_POINT('Ctrl Pts',(-32.8519689713295,2.5,-9.8068435168612));
#7173=CARTESIAN_POINT('Ctrl Pts',(-32.9124331496592,2.5,-9.70959025241781));
#7174=CARTESIAN_POINT('Ctrl Pts',(-32.9463181376941,2.5,-9.66067886790294));
#7175=CARTESIAN_POINT('Origin',(-33.4864433581892,2.5,2.07426251284574));
#7176=CARTESIAN_POINT('Origin',(-22.0000003278255,3.,-4.32557972889117));
#7177=CARTESIAN_POINT('',(-22.0000003278255,2.5,-4.32557972889117));
#7178=CARTESIAN_POINT('',(-22.0000003278255,3.,-4.32557972889117));
#7179=CARTESIAN_POINT('',(-21.9468274550441,2.5,-2.15036461031583));
#7180=CARTESIAN_POINT('Ctrl Pts',(-22.0000003278255,2.5,-4.32557972889117));
#7181=CARTESIAN_POINT('Ctrl Pts',(-21.9978734129121,2.5,-4.23857112414808));
#7182=CARTESIAN_POINT('Ctrl Pts',(-21.9936195830854,2.5,-4.06455391466191));
#7183=CARTESIAN_POINT('Ctrl Pts',(-21.9872388383463,2.5,-3.80352810043266));
#7184=CARTESIAN_POINT('Ctrl Pts',(-21.978731178696,2.5,-3.4554936814604));
#7185=CARTESIAN_POINT('Ctrl Pts',(-21.9680966041373,2.5,-3.02045065774521));
#7186=CARTESIAN_POINT('Ctrl Pts',(-21.9595889444955,2.5,-2.67241623877327));
#7187=CARTESIAN_POINT('Ctrl Pts',(-21.9532081997681,2.5,-2.41139042454448));
#7188=CARTESIAN_POINT('Ctrl Pts',(-21.9489543699518,2.5,-2.2373732150587));
#7189=CARTESIAN_POINT('Ctrl Pts',(-21.9468274550441,2.5,-2.15036461031583));
#7190=CARTESIAN_POINT('',(-21.9468274550441,3.,-2.15036461031583));
#7191=CARTESIAN_POINT('Ctrl Pts',(-22.1946295471537,3.,0.912342798834268));
#7192=CARTESIAN_POINT('Ctrl Pts',(-22.1946295471537,2.5,0.912342798834268));
#7193=CARTESIAN_POINT('Ctrl Pts',(-22.2715320935016,3.,1.01925963884677));
#7194=CARTESIAN_POINT('Ctrl Pts',(-22.2715320935016,2.5,1.01925963884677));
#7195=CARTESIAN_POINT('Ctrl Pts',(-22.4269659452813,3.,1.20801133064122));
#7196=CARTESIAN_POINT('Ctrl Pts',(-22.4269659452813,2.5,1.20801133064122));
#7197=CARTESIAN_POINT('Ctrl Pts',(-22.6650003913639,3.,1.41589165852947));
#7198=CARTESIAN_POINT('Ctrl Pts',(-22.6650003913639,2.5,1.41589165852947));
#7199=CARTESIAN_POINT('Ctrl Pts',(-22.9875307149883,3.,1.54315937585423));
#7200=CARTESIAN_POINT('Ctrl Pts',(-22.9875307149883,2.5,1.54315937585423));
#7201=CARTESIAN_POINT('Ctrl Pts',(-23.3736838776621,3.,1.45896950215798));
#7202=CARTESIAN_POINT('Ctrl Pts',(-23.3736838776621,2.5,1.45896950215798));
#7203=CARTESIAN_POINT('Ctrl Pts',(-23.7126117754623,3.,1.14594225026959));
#7204=CARTESIAN_POINT('Ctrl Pts',(-23.7126117754623,2.5,1.14594225026959));
#7205=CARTESIAN_POINT('Ctrl Pts',(-23.9777715475615,3.,0.628755238425705));
#7206=CARTESIAN_POINT('Ctrl Pts',(-23.9777715475615,2.5,0.628755238425705));
#7207=CARTESIAN_POINT('Ctrl Pts',(-24.1572500038486,3.,-0.0533824363944962));
#7208=CARTESIAN_POINT('Ctrl Pts',(-24.1572500038486,2.5,-0.0533824363944962));
#7209=CARTESIAN_POINT('Ctrl Pts',(-24.2542344014327,3.,-0.848815291083932));
#7210=CARTESIAN_POINT('Ctrl Pts',(-24.2542344014327,2.5,-0.848815291083932));
#7211=CARTESIAN_POINT('Ctrl Pts',(-24.2806575937318,3.,-1.6996624076186));
#7212=CARTESIAN_POINT('Ctrl Pts',(-24.2806575937318,2.5,-1.6996624076186));
#7213=CARTESIAN_POINT('Ctrl Pts',(-24.253066566021,3.,-2.54661642059326));
#7214=CARTESIAN_POINT('Ctrl Pts',(-24.253066566021,2.5,-2.54661642059326));
#7215=CARTESIAN_POINT('Ctrl Pts',(-24.1878794248102,3.,-3.33407238297135));
#7216=CARTESIAN_POINT('Ctrl Pts',(-24.1878794248102,2.5,-3.33407238297135));
#7217=CARTESIAN_POINT('Ctrl Pts',(-24.0967042048611,3.,-4.01543427694852));
#7218=CARTESIAN_POINT('Ctrl Pts',(-24.0967042048611,2.5,-4.01543427694852));
#7219=CARTESIAN_POINT('Ctrl Pts',(-23.9822951804648,3.,-4.55782745960058));
#7220=CARTESIAN_POINT('Ctrl Pts',(-23.9822951804648,2.5,-4.55782745960058));
#7221=CARTESIAN_POINT('Ctrl Pts',(-23.8324374560015,3.,-4.94908536431247));
#7222=CARTESIAN_POINT('Ctrl Pts',(-23.8324374560015,2.5,-4.94908536431247));
#7223=CARTESIAN_POINT('Ctrl Pts',(-23.6217006094923,3.,-5.19797529438076));
#7224=CARTESIAN_POINT('Ctrl Pts',(-23.6217006094923,2.5,-5.19797529438076));
#7225=CARTESIAN_POINT('Ctrl Pts',(-23.3370807904579,3.,-5.32105349414351));
#7226=CARTESIAN_POINT('Ctrl Pts',(-23.3370807904579,2.5,-5.32105349414351));
#7227=CARTESIAN_POINT('Ctrl Pts',(-22.9841425854717,3.,-5.33600851313482));
#7228=CARTESIAN_POINT('Ctrl Pts',(-22.9841425854717,2.5,-5.33600851313482));
#7229=CARTESIAN_POINT('Ctrl Pts',(-22.6330412943074,3.,-5.24570080540671));
#7230=CARTESIAN_POINT('Ctrl Pts',(-22.6330412943074,2.5,-5.24570080540671));
#7231=CARTESIAN_POINT('Ctrl Pts',(-22.3367903657497,3.,-5.05017261396852));
#7232=CARTESIAN_POINT('Ctrl Pts',(-22.3367903657497,2.5,-5.05017261396852));
#7233=CARTESIAN_POINT('Ctrl Pts',(-22.1603421255718,3.,-4.81125098268938));
#7234=CARTESIAN_POINT('Ctrl Pts',(-22.1603421255718,2.5,-4.81125098268938));
#7235=CARTESIAN_POINT('Ctrl Pts',(-22.0656660622217,3.,-4.58617028260606));
#7236=CARTESIAN_POINT('Ctrl Pts',(-22.0656660622217,2.5,-4.58617028260606));
#7237=CARTESIAN_POINT('Ctrl Pts',(-22.0191228585494,3.,-4.41582585914638));
#7238=CARTESIAN_POINT('Ctrl Pts',(-22.0191228585494,2.5,-4.41582585914638));
#7239=CARTESIAN_POINT('Ctrl Pts',(-22.0000003278255,3.,-4.32557972889117));
#7240=CARTESIAN_POINT('Ctrl Pts',(-22.0000003278255,2.5,-4.32557972889117));
#7241=CARTESIAN_POINT('',(-22.1946295471537,2.5,0.912342798834268));
#7242=CARTESIAN_POINT('',(-22.1946295471537,3.,0.912342798834268));
#7243=CARTESIAN_POINT('Ctrl Pts',(-22.1946295471537,2.5,0.912342798834268));
#7244=CARTESIAN_POINT('Ctrl Pts',(-22.2715320935016,2.5,1.01925963884677));
#7245=CARTESIAN_POINT('Ctrl Pts',(-22.4269659452813,2.5,1.20801133064122));
#7246=CARTESIAN_POINT('Ctrl Pts',(-22.6650003913639,2.5,1.41589165852947));
#7247=CARTESIAN_POINT('Ctrl Pts',(-22.9875307149883,2.5,1.54315937585423));
#7248=CARTESIAN_POINT('Ctrl Pts',(-23.3736838776621,2.5,1.45896950215798));
#7249=CARTESIAN_POINT('Ctrl Pts',(-23.7126117754623,2.5,1.14594225026959));
#7250=CARTESIAN_POINT('Ctrl Pts',(-23.9777715475615,2.5,0.628755238425705));
#7251=CARTESIAN_POINT('Ctrl Pts',(-24.1572500038486,2.5,-0.0533824363944962));
#7252=CARTESIAN_POINT('Ctrl Pts',(-24.2542344014327,2.5,-0.848815291083932));
#7253=CARTESIAN_POINT('Ctrl Pts',(-24.2806575937318,2.5,-1.6996624076186));
#7254=CARTESIAN_POINT('Ctrl Pts',(-24.253066566021,2.5,-2.54661642059326));
#7255=CARTESIAN_POINT('Ctrl Pts',(-24.1878794248102,2.5,-3.33407238297135));
#7256=CARTESIAN_POINT('Ctrl Pts',(-24.0967042048611,2.5,-4.01543427694852));
#7257=CARTESIAN_POINT('Ctrl Pts',(-23.9822951804648,2.5,-4.55782745960058));
#7258=CARTESIAN_POINT('Ctrl Pts',(-23.8324374560015,2.5,-4.94908536431247));
#7259=CARTESIAN_POINT('Ctrl Pts',(-23.6217006094923,2.5,-5.19797529438076));
#7260=CARTESIAN_POINT('Ctrl Pts',(-23.3370807904579,2.5,-5.32105349414351));
#7261=CARTESIAN_POINT('Ctrl Pts',(-22.9841425854717,2.5,-5.33600851313482));
#7262=CARTESIAN_POINT('Ctrl Pts',(-22.6330412943074,2.5,-5.24570080540671));
#7263=CARTESIAN_POINT('Ctrl Pts',(-22.3367903657497,2.5,-5.05017261396852));
#7264=CARTESIAN_POINT('Ctrl Pts',(-22.1603421255718,2.5,-4.81125098268938));
#7265=CARTESIAN_POINT('Ctrl Pts',(-22.0656660622217,2.5,-4.58617028260606));
#7266=CARTESIAN_POINT('Ctrl Pts',(-22.0191228585494,2.5,-4.41582585914638));
#7267=CARTESIAN_POINT('Ctrl Pts',(-22.0000003278255,2.5,-4.32557972889117));
#7268=CARTESIAN_POINT('Ctrl Pts',(-21.9468274550441,3.,-2.15036461031583));
#7269=CARTESIAN_POINT('Ctrl Pts',(-21.9468274550441,2.5,-2.15036461031583));
#7270=CARTESIAN_POINT('Ctrl Pts',(-21.9458987043431,3.,-2.06986123676173));
#7271=CARTESIAN_POINT('Ctrl Pts',(-21.9458987043431,2.5,-2.06986123676173));
#7272=CARTESIAN_POINT('Ctrl Pts',(-21.9445393477835,3.,-1.91048392727318));
#7273=CARTESIAN_POINT('Ctrl Pts',(-21.9445393477835,2.5,-1.91048392727318));
#7274=CARTESIAN_POINT('Ctrl Pts',(-21.9439946508503,3.,-1.67630595985199));
#7275=CARTESIAN_POINT('Ctrl Pts',(-21.9439946508503,2.5,-1.67630595985199));
#7276=CARTESIAN_POINT('Ctrl Pts',(-21.9463070686346,3.,-1.37400822904651));
#7277=CARTESIAN_POINT('Ctrl Pts',(-21.9463070686346,2.5,-1.37400822904651));
#7278=CARTESIAN_POINT('Ctrl Pts',(-21.9546196543962,3.,-1.01387169890977));
#7279=CARTESIAN_POINT('Ctrl Pts',(-21.9546196543962,2.5,-1.01387169890977));
#7280=CARTESIAN_POINT('Ctrl Pts',(-21.9688882449548,3.,-0.673217330270086));
#7281=CARTESIAN_POINT('Ctrl Pts',(-21.9688882449548,2.5,-0.673217330270086));
#7282=CARTESIAN_POINT('Ctrl Pts',(-21.9896826119447,3.,-0.353908852807854));
#7283=CARTESIAN_POINT('Ctrl Pts',(-21.9896826119447,2.5,-0.353908852807854));
#7284=CARTESIAN_POINT('Ctrl Pts',(-22.017448284278,3.,-0.0574035968011465));
#7285=CARTESIAN_POINT('Ctrl Pts',(-22.017448284278,2.5,-0.0574035968011465));
#7286=CARTESIAN_POINT('Ctrl Pts',(-22.0521267314944,3.,0.216489891586686));
#7287=CARTESIAN_POINT('Ctrl Pts',(-22.0521267314944,2.5,0.216489891586686));
#7288=CARTESIAN_POINT('Ctrl Pts',(-22.0932855022928,3.,0.469186165644));
#7289=CARTESIAN_POINT('Ctrl Pts',(-22.0932855022928,2.5,0.469186165644));
#7290=CARTESIAN_POINT('Ctrl Pts',(-22.1310166603812,3.,0.655628781959616));
#7291=CARTESIAN_POINT('Ctrl Pts',(-22.1310166603812,2.5,0.655628781959616));
#7292=CARTESIAN_POINT('Ctrl Pts',(-22.1618522733885,3.,0.787161387929601));
#7293=CARTESIAN_POINT('Ctrl Pts',(-22.1618522733885,2.5,0.787161387929601));
#7294=CARTESIAN_POINT('Ctrl Pts',(-22.183518872905,3.,0.871220525336016));
#7295=CARTESIAN_POINT('Ctrl Pts',(-22.183518872905,2.5,0.871220525336016));
#7296=CARTESIAN_POINT('Ctrl Pts',(-22.1946295471537,3.,0.912342798834268));
#7297=CARTESIAN_POINT('Ctrl Pts',(-22.1946295471537,2.5,0.912342798834268));
#7298=CARTESIAN_POINT('Ctrl Pts',(-21.9468274550441,2.5,-2.15036461031583));
#7299=CARTESIAN_POINT('Ctrl Pts',(-21.9458987043431,2.5,-2.06986123676173));
#7300=CARTESIAN_POINT('Ctrl Pts',(-21.9445393477835,2.5,-1.91048392727318));
#7301=CARTESIAN_POINT('Ctrl Pts',(-21.9439946508503,2.5,-1.67630595985199));
#7302=CARTESIAN_POINT('Ctrl Pts',(-21.9463070686346,2.5,-1.37400822904651));
#7303=CARTESIAN_POINT('Ctrl Pts',(-21.9546196543962,2.5,-1.01387169890977));
#7304=CARTESIAN_POINT('Ctrl Pts',(-21.9688882449548,2.5,-0.673217330270086));
#7305=CARTESIAN_POINT('Ctrl Pts',(-21.9896826119447,2.5,-0.353908852807854));
#7306=CARTESIAN_POINT('Ctrl Pts',(-22.017448284278,2.5,-0.0574035968011465));
#7307=CARTESIAN_POINT('Ctrl Pts',(-22.0521267314944,2.5,0.216489891586686));
#7308=CARTESIAN_POINT('Ctrl Pts',(-22.0932855022928,2.5,0.469186165644));
#7309=CARTESIAN_POINT('Ctrl Pts',(-22.1310166603812,2.5,0.655628781959616));
#7310=CARTESIAN_POINT('Ctrl Pts',(-22.1618522733885,2.5,0.787161387929601));
#7311=CARTESIAN_POINT('Ctrl Pts',(-22.183518872905,2.5,0.871220525336016));
#7312=CARTESIAN_POINT('Ctrl Pts',(-22.1946295471537,2.5,0.912342798834268));
#7313=CARTESIAN_POINT('Origin',(-23.1123261222911,2.5,-1.89642456864029));
#7314=CARTESIAN_POINT('Origin',(-0.699999984353781,3.,39.0999991260469));
#7315=CARTESIAN_POINT('',(-0.699999984353781,2.5,39.0999991260469));
#7316=CARTESIAN_POINT('',(-0.699999984353781,3.,39.0999991260469));
#7317=CARTESIAN_POINT('',(-0.843080769622769,2.5,35.4133298698574));
#7318=CARTESIAN_POINT('Ctrl Pts',(-0.699999984353781,2.5,39.0999991260469));
#7319=CARTESIAN_POINT('Ctrl Pts',(-0.705723215764474,2.5,38.9525323557981));
#7320=CARTESIAN_POINT('Ctrl Pts',(-0.717169678585867,2.5,38.6575988153006));
#7321=CARTESIAN_POINT('Ctrl Pts',(-0.734339372817971,2.5,38.2151985045547));
#7322=CARTESIAN_POINT('Ctrl Pts',(-0.75723229846082,2.5,37.6253314235612));
#7323=CARTESIAN_POINT('Ctrl Pts',(-0.785848455514506,2.5,36.8879975723217));
#7324=CARTESIAN_POINT('Ctrl Pts',(-0.808741381157637,2.5,36.2981304913331));
#7325=CARTESIAN_POINT('Ctrl Pts',(-0.825911075390137,2.5,35.8557301805942));
#7326=CARTESIAN_POINT('Ctrl Pts',(-0.83735753821188,2.5,35.5607966401028));
#7327=CARTESIAN_POINT('Ctrl Pts',(-0.843080769622769,2.5,35.4133298698574));
#7328=CARTESIAN_POINT('',(-0.843080769622769,3.,35.4133298698574));
#7329=CARTESIAN_POINT('Ctrl Pts',(0.836850932865396,3.,39.2609563528428));
#7330=CARTESIAN_POINT('Ctrl Pts',(0.836850932865396,2.5,39.2609563528428));
#7331=CARTESIAN_POINT('Ctrl Pts',(0.825878413029216,3.,39.3067147350203));
#7332=CARTESIAN_POINT('Ctrl Pts',(0.825878413029216,2.5,39.3067147350203));
#7333=CARTESIAN_POINT('Ctrl Pts',(0.799483925222424,3.,39.3944137895006));
#7334=CARTESIAN_POINT('Ctrl Pts',(0.799483925222424,2.5,39.3944137895006));
#7335=CARTESIAN_POINT('Ctrl Pts',(0.746529942415899,3.,39.5145120103103));
#7336=CARTESIAN_POINT('Ctrl Pts',(0.746529942415899,2.5,39.5145120103103));
#7337=CARTESIAN_POINT('Ctrl Pts',(0.64888090648893,3.,39.6513415164744));
#7338=CARTESIAN_POINT('Ctrl Pts',(0.64888090648893,2.5,39.6513415164744));
#7339=CARTESIAN_POINT('Ctrl Pts',(0.481067259884718,3.,39.7805054519497));
#7340=CARTESIAN_POINT('Ctrl Pts',(0.481067259884718,2.5,39.7805054519497));
#7341=CARTESIAN_POINT('Ctrl Pts',(0.272793370094189,3.,39.8624710798186));
#7342=CARTESIAN_POINT('Ctrl Pts',(0.272793370094189,2.5,39.8624710798186));
#7343=CARTESIAN_POINT('Ctrl Pts',(0.0353066784778672,3.,39.8909316754031));
#7344=CARTESIAN_POINT('Ctrl Pts',(0.0353066784778672,2.5,39.8909316754031));
#7345=CARTESIAN_POINT('Ctrl Pts',(-0.198264878146273,3.,39.8578889286492));
#7346=CARTESIAN_POINT('Ctrl Pts',(-0.198264878146273,2.5,39.8578889286492));
#7347=CARTESIAN_POINT('Ctrl Pts',(-0.397237115841214,3.,39.7605780714813));
#7348=CARTESIAN_POINT('Ctrl Pts',(-0.397237115841214,2.5,39.7605780714813));
#7349=CARTESIAN_POINT('Ctrl Pts',(-0.551215269227871,3.,39.6016552247236));
#7350=CARTESIAN_POINT('Ctrl Pts',(-0.551215269227871,2.5,39.6016552247236));
#7351=CARTESIAN_POINT('Ctrl Pts',(-0.634862634600534,3.,39.4281764939168));
#7352=CARTESIAN_POINT('Ctrl Pts',(-0.634862634600534,2.5,39.4281764939168));
#7353=CARTESIAN_POINT('Ctrl Pts',(-0.675799711442908,3.,39.2734934610317));
#7354=CARTESIAN_POINT('Ctrl Pts',(-0.675799711442908,2.5,39.2734934610317));
#7355=CARTESIAN_POINT('Ctrl Pts',(-0.693526080030804,3.,39.1596219737382));
#7356=CARTESIAN_POINT('Ctrl Pts',(-0.693526080030804,2.5,39.1596219737382));
#7357=CARTESIAN_POINT('Ctrl Pts',(-0.699999984353781,3.,39.0999991260469));
#7358=CARTESIAN_POINT('Ctrl Pts',(-0.699999984353781,2.5,39.0999991260469));
#7359=CARTESIAN_POINT('',(0.836850932865396,2.5,39.2609563528428));
#7360=CARTESIAN_POINT('',(0.836850932865396,3.,39.2609563528428));
#7361=CARTESIAN_POINT('Ctrl Pts',(0.836850932865396,2.5,39.2609563528428));
#7362=CARTESIAN_POINT('Ctrl Pts',(0.825878413029216,2.5,39.3067147350203));
#7363=CARTESIAN_POINT('Ctrl Pts',(0.799483925222424,2.5,39.3944137895006));
#7364=CARTESIAN_POINT('Ctrl Pts',(0.746529942415899,2.5,39.5145120103103));
#7365=CARTESIAN_POINT('Ctrl Pts',(0.64888090648893,2.5,39.6513415164744));
#7366=CARTESIAN_POINT('Ctrl Pts',(0.481067259884718,2.5,39.7805054519497));
#7367=CARTESIAN_POINT('Ctrl Pts',(0.272793370094189,2.5,39.8624710798186));
#7368=CARTESIAN_POINT('Ctrl Pts',(0.0353066784778672,2.5,39.8909316754031));
#7369=CARTESIAN_POINT('Ctrl Pts',(-0.198264878146273,2.5,39.8578889286492));
#7370=CARTESIAN_POINT('Ctrl Pts',(-0.397237115841214,2.5,39.7605780714813));
#7371=CARTESIAN_POINT('Ctrl Pts',(-0.551215269227871,2.5,39.6016552247236));
#7372=CARTESIAN_POINT('Ctrl Pts',(-0.634862634600534,2.5,39.4281764939168));
#7373=CARTESIAN_POINT('Ctrl Pts',(-0.675799711442908,2.5,39.2734934610317));
#7374=CARTESIAN_POINT('Ctrl Pts',(-0.693526080030804,2.5,39.1596219737382));
#7375=CARTESIAN_POINT('Ctrl Pts',(-0.699999984353781,2.5,39.0999991260469));
#7376=CARTESIAN_POINT('Ctrl Pts',(-0.129492500604168,3.,13.3566135527432));
#7377=CARTESIAN_POINT('Ctrl Pts',(-0.129492500604168,2.5,13.3566135527432));
#7378=CARTESIAN_POINT('Ctrl Pts',(-0.086929623559814,3.,13.7902665427791));
#7379=CARTESIAN_POINT('Ctrl Pts',(-0.086929623559814,2.5,13.7902665427791));
#7380=CARTESIAN_POINT('Ctrl Pts',(-0.0039020539592841,3.,14.6651968025902));
#7381=CARTESIAN_POINT('Ctrl Pts',(-0.0039020539592841,2.5,14.6651968025902));
#7382=CARTESIAN_POINT('Ctrl Pts',(0.114344582571449,3.,16.0004656289338));
#7383=CARTESIAN_POINT('Ctrl Pts',(0.114344582571449,2.5,16.0004656289338));
#7384=CARTESIAN_POINT('Ctrl Pts',(0.259211635113799,3.,17.827318377188));
#7385=CARTESIAN_POINT('Ctrl Pts',(0.259211635113799,2.5,17.827318377188));
#7386=CARTESIAN_POINT('Ctrl Pts',(0.417586433841459,3.,20.1934032229236));
#7387=CARTESIAN_POINT('Ctrl Pts',(0.417586433841459,2.5,20.1934032229236));
#7388=CARTESIAN_POINT('Ctrl Pts',(0.551469016172971,3.,22.6484866816342));
#7389=CARTESIAN_POINT('Ctrl Pts',(0.551469016172971,2.5,22.6484866816342));
#7390=CARTESIAN_POINT('Ctrl Pts',(0.659247658525174,3.,25.1984253553086));
#7391=CARTESIAN_POINT('Ctrl Pts',(0.659247658525174,2.5,25.1984253553086));
#7392=CARTESIAN_POINT('Ctrl Pts',(0.740752527875266,3.,27.8438363748387));
#7393=CARTESIAN_POINT('Ctrl Pts',(0.740752527875266,2.5,27.8438363748387));
#7394=CARTESIAN_POINT('Ctrl Pts',(0.797693670820854,3.,30.5785058568852));
#7395=CARTESIAN_POINT('Ctrl Pts',(0.797693670820854,2.5,30.5785058568852));
#7396=CARTESIAN_POINT('Ctrl Pts',(0.832232307503565,3.,33.394580465845));
#7397=CARTESIAN_POINT('Ctrl Pts',(0.832232307503565,2.5,33.394580465845));
#7398=CARTESIAN_POINT('Ctrl Pts',(0.843554927570535,3.,35.706700413577));
#7399=CARTESIAN_POINT('Ctrl Pts',(0.843554927570535,2.5,35.706700413577));
#7400=CARTESIAN_POINT('Ctrl Pts',(0.843479780736315,3.,37.471921124747));
#7401=CARTESIAN_POINT('Ctrl Pts',(0.843479780736315,2.5,37.471921124747));
#7402=CARTESIAN_POINT('Ctrl Pts',(0.839684745764263,3.,38.6623431006224));
#7403=CARTESIAN_POINT('Ctrl Pts',(0.839684745764263,2.5,38.6623431006224));
#7404=CARTESIAN_POINT('Ctrl Pts',(0.836850932865396,3.,39.2609563528428));
#7405=CARTESIAN_POINT('Ctrl Pts',(0.836850932865396,2.5,39.2609563528428));
#7406=CARTESIAN_POINT('',(-0.129492500604168,2.5,13.3566135527432));
#7407=CARTESIAN_POINT('',(-0.129492500604168,3.,13.3566135527432));
#7408=CARTESIAN_POINT('Ctrl Pts',(-0.129492500604168,2.5,13.3566135527432));
#7409=CARTESIAN_POINT('Ctrl Pts',(-0.086929623559814,2.5,13.7902665427791));
#7410=CARTESIAN_POINT('Ctrl Pts',(-0.0039020539592841,2.5,14.6651968025902));
#7411=CARTESIAN_POINT('Ctrl Pts',(0.114344582571449,2.5,16.0004656289338));
#7412=CARTESIAN_POINT('Ctrl Pts',(0.259211635113799,2.5,17.827318377188));
#7413=CARTESIAN_POINT('Ctrl Pts',(0.417586433841459,2.5,20.1934032229236));
#7414=CARTESIAN_POINT('Ctrl Pts',(0.551469016172971,2.5,22.6484866816342));
#7415=CARTESIAN_POINT('Ctrl Pts',(0.659247658525174,2.5,25.1984253553086));
#7416=CARTESIAN_POINT('Ctrl Pts',(0.740752527875266,2.5,27.8438363748387));
#7417=CARTESIAN_POINT('Ctrl Pts',(0.797693670820854,2.5,30.5785058568852));
#7418=CARTESIAN_POINT('Ctrl Pts',(0.832232307503565,2.5,33.394580465845));
#7419=CARTESIAN_POINT('Ctrl Pts',(0.843554927570535,2.5,35.706700413577));
#7420=CARTESIAN_POINT('Ctrl Pts',(0.843479780736315,2.5,37.471921124747));
#7421=CARTESIAN_POINT('Ctrl Pts',(0.839684745764263,2.5,38.6623431006224));
#7422=CARTESIAN_POINT('Ctrl Pts',(0.836850932865396,2.5,39.2609563528428));
#7423=CARTESIAN_POINT('Ctrl Pts',(-1.57563144458951,3.,13.1068528794509));
#7424=CARTESIAN_POINT('Ctrl Pts',(-1.57563144458951,2.5,13.1068528794509));
#7425=CARTESIAN_POINT('Ctrl Pts',(-1.5677483629711,3.,13.0812646458092));
#7426=CARTESIAN_POINT('Ctrl Pts',(-1.5677483629711,2.5,13.0812646458092));
#7427=CARTESIAN_POINT('Ctrl Pts',(-1.54735657289537,3.,13.0320682375195));
#7428=CARTESIAN_POINT('Ctrl Pts',(-1.54735657289537,2.5,13.0320682375195));
#7429=CARTESIAN_POINT('Ctrl Pts',(-1.50287729726823,3.,12.9642098654586));
#7430=CARTESIAN_POINT('Ctrl Pts',(-1.50287729726823,2.5,12.9642098654586));
#7431=CARTESIAN_POINT('Ctrl Pts',(-1.41545874220432,3.,12.8858339342416));
#7432=CARTESIAN_POINT('Ctrl Pts',(-1.41545874220432,2.5,12.8858339342416));
#7433=CARTESIAN_POINT('Ctrl Pts',(-1.25860555916517,3.,12.8100110308258));
#7434=CARTESIAN_POINT('Ctrl Pts',(-1.25860555916517,2.5,12.8100110308258));
#7435=CARTESIAN_POINT('Ctrl Pts',(-1.05965777286906,3.,12.7607281111828));
#7436=CARTESIAN_POINT('Ctrl Pts',(-1.05965777286906,2.5,12.7607281111828));
#7437=CARTESIAN_POINT('Ctrl Pts',(-0.830200052367278,3.,12.7438732669836));
#7438=CARTESIAN_POINT('Ctrl Pts',(-0.830200052367278,2.5,12.7438732669836));
#7439=CARTESIAN_POINT('Ctrl Pts',(-0.604706828304066,3.,12.7696400167094));
#7440=CARTESIAN_POINT('Ctrl Pts',(-0.604706828304066,2.5,12.7696400167094));
#7441=CARTESIAN_POINT('Ctrl Pts',(-0.413238234807557,3.,12.8438158095828));
#7442=CARTESIAN_POINT('Ctrl Pts',(-0.413238234807557,2.5,12.8438158095828));
#7443=CARTESIAN_POINT('Ctrl Pts',(-0.2662411045646,3.,12.9659694992605));
#7444=CARTESIAN_POINT('Ctrl Pts',(-0.2662411045646,2.5,12.9659694992605));
#7445=CARTESIAN_POINT('Ctrl Pts',(-0.187690749642234,3.,13.100506394842));
#7446=CARTESIAN_POINT('Ctrl Pts',(-0.187690749642234,2.5,13.100506394842));
#7447=CARTESIAN_POINT('Ctrl Pts',(-0.150322703041289,3.,13.2210425712461));
#7448=CARTESIAN_POINT('Ctrl Pts',(-0.150322703041289,2.5,13.2210425712461));
#7449=CARTESIAN_POINT('Ctrl Pts',(-0.134861901602284,3.,13.3099915668015));
#7450=CARTESIAN_POINT('Ctrl Pts',(-0.134861901602284,2.5,13.3099915668015));
#7451=CARTESIAN_POINT('Ctrl Pts',(-0.129492500604168,3.,13.3566135527432));
#7452=CARTESIAN_POINT('Ctrl Pts',(-0.129492500604168,2.5,13.3566135527432));
#7453=CARTESIAN_POINT('',(-1.57563144458951,2.5,13.1068528794509));
#7454=CARTESIAN_POINT('',(-1.57563144458951,3.,13.1068528794509));
#7455=CARTESIAN_POINT('Ctrl Pts',(-1.57563144458951,2.5,13.1068528794509));
#7456=CARTESIAN_POINT('Ctrl Pts',(-1.5677483629711,2.5,13.0812646458092));
#7457=CARTESIAN_POINT('Ctrl Pts',(-1.54735657289537,2.5,13.0320682375195));
#7458=CARTESIAN_POINT('Ctrl Pts',(-1.50287729726823,2.5,12.9642098654586));
#7459=CARTESIAN_POINT('Ctrl Pts',(-1.41545874220432,2.5,12.8858339342416));
#7460=CARTESIAN_POINT('Ctrl Pts',(-1.25860555916517,2.5,12.8100110308258));
#7461=CARTESIAN_POINT('Ctrl Pts',(-1.05965777286906,2.5,12.7607281111828));
#7462=CARTESIAN_POINT('Ctrl Pts',(-0.830200052367278,2.5,12.7438732669836));
#7463=CARTESIAN_POINT('Ctrl Pts',(-0.604706828304066,2.5,12.7696400167094));
#7464=CARTESIAN_POINT('Ctrl Pts',(-0.413238234807557,2.5,12.8438158095828));
#7465=CARTESIAN_POINT('Ctrl Pts',(-0.2662411045646,2.5,12.9659694992605));
#7466=CARTESIAN_POINT('Ctrl Pts',(-0.187690749642234,2.5,13.100506394842));
#7467=CARTESIAN_POINT('Ctrl Pts',(-0.150322703041289,2.5,13.2210425712461));
#7468=CARTESIAN_POINT('Ctrl Pts',(-0.134861901602284,2.5,13.3099915668015));
#7469=CARTESIAN_POINT('Ctrl Pts',(-0.129492500604168,2.5,13.3566135527432));
#7470=CARTESIAN_POINT('Ctrl Pts',(-0.906576394155716,3.,25.5831340733755));
#7471=CARTESIAN_POINT('Ctrl Pts',(-0.906576394155716,2.5,25.5831340733755));
#7472=CARTESIAN_POINT('Ctrl Pts',(-1.24401492591597,3.,25.6081648318591));
#7473=CARTESIAN_POINT('Ctrl Pts',(-1.24401492591597,2.5,25.6081648318591));
#7474=CARTESIAN_POINT('Ctrl Pts',(-1.91190889250053,3.,25.657890645675));
#7475=CARTESIAN_POINT('Ctrl Pts',(-1.91190889250053,2.5,25.657890645675));
#7476=CARTESIAN_POINT('Ctrl Pts',(-2.89280069820479,3.,25.7314720966437));
#7477=CARTESIAN_POINT('Ctrl Pts',(-2.89280069820479,2.5,25.7314720966437));
#7478=CARTESIAN_POINT('Ctrl Pts',(-4.15868099688049,3.,25.8275639322565));
#7479=CARTESIAN_POINT('Ctrl Pts',(-4.15868099688049,2.5,25.8275639322565));
#7480=CARTESIAN_POINT('Ctrl Pts',(-5.67169798094764,3.,25.9425497397459));
#7481=CARTESIAN_POINT('Ctrl Pts',(-5.67169798094764,2.5,25.9425497397459));
#7482=CARTESIAN_POINT('Ctrl Pts',(-7.11801054018806,3.,26.0471569245983));
#7483=CARTESIAN_POINT('Ctrl Pts',(-7.11801054018806,2.5,26.0471569245983));
#7484=CARTESIAN_POINT('Ctrl Pts',(-8.50352220444702,3.,26.130840776959));
#7485=CARTESIAN_POINT('Ctrl Pts',(-8.50352220444702,2.5,26.130840776959));
#7486=CARTESIAN_POINT('Ctrl Pts',(-9.83856464310768,3.,26.1760904448907));
#7487=CARTESIAN_POINT('Ctrl Pts',(-9.83856464310768,2.5,26.1760904448907));
#7488=CARTESIAN_POINT('Ctrl Pts',(-11.1394698788578,3.,26.1562738971874));
#7489=CARTESIAN_POINT('Ctrl Pts',(-11.1394698788578,2.5,26.1562738971874));
#7490=CARTESIAN_POINT('Ctrl Pts',(-12.4239961997259,3.,26.0408680264943));
#7491=CARTESIAN_POINT('Ctrl Pts',(-12.4239961997259,2.5,26.0408680264943));
#7492=CARTESIAN_POINT('Ctrl Pts',(-13.7060450040645,3.,25.8016313776266));
#7493=CARTESIAN_POINT('Ctrl Pts',(-13.7060450040645,2.5,25.8016313776266));
#7494=CARTESIAN_POINT('Ctrl Pts',(-14.9910262674232,3.,25.4178069390335));
#7495=CARTESIAN_POINT('Ctrl Pts',(-14.9910262674232,2.5,25.4178069390335));
#7496=CARTESIAN_POINT('Ctrl Pts',(-16.2699250900591,3.,24.8833645925215));
#7497=CARTESIAN_POINT('Ctrl Pts',(-16.2699250900591,2.5,24.8833645925215));
#7498=CARTESIAN_POINT('Ctrl Pts',(-17.5175765144881,3.,24.2075303032896));
#7499=CARTESIAN_POINT('Ctrl Pts',(-17.5175765144881,2.5,24.2075303032896));
#7500=CARTESIAN_POINT('Ctrl Pts',(-18.6955970430104,3.,23.4081689870431));
#7501=CARTESIAN_POINT('Ctrl Pts',(-18.6955970430104,2.5,23.4081689870431));
#7502=CARTESIAN_POINT('Ctrl Pts',(-19.7538426570085,3.,22.5069651292253));
#7503=CARTESIAN_POINT('Ctrl Pts',(-19.7538426570085,2.5,22.5069651292253));
#7504=CARTESIAN_POINT('Ctrl Pts',(-20.6327282528672,3.,21.5243435580202));
#7505=CARTESIAN_POINT('Ctrl Pts',(-20.6327282528672,2.5,21.5243435580202));
#7506=CARTESIAN_POINT('Ctrl Pts',(-21.2642273390715,3.,20.4734665524838));
#7507=CARTESIAN_POINT('Ctrl Pts',(-21.2642273390715,2.5,20.4734665524838));
#7508=CARTESIAN_POINT('Ctrl Pts',(-21.5820413238677,3.,19.3646004198247));
#7509=CARTESIAN_POINT('Ctrl Pts',(-21.5820413238677,2.5,19.3646004198247));
#7510=CARTESIAN_POINT('Ctrl Pts',(-21.5338462738557,3.,18.2117104285612));
#7511=CARTESIAN_POINT('Ctrl Pts',(-21.5338462738557,2.5,18.2117104285612));
#7512=CARTESIAN_POINT('Ctrl Pts',(-21.0922340381085,3.,17.0378837957915));
#7513=CARTESIAN_POINT('Ctrl Pts',(-21.0922340381085,2.5,17.0378837957915));
#7514=CARTESIAN_POINT('Ctrl Pts',(-20.2683077464646,3.,15.88238598756));
#7515=CARTESIAN_POINT('Ctrl Pts',(-20.2683077464646,2.5,15.88238598756));
#7516=CARTESIAN_POINT('Ctrl Pts',(-19.1025626202897,3.,14.7945850724585));
#7517=CARTESIAN_POINT('Ctrl Pts',(-19.1025626202897,2.5,14.7945850724585));
#7518=CARTESIAN_POINT('Ctrl Pts',(-17.653214573397,3.,13.8264278282424));
#7519=CARTESIAN_POINT('Ctrl Pts',(-17.653214573397,2.5,13.8264278282424));
#7520=CARTESIAN_POINT('Ctrl Pts',(-15.9853668905198,3.,13.0251774380737));
#7521=CARTESIAN_POINT('Ctrl Pts',(-15.9853668905198,2.5,13.0251774380737));
#7522=CARTESIAN_POINT('Ctrl Pts',(-14.1606227129229,3.,12.426609997157));
#7523=CARTESIAN_POINT('Ctrl Pts',(-14.1606227129229,2.5,12.426609997157));
#7524=CARTESIAN_POINT('Ctrl Pts',(-12.2248644356301,3.,12.0463298622504));
#7525=CARTESIAN_POINT('Ctrl Pts',(-12.2248644356301,2.5,12.0463298622504));
#7526=CARTESIAN_POINT('Ctrl Pts',(-10.2084583450436,3.,11.8826206660506));
#7527=CARTESIAN_POINT('Ctrl Pts',(-10.2084583450436,2.5,11.8826206660506));
#7528=CARTESIAN_POINT('Ctrl Pts',(-8.13004000856908,3.,11.9225581754446));
#7529=CARTESIAN_POINT('Ctrl Pts',(-8.13004000856908,2.5,11.9225581754446));
#7530=CARTESIAN_POINT('Ctrl Pts',(-5.99901954151218,3.,12.146888212758));
#7531=CARTESIAN_POINT('Ctrl Pts',(-5.99901954151218,2.5,12.146888212758));
#7532=CARTESIAN_POINT('Ctrl Pts',(-4.25465372000308,3.,12.4576316808804));
#7533=CARTESIAN_POINT('Ctrl Pts',(-4.25465372000308,2.5,12.4576316808804));
#7534=CARTESIAN_POINT('Ctrl Pts',(-2.92397623533809,3.,12.757206626386));
#7535=CARTESIAN_POINT('Ctrl Pts',(-2.92397623533809,2.5,12.757206626386));
#7536=CARTESIAN_POINT('Ctrl Pts',(-2.0267623311002,3.,12.9855354566067));
#7537=CARTESIAN_POINT('Ctrl Pts',(-2.0267623311002,2.5,12.9855354566067));
#7538=CARTESIAN_POINT('Ctrl Pts',(-1.57563144458951,3.,13.1068528794509));
#7539=CARTESIAN_POINT('Ctrl Pts',(-1.57563144458951,2.5,13.1068528794509));
#7540=CARTESIAN_POINT('',(-0.906576394155716,2.5,25.5831340733755));
#7541=CARTESIAN_POINT('',(-0.906576394155716,3.,25.5831340733755));
#7542=CARTESIAN_POINT('Ctrl Pts',(-0.906576394155716,2.5,25.5831340733755));
#7543=CARTESIAN_POINT('Ctrl Pts',(-1.24401492591597,2.5,25.6081648318591));
#7544=CARTESIAN_POINT('Ctrl Pts',(-1.91190889250053,2.5,25.657890645675));
#7545=CARTESIAN_POINT('Ctrl Pts',(-2.89280069820479,2.5,25.7314720966437));
#7546=CARTESIAN_POINT('Ctrl Pts',(-4.15868099688049,2.5,25.8275639322565));
#7547=CARTESIAN_POINT('Ctrl Pts',(-5.67169798094764,2.5,25.9425497397459));
#7548=CARTESIAN_POINT('Ctrl Pts',(-7.11801054018806,2.5,26.0471569245983));
#7549=CARTESIAN_POINT('Ctrl Pts',(-8.50352220444702,2.5,26.130840776959));
#7550=CARTESIAN_POINT('Ctrl Pts',(-9.83856464310768,2.5,26.1760904448907));
#7551=CARTESIAN_POINT('Ctrl Pts',(-11.1394698788578,2.5,26.1562738971874));
#7552=CARTESIAN_POINT('Ctrl Pts',(-12.4239961997259,2.5,26.0408680264943));
#7553=CARTESIAN_POINT('Ctrl Pts',(-13.7060450040645,2.5,25.8016313776266));
#7554=CARTESIAN_POINT('Ctrl Pts',(-14.9910262674232,2.5,25.4178069390335));
#7555=CARTESIAN_POINT('Ctrl Pts',(-16.2699250900591,2.5,24.8833645925215));
#7556=CARTESIAN_POINT('Ctrl Pts',(-17.5175765144881,2.5,24.2075303032896));
#7557=CARTESIAN_POINT('Ctrl Pts',(-18.6955970430104,2.5,23.4081689870431));
#7558=CARTESIAN_POINT('Ctrl Pts',(-19.7538426570085,2.5,22.5069651292253));
#7559=CARTESIAN_POINT('Ctrl Pts',(-20.6327282528672,2.5,21.5243435580202));
#7560=CARTESIAN_POINT('Ctrl Pts',(-21.2642273390715,2.5,20.4734665524838));
#7561=CARTESIAN_POINT('Ctrl Pts',(-21.5820413238677,2.5,19.3646004198247));
#7562=CARTESIAN_POINT('Ctrl Pts',(-21.5338462738557,2.5,18.2117104285612));
#7563=CARTESIAN_POINT('Ctrl Pts',(-21.0922340381085,2.5,17.0378837957915));
#7564=CARTESIAN_POINT('Ctrl Pts',(-20.2683077464646,2.5,15.88238598756));
#7565=CARTESIAN_POINT('Ctrl Pts',(-19.1025626202897,2.5,14.7945850724585));
#7566=CARTESIAN_POINT('Ctrl Pts',(-17.653214573397,2.5,13.8264278282424));
#7567=CARTESIAN_POINT('Ctrl Pts',(-15.9853668905198,2.5,13.0251774380737));
#7568=CARTESIAN_POINT('Ctrl Pts',(-14.1606227129229,2.5,12.426609997157));
#7569=CARTESIAN_POINT('Ctrl Pts',(-12.2248644356301,2.5,12.0463298622504));
#7570=CARTESIAN_POINT('Ctrl Pts',(-10.2084583450436,2.5,11.8826206660506));
#7571=CARTESIAN_POINT('Ctrl Pts',(-8.13004000856908,2.5,11.9225581754446));
#7572=CARTESIAN_POINT('Ctrl Pts',(-5.99901954151218,2.5,12.146888212758));
#7573=CARTESIAN_POINT('Ctrl Pts',(-4.25465372000308,2.5,12.4576316808804));
#7574=CARTESIAN_POINT('Ctrl Pts',(-2.92397623533809,2.5,12.757206626386));
#7575=CARTESIAN_POINT('Ctrl Pts',(-2.0267623311002,2.5,12.9855354566067));
#7576=CARTESIAN_POINT('Ctrl Pts',(-1.57563144458951,2.5,13.1068528794509));
#7577=CARTESIAN_POINT('Origin',(-0.906576394155716,3.,33.5256725191947));
#7578=CARTESIAN_POINT('',(-0.906576394155716,2.5,33.5256725191947));
#7579=CARTESIAN_POINT('',(-0.906576394155716,3.,33.5256725191947));
#7580=CARTESIAN_POINT('Ctrl Pts',(-0.906576394155716,2.5,33.5256725191947));
#7581=CARTESIAN_POINT('Ctrl Pts',(-0.906576394155562,2.5,33.2079709813596));
#7582=CARTESIAN_POINT('Ctrl Pts',(-0.906576394155295,2.5,32.5725679056901));
#7583=CARTESIAN_POINT('Ctrl Pts',(-0.906576394155025,2.5,31.6194632921879));
#7584=CARTESIAN_POINT('Ctrl Pts',(-0.906576394154901,2.5,30.3486571408551));
#7585=CARTESIAN_POINT('Ctrl Pts',(-0.906576394155016,2.5,28.760149451693));
#7586=CARTESIAN_POINT('Ctrl Pts',(-0.906576394155241,2.5,27.4893433003653));
#7587=CARTESIAN_POINT('Ctrl Pts',(-0.906576394155461,2.5,26.5362386868702));
#7588=CARTESIAN_POINT('Ctrl Pts',(-0.906576394155628,2.5,25.900835611207));
#7589=CARTESIAN_POINT('Ctrl Pts',(-0.906576394155716,2.5,25.5831340733755));
#7590=CARTESIAN_POINT('Ctrl Pts',(-20.5925753665187,3.,36.0064192730837));
#7591=CARTESIAN_POINT('Ctrl Pts',(-20.5925753665187,2.5,36.0064192730837));
#7592=CARTESIAN_POINT('Ctrl Pts',(-20.3170966806959,3.,36.0447918484462));
#7593=CARTESIAN_POINT('Ctrl Pts',(-20.3170966806959,2.5,36.0447918484462));
#7594=CARTESIAN_POINT('Ctrl Pts',(-19.7682513015848,3.,36.1184508683225));
#7595=CARTESIAN_POINT('Ctrl Pts',(-19.7682513015848,2.5,36.1184508683225));
#7596=CARTESIAN_POINT('Ctrl Pts',(-18.9513191990681,3.,36.2196810756007));
#7597=CARTESIAN_POINT('Ctrl Pts',(-18.9513191990681,2.5,36.2196810756007));
#7598=CARTESIAN_POINT('Ctrl Pts',(-17.8748405650842,3.,36.3360028722654));
#7599=CARTESIAN_POINT('Ctrl Pts',(-17.8748405650842,2.5,36.3360028722654));
#7600=CARTESIAN_POINT('Ctrl Pts',(-16.5506991402039,3.,36.4490138367141));
#7601=CARTESIAN_POINT('Ctrl Pts',(-16.5506991402039,2.5,36.4490138367141));
#7602=CARTESIAN_POINT('Ctrl Pts',(-15.2475828393575,3.,36.5271222183363));
#7603=CARTESIAN_POINT('Ctrl Pts',(-15.2475828393575,2.5,36.5271222183363));
#7604=CARTESIAN_POINT('Ctrl Pts',(-13.9638231374723,3.,36.5664321886806));
#7605=CARTESIAN_POINT('Ctrl Pts',(-13.9638231374723,2.5,36.5664321886806));
#7606=CARTESIAN_POINT('Ctrl Pts',(-12.6957864161568,3.,36.5615279115038));
#7607=CARTESIAN_POINT('Ctrl Pts',(-12.6957864161568,2.5,36.5615279115038));
#7608=CARTESIAN_POINT('Ctrl Pts',(-11.4371312932806,3.,36.5054375406624));
#7609=CARTESIAN_POINT('Ctrl Pts',(-11.4371312932806,2.5,36.5054375406624));
#7610=CARTESIAN_POINT('Ctrl Pts',(-10.1800127842752,3.,36.3904291640166));
#7611=CARTESIAN_POINT('Ctrl Pts',(-10.1800127842752,2.5,36.3904291640166));
#7612=CARTESIAN_POINT('Ctrl Pts',(-8.91620230993673,3.,36.2089453006809));
#7613=CARTESIAN_POINT('Ctrl Pts',(-8.91620230993673,2.5,36.2089453006809));
#7614=CARTESIAN_POINT('Ctrl Pts',(-7.6381374445004,3.,35.954573925666));
#7615=CARTESIAN_POINT('Ctrl Pts',(-7.6381374445004,2.5,35.954573925666));
#7616=CARTESIAN_POINT('Ctrl Pts',(-6.34018910123313,3.,35.6234962120436));
#7617=CARTESIAN_POINT('Ctrl Pts',(-6.34018910123313,2.5,35.6234962120436));
#7618=CARTESIAN_POINT('Ctrl Pts',(-5.01941804952924,3.,35.2152951171184));
#7619=CARTESIAN_POINT('Ctrl Pts',(-5.01941804952924,2.5,35.2152951171184));
#7620=CARTESIAN_POINT('Ctrl Pts',(-3.67457193631456,3.,34.7312635965452));
#7621=CARTESIAN_POINT('Ctrl Pts',(-3.67457193631456,2.5,34.7312635965452));
#7622=CARTESIAN_POINT('Ctrl Pts',(-2.57931079095651,3.,34.2849843459121));
#7623=CARTESIAN_POINT('Ctrl Pts',(-2.57931079095651,2.5,34.2849843459121));
#7624=CARTESIAN_POINT('Ctrl Pts',(-1.74709952083967,3.,33.9178473757943));
#7625=CARTESIAN_POINT('Ctrl Pts',(-1.74709952083967,2.5,33.9178473757943));
#7626=CARTESIAN_POINT('Ctrl Pts',(-1.18754239085908,3.,33.6587820616717));
#7627=CARTESIAN_POINT('Ctrl Pts',(-1.18754239085908,2.5,33.6587820616717));
#7628=CARTESIAN_POINT('Ctrl Pts',(-0.906576394155716,3.,33.5256725191947));
#7629=CARTESIAN_POINT('Ctrl Pts',(-0.906576394155716,2.5,33.5256725191947));
#7630=CARTESIAN_POINT('',(-20.5925753665187,2.5,36.0064192730837));
#7631=CARTESIAN_POINT('',(-20.5925753665187,3.,36.0064192730837));
#7632=CARTESIAN_POINT('Ctrl Pts',(-20.5925753665187,2.5,36.0064192730837));
#7633=CARTESIAN_POINT('Ctrl Pts',(-20.3170966806959,2.5,36.0447918484462));
#7634=CARTESIAN_POINT('Ctrl Pts',(-19.7682513015848,2.5,36.1184508683225));
#7635=CARTESIAN_POINT('Ctrl Pts',(-18.9513191990681,2.5,36.2196810756007));
#7636=CARTESIAN_POINT('Ctrl Pts',(-17.8748405650842,2.5,36.3360028722654));
#7637=CARTESIAN_POINT('Ctrl Pts',(-16.5506991402039,2.5,36.4490138367141));
#7638=CARTESIAN_POINT('Ctrl Pts',(-15.2475828393575,2.5,36.5271222183363));
#7639=CARTESIAN_POINT('Ctrl Pts',(-13.9638231374723,2.5,36.5664321886806));
#7640=CARTESIAN_POINT('Ctrl Pts',(-12.6957864161568,2.5,36.5615279115038));
#7641=CARTESIAN_POINT('Ctrl Pts',(-11.4371312932806,2.5,36.5054375406624));
#7642=CARTESIAN_POINT('Ctrl Pts',(-10.1800127842752,2.5,36.3904291640166));
#7643=CARTESIAN_POINT('Ctrl Pts',(-8.91620230993673,2.5,36.2089453006809));
#7644=CARTESIAN_POINT('Ctrl Pts',(-7.6381374445004,2.5,35.954573925666));
#7645=CARTESIAN_POINT('Ctrl Pts',(-6.34018910123313,2.5,35.6234962120436));
#7646=CARTESIAN_POINT('Ctrl Pts',(-5.01941804952924,2.5,35.2152951171184));
#7647=CARTESIAN_POINT('Ctrl Pts',(-3.67457193631456,2.5,34.7312635965452));
#7648=CARTESIAN_POINT('Ctrl Pts',(-2.57931079095651,2.5,34.2849843459121));
#7649=CARTESIAN_POINT('Ctrl Pts',(-1.74709952083967,2.5,33.9178473757943));
#7650=CARTESIAN_POINT('Ctrl Pts',(-1.18754239085908,2.5,33.6587820616717));
#7651=CARTESIAN_POINT('Ctrl Pts',(-0.906576394155716,2.5,33.5256725191947));
#7652=CARTESIAN_POINT('Ctrl Pts',(-20.5925753665187,3.,37.4718334292211));
#7653=CARTESIAN_POINT('Ctrl Pts',(-20.5925753665187,2.5,37.4718334292211));
#7654=CARTESIAN_POINT('Ctrl Pts',(-20.631183387322,3.,37.46990693805));
#7655=CARTESIAN_POINT('Ctrl Pts',(-20.631183387322,2.5,37.46990693805));
#7656=CARTESIAN_POINT('Ctrl Pts',(-20.7050129726604,3.,37.46037910925));
#7657=CARTESIAN_POINT('Ctrl Pts',(-20.7050129726604,2.5,37.46037910925));
#7658=CARTESIAN_POINT('Ctrl Pts',(-20.8055982184203,3.,37.4290467722476));
#7659=CARTESIAN_POINT('Ctrl Pts',(-20.8055982184203,2.5,37.4290467722476));
#7660=CARTESIAN_POINT('Ctrl Pts',(-20.919057297225,3.,37.3527674661332));
#7661=CARTESIAN_POINT('Ctrl Pts',(-20.919057297225,2.5,37.3527674661332));
#7662=CARTESIAN_POINT('Ctrl Pts',(-21.0241334547002,3.,37.1988683637646));
#7663=CARTESIAN_POINT('Ctrl Pts',(-21.0241334547002,2.5,37.1988683637646));
#7664=CARTESIAN_POINT('Ctrl Pts',(-21.0892282387188,3.,36.9923512810412));
#7665=CARTESIAN_POINT('Ctrl Pts',(-21.0892282387188,2.5,36.9923512810412));
#7666=CARTESIAN_POINT('Ctrl Pts',(-21.1111577056055,3.,36.7463736594989));
#7667=CARTESIAN_POINT('Ctrl Pts',(-21.1111577056055,2.5,36.7463736594989));
#7668=CARTESIAN_POINT('Ctrl Pts',(-21.0883279070465,3.,36.5000588557194));
#7669=CARTESIAN_POINT('Ctrl Pts',(-21.0883279070465,2.5,36.5000588557194));
#7670=CARTESIAN_POINT('Ctrl Pts',(-21.0226839163217,3.,36.2919740588034));
#7671=CARTESIAN_POINT('Ctrl Pts',(-21.0226839163217,2.5,36.2919740588034));
#7672=CARTESIAN_POINT('Ctrl Pts',(-20.9175284783309,3.,36.1352484602758));
#7673=CARTESIAN_POINT('Ctrl Pts',(-20.9175284783309,2.5,36.1352484602758));
#7674=CARTESIAN_POINT('Ctrl Pts',(-20.8044246962447,3.,36.0556753580639));
#7675=CARTESIAN_POINT('Ctrl Pts',(-20.8044246962447,2.5,36.0556753580639));
#7676=CARTESIAN_POINT('Ctrl Pts',(-20.704337332862,3.,36.0213207762958));
#7677=CARTESIAN_POINT('Ctrl Pts',(-20.704337332862,2.5,36.0213207762958));
#7678=CARTESIAN_POINT('Ctrl Pts',(-20.6309412583637,3.,36.0095352436116));
#7679=CARTESIAN_POINT('Ctrl Pts',(-20.6309412583637,2.5,36.0095352436116));
#7680=CARTESIAN_POINT('Ctrl Pts',(-20.5925753665187,3.,36.0064192730837));
#7681=CARTESIAN_POINT('Ctrl Pts',(-20.5925753665187,2.5,36.0064192730837));
#7682=CARTESIAN_POINT('',(-20.5925753665187,2.5,37.4718334292211));
#7683=CARTESIAN_POINT('',(-20.5925753665187,3.,37.4718334292211));
#7684=CARTESIAN_POINT('Ctrl Pts',(-20.5925753665187,2.5,37.4718334292211));
#7685=CARTESIAN_POINT('Ctrl Pts',(-20.631183387322,2.5,37.46990693805));
#7686=CARTESIAN_POINT('Ctrl Pts',(-20.7050129726604,2.5,37.46037910925));
#7687=CARTESIAN_POINT('Ctrl Pts',(-20.8055982184203,2.5,37.4290467722476));
#7688=CARTESIAN_POINT('Ctrl Pts',(-20.919057297225,2.5,37.3527674661332));
#7689=CARTESIAN_POINT('Ctrl Pts',(-21.0241334547002,2.5,37.1988683637646));
#7690=CARTESIAN_POINT('Ctrl Pts',(-21.0892282387188,2.5,36.9923512810412));
#7691=CARTESIAN_POINT('Ctrl Pts',(-21.1111577056055,2.5,36.7463736594989));
#7692=CARTESIAN_POINT('Ctrl Pts',(-21.0883279070465,2.5,36.5000588557194));
#7693=CARTESIAN_POINT('Ctrl Pts',(-21.0226839163217,2.5,36.2919740588034));
#7694=CARTESIAN_POINT('Ctrl Pts',(-20.9175284783309,2.5,36.1352484602758));
#7695=CARTESIAN_POINT('Ctrl Pts',(-20.8044246962447,2.5,36.0556753580639));
#7696=CARTESIAN_POINT('Ctrl Pts',(-20.704337332862,2.5,36.0213207762958));
#7697=CARTESIAN_POINT('Ctrl Pts',(-20.6309412583637,2.5,36.0095352436116));
#7698=CARTESIAN_POINT('Ctrl Pts',(-20.5925753665187,2.5,36.0064192730837));
#7699=CARTESIAN_POINT('Ctrl Pts',(-0.843080769622769,3.,35.4133298698574));
#7700=CARTESIAN_POINT('Ctrl Pts',(-0.843080769622769,2.5,35.4133298698574));
#7701=CARTESIAN_POINT('Ctrl Pts',(-1.20162020715539,3.,35.5755684839388));
#7702=CARTESIAN_POINT('Ctrl Pts',(-1.20162020715539,2.5,35.5755684839388));
#7703=CARTESIAN_POINT('Ctrl Pts',(-1.92191883411642,3.,35.8893514511716));
#7704=CARTESIAN_POINT('Ctrl Pts',(-1.92191883411642,2.5,35.8893514511716));
#7705=CARTESIAN_POINT('Ctrl Pts',(-3.01202592831559,3.,36.3279434577863));
#7706=CARTESIAN_POINT('Ctrl Pts',(-3.01202592831559,2.5,36.3279434577863));
#7707=CARTESIAN_POINT('Ctrl Pts',(-4.48513906215986,3.,36.8475093613455));
#7708=CARTESIAN_POINT('Ctrl Pts',(-4.48513906215986,2.5,36.8475093613455));
#7709=CARTESIAN_POINT('Ctrl Pts',(-6.36144795361707,3.,37.3809899227937));
#7710=CARTESIAN_POINT('Ctrl Pts',(-6.36144795361707,2.5,37.3809899227937));
#7711=CARTESIAN_POINT('Ctrl Pts',(-8.27566824119503,3.,37.7885494892335));
#7712=CARTESIAN_POINT('Ctrl Pts',(-8.27566824119503,2.5,37.7885494892335));
#7713=CARTESIAN_POINT('Ctrl Pts',(-10.230697670886,3.,38.0605633278314));
#7714=CARTESIAN_POINT('Ctrl Pts',(-10.230697670886,2.5,38.0605633278314));
#7715=CARTESIAN_POINT('Ctrl Pts',(-12.2277532914821,3.,38.192989065819));
#7716=CARTESIAN_POINT('Ctrl Pts',(-12.2277532914821,2.5,38.192989065819));
#7717=CARTESIAN_POINT('Ctrl Pts',(-14.2647663699491,3.,38.192697906803));
#7718=CARTESIAN_POINT('Ctrl Pts',(-14.2647663699491,2.5,38.192697906803));
#7719=CARTESIAN_POINT('Ctrl Pts',(-16.3385491750898,3.,38.0702777563969));
#7720=CARTESIAN_POINT('Ctrl Pts',(-16.3385491750898,2.5,38.0702777563969));
#7721=CARTESIAN_POINT('Ctrl Pts',(-18.0244923350208,3.,37.8829383122525));
#7722=CARTESIAN_POINT('Ctrl Pts',(-18.0244923350208,2.5,37.8829383122525));
#7723=CARTESIAN_POINT('Ctrl Pts',(-19.3031152506889,3.,37.6953835069073));
#7724=CARTESIAN_POINT('Ctrl Pts',(-19.3031152506889,2.5,37.6953835069073));
#7725=CARTESIAN_POINT('Ctrl Pts',(-20.1617231715308,3.,37.5497783827148));
#7726=CARTESIAN_POINT('Ctrl Pts',(-20.1617231715308,2.5,37.5497783827148));
#7727=CARTESIAN_POINT('Ctrl Pts',(-20.5925753665187,3.,37.4718334292211));
#7728=CARTESIAN_POINT('Ctrl Pts',(-20.5925753665187,2.5,37.4718334292211));
#7729=CARTESIAN_POINT('Ctrl Pts',(-0.843080769622769,2.5,35.4133298698574));
#7730=CARTESIAN_POINT('Ctrl Pts',(-1.20162020715539,2.5,35.5755684839388));
#7731=CARTESIAN_POINT('Ctrl Pts',(-1.92191883411642,2.5,35.8893514511716));
#7732=CARTESIAN_POINT('Ctrl Pts',(-3.01202592831559,2.5,36.3279434577863));
#7733=CARTESIAN_POINT('Ctrl Pts',(-4.48513906215986,2.5,36.8475093613455));
#7734=CARTESIAN_POINT('Ctrl Pts',(-6.36144795361707,2.5,37.3809899227937));
#7735=CARTESIAN_POINT('Ctrl Pts',(-8.27566824119503,2.5,37.7885494892335));
#7736=CARTESIAN_POINT('Ctrl Pts',(-10.230697670886,2.5,38.0605633278314));
#7737=CARTESIAN_POINT('Ctrl Pts',(-12.2277532914821,2.5,38.192989065819));
#7738=CARTESIAN_POINT('Ctrl Pts',(-14.2647663699491,2.5,38.192697906803));
#7739=CARTESIAN_POINT('Ctrl Pts',(-16.3385491750898,2.5,38.0702777563969));
#7740=CARTESIAN_POINT('Ctrl Pts',(-18.0244923350208,2.5,37.8829383122525));
#7741=CARTESIAN_POINT('Ctrl Pts',(-19.3031152506889,2.5,37.6953835069073));
#7742=CARTESIAN_POINT('Ctrl Pts',(-20.1617231715308,2.5,37.5497783827148));
#7743=CARTESIAN_POINT('Ctrl Pts',(-20.5925753665187,2.5,37.4718334292211));
#7744=CARTESIAN_POINT('Origin',(-10.3692431981486,2.5,25.8867761707268));
#7745=CARTESIAN_POINT('Ctrl Pts',(41.3078923333258,0.,-10.8924205275992));
#7746=CARTESIAN_POINT('Ctrl Pts',(41.1753396056321,0.,-10.9467427763994));
#7747=CARTESIAN_POINT('Ctrl Pts',(40.894493155587,0.,-11.0111561636795));
#7748=CARTESIAN_POINT('Ctrl Pts',(40.3220433317793,0.,-11.0508014729161));
#7749=CARTESIAN_POINT('Ctrl Pts',(39.3206987980961,0.,-10.9861137872042));
#7750=CARTESIAN_POINT('Ctrl Pts',(37.3454885859267,0.,-10.6168057139271));
#7751=CARTESIAN_POINT('Ctrl Pts',(34.5900459332859,0.,-9.82557493796988));
#7752=CARTESIAN_POINT('Ctrl Pts',(31.3473290852462,0.,-8.68887706195231));
#7753=CARTESIAN_POINT('Ctrl Pts',(28.7058539753291,0.,-7.5851746444681));
#7754=CARTESIAN_POINT('Ctrl Pts',(26.9308609866665,0.,-6.64173750808098));
#7755=CARTESIAN_POINT('Ctrl Pts',(26.1016620958814,0.,-6.07569257452117));
#7756=CARTESIAN_POINT('Ctrl Pts',(25.7200767319922,0.,-5.75086062207089));
#7757=CARTESIAN_POINT('Ctrl Pts',(25.5188034455112,0.,-5.54776721519124));
#7758=CARTESIAN_POINT('Ctrl Pts',(25.425824983438,0.,-5.43889894736206));
#7759=CARTESIAN_POINT('Ctrl Pts',(25.3391639503647,0.,-5.32643363676481));
#7760=CARTESIAN_POINT('Ctrl Pts',(25.2962225895948,0.,-5.27070386993541));
#7761=CARTESIAN_POINT('Ctrl Pts',(25.2532808887848,0.,-5.21497452532453));
#7762=CARTESIAN_POINT('Ctrl Pts',(41.3192381994146,0.,-10.9201057860583));
#7763=CARTESIAN_POINT('Ctrl Pts',(41.1834580237243,9.73560703830436E-18,
-10.9756809458892));
#7764=CARTESIAN_POINT('Ctrl Pts',(40.8984312284847,-1.39584045777086E-17,
-11.0409282183016));
#7765=CARTESIAN_POINT('Ctrl Pts',(40.3214439673974,2.41662872174301E-17,
-11.0808007232685));
#7766=CARTESIAN_POINT('Ctrl Pts',(39.3162936438951,-4.35133785144946E-17,
-11.0157703901358));
#7767=CARTESIAN_POINT('Ctrl Pts',(37.3380294627975,8.79721948842364E-17,
-10.64581631014));
#7768=CARTESIAN_POINT('Ctrl Pts',(34.580932386174,-1.49330165604064E-16,
-9.85408919780831));
#7769=CARTESIAN_POINT('Ctrl Pts',(31.3366395039337,-1.52347604015818E-16,
-8.71683437963713));
#7770=CARTESIAN_POINT('Ctrl Pts',(28.6935396423459,9.01419631263827E-17,
-7.61248567691336));
#7771=CARTESIAN_POINT('Ctrl Pts',(26.9158395984409,-3.71976364821161E-17,
-6.66767256632689));
#7772=CARTESIAN_POINT('Ctrl Pts',(26.0838597910825,1.83022608787216E-17,
-6.09981632053815));
#7773=CARTESIAN_POINT('Ctrl Pts',(25.6999011380825,-9.23963797565445E-18,
-5.77299889525791));
#7774=CARTESIAN_POINT('Ctrl Pts',(25.4968875267985,5.44949634549347E-18,
-5.56818623723606));
#7775=CARTESIAN_POINT('Ctrl Pts',(25.4026361609913,-3.37360309264129E-18,
-5.45782299989757));
#7776=CARTESIAN_POINT('Ctrl Pts',(25.3151666488425,2.04792730172921E-18,
-5.34431108327871));
#7777=CARTESIAN_POINT('Ctrl Pts',(25.2727126160525,-1.3369291489644E-18,
-5.289212183938));
#7778=CARTESIAN_POINT('Ctrl Pts',(25.2295806403621,0.,-5.23323651968309));
#7779=CARTESIAN_POINT('Ctrl Pts',(41.3388784682054,0.0251188760271496,-10.9680303705217));
#7780=CARTESIAN_POINT('Ctrl Pts',(41.1974381027587,0.0251188760271496,-11.0259703851546));
#7781=CARTESIAN_POINT('Ctrl Pts',(40.9052346249092,0.0251188760271495,-11.092516523215));
#7782=CARTESIAN_POINT('Ctrl Pts',(40.3203518760087,0.0251188760271496,-11.1328781148764));
#7783=CARTESIAN_POINT('Ctrl Pts',(39.3086451470866,0.0251188760271495,-11.0671631384145));
#7784=CARTESIAN_POINT('Ctrl Pts',(37.3250435811893,0.0251188760271497,-10.6960929854946));
#7785=CARTESIAN_POINT('Ctrl Pts',(34.5651672434743,0.0251188760271493,-9.90344195305519));
#7786=CARTESIAN_POINT('Ctrl Pts',(31.317870775999,0.0251188760271493,-8.76492148318868));
#7787=CARTESIAN_POINT('Ctrl Pts',(28.6718591939389,0.0251188760271497,-7.65928979349335));
#7788=CARTESIAN_POINT('Ctrl Pts',(26.8889783492554,0.0251188760271495,-6.71145658801328));
#7789=CARTESIAN_POINT('Ctrl Pts',(26.0521770162683,0.0251188760271496,-6.1404594504215));
#7790=CARTESIAN_POINT('Ctrl Pts',(25.6638916928682,0.0251188760271495,-5.80991463533751));
#7791=CARTESIAN_POINT('Ctrl Pts',(25.4580634883268,0.0251188760271496,-5.60238556919012));
#7792=CARTESIAN_POINT('Ctrl Pts',(25.3613450659404,0.0251188760271494,-5.48909241619495));
#7793=CARTESIAN_POINT('Ctrl Pts',(25.2743201255631,0.0251188760271497,-5.37615640532915));
#7794=CARTESIAN_POINT('Ctrl Pts',(25.2315629328814,0.0251188760271495,-5.32066493498475));
#7795=CARTESIAN_POINT('Ctrl Pts',(25.1885543100854,0.0251188760271496,-5.264848956764));
#7796=CARTESIAN_POINT('Ctrl Pts',(41.3458130974312,0.0775600524743586,-10.9849516880246));
#7797=CARTESIAN_POINT('Ctrl Pts',(41.2023704355514,0.0775600524743587,-11.0437368077485));
#7798=CARTESIAN_POINT('Ctrl Pts',(40.9076360806993,0.0775600524743586,-11.1107340867519));
#7799=CARTESIAN_POINT('Ctrl Pts',(40.3199634617179,0.0775600524743587,-11.1512733110506));
#7800=CARTESIAN_POINT('Ctrl Pts',(39.3059434143483,0.0775600524743586,-11.0853118761346));
#7801=CARTESIAN_POINT('Ctrl Pts',(37.3204546902747,0.0775600524743588,-10.7138477711596));
#7802=CARTESIAN_POINT('Ctrl Pts',(34.5596014132915,0.0775600524743585,-9.92086717749467));
#7803=CARTESIAN_POINT('Ctrl Pts',(31.311230218654,0.0775600524743585,-8.78188426323652));
#7804=CARTESIAN_POINT('Ctrl Pts',(28.6641854399339,0.0775600524743587,-7.67579109646666));
#7805=CARTESIAN_POINT('Ctrl Pts',(26.8794498093944,0.0775600524743585,-6.72685860685305));
#7806=CARTESIAN_POINT('Ctrl Pts',(26.0409456883269,0.0775600524743587,-6.15475219659785));
#7807=CARTESIAN_POINT('Ctrl Pts',(25.6511214222717,0.0775600524743586,-5.8228763152453));
#7808=CARTESIAN_POINT('Ctrl Pts',(25.4443096548911,0.0775600524743586,-5.61440153870864));
#7809=CARTESIAN_POINT('Ctrl Pts',(25.3467065528481,0.0775600524743586,-5.50005622933731));
#7810=CARTESIAN_POINT('Ctrl Pts',(25.2599337684102,0.0775600524743586,-5.38744680195605));
#7811=CARTESIAN_POINT('Ctrl Pts',(25.2170103441262,0.0775600524743586,-5.33174009006592));
#7812=CARTESIAN_POINT('Ctrl Pts',(25.1740686433162,0.0775600524743586,-5.27601074545503));
#7813=CARTESIAN_POINT('Ctrl Pts',(41.3458130974312,0.1,-10.9849516880246));
#7814=CARTESIAN_POINT('Ctrl Pts',(41.2023704355514,0.1,-11.0437368077485));
#7815=CARTESIAN_POINT('Ctrl Pts',(40.9076360806993,0.1,-11.1107340867519));
#7816=CARTESIAN_POINT('Ctrl Pts',(40.3199634617179,0.1,-11.1512733110506));
#7817=CARTESIAN_POINT('Ctrl Pts',(39.3059434143483,0.1,-11.0853118761346));
#7818=CARTESIAN_POINT('Ctrl Pts',(37.3204546902747,0.1,-10.7138477711596));
#7819=CARTESIAN_POINT('Ctrl Pts',(34.5596014132915,0.1,-9.92086717749467));
#7820=CARTESIAN_POINT('Ctrl Pts',(31.311230218654,0.1,-8.78188426323652));
#7821=CARTESIAN_POINT('Ctrl Pts',(28.6641854399339,0.1,-7.67579109646666));
#7822=CARTESIAN_POINT('Ctrl Pts',(26.8794498093944,0.1,-6.72685860685305));
#7823=CARTESIAN_POINT('Ctrl Pts',(26.0409456883269,0.1,-6.15475219659785));
#7824=CARTESIAN_POINT('Ctrl Pts',(25.6511214222717,0.1,-5.8228763152453));
#7825=CARTESIAN_POINT('Ctrl Pts',(25.4443096548911,0.1,-5.61440153870864));
#7826=CARTESIAN_POINT('Ctrl Pts',(25.3467065528481,0.1,-5.50005622933731));
#7827=CARTESIAN_POINT('Ctrl Pts',(25.2599337684102,0.1,-5.38744680195605));
#7828=CARTESIAN_POINT('Ctrl Pts',(25.2170103441262,0.1,-5.33174009006592));
#7829=CARTESIAN_POINT('Ctrl Pts',(25.1740686433162,0.1,-5.27601074545503));
#7830=CARTESIAN_POINT('',(41.2376743079761,0.,-10.9188236887282));
#7831=CARTESIAN_POINT('',(25.2532808887901,0.,-5.21497452532572));
#7832=CARTESIAN_POINT('Ctrl Pts',(41.2377121212361,0.,-10.9189325531386));
#7833=CARTESIAN_POINT('Ctrl Pts',(41.1262183838581,0.,-10.9576590753478));
#7834=CARTESIAN_POINT('Ctrl Pts',(40.8694831126631,0.,-11.0128882471644));
#7835=CARTESIAN_POINT('Ctrl Pts',(40.3220433317793,0.,-11.0508014729161));
#7836=CARTESIAN_POINT('Ctrl Pts',(39.3206987980961,0.,-10.9861137872042));
#7837=CARTESIAN_POINT('Ctrl Pts',(37.3454885859267,0.,-10.6168057139271));
#7838=CARTESIAN_POINT('Ctrl Pts',(34.5900459332859,0.,-9.82557493796988));
#7839=CARTESIAN_POINT('Ctrl Pts',(31.3473290852462,0.,-8.68887706195231));
#7840=CARTESIAN_POINT('Ctrl Pts',(28.7058539753291,0.,-7.5851746444681));
#7841=CARTESIAN_POINT('Ctrl Pts',(26.9308609866665,0.,-6.64173750808098));
#7842=CARTESIAN_POINT('Ctrl Pts',(26.1016620958814,0.,-6.07569257452117));
#7843=CARTESIAN_POINT('Ctrl Pts',(25.7200767319922,0.,-5.75086062207089));
#7844=CARTESIAN_POINT('Ctrl Pts',(25.5188034455112,0.,-5.54776721519124));
#7845=CARTESIAN_POINT('Ctrl Pts',(25.425824983438,0.,-5.43889894736206));
#7846=CARTESIAN_POINT('Ctrl Pts',(25.3391639503647,0.,-5.32643363676481));
#7847=CARTESIAN_POINT('Ctrl Pts',(25.2962225895948,0.,-5.27070386993541));
#7848=CARTESIAN_POINT('Ctrl Pts',(25.2532808887848,0.,-5.21497452532453));
#7849=CARTESIAN_POINT('',(25.3028937457461,0.1,-5.44319877928773));
#7850=CARTESIAN_POINT('Ctrl Pts',(25.2532808887848,0.,-5.21497452532453));
#7851=CARTESIAN_POINT('Ctrl Pts',(25.2534028348976,-3.50378755527279E-34,
-5.21553091339444));
#7852=CARTESIAN_POINT('Ctrl Pts',(25.2535248257204,9.4680116549704E-7,-5.21608733809669));
#7853=CARTESIAN_POINT('Ctrl Pts',(25.2536468545294,2.83771340373419E-6,
-5.21664378406123));
#7854=CARTESIAN_POINT('Ctrl Pts',(25.256298820496,4.39315742911809E-5,-5.22873663141586));
#7855=CARTESIAN_POINT('Ctrl Pts',(25.2589472905756,0.000529488885203727,
-5.2407530480312));
#7856=CARTESIAN_POINT('Ctrl Pts',(25.261545618852,0.00142118286568269,-5.25257019233227));
#7857=CARTESIAN_POINT('Ctrl Pts',(25.2649445136681,0.00258761517343266,
-5.26802829701826));
#7858=CARTESIAN_POINT('Ctrl Pts',(25.2682584207711,0.00444814359824245,
-5.28314775803838));
#7859=CARTESIAN_POINT('Ctrl Pts',(25.2714339490241,0.00694880887703187,
-5.29771646155689));
#7860=CARTESIAN_POINT('Ctrl Pts',(25.2741810864818,0.00911212493319853,
-5.31031979176124));
#7861=CARTESIAN_POINT('Ctrl Pts',(25.2768260046181,0.0117552754409463,-5.3225133099901));
#7862=CARTESIAN_POINT('Ctrl Pts',(25.2793457114622,0.0148608344410849,-5.33415878558468));
#7863=CARTESIAN_POINT('Ctrl Pts',(25.282620566878,0.0188971201443026,-5.34929437523134));
#7864=CARTESIAN_POINT('Ctrl Pts',(25.2856298713433,0.0236506852931034,-5.36326571202241));
#7865=CARTESIAN_POINT('Ctrl Pts',(25.2883352642955,0.0290471166741725,-5.37580331481513));
#7866=CARTESIAN_POINT('Ctrl Pts',(25.2896892904361,0.0317479846386717,-5.38207827827584));
#7867=CARTESIAN_POINT('Ctrl Pts',(25.2909670993104,0.0346105409213348,-5.38799345313121));
#7868=CARTESIAN_POINT('Ctrl Pts',(25.2921652709147,0.037628854372272,-5.39351192818877));
#7869=CARTESIAN_POINT('Ctrl Pts',(25.2927992173366,0.0392258284664682,-5.39643172490626));
#7870=CARTESIAN_POINT('Ctrl Pts',(25.2934109060694,0.040866441908871,-5.39924044164392));
#7871=CARTESIAN_POINT('Ctrl Pts',(25.2939984275088,0.0425478907345927,-5.40193378193497));
#7872=CARTESIAN_POINT('Ctrl Pts',(25.2952896648716,0.0462433295763951,-5.40785312611807));
#7873=CARTESIAN_POINT('Ctrl Pts',(25.2965715742243,0.0504282794995713,-5.41369021340909));
#7874=CARTESIAN_POINT('Ctrl Pts',(25.2977398276995,0.0551214134834723,-5.41904457925992));
#7875=CARTESIAN_POINT('Ctrl Pts',(25.298520446659,0.0582573334231416,-5.42262232979793));
#7876=CARTESIAN_POINT('Ctrl Pts',(25.2992507488602,0.0616194898620769,-5.42598419950459));
#7877=CARTESIAN_POINT('Ctrl Pts',(25.2999054288413,0.0652023024268257,-5.42900669728098));
#7878=CARTESIAN_POINT('Ctrl Pts',(25.3007233834545,0.0696786544620133,-5.43278299420641));
#7879=CARTESIAN_POINT('Ctrl Pts',(25.3014363249251,0.074594140161889,-5.43610506729123));
#7880=CARTESIAN_POINT('Ctrl Pts',(25.3019623185493,0.0799196038060139,-5.43859307225825));
#7881=CARTESIAN_POINT('Ctrl Pts',(25.3020731121058,0.0810413418461573,-5.43911713739174));
#7882=CARTESIAN_POINT('Ctrl Pts',(25.3021756920401,0.0821811147312145,-5.43960414246149));
#7883=CARTESIAN_POINT('Ctrl Pts',(25.3022694228958,0.0833383882973863,-5.44005044852188));
#7884=CARTESIAN_POINT('Ctrl Pts',(25.302702639049,0.0886872096525896,-5.44211323769856));
#7885=CARTESIAN_POINT('Ctrl Pts',(25.302931603937,0.0942599562034555,-5.44324726599184));
#7886=CARTESIAN_POINT('Ctrl Pts',(25.302931603937,0.1,-5.44324726599184));
#7887=CARTESIAN_POINT('',(41.3458130974312,0.1,-10.9849516880246));
#7888=CARTESIAN_POINT('Ctrl Pts',(25.3028940570321,0.1,-5.44319853947513));
#7889=CARTESIAN_POINT('Ctrl Pts',(25.3029065726608,0.1,-5.44321478163943));
#7890=CARTESIAN_POINT('Ctrl Pts',(25.3029190882958,0.1,-5.44323102381166));
#7891=CARTESIAN_POINT('Ctrl Pts',(25.3467065528481,0.1,-5.50005622933731));
#7892=CARTESIAN_POINT('Ctrl Pts',(25.4443096548911,0.1,-5.61440153870864));
#7893=CARTESIAN_POINT('Ctrl Pts',(25.6511214222717,0.1,-5.8228763152453));
#7894=CARTESIAN_POINT('Ctrl Pts',(26.0409456883269,0.1,-6.15475219659785));
#7895=CARTESIAN_POINT('Ctrl Pts',(26.8794498093944,0.1,-6.72685860685305));
#7896=CARTESIAN_POINT('Ctrl Pts',(28.6641854399339,0.1,-7.67579109646666));
#7897=CARTESIAN_POINT('Ctrl Pts',(31.311230218654,0.1,-8.78188426323652));
#7898=CARTESIAN_POINT('Ctrl Pts',(34.5596014132915,0.1,-9.92086717749467));
#7899=CARTESIAN_POINT('Ctrl Pts',(37.3204546902747,0.1,-10.7138477711596));
#7900=CARTESIAN_POINT('Ctrl Pts',(39.3059434143483,0.1,-11.0853118761346));
#7901=CARTESIAN_POINT('Ctrl Pts',(40.3199634617179,0.1,-11.1512733110506));
#7902=CARTESIAN_POINT('Ctrl Pts',(40.9076360806993,0.1,-11.1107340867519));
#7903=CARTESIAN_POINT('Ctrl Pts',(41.2023704355514,0.1,-11.0437368077485));
#7904=CARTESIAN_POINT('Ctrl Pts',(41.3458130974312,0.1,-10.9849516880246));
#7905=CARTESIAN_POINT('Ctrl Pts',(41.2377660914441,0.,-10.9189138057886));
#7906=CARTESIAN_POINT('Ctrl Pts',(41.2380293054137,2.67835599857903E-20,
-10.9190794905402));
#7907=CARTESIAN_POINT('Ctrl Pts',(41.2382925288583,9.46851532446604E-7,
-10.9192451326101));
#7908=CARTESIAN_POINT('Ctrl Pts',(41.2385557567902,2.83815605453634E-6,
-10.9194107293543));
#7909=CARTESIAN_POINT('Ctrl Pts',(41.2470028093395,6.35306082946024E-5,
-10.9247247717891));
#7910=CARTESIAN_POINT('Ctrl Pts',(41.2554724937332,0.00109307967158261,
-10.9300031107624));
#7911=CARTESIAN_POINT('Ctrl Pts',(41.2637934172941,0.00304788249023088,
-10.9351559020398));
#7912=CARTESIAN_POINT('Ctrl Pts',(41.2652604047637,0.00339251625827028,
-10.9360643444959));
#7913=CARTESIAN_POINT('Ctrl Pts',(41.2667227086253,0.00376601893775265,
-10.9369688475253));
#7914=CARTESIAN_POINT('Ctrl Pts',(41.2681793060968,0.00416828637780881,
-10.9378688566948));
#7915=CARTESIAN_POINT('Ctrl Pts',(41.2755866918864,0.00621397860061769,
-10.94244576642));
#7916=CARTESIAN_POINT('Ctrl Pts',(41.2828707900795,0.00900744033825621,
-10.94692127071));
#7917=CARTESIAN_POINT('Ctrl Pts',(41.2898728920108,0.0125623620666902,-10.951209085341));
#7918=CARTESIAN_POINT('Ctrl Pts',(41.2917513568401,0.0135160464750838,-10.9523593840739));
#7919=CARTESIAN_POINT('Ctrl Pts',(41.2936093697566,0.0145246511908323,-10.9534959723244));
#7920=CARTESIAN_POINT('Ctrl Pts',(41.2954434946135,0.0155886782468571,-10.9546166775578));
#7921=CARTESIAN_POINT('Ctrl Pts',(41.3013404416212,0.0190096619057508,-10.9582198888374));
#7922=CARTESIAN_POINT('Ctrl Pts',(41.306992146921,0.0230010738124906,-10.9616589740409));
#7923=CARTESIAN_POINT('Ctrl Pts',(41.3122570805573,0.0275888012968175,-10.9648519147919));
#7924=CARTESIAN_POINT('Ctrl Pts',(41.3157862389584,0.0306640189750585,-10.9669921874816));
#7925=CARTESIAN_POINT('Ctrl Pts',(41.3191411802372,0.0340074415270375,-10.9690212454202));
#7926=CARTESIAN_POINT('Ctrl Pts',(41.3222726985682,0.037628854372272,-10.9709028984425));
#7927=CARTESIAN_POINT('Ctrl Pts',(41.3230796095439,0.0385619984460072,-10.9713877515763));
#7928=CARTESIAN_POINT('Ctrl Pts',(41.3238716549457,0.0395136070103308,-10.9718627585937));
#7929=CARTESIAN_POINT('Ctrl Pts',(41.3246480899987,0.0404834227765147,-10.9723275822356));
#7930=CARTESIAN_POINT('Ctrl Pts',(41.3290187811183,0.0459426883527818,-10.9749441572549));
#7931=CARTESIAN_POINT('Ctrl Pts',(41.3328597354824,0.0519362246811167,-10.9772207200839));
#7932=CARTESIAN_POINT('Ctrl Pts',(41.3360353398673,0.0583939629266144,-10.9791067969023));
#7933=CARTESIAN_POINT('Ctrl Pts',(41.3377744971706,0.0619306196604468,-10.9801397291808));
#7934=CARTESIAN_POINT('Ctrl Pts',(41.3393138192474,0.0656062756536228,-10.9810548693036));
#7935=CARTESIAN_POINT('Ctrl Pts',(41.3406290019952,0.0694063662312108,-10.9818381418084));
#7936=CARTESIAN_POINT('Ctrl Pts',(41.3430194058319,0.0763132018867291,-10.9832617748386));
#7937=CARTESIAN_POINT('Ctrl Pts',(41.3446207078428,0.0834936150406839,-10.9842246555875));
#7938=CARTESIAN_POINT('Ctrl Pts',(41.345354303426,0.0908236573631479,-10.9846710483584));
#7939=CARTESIAN_POINT('Ctrl Pts',(41.3456581886806,0.0938600602909434,-10.9848559624772));
#7940=CARTESIAN_POINT('Ctrl Pts',(41.3458130974312,0.0969220406066447,-10.9849516880246));
#7941=CARTESIAN_POINT('Ctrl Pts',(41.3458130974312,0.1,-10.9849516880246));
#7942=CARTESIAN_POINT('Ctrl Pts',(56.1601094994117,0.,50.5438158078991));
#7943=CARTESIAN_POINT('Ctrl Pts',(53.7224457042063,0.,45.5430154172138));
#7944=CARTESIAN_POINT('Ctrl Pts',(48.7161229631416,0.,38.7514293926554));
#7945=CARTESIAN_POINT('Ctrl Pts',(38.6883333440822,0.,29.1126214214787));
#7946=CARTESIAN_POINT('Ctrl Pts',(32.1200257263981,0.,23.94176875787));
#7947=CARTESIAN_POINT('Ctrl Pts',(27.6095320554262,0.,20.6235265776233));
#7948=CARTESIAN_POINT('Ctrl Pts',(27.5787402856692,0.,20.6009157724976));
#7949=CARTESIAN_POINT('Ctrl Pts',(27.5479639359884,0.,20.5782992299503));
#7950=CARTESIAN_POINT('Ctrl Pts',(56.1836424482781,0.,50.5323445607057));
#7951=CARTESIAN_POINT('Ctrl Pts',(53.7446111618079,4.38270340277337E-17,
45.5287215226544));
#7952=CARTESIAN_POINT('Ctrl Pts',(48.7357747520728,-7.19335125750087E-17,
38.7339679342703));
#7953=CARTESIAN_POINT('Ctrl Pts',(38.7051898477088,1.28106062232615E-16,
29.0925236154772));
#7954=CARTESIAN_POINT('Ctrl Pts',(32.136069158624,-2.51998844896753E-16,
23.9210828461372));
#7955=CARTESIAN_POINT('Ctrl Pts',(27.6250309356313,4.37168024400336E-16,
20.6024268416801));
#7956=CARTESIAN_POINT('Ctrl Pts',(27.5942463403672,-3.54039251445332E-16,
20.5798225123561));
#7957=CARTESIAN_POINT('Ctrl Pts',(27.5634668409672,6.88467282245216E-16,
20.5572030423388));
#7958=CARTESIAN_POINT('Ctrl Pts',(56.2305226150175,0.021666805706032,50.50949260177));
#7959=CARTESIAN_POINT('Ctrl Pts',(53.7886527129251,0.021666805706032,45.5000491571041));
#7960=CARTESIAN_POINT('Ctrl Pts',(48.7748350278072,0.021666805706032,38.6991608083074));
#7961=CARTESIAN_POINT('Ctrl Pts',(38.7390006082494,0.0216668057060322,29.0526321021965));
#7962=CARTESIAN_POINT('Ctrl Pts',(32.1673208295822,0.0216668057060318,23.8793440355944));
#7963=CARTESIAN_POINT('Ctrl Pts',(27.6559129118338,0.021666805706033,20.5603998902664));
#7964=CARTESIAN_POINT('Ctrl Pts',(27.625129260329,0.0216668057060319,20.5377961388746));
#7965=CARTESIAN_POINT('Ctrl Pts',(27.5943502960956,0.0216668057060333,20.5151771662618));
#7966=CARTESIAN_POINT('Ctrl Pts',(56.2499987427145,0.0738200612200851,50.4999988712371));
#7967=CARTESIAN_POINT('Ctrl Pts',(53.8069093550739,0.0738200612200852,45.4880680265397));
#7968=CARTESIAN_POINT('Ctrl Pts',(48.7910314363596,0.0738200612200851,38.6846926281455));
#7969=CARTESIAN_POINT('Ctrl Pts',(38.753128192862,0.073820061220085,29.0361104810726));
#7970=CARTESIAN_POINT('Ctrl Pts',(32.1800552608636,0.0738200612200853,23.8618175854723));
#7971=CARTESIAN_POINT('Ctrl Pts',(27.668744969405,0.0738200612200854,20.5429421116976));
#7972=CARTESIAN_POINT('Ctrl Pts',(27.6379570207014,0.0738200612200848,20.5203342715675));
#7973=CARTESIAN_POINT('Ctrl Pts',(27.6071806710205,0.0738200612200855,20.4977177290202));
#7974=CARTESIAN_POINT('Ctrl Pts',(56.2499987427145,0.1,50.4999988712371));
#7975=CARTESIAN_POINT('Ctrl Pts',(53.8069093550739,0.1,45.4880680265397));
#7976=CARTESIAN_POINT('Ctrl Pts',(48.7910314363596,0.1,38.6846926281455));
#7977=CARTESIAN_POINT('Ctrl Pts',(38.753128192862,0.0999999999999998,29.0361104810726));
#7978=CARTESIAN_POINT('Ctrl Pts',(32.1800552608636,0.1,23.8618175854723));
#7979=CARTESIAN_POINT('Ctrl Pts',(27.668744969405,0.1,20.5429421116976));
#7980=CARTESIAN_POINT('Ctrl Pts',(27.6379570207014,0.1,20.5203342715675));
#7981=CARTESIAN_POINT('Ctrl Pts',(27.6071806710205,0.1,20.4977177290202));
#7982=CARTESIAN_POINT('',(27.6995097200631,0.1,20.5655673566621));
#7983=CARTESIAN_POINT('',(56.2499987427145,0.1,50.499998871237));
#7984=CARTESIAN_POINT('Ctrl Pts',(27.6995060298949,0.1,20.5655723726664));
#7985=CARTESIAN_POINT('Ctrl Pts',(32.1800561823134,0.1,23.8618183108334));
#7986=CARTESIAN_POINT('Ctrl Pts',(38.7531286150126,0.0999999999999998,29.0361108868501));
#7987=CARTESIAN_POINT('Ctrl Pts',(48.7910314363596,0.1,38.6846926281455));
#7988=CARTESIAN_POINT('Ctrl Pts',(53.8069093550739,0.1,45.4880680265397));
#7989=CARTESIAN_POINT('Ctrl Pts',(56.2499987427145,0.1,50.4999988712371));
#7990=CARTESIAN_POINT('',(56.1144867919434,0.,50.4504957632847));
#7991=CARTESIAN_POINT('Ctrl Pts',(56.2499987427145,0.1,50.499998871237));
#7992=CARTESIAN_POINT('Ctrl Pts',(56.2499987427145,0.0927718909468623,50.499998871237));
#7993=CARTESIAN_POINT('Ctrl Pts',(56.2489039922015,0.0856810769289718,50.4996281037456));
#7994=CARTESIAN_POINT('Ctrl Pts',(56.2468668710615,0.0788304683285321,50.4989045227737));
#7995=CARTESIAN_POINT('Ctrl Pts',(56.2463162628587,0.07697883505262,50.4987089479447));
#7996=CARTESIAN_POINT('Ctrl Pts',(56.2456965639923,0.0751446259991345,50.49848772058));
#7997=CARTESIAN_POINT('Ctrl Pts',(56.245010263531,0.073329648568117,50.49824145394));
#7998=CARTESIAN_POINT('Ctrl Pts',(56.2425592654196,0.0668477845650195,50.4973619571252));
#7999=CARTESIAN_POINT('Ctrl Pts',(56.2393180800804,0.060758592883618,50.4961840798802));
#8000=CARTESIAN_POINT('Ctrl Pts',(56.2354863513031,0.0551106711252449,50.4947752193934));
#8001=CARTESIAN_POINT('Ctrl Pts',(56.2335287822312,0.052225238048744,50.4940554550583));
#8002=CARTESIAN_POINT('Ctrl Pts',(56.231416420042,0.0494544048743059,50.4932757259458));
#8003=CARTESIAN_POINT('Ctrl Pts',(56.22917214571,0.0468017228588702,50.4924468392078));
#8004=CARTESIAN_POINT('Ctrl Pts',(56.2242953060449,0.0410374075577992,50.4906456566767));
#8005=CARTESIAN_POINT('Ctrl Pts',(56.2188103224125,0.0358449663054795,50.4886191749757));
#8006=CARTESIAN_POINT('Ctrl Pts',(56.2129103149172,0.0312400057354431,50.486447469405));
#8007=CARTESIAN_POINT('Ctrl Pts',(56.2120613123376,0.0305773585429021,50.4861349641017));
#8008=CARTESIAN_POINT('Ctrl Pts',(56.2112036498547,0.0299268285740315,50.4858194835112));
#8009=CARTESIAN_POINT('Ctrl Pts',(56.2103378386041,0.0292884181580373,50.4855012971675));
#8010=CARTESIAN_POINT('Ctrl Pts',(56.2061679140241,0.0262137026425774,50.4839688464691));
#8011=CARTESIAN_POINT('Ctrl Pts',(56.2018099237763,0.0234200105543423,50.4823731760929));
#8012=CARTESIAN_POINT('Ctrl Pts',(56.1973320306952,0.02088764983702,50.4807389433542));
#8013=CARTESIAN_POINT('Ctrl Pts',(56.189864176993,0.0166643914841689,50.478013507354));
#8014=CARTESIAN_POINT('Ctrl Pts',(56.1819957242731,0.0131297792898494,50.4751508381524));
#8015=CARTESIAN_POINT('Ctrl Pts',(56.1739290902187,0.0102353142499105,50.4722075281774));
#8016=CARTESIAN_POINT('Ctrl Pts',(56.168921780059,0.00843859406848801,50.470380487823));
#8017=CARTESIAN_POINT('Ctrl Pts',(56.163837003872,0.00688871510568535,50.4685229034599));
#8018=CARTESIAN_POINT('Ctrl Pts',(56.1587145526287,0.00557641624271848,
50.4666524335188));
#8019=CARTESIAN_POINT('Ctrl Pts',(56.1486126401212,0.0029884505076469,50.4629637066195));
#8020=CARTESIAN_POINT('Ctrl Pts',(56.13825611999,0.00129474595675089,50.4591790155345));
#8021=CARTESIAN_POINT('Ctrl Pts',(56.1278611505389,0.000507637415529816,
50.4553809125631));
#8022=CARTESIAN_POINT('Ctrl Pts',(56.1237360993052,0.000195287958962752,
50.4538737056953));
#8023=CARTESIAN_POINT('Ctrl Pts',(56.1196046136571,2.61368854056703E-5,
50.4523645639246));
#8024=CARTESIAN_POINT('Ctrl Pts',(56.1154790685474,2.79820269785779E-6,
50.4508591671347));
#8025=CARTESIAN_POINT('Ctrl Pts',(56.1151494592948,9.3356528409087E-7,50.4507388938866));
#8026=CARTESIAN_POINT('Ctrl Pts',(56.1148198366019,7.46644721552124E-21,
50.4506186231792));
#8027=CARTESIAN_POINT('Ctrl Pts',(56.1144902066385,0.,50.4504983576012));
#8028=CARTESIAN_POINT('',(27.5479639359886,0.,20.5782992299505));
#8029=CARTESIAN_POINT('Ctrl Pts',(56.1144885194887,0.,50.4504949163237));
#8030=CARTESIAN_POINT('Ctrl Pts',(53.6808820956453,0.,45.4866711135186));
#8031=CARTESIAN_POINT('Ctrl Pts',(48.6911575321042,0.,38.7274323798711));
#8032=CARTESIAN_POINT('Ctrl Pts',(38.6883333440822,0.,29.1126214214787));
#8033=CARTESIAN_POINT('Ctrl Pts',(32.1200257263981,0.,23.94176875787));
#8034=CARTESIAN_POINT('Ctrl Pts',(27.6095320554262,0.,20.6235265776233));
#8035=CARTESIAN_POINT('Ctrl Pts',(27.5787402856692,0.,20.6009157724976));
#8036=CARTESIAN_POINT('Ctrl Pts',(27.5479639359884,0.,20.5782992299503));
#8037=CARTESIAN_POINT('Ctrl Pts',(27.5479639359884,0.,20.5782992299503));
#8038=CARTESIAN_POINT('Ctrl Pts',(27.5483324811677,6.39103501068131E-18,
20.5782684689299));
#8039=CARTESIAN_POINT('Ctrl Pts',(27.5487010239734,9.33552541978519E-7,
20.5782377137816));
#8040=CARTESIAN_POINT('Ctrl Pts',(27.5490695572363,2.79816213301926E-6,
20.5782069647094));
#8041=CARTESIAN_POINT('Ctrl Pts',(27.560544724016,6.08572525536124E-5,20.5772495186193));
#8042=CARTESIAN_POINT('Ctrl Pts',(27.5720833354586,0.00101848980346562,
20.5762936538294));
#8043=CARTESIAN_POINT('Ctrl Pts',(27.5834540500124,0.00285416263495497,
20.575343935778));
#8044=CARTESIAN_POINT('Ctrl Pts',(27.5890263576525,0.00375374846970448,
20.5748785190156));
#8045=CARTESIAN_POINT('Ctrl Pts',(27.5945581434774,0.00486483220249892,
20.5744149157197));
#8046=CARTESIAN_POINT('Ctrl Pts',(27.6000203386723,0.00618816825341756,
20.5739564390292));
#8047=CARTESIAN_POINT('Ctrl Pts',(27.6088460688537,0.00832639409633048,
20.5732156395118));
#8048=CARTESIAN_POINT('Ctrl Pts',(27.6175944228146,0.0110418633399439,20.5724815366251));
#8049=CARTESIAN_POINT('Ctrl Pts',(27.6260731481364,0.0143833849108028,20.5717623610185));
#8050=CARTESIAN_POINT('Ctrl Pts',(27.6325384535732,0.0169314044254075,20.5712139660908));
#8051=CARTESIAN_POINT('Ctrl Pts',(27.6388466335591,0.0198437266702039,20.5706747381944));
#8052=CARTESIAN_POINT('Ctrl Pts',(27.6449003984666,0.0231453326420818,20.5701647392461));
#8053=CARTESIAN_POINT('Ctrl Pts',(27.6483918826359,0.0250495203930003,20.569870599437));
#8054=CARTESIAN_POINT('Ctrl Pts',(27.6518194347373,0.0270942138508424,20.569585233498));
#8055=CARTESIAN_POINT('Ctrl Pts',(27.6551512505562,0.0292884181580378,20.5693110571638));
#8056=CARTESIAN_POINT('Ctrl Pts',(27.6616097540798,0.0335417373747649,20.5687795845624));
#8057=CARTESIAN_POINT('Ctrl Pts',(27.6677097357149,0.038359172588952,20.5682885163986));
#8058=CARTESIAN_POINT('Ctrl Pts',(27.6732306854966,0.0437410125875443,20.5678402121249));
#8059=CARTESIAN_POINT('Ctrl Pts',(27.6750068077644,0.0454723824136107,20.5676959899829));
#8060=CARTESIAN_POINT('Ctrl Pts',(27.6767228172009,0.0472619390394894,20.5675564462385));
#8061=CARTESIAN_POINT('Ctrl Pts',(27.6783708097212,0.0491089639432323,20.5674224231631));
#8062=CARTESIAN_POINT('Ctrl Pts',(27.6829169976251,0.0542042068962565,20.5670527042009));
#8063=CARTESIAN_POINT('Ctrl Pts',(27.6869455499161,0.0597408681535749,20.5667200671532));
#8064=CARTESIAN_POINT('Ctrl Pts',(27.6902432898706,0.0656918579423762,20.5664340463792));
#8065=CARTESIAN_POINT('Ctrl Pts',(27.6918489743007,0.0685894216614421,20.5662947815767));
#8066=CARTESIAN_POINT('Ctrl Pts',(27.6932810674557,0.0715847843534185,20.5661670224549));
#8067=CARTESIAN_POINT('Ctrl Pts',(27.6945128676603,0.0746718728485193,20.5660547235054));
#8068=CARTESIAN_POINT('Ctrl Pts',(27.6971528998099,0.0812882160223789,20.5658140409371));
#8069=CARTESIAN_POINT('Ctrl Pts',(27.6988079247191,0.0881672413616737,20.5656457742946));
#8070=CARTESIAN_POINT('Ctrl Pts',(27.6993280943022,0.0952168175104001,20.5655903919616));
#8071=CARTESIAN_POINT('Ctrl Pts',(27.6994451401566,0.0968030764734435,20.5655779301171));
#8072=CARTESIAN_POINT('Ctrl Pts',(27.6995046166321,0.0983978808303207,20.5655713329589));
#8073=CARTESIAN_POINT('Ctrl Pts',(27.6995046166321,0.1,20.5655713329589));
#8074=CARTESIAN_POINT('Ctrl Pts',(25.2532808887901,0.,-5.21497452532572));
#8075=CARTESIAN_POINT('Ctrl Pts',(24.7154363917265,0.,-7.56500489697426));
#8076=CARTESIAN_POINT('Ctrl Pts',(23.9280339795444,0.,-9.860754211656));
#8077=CARTESIAN_POINT('Ctrl Pts',(22.8746328193658,0.,-12.0294768246805));
#8078=CARTESIAN_POINT('Ctrl Pts',(25.2824467131041,0.,-5.22164962123037));
#8079=CARTESIAN_POINT('Ctrl Pts',(24.7440721240636,0.,-7.57399614978316));
#8080=CARTESIAN_POINT('Ctrl Pts',(23.9560042888507,0.,-9.8716500343639));
#8081=CARTESIAN_POINT('Ctrl Pts',(22.9015459351661,0.,-12.042549177612));
#8082=CARTESIAN_POINT('Ctrl Pts',(25.332941464932,0.025112692049308,-5.23320620565963));
#8083=CARTESIAN_POINT('Ctrl Pts',(24.7936563339236,0.025112692049308,-7.58953120994536));
#8084=CARTESIAN_POINT('Ctrl Pts',(24.0044148767311,0.025112692049308,-9.89054354295368));
#8085=CARTESIAN_POINT('Ctrl Pts',(22.9481405758191,0.025112692049308,-12.0651813244007));
#8086=CARTESIAN_POINT('Ctrl Pts',(25.3507604760774,0.0775600524743586,-5.23728439001132));
#8087=CARTESIAN_POINT('Ctrl Pts',(24.8111504866418,0.0775600524743586,-7.59502881417458));
#8088=CARTESIAN_POINT('Ctrl Pts',(24.02150546817,0.0775600524743586,-9.89719631266867));
#8089=CARTESIAN_POINT('Ctrl Pts',(22.964583283052,0.0775600524743586,-12.0731679460054));
#8090=CARTESIAN_POINT('Ctrl Pts',(25.3507604760774,0.1,-5.23728439001132));
#8091=CARTESIAN_POINT('Ctrl Pts',(24.8111519203708,0.1,-7.59502254971198));
#8092=CARTESIAN_POINT('Ctrl Pts',(24.0215026088002,0.1,-9.89720219948581));
#8093=CARTESIAN_POINT('Ctrl Pts',(22.964583283052,0.1,-12.0731679460054));
#8094=CARTESIAN_POINT('',(22.8746328193658,0.,-12.0294768246804));
#8095=CARTESIAN_POINT('Ctrl Pts',(25.2532808887901,0.,-5.21497452532572));
#8096=CARTESIAN_POINT('Ctrl Pts',(24.7154363917265,0.,-7.56500489697426));
#8097=CARTESIAN_POINT('Ctrl Pts',(23.9280339795444,0.,-9.860754211656));
#8098=CARTESIAN_POINT('Ctrl Pts',(22.8746328193658,0.,-12.0294768246805));
#8099=CARTESIAN_POINT('',(23.0000003427268,0.1,-12.0000001788136));
#8100=CARTESIAN_POINT('Ctrl Pts',(22.8746328193658,0.,-12.0294768246805));
#8101=CARTESIAN_POINT('Ctrl Pts',(22.874937696744,0.,-12.0294053591899));
#8102=CARTESIAN_POINT('Ctrl Pts',(22.8752425553752,9.46665799816174E-7,
-12.0293338828193));
#8103=CARTESIAN_POINT('Ctrl Pts',(22.8755473898682,2.83714984806496E-6,
-12.0292623973292));
#8104=CARTESIAN_POINT('Ctrl Pts',(22.8853819135095,6.3827656152834E-5,-12.0269561434144));
#8105=CARTESIAN_POINT('Ctrl Pts',(22.8952153557784,0.00110325784256251,
-12.0246345166828));
#8106=CARTESIAN_POINT('Ctrl Pts',(22.9048594089462,0.00306449320891112,
-12.022358362881));
#8107=CARTESIAN_POINT('Ctrl Pts',(22.9068400778787,0.00346728629724246,
-12.0218908927165));
#8108=CARTESIAN_POINT('Ctrl Pts',(22.908812685543,0.00390911693112494,-12.0214253080949));
#8109=CARTESIAN_POINT('Ctrl Pts',(22.9107754624811,0.00438972430795444,
-12.0209620735271));
#8110=CARTESIAN_POINT('Ctrl Pts',(22.9192882937709,0.00647418405286586,
-12.0189529620245));
#8111=CARTESIAN_POINT('Ctrl Pts',(22.9276521120349,0.00929415612949966,
-12.0169800385832));
#8112=CARTESIAN_POINT('Ctrl Pts',(22.935689827022,0.0128595642971604,-12.0150932670663));
#8113=CARTESIAN_POINT('Ctrl Pts',(22.9381931663212,0.0139700075510231,-12.0145056337283));
#8114=CARTESIAN_POINT('Ctrl Pts',(22.9406645723886,0.0151529097713116,-12.0139262159643));
#8115=CARTESIAN_POINT('Ctrl Pts',(22.9430977754811,0.0164089416580261,-12.0133560903333));
#8116=CARTESIAN_POINT('Ctrl Pts',(22.9497943526094,0.0198657490370566,-12.0117870103529));
#8117=CARTESIAN_POINT('Ctrl Pts',(22.956214769569,0.0238802080933125,-12.0102843876092));
#8118=CARTESIAN_POINT('Ctrl Pts',(22.9621922179956,0.0284796729016394,-12.0088879254291));
#8119=CARTESIAN_POINT('Ctrl Pts',(22.9658639262753,0.0313049407774173,-12.0080301343814));
#8120=CARTESIAN_POINT('Ctrl Pts',(22.9693677683635,0.0343511412270249,-12.0072120555299));
#8121=CARTESIAN_POINT('Ctrl Pts',(22.9726561413746,0.0376258254851659,-12.0064386347571));
#8122=CARTESIAN_POINT('Ctrl Pts',(22.9739632981798,0.0389275408922601,-12.0061311932889));
#8123=CARTESIAN_POINT('Ctrl Pts',(22.975236315001,0.0402653737219868,-12.0058307639559));
#8124=CARTESIAN_POINT('Ctrl Pts',(22.9764729265055,0.0416386224944586,-12.0055380094528));
#8125=CARTESIAN_POINT('Ctrl Pts',(22.9813686951523,0.047075340703651,-12.0043789887644));
#8126=CARTESIAN_POINT('Ctrl Pts',(22.9856646770154,0.0530341805620348,-12.0033515405842));
#8127=CARTESIAN_POINT('Ctrl Pts',(22.9892141392202,0.0594510463410095,-12.0025101172353));
#8128=CARTESIAN_POINT('Ctrl Pts',(22.9911221516966,0.0629004308561199,-12.0020578103349));
#8129=CARTESIAN_POINT('Ctrl Pts',(22.9928138122981,0.0664818838231619,-12.0016589497783));
#8130=CARTESIAN_POINT('Ctrl Pts',(22.9942613080885,0.0701822690551521,-12.0013195606937));
#8131=CARTESIAN_POINT('Ctrl Pts',(22.996992689671,0.0771647861289891,-12.000679143567));
#8132=CARTESIAN_POINT('Ctrl Pts',(22.9987992178095,0.0844260183768269,-12.0002674777018));
#8133=CARTESIAN_POINT('Ctrl Pts',(22.9995726604592,0.0918413201297569,-12.0000950282743));
#8134=CARTESIAN_POINT('Ctrl Pts',(22.9998544305216,0.0945427615863355,-12.0000322038542));
#8135=CARTESIAN_POINT('Ctrl Pts',(22.9999986787731,0.0972645377200811,-12.0000009239236));
#8136=CARTESIAN_POINT('Ctrl Pts',(22.9999986673863,0.1,-12.0000009472163));
#8137=CARTESIAN_POINT('Ctrl Pts',(22.9999992842824,0.1,-11.9999996682743));
#8138=CARTESIAN_POINT('Ctrl Pts',(24.0085431858998,0.1,-9.90909783878744));
#8139=CARTESIAN_POINT('Ctrl Pts',(24.7711209618528,0.1,-7.70268746069486));
#8140=CARTESIAN_POINT('Ctrl Pts',(25.3029599765067,0.1,-5.44321436880838));
#8141=CARTESIAN_POINT('Ctrl Pts',(22.8746328193658,0.,-12.0294768246804));
#8142=CARTESIAN_POINT('Ctrl Pts',(22.8960339398852,0.,-12.0460224415214));
#8143=CARTESIAN_POINT('Ctrl Pts',(22.9174362425451,0.,-12.0625646724571));
#8144=CARTESIAN_POINT('Ctrl Pts',(27.6807407947991,0.,-15.7465507112299));
#8145=CARTESIAN_POINT('Ctrl Pts',(34.4928776653599,0.,-21.62645001827));
#8146=CARTESIAN_POINT('Ctrl Pts',(45.3788159711999,0.,-31.9256535835192));
#8147=CARTESIAN_POINT('Ctrl Pts',(51.733671371988,0.,-38.2881301066067));
#8148=CARTESIAN_POINT('Ctrl Pts',(55.9285664697658,0.,-42.5699806875215));
#8149=CARTESIAN_POINT('Ctrl Pts',(22.8929330937832,0.,-12.0058061219131));
#8150=CARTESIAN_POINT('Ctrl Pts',(22.9143361773183,0.,-12.0223532544672));
#8151=CARTESIAN_POINT('Ctrl Pts',(22.9357335453879,0.,-12.0388916718007));
#8152=CARTESIAN_POINT('Ctrl Pts',(27.6998903531577,0.,-15.7235382653457));
#8153=CARTESIAN_POINT('Ctrl Pts',(34.5129741934619,0.,-21.604271820132));
#8154=CARTESIAN_POINT('Ctrl Pts',(45.3997963974457,0.,-31.9043153585195));
#8155=CARTESIAN_POINT('Ctrl Pts',(51.7548836717619,0.,-38.2670299946317));
#8156=CARTESIAN_POINT('Ctrl Pts',(55.9499389575258,0.,-42.5490422305536));
#8157=CARTESIAN_POINT('Ctrl Pts',(22.9246066893016,0.02512583391874,-11.9648375414435));
#8158=CARTESIAN_POINT('Ctrl Pts',(22.9460086704834,0.0251258339187401,-11.9813838228321));
#8159=CARTESIAN_POINT('Ctrl Pts',(22.9674033126476,0.02512583391874,-11.997920129244));
#8160=CARTESIAN_POINT('Ctrl Pts',(27.7328257555758,0.025125833918739,-15.6835451408258));
#8161=CARTESIAN_POINT('Ctrl Pts',(34.5478131954806,0.0251258339187404,-21.5659309826929));
#8162=CARTESIAN_POINT('Ctrl Pts',(45.4360639514331,0.0251258339187398,-31.8673482242968));
#8163=CARTESIAN_POINT('Ctrl Pts',(51.7916188410366,0.0251258339187401,-38.230528239981));
#8164=CARTESIAN_POINT('Ctrl Pts',(55.9869298526944,0.02512583391874,-42.5128025435601));
#8165=CARTESIAN_POINT('Ctrl Pts',(22.9357969811687,0.0775600524743586,-11.950363328291));
#8166=CARTESIAN_POINT('Ctrl Pts',(22.957198101688,0.0775600524743587,-11.966908945132));
#8167=CARTESIAN_POINT('Ctrl Pts',(22.9785923896738,0.0775600524743587,-11.9834449758734));
#8168=CARTESIAN_POINT('Ctrl Pts',(27.7444400522593,0.0775600524743569,-15.6693984006315));
#8169=CARTESIAN_POINT('Ctrl Pts',(34.5601277430274,0.0775600524743591,-21.5523898179143));
#8170=CARTESIAN_POINT('Ctrl Pts',(45.4488726020824,0.0775600524743584,-31.854284001898));
#8171=CARTESIAN_POINT('Ctrl Pts',(51.8045996423517,0.0775600524743586,-38.2176340134374));
#8172=CARTESIAN_POINT('Ctrl Pts',(55.9999987483025,0.0775600524743586,-42.499999050051));
#8173=CARTESIAN_POINT('Ctrl Pts',(22.9357969811687,0.1,-11.950363328291));
#8174=CARTESIAN_POINT('Ctrl Pts',(22.957198101688,0.1,-11.966908945132));
#8175=CARTESIAN_POINT('Ctrl Pts',(22.9785923896738,0.1,-11.9834449758734));
#8176=CARTESIAN_POINT('Ctrl Pts',(27.7444400522593,0.0999999999999983,-15.6693984006315));
#8177=CARTESIAN_POINT('Ctrl Pts',(34.5601277430274,0.1,-21.5523898179143));
#8178=CARTESIAN_POINT('Ctrl Pts',(45.4488726020824,0.0999999999999997,-31.854284001898));
#8179=CARTESIAN_POINT('Ctrl Pts',(51.8045996423517,0.1,-38.2176340134374));
#8180=CARTESIAN_POINT('Ctrl Pts',(55.9999987483025,0.1,-42.499999050051));
#8181=CARTESIAN_POINT('',(55.8523569334776,0.,-42.4922015978477));
#8182=CARTESIAN_POINT('Ctrl Pts',(22.8746328193658,0.,-12.0294768246804));
#8183=CARTESIAN_POINT('Ctrl Pts',(22.8960339398852,0.,-12.0460224415214));
#8184=CARTESIAN_POINT('Ctrl Pts',(22.9174362425451,0.,-12.0625646724571));
#8185=CARTESIAN_POINT('Ctrl Pts',(27.6807407947991,0.,-15.7465507112299));
#8186=CARTESIAN_POINT('Ctrl Pts',(34.4928776653599,0.,-21.62645001827));
#8187=CARTESIAN_POINT('Ctrl Pts',(45.3524487956765,0.,-31.900707556771));
#8188=CARTESIAN_POINT('Ctrl Pts',(51.6823608379879,0.,-38.2367639026148));
#8189=CARTESIAN_POINT('Ctrl Pts',(55.8523574664248,0.,-42.492201075601));
#8190=CARTESIAN_POINT('',(55.9999987483025,0.1,-42.499999050051));
#8191=CARTESIAN_POINT('Ctrl Pts',(55.8523574396856,0.,-42.4922010483139));
#8192=CARTESIAN_POINT('Ctrl Pts',(55.8527164211354,0.,-42.4922201498449));
#8193=CARTESIAN_POINT('Ctrl Pts',(55.8530753885788,9.47283092414696E-7,
-42.4922392656169));
#8194=CARTESIAN_POINT('Ctrl Pts',(55.8534343354116,2.83900133047458E-6,
-42.4922583947071));
#8195=CARTESIAN_POINT('Ctrl Pts',(55.8647769846602,6.26169252285074E-5,
-42.4928628701938));
#8196=CARTESIAN_POINT('Ctrl Pts',(55.8761638661468,0.00106214786783317,
-42.493485658522));
#8197=CARTESIAN_POINT('Ctrl Pts',(55.8873722445428,0.00296477033547275,
-42.4940939377413));
#8198=CARTESIAN_POINT('Ctrl Pts',(55.8921820397604,0.00378123317447229,
-42.4943549655526));
#8199=CARTESIAN_POINT('Ctrl Pts',(55.8969587273214,0.00476453406773926,
-42.4946135528449));
#8200=CARTESIAN_POINT('Ctrl Pts',(55.9016832258827,0.00591395810125796,
-42.4948685538056));
#8201=CARTESIAN_POINT('Ctrl Pts',(55.9105944864943,0.00808198016387651,
-42.4953495318369));
#8202=CARTESIAN_POINT('Ctrl Pts',(55.9194140032445,0.0108618034751452,-42.4958243625917));
#8203=CARTESIAN_POINT('Ctrl Pts',(55.9279502900728,0.0142925753198265,-42.4962704689595));
#8204=CARTESIAN_POINT('Ctrl Pts',(55.9336244202654,0.0165730336150177,-42.4965669990154));
#8205=CARTESIAN_POINT('Ctrl Pts',(55.9391728585915,0.0191413609706057,-42.4968513767369));
#8206=CARTESIAN_POINT('Ctrl Pts',(55.9445301781596,0.0220109733431518,-42.4971259675932));
#8207=CARTESIAN_POINT('Ctrl Pts',(55.9511990043581,0.0255830854649369,-42.4974677800748));
#8208=CARTESIAN_POINT('Ctrl Pts',(55.9576364931107,0.0296545558803585,-42.4977983577594));
#8209=CARTESIAN_POINT('Ctrl Pts',(55.9636331257261,0.0342756963069556,-42.4981078553418));
#8210=CARTESIAN_POINT('Ctrl Pts',(55.9650451846506,0.0353638607818437,-42.498180734381));
#8211=CARTESIAN_POINT('Ctrl Pts',(55.9664326385204,0.036482501166115,-42.498252601412));
#8212=CARTESIAN_POINT('Ctrl Pts',(55.9677924385452,0.0376322623191735,-42.4983236345316));
#8213=CARTESIAN_POINT('Ctrl Pts',(55.9715401987922,0.0408011320532784,-42.498519409717));
#8214=CARTESIAN_POINT('Ctrl Pts',(55.9750782182095,0.0442068744421626,-42.4987085351403));
#8215=CARTESIAN_POINT('Ctrl Pts',(55.9783507797549,0.0478436143906953,-42.498886790173));
#8216=CARTESIAN_POINT('Ctrl Pts',(55.9829839292408,0.0529923517294732,-42.499139155851));
#8217=CARTESIAN_POINT('Ctrl Pts',(55.987079667891,0.0586013172072422,-42.499365299943));
#8218=CARTESIAN_POINT('Ctrl Pts',(55.9904374110366,0.0646351397180757,-42.4995413675007));
#8219=CARTESIAN_POINT('Ctrl Pts',(55.9921059445577,0.0676334736235889,-42.4996288591906));
#8220=CARTESIAN_POINT('Ctrl Pts',(55.9935918444862,0.0707362654560544,-42.4997043771783));
#8221=CARTESIAN_POINT('Ctrl Pts',(55.9948678842818,0.0739358681061897,-42.49976755516));
#8222=CARTESIAN_POINT('Ctrl Pts',(55.9975467628245,0.0806530151057217,-42.4999001890639));
#8223=CARTESIAN_POINT('Ctrl Pts',(55.9992365802277,0.0876383587134334,-42.4999707892532));
#8224=CARTESIAN_POINT('Ctrl Pts',(55.9997949357292,0.0947855267065917,-42.4999916957527));
#8225=CARTESIAN_POINT('Ctrl Pts',(55.999930038882,0.0965148997077123,-42.4999967544187));
#8226=CARTESIAN_POINT('Ctrl Pts',(55.9999987483025,0.0982536402318998,-42.499999050051));
#8227=CARTESIAN_POINT('Ctrl Pts',(55.9999987483025,0.1,-42.499999050051));
#8228=CARTESIAN_POINT('Ctrl Pts',(55.9999987483025,0.1,-42.499999050051));
#8229=CARTESIAN_POINT('Ctrl Pts',(51.8045996423517,0.1,-38.2176340134374));
#8230=CARTESIAN_POINT('Ctrl Pts',(45.4488726020824,0.0999999999999997,-31.854284001898));
#8231=CARTESIAN_POINT('Ctrl Pts',(34.5601277430274,0.1,-21.5523898179143));
#8232=CARTESIAN_POINT('Ctrl Pts',(27.7444400522593,0.0999999999999983,-15.6693984006315));
#8233=CARTESIAN_POINT('Ctrl Pts',(23.00000195435,0.1,-12.0000033436242));
#8234=CARTESIAN_POINT('Ctrl Pts',(23.0000006843547,0.1,-12.0000023613973));
#8235=CARTESIAN_POINT('Ctrl Pts',(22.9999994143594,0.1,-12.0000013791706));
#8236=CARTESIAN_POINT('Ctrl Pts',(55.9362749608632,0.,-42.4229323327575));
#8237=CARTESIAN_POINT('Ctrl Pts',(52.0400517659292,0.,-45.6445837460974));
#8238=CARTESIAN_POINT('Ctrl Pts',(43.4948192188408,0.,-51.1790946624562));
#8239=CARTESIAN_POINT('Ctrl Pts',(31.3525526781194,0.,-55.1510876143129));
#8240=CARTESIAN_POINT('Ctrl Pts',(21.2267842392941,0.,-55.8750832340408));
#8241=CARTESIAN_POINT('Ctrl Pts',(11.1194939709533,0.,-54.8617895104834));
#8242=CARTESIAN_POINT('Ctrl Pts',(-0.936541526076337,0.,-50.7383955964649));
#8243=CARTESIAN_POINT('Ctrl Pts',(-9.72140544200377,0.,-45.6928857026891));
#8244=CARTESIAN_POINT('Ctrl Pts',(-14.0050791298626,0.,-42.8769796044568));
#8245=CARTESIAN_POINT('Ctrl Pts',(-14.0651196353812,0.,-42.8374518089992));
#8246=CARTESIAN_POINT('Ctrl Pts',(-14.1251617311746,0.,-42.7979472226306));
#8247=CARTESIAN_POINT('Ctrl Pts',(55.9529578094031,0.,-42.4431083521646));
#8248=CARTESIAN_POINT('Ctrl Pts',(52.0551113372643,-4.38433231198796E-18,
-45.6660788058946));
#8249=CARTESIAN_POINT('Ctrl Pts',(43.5064713698632,8.75401779774665E-18,
-51.2028716010132));
#8250=CARTESIAN_POINT('Ctrl Pts',(31.3581382100421,-1.0392075516353E-17,
-55.1769394922777));
#8251=CARTESIAN_POINT('Ctrl Pts',(21.2263952607615,1.22096312986607E-17,
-55.9014043649937));
#8252=CARTESIAN_POINT('Ctrl Pts',(11.1132809808333,-2.76502559645119E-17,
-54.8874682717367));
#8253=CARTESIAN_POINT('Ctrl Pts',(-0.947827160012799,6.01884342290491E-17,
-50.7621876041092));
#8254=CARTESIAN_POINT('Ctrl Pts',(-9.73485190132815,-1.03548444358722E-16,
-45.7153678646461));
#8255=CARTESIAN_POINT('Ctrl Pts',(-14.0194810073462,5.6972485572959E-18,
-42.8988426856822));
#8256=CARTESIAN_POINT('Ctrl Pts',(-14.0795006121903,-5.7000812847787E-18,
-42.8593277786048));
#8257=CARTESIAN_POINT('Ctrl Pts',(-14.1395514729555,0.,-42.8198178542172));
#8258=CARTESIAN_POINT('Ctrl Pts',(55.9861490314712,0.0216998513441355,-42.4832493831758));
#8259=CARTESIAN_POINT('Ctrl Pts',(52.0851672694527,0.0216998513441355,-45.7088288189031));
#8260=CARTESIAN_POINT('Ctrl Pts',(43.5296218074228,0.0216998513441355,-51.2502183496934));
#8261=CARTESIAN_POINT('Ctrl Pts',(31.369217946965,0.0216998513441355,-55.228323059358));
#8262=CARTESIAN_POINT('Ctrl Pts',(21.2257335392495,0.0216998513441355,-55.9538442000039));
#8263=CARTESIAN_POINT('Ctrl Pts',(11.1005436737633,0.0216998513441354,-54.9383143410241));
#8264=CARTESIAN_POINT('Ctrl Pts',(-0.969400717401184,0.0216998513441355,
-50.8100911815879));
#8265=CARTESIAN_POINT('Ctrl Pts',(-9.76317807918766,0.0216998513441356,
-45.7590758412794));
#8266=CARTESIAN_POINT('Ctrl Pts',(-14.0481106069509,0.0216998513441355,
-42.9423546076539));
#8267=CARTESIAN_POINT('Ctrl Pts',(-14.1081358464675,0.0216998513441355,
-42.9028365086603));
#8268=CARTESIAN_POINT('Ctrl Pts',(-14.168180463611,0.0216998513441355,-42.863330386746));
#8269=CARTESIAN_POINT('Ctrl Pts',(55.9999987483025,0.0738200612200851,-42.499999050051));
#8270=CARTESIAN_POINT('Ctrl Pts',(52.0977083882452,0.0738200612200851,-45.7266671911594));
#8271=CARTESIAN_POINT('Ctrl Pts',(43.5392819147999,0.0738200612200851,-51.2699746025518));
#8272=CARTESIAN_POINT('Ctrl Pts',(31.3738413106368,0.0738200612200851,-55.2497640811087));
#8273=CARTESIAN_POINT('Ctrl Pts',(21.2254570248799,0.0738200612200851,-55.9757255364271));
#8274=CARTESIAN_POINT('Ctrl Pts',(11.0952301052848,0.0738200612200852,-54.9595317650786));
#8275=CARTESIAN_POINT('Ctrl Pts',(-0.97840584343624,0.0738200612200849,
-50.8300779155024));
#8276=CARTESIAN_POINT('Ctrl Pts',(-9.77499217885568,0.0738200612200855,
-45.7773175084541));
#8277=CARTESIAN_POINT('Ctrl Pts',(-14.0600569768433,0.0738200612200851,
-42.9605107967108));
#8278=CARTESIAN_POINT('Ctrl Pts',(-14.1200844002031,0.0738200612200851,
-42.9209914680126));
#8279=CARTESIAN_POINT('Ctrl Pts',(-14.1801264959966,0.0738200612200851,
-42.8814868816439));
#8280=CARTESIAN_POINT('Ctrl Pts',(55.9999987483025,0.1,-42.499999050051));
#8281=CARTESIAN_POINT('Ctrl Pts',(52.0977083882452,0.1,-45.7266671911594));
#8282=CARTESIAN_POINT('Ctrl Pts',(43.5392819147999,0.1,-51.2699746025518));
#8283=CARTESIAN_POINT('Ctrl Pts',(31.3738413106368,0.1,-55.2497640811087));
#8284=CARTESIAN_POINT('Ctrl Pts',(21.2254570248799,0.1,-55.9757255364271));
#8285=CARTESIAN_POINT('Ctrl Pts',(11.0952301052848,0.1,-54.9595317650786));
#8286=CARTESIAN_POINT('Ctrl Pts',(-0.97840584343624,0.0999999999999998,
-50.8300779155024));
#8287=CARTESIAN_POINT('Ctrl Pts',(-9.77499217885568,0.1,-45.7773175084541));
#8288=CARTESIAN_POINT('Ctrl Pts',(-14.0600569768433,0.1,-42.9605107967108));
#8289=CARTESIAN_POINT('Ctrl Pts',(-14.1200844002031,0.1,-42.9209914680126));
#8290=CARTESIAN_POINT('Ctrl Pts',(-14.1801264959966,0.1,-42.8814868816439));
#8291=CARTESIAN_POINT('',(-14.1251617311741,0.,-42.7979472226305));
#8292=CARTESIAN_POINT('Ctrl Pts',(55.8523576116268,0.,-42.4922024207957));
#8293=CARTESIAN_POINT('Ctrl Pts',(51.9787297624667,0.,-45.6842602445779));
#8294=CARTESIAN_POINT('Ctrl Pts',(43.4599737997353,0.,-51.1904933381999));
#8295=CARTESIAN_POINT('Ctrl Pts',(31.3525526781194,0.,-55.1510876143129));
#8296=CARTESIAN_POINT('Ctrl Pts',(21.2267842392941,0.,-55.8750832340408));
#8297=CARTESIAN_POINT('Ctrl Pts',(11.1194939709533,0.,-54.8617895104834));
#8298=CARTESIAN_POINT('Ctrl Pts',(-0.936541526076337,0.,-50.7383955964649));
#8299=CARTESIAN_POINT('Ctrl Pts',(-9.72140544200377,0.,-45.6928857026891));
#8300=CARTESIAN_POINT('Ctrl Pts',(-14.0050791298626,0.,-42.8769796044568));
#8301=CARTESIAN_POINT('Ctrl Pts',(-14.0651196353812,0.,-42.8374518089992));
#8302=CARTESIAN_POINT('Ctrl Pts',(-14.1251617311746,0.,-42.7979472226306));
#8303=CARTESIAN_POINT('',(-14.0000002086163,0.1,-43.0000006407499));
#8304=CARTESIAN_POINT('Ctrl Pts',(-14.1251617311746,0.,-42.7979472226306));
#8305=CARTESIAN_POINT('Ctrl Pts',(-14.1248575526778,5.24434130733178E-35,
-42.7984382705481));
#8306=CARTESIAN_POINT('Ctrl Pts',(-14.1245533636858,9.34981339613645E-7,
-42.7989293146665));
#8307=CARTESIAN_POINT('Ctrl Pts',(-14.1242491707286,2.80241568842303E-6,
-42.799420345463));
#8308=CARTESIAN_POINT('Ctrl Pts',(-14.1148558368154,6.04679006483687E-5,
-42.8145831430338));
#8309=CARTESIAN_POINT('Ctrl Pts',(-14.1055491142961,0.00100220139935474,
-42.8295891674219));
#8310=CARTESIAN_POINT('Ctrl Pts',(-14.0964974886556,0.00273235805589895,
-42.8441875214706));
#8311=CARTESIAN_POINT('Ctrl Pts',(-14.0872029340812,0.00450894892533329,
-42.8591776684111));
#8312=CARTESIAN_POINT('Ctrl Pts',(-14.0781780247156,0.00711743534992262,
-42.8737396750827));
#8313=CARTESIAN_POINT('Ctrl Pts',(-14.0695975240694,0.0105062534129379,
-42.8875975370552));
#8314=CARTESIAN_POINT('Ctrl Pts',(-14.0657350598302,0.0120317108566217,
-42.8938355758955));
#8315=CARTESIAN_POINT('Ctrl Pts',(-14.0619624824046,0.0137159210274401,
-42.8999307181205));
#8316=CARTESIAN_POINT('Ctrl Pts',(-14.0582945930883,0.0155570099700516,
-42.9058560876513));
#8317=CARTESIAN_POINT('Ctrl Pts',(-14.0504415047975,0.0194988502958949,
-42.9185425255639));
#8318=CARTESIAN_POINT('Ctrl Pts',(-14.043189166626,0.0241001308659598,-42.9302627061326));
#8319=CARTESIAN_POINT('Ctrl Pts',(-14.0366451839684,0.029304940977089,-42.9407974499209));
#8320=CARTESIAN_POINT('Ctrl Pts',(-14.0311873016877,0.0336459122733814,
-42.9495837494058));
#8321=CARTESIAN_POINT('Ctrl Pts',(-14.0262222223604,0.038407726593316,-42.9575454874938));
#8322=CARTESIAN_POINT('Ctrl Pts',(-14.0218343442577,0.0435179774122542,
-42.9645885437856));
#8323=CARTESIAN_POINT('Ctrl Pts',(-14.0186453680238,0.0472319521466308,
-42.9697072227013));
#8324=CARTESIAN_POINT('Ctrl Pts',(-14.0154935964213,0.0514332534916267,
-42.9747628744327));
#8325=CARTESIAN_POINT('Ctrl Pts',(-14.0126179843974,0.0561390676040352,
-42.9793993662299));
#8326=CARTESIAN_POINT('Ctrl Pts',(-14.0107527221486,0.0591914882159274,
-42.9824068210061));
#8327=CARTESIAN_POINT('Ctrl Pts',(-14.0090033199778,0.0624555453401297,
-42.985237407842));
#8328=CARTESIAN_POINT('Ctrl Pts',(-14.0074310865251,0.0659263509301486,
-42.9877879713835));
#8329=CARTESIAN_POINT('Ctrl Pts',(-14.0054108940924,0.0703860545296709,
-42.9910652386093));
#8330=CARTESIAN_POINT('Ctrl Pts',(-14.0036434218055,0.075287022527382,-42.9939512020328));
#8331=CARTESIAN_POINT('Ctrl Pts',(-14.0023395310298,0.080602122268309,-42.9960982664973));
#8332=CARTESIAN_POINT('Ctrl Pts',(-14.0020899253784,0.0816195993130435,
-42.996509282078));
#8333=CARTESIAN_POINT('Ctrl Pts',(-14.0018572579206,0.082652130053361,-42.9968931435677));
#8334=CARTESIAN_POINT('Ctrl Pts',(-14.0016429355108,0.0836993410073054,
-42.9972473024226));
#8335=CARTESIAN_POINT('Ctrl Pts',(-14.0005726779303,0.0889287776436395,
-42.9990158584945));
#8336=CARTESIAN_POINT('Ctrl Pts',(-13.9999931511103,0.094378159704339,-42.999994024021));
#8337=CARTESIAN_POINT('Ctrl Pts',(-13.9999931511103,0.1,-42.999994024021));
#8338=CARTESIAN_POINT('Ctrl Pts',(-13.9999950419984,0.1,-42.9999927810372));
#8339=CARTESIAN_POINT('Ctrl Pts',(-13.9999944117023,0.1,-42.9999931953651));
#8340=CARTESIAN_POINT('Ctrl Pts',(-13.9999937814063,0.1,-42.9999936096931));
#8341=CARTESIAN_POINT('Ctrl Pts',(-9.77499217885568,0.1,-45.7773175084541));
#8342=CARTESIAN_POINT('Ctrl Pts',(-0.97840584343624,0.0999999999999998,
-50.8300779155024));
#8343=CARTESIAN_POINT('Ctrl Pts',(11.0952301052848,0.1,-54.9595317650786));
#8344=CARTESIAN_POINT('Ctrl Pts',(21.2254570248799,0.1,-55.9757255364271));
#8345=CARTESIAN_POINT('Ctrl Pts',(31.3738413106368,0.1,-55.2497640811087));
#8346=CARTESIAN_POINT('Ctrl Pts',(43.5392819147999,0.1,-51.2699746025518));
#8347=CARTESIAN_POINT('Ctrl Pts',(52.0977083882452,0.1,-45.7266671911594));
#8348=CARTESIAN_POINT('Ctrl Pts',(55.9999987483025,0.1,-42.499999050051));
#8349=CARTESIAN_POINT('Ctrl Pts',(-14.1251617311742,0.,-42.7979472226299));
#8350=CARTESIAN_POINT('Ctrl Pts',(-14.1165334885086,0.,-42.8693000014122));
#8351=CARTESIAN_POINT('Ctrl Pts',(-14.107868674545,0.,-42.9406201186742));
#8352=CARTESIAN_POINT('Ctrl Pts',(-13.5287203672817,0.,-47.7631521179607));
#8353=CARTESIAN_POINT('Ctrl Pts',(-12.3888605058468,0.,-52.4224241783758));
#8354=CARTESIAN_POINT('Ctrl Pts',(-11.0962786679876,0.,-57.0270276814615));
#8355=CARTESIAN_POINT('Ctrl Pts',(-14.0954581837013,0.,-42.7943553594958));
#8356=CARTESIAN_POINT('Ctrl Pts',(-14.0868333476102,-1.31883042685455E-15,
-42.8656848182132));
#8357=CARTESIAN_POINT('Ctrl Pts',(-14.0781607082391,-1.65513628510476E-16,
-42.9370601539122));
#8358=CARTESIAN_POINT('Ctrl Pts',(-13.4992981774173,1.72662078528723E-16,
-47.757271652675));
#8359=CARTESIAN_POINT('Ctrl Pts',(-12.3598956810824,-8.90030059247727E-17,
-52.4149044103483));
#8360=CARTESIAN_POINT('Ctrl Pts',(-11.0674722069305,0.,-57.0189412722081));
#8361=CARTESIAN_POINT('Ctrl Pts',(-14.0440437396651,0.0251221508620493,
-42.7881381342212));
#8362=CARTESIAN_POINT('Ctrl Pts',(-14.035416834187,0.0251221508620476,-42.859481759146));
#8363=CARTESIAN_POINT('Ctrl Pts',(-14.0267425841224,0.025122150862049,-42.9308744481154));
#8364=CARTESIAN_POINT('Ctrl Pts',(-13.4483199324434,0.02512215086205,-47.7475848287216));
#8365=CARTESIAN_POINT('Ctrl Pts',(-12.3096343235409,0.0251221508620492,
-52.4023298265798));
#8366=CARTESIAN_POINT('Ctrl Pts',(-11.0176105470983,0.0251221508620493,
-57.0049443502448));
#8367=CARTESIAN_POINT('Ctrl Pts',(-14.0258849366129,0.0775600524743586,
-42.7859423044032));
#8368=CARTESIAN_POINT('Ctrl Pts',(-14.0172566939473,0.077560052474358,-42.8572950831854));
#8369=CARTESIAN_POINT('Ctrl Pts',(-14.0085827833824,0.0775600524743586,
-42.9286879470662));
#8370=CARTESIAN_POINT('Ctrl Pts',(-13.4303113211049,0.0775600524743587,
-47.7442010207753));
#8371=CARTESIAN_POINT('Ctrl Pts',(-12.2918732146337,0.0775600524743586,
-52.3979222802103));
#8372=CARTESIAN_POINT('Ctrl Pts',(-11.0000001639128,0.0775600524743586,
-57.0000008493662));
#8373=CARTESIAN_POINT('Ctrl Pts',(-14.0258849366129,0.1,-42.7859423044032));
#8374=CARTESIAN_POINT('Ctrl Pts',(-14.0172566939473,0.1,-42.8572950831854));
#8375=CARTESIAN_POINT('Ctrl Pts',(-14.0085827833824,0.1,-42.9286879470662));
#8376=CARTESIAN_POINT('Ctrl Pts',(-13.4303113211049,0.1,-47.7442010207753));
#8377=CARTESIAN_POINT('Ctrl Pts',(-12.2918732146337,0.1,-52.3979222802103));
#8378=CARTESIAN_POINT('Ctrl Pts',(-11.0000001639128,0.1,-57.0000008493662));
#8379=CARTESIAN_POINT('',(-11.1353242122884,0.,-56.8877217753945));
#8380=CARTESIAN_POINT('Ctrl Pts',(-14.1251617311742,0.,-42.7979472226299));
#8381=CARTESIAN_POINT('Ctrl Pts',(-14.1165334885086,0.,-42.8693000014122));
#8382=CARTESIAN_POINT('Ctrl Pts',(-14.107868674545,0.,-42.9406201186742));
#8383=CARTESIAN_POINT('Ctrl Pts',(-13.5344735638307,0.,-47.7152456074732));
#8384=CARTESIAN_POINT('Ctrl Pts',(-12.411789445727,0.,-52.3284543010114));
#8385=CARTESIAN_POINT('Ctrl Pts',(-11.1353316567613,0.,-56.8877238603031));
#8386=CARTESIAN_POINT('',(-11.0000001639128,0.1,-57.0000008493662));
#8387=CARTESIAN_POINT('Ctrl Pts',(-11.1353326148504,0.,-56.8877204381873));
#8388=CARTESIAN_POINT('Ctrl Pts',(-11.1350034964794,-2.10069999079157E-20,
-56.8879946060235));
#8389=CARTESIAN_POINT('Ctrl Pts',(-11.1346743926819,9.47028414275054E-7,
-56.8882687769786));
#8390=CARTESIAN_POINT('Ctrl Pts',(-11.1343453092831,2.83833142490507E-6,
-56.8885429453661));
#8391=CARTESIAN_POINT('Ctrl Pts',(-11.1243807512479,6.01064849580365E-5,
-56.8968446914222));
#8392=CARTESIAN_POINT('Ctrl Pts',(-11.1143405708611,0.000980672165405417,
-56.9052285817262));
#8393=CARTESIAN_POINT('Ctrl Pts',(-11.1044024871837,0.00275349982670801,
-56.9135117853631));
#8394=CARTESIAN_POINT('Ctrl Pts',(-11.0971433484923,0.00404843779332534,
-56.9195621393309));
#8395=CARTESIAN_POINT('Ctrl Pts',(-11.0899389527746,0.00579895124387237,
-56.925558854296));
#8396=CARTESIAN_POINT('Ctrl Pts',(-11.0828724584013,0.00801116977800583,
-56.9314346741554));
#8397=CARTESIAN_POINT('Ctrl Pts',(-11.0753351190527,0.0103707898278055,
-56.9377020035965));
#8398=CARTESIAN_POINT('Ctrl Pts',(-11.067798177877,0.0133027988501053,-56.9439699619839));
#8399=CARTESIAN_POINT('Ctrl Pts',(-11.0604524258534,0.0168807606214753,
-56.9500519349515));
#8400=CARTESIAN_POINT('Ctrl Pts',(-11.0538189264415,0.0201117990815601,
-56.9555441927864));
#8401=CARTESIAN_POINT('Ctrl Pts',(-11.0473412100439,0.0238699011233504,
-56.9608847479979));
#8402=CARTESIAN_POINT('Ctrl Pts',(-11.0412048219061,0.0282098823547476,
-56.9659489479406));
#8403=CARTESIAN_POINT('Ctrl Pts',(-11.0405459451646,0.0286758751549919,
-56.9664927016083));
#8404=CARTESIAN_POINT('Ctrl Pts',(-11.03989105162,0.0291485744957072,-56.9670332828715));
#8405=CARTESIAN_POINT('Ctrl Pts',(-11.0392404069964,0.0296280464891269,
-56.967570547637));
#8406=CARTESIAN_POINT('Ctrl Pts',(-11.0359171672373,0.0320770030072132,
-56.9703146871643));
#8407=CARTESIAN_POINT('Ctrl Pts',(-11.0326560259409,0.0347381177185776,
-56.9730115281405));
#8408=CARTESIAN_POINT('Ctrl Pts',(-11.0295194359364,0.0376304583730392,
-56.9756091538507));
#8409=CARTESIAN_POINT('Ctrl Pts',(-11.0248299584223,0.0419547616586412,
-56.9794928324125));
#8410=CARTESIAN_POINT('Ctrl Pts',(-11.0204181084476,0.0467987683549581,
-56.9831545145976));
#8411=CARTESIAN_POINT('Ctrl Pts',(-11.0164841934516,0.0521643194722917,
-56.9864184363136));
#8412=CARTESIAN_POINT('Ctrl Pts',(-11.0158019161866,0.0530948920812703,
-56.9869845135124));
#8413=CARTESIAN_POINT('Ctrl Pts',(-11.015134094546,0.0540410566709737,-56.9875386487579));
#8414=CARTESIAN_POINT('Ctrl Pts',(-11.0144818767391,0.0550026949186862,
-56.9880799543153));
#8415=CARTESIAN_POINT('Ctrl Pts',(-11.0111877508395,0.0598595961318759,
-56.990813900916));
#8416=CARTESIAN_POINT('Ctrl Pts',(-11.0082680070038,0.0651473205367554,
-56.9932339073613));
#8417=CARTESIAN_POINT('Ctrl Pts',(-11.0059199546576,0.0708423371075597,
-56.9951675743271));
#8418=CARTESIAN_POINT('Ctrl Pts',(-11.0049673072644,0.0731529085475045,
-56.9959520980611));
#8419=CARTESIAN_POINT('Ctrl Pts',(-11.004109117508,0.0755300967366832,-56.9966566662945));
#8420=CARTESIAN_POINT('Ctrl Pts',(-11.0033600999686,0.0779703771360519,
-56.9972701975802));
#8421=CARTESIAN_POINT('Ctrl Pts',(-11.0013956009105,0.0843706659063167,
-56.9988793476593));
#8422=CARTESIAN_POINT('Ctrl Pts',(-11.0002329065186,0.0910357349341818,
-56.9998148569265));
#8423=CARTESIAN_POINT('Ctrl Pts',(-11.0000314993672,0.0978737502393136,
-56.9999758326173));
#8424=CARTESIAN_POINT('Ctrl Pts',(-11.0000106762296,0.0985807208340748,
-56.999992475616));
#8425=CARTESIAN_POINT('Ctrl Pts',(-11.0000001639128,0.0992895116166243,
-57.0000008493662));
#8426=CARTESIAN_POINT('Ctrl Pts',(-11.0000001639128,0.1,-57.0000008493662));
#8427=CARTESIAN_POINT('Ctrl Pts',(-11.0000001639128,0.1,-57.0000008493662));
#8428=CARTESIAN_POINT('Ctrl Pts',(-12.2918714899376,0.1,-52.3979284241477));
#8429=CARTESIAN_POINT('Ctrl Pts',(-13.4303082813944,0.1,-47.7442134465398));
#8430=CARTESIAN_POINT('Ctrl Pts',(-14.0000189202169,0.1,-43.0000028877299));
#8431=CARTESIAN_POINT('Ctrl Pts',(-10.991617473777,0.,-56.9003528162391));
#8432=CARTESIAN_POINT('Ctrl Pts',(-12.2867005744053,0.,-56.7914065581758));
#8433=CARTESIAN_POINT('Ctrl Pts',(-14.2177711144038,0.,-56.4337544918542));
#8434=CARTESIAN_POINT('Ctrl Pts',(-16.6336522528991,0.,-55.45661177926));
#8435=CARTESIAN_POINT('Ctrl Pts',(-18.8789918652488,0.,-54.1242836089712));
#8436=CARTESIAN_POINT('Ctrl Pts',(-21.2188457603176,0.,-51.8261086692965));
#8437=CARTESIAN_POINT('Ctrl Pts',(-23.3282839282019,0.,-48.5302886026143));
#8438=CARTESIAN_POINT('Ctrl Pts',(-24.4210795486488,0.,-46.1679177359256));
#8439=CARTESIAN_POINT('Ctrl Pts',(-24.9171307924017,0.,-44.9381260902016));
#8440=CARTESIAN_POINT('Ctrl Pts',(-24.9270000368014,0.,-44.9136740668011));
#8441=CARTESIAN_POINT('Ctrl Pts',(-24.93686731714,0.,-44.8892206486022));
#8442=CARTESIAN_POINT('Ctrl Pts',(-10.9938120569227,0.,-56.9264406103072));
#8443=CARTESIAN_POINT('Ctrl Pts',(-12.2906183002123,-1.22658257870515E-16,
-56.8173502505518));
#8444=CARTESIAN_POINT('Ctrl Pts',(-14.2247212488888,2.19239851001145E-16,
-56.4591865845472));
#8445=CARTESIAN_POINT('Ctrl Pts',(-16.6452482100624,-2.50479949259732E-16,
-55.4801996414487));
#8446=CARTESIAN_POINT('Ctrl Pts',(-18.8954365794706,1.51935655394718E-16,
-54.1450019738741));
#8447=CARTESIAN_POINT('Ctrl Pts',(-21.2397012622098,-8.21859088952981E-17,
-51.8423134904296));
#8448=CARTESIAN_POINT('Ctrl Pts',(-23.3513891111914,3.37148057509257E-17,
-48.5426949818239));
#8449=CARTESIAN_POINT('Ctrl Pts',(-24.4450484405181,5.20960915158261E-17,
-46.1785243924123));
#8450=CARTESIAN_POINT('Ctrl Pts',(-24.9414134402083,-3.32537549775717E-16,
-44.9479096563881));
#8451=CARTESIAN_POINT('Ctrl Pts',(-24.9512749227681,-2.08966383178374E-15,
-44.9234791517368));
#8452=CARTESIAN_POINT('Ctrl Pts',(-24.9611452562464,0.,-44.8990171207869));
#8453=CARTESIAN_POINT('Ctrl Pts',(-10.9981783706759,0.0217327994633915,
-56.9783445421575));
#8454=CARTESIAN_POINT('Ctrl Pts',(-12.2984837387014,0.0217327994633913,
-56.8689595906803));
#8455=CARTESIAN_POINT('Ctrl Pts',(-14.2385102481733,0.0217327994633918,
-56.5097804290532));
#8456=CARTESIAN_POINT('Ctrl Pts',(-16.6683889312213,0.0217327994633912,
-55.5270339525163));
#8457=CARTESIAN_POINT('Ctrl Pts',(-18.9281283228353,0.0217327994633916,
-54.1862384314989));
#8458=CARTESIAN_POINT('Ctrl Pts',(-21.2813909500166,0.0217327994633914,
-51.8739651383663));
#8459=CARTESIAN_POINT('Ctrl Pts',(-23.3973314566221,0.0217327994633915,
-48.5675211571961));
#8460=CARTESIAN_POINT('Ctrl Pts',(-24.4933919195736,0.0217327994633917,
-46.1979158584222));
#8461=CARTESIAN_POINT('Ctrl Pts',(-24.9897157988929,0.021732799463391,-44.9674025102849));
#8462=CARTESIAN_POINT('Ctrl Pts',(-24.9995788305766,0.0217327994633888,
-44.9429677154995));
#8463=CARTESIAN_POINT('Ctrl Pts',(-25.0094483244766,0.0217327994633915,
-44.918508052957));
#8464=CARTESIAN_POINT('Ctrl Pts',(-11.0000001639128,0.0738200612200851,
-57.0000008493662));
#8465=CARTESIAN_POINT('Ctrl Pts',(-12.3017845758252,0.073820061220085,-56.8904908569848));
#8466=CARTESIAN_POINT('Ctrl Pts',(-14.2442530642748,0.0738200612200852,
-56.5308886321163));
#8467=CARTESIAN_POINT('Ctrl Pts',(-16.6780628707652,0.073820061220085,-55.546549205836));
#8468=CARTESIAN_POINT('Ctrl Pts',(-18.9417614433236,0.0738200612200852,
-54.2034480294738));
#8469=CARTESIAN_POINT('Ctrl Pts',(-21.298838264351,0.0738200612200852,-51.88701262144));
#8470=CARTESIAN_POINT('Ctrl Pts',(-23.4164929716955,0.0738200612200851,
-48.5779180186279));
#8471=CARTESIAN_POINT('Ctrl Pts',(-24.5137392615783,0.0738200612200857,
-46.2055455191298));
#8472=CARTESIAN_POINT('Ctrl Pts',(-25.0098666760353,0.0738200612200848,
-44.9755431127888));
#8473=CARTESIAN_POINT('Ctrl Pts',(-25.0197349332062,0.0738200612200837,
-44.9510938341545));
#8474=CARTESIAN_POINT('Ctrl Pts',(-25.0296022135449,0.0738200612200851,
-44.9266404159556));
#8475=CARTESIAN_POINT('Ctrl Pts',(-11.0000001639128,0.1,-57.0000008493662));
#8476=CARTESIAN_POINT('Ctrl Pts',(-12.3017845758252,0.1,-56.8904908569848));
#8477=CARTESIAN_POINT('Ctrl Pts',(-14.2442530642748,0.1,-56.5308886321163));
#8478=CARTESIAN_POINT('Ctrl Pts',(-16.6780628707652,0.1,-55.546549205836));
#8479=CARTESIAN_POINT('Ctrl Pts',(-18.9417614433236,0.1,-54.2034480294738));
#8480=CARTESIAN_POINT('Ctrl Pts',(-21.298838264351,0.1,-51.88701262144));
#8481=CARTESIAN_POINT('Ctrl Pts',(-23.4164929716955,0.1,-48.5779180186279));
#8482=CARTESIAN_POINT('Ctrl Pts',(-24.5137392615783,0.100000000000001,-46.2055455191298));
#8483=CARTESIAN_POINT('Ctrl Pts',(-25.0098666760353,0.1,-44.9755431127888));
#8484=CARTESIAN_POINT('Ctrl Pts',(-25.0197349332062,0.1,-44.9510938341545));
#8485=CARTESIAN_POINT('Ctrl Pts',(-25.0296022135449,0.1,-44.9266404159556));
#8486=CARTESIAN_POINT('',(-24.93686731714,0.,-44.8892206486023));
#8487=CARTESIAN_POINT('Ctrl Pts',(-11.1353247165868,0.,-56.8877272805168));
#8488=CARTESIAN_POINT('Ctrl Pts',(-12.3818855771758,0.,-56.7735357426557));
#8489=CARTESIAN_POINT('Ctrl Pts',(-14.2624608550041,0.,-56.4156789939915));
#8490=CARTESIAN_POINT('Ctrl Pts',(-16.6336522528991,0.,-55.45661177926));
#8491=CARTESIAN_POINT('Ctrl Pts',(-18.8789918652488,0.,-54.1242836089712));
#8492=CARTESIAN_POINT('Ctrl Pts',(-21.2188457603176,0.,-51.8261086692965));
#8493=CARTESIAN_POINT('Ctrl Pts',(-23.3282839282019,0.,-48.5302886026143));
#8494=CARTESIAN_POINT('Ctrl Pts',(-24.4210795486488,0.,-46.1679177359256));
#8495=CARTESIAN_POINT('Ctrl Pts',(-24.9171307924017,0.,-44.9381260902016));
#8496=CARTESIAN_POINT('Ctrl Pts',(-24.9270000368014,0.,-44.9136740668011));
#8497=CARTESIAN_POINT('Ctrl Pts',(-24.93686731714,0.,-44.8892206486022));
#8498=CARTESIAN_POINT('',(-25.000000372529,0.1,-45.0000006705523));
#8499=CARTESIAN_POINT('Ctrl Pts',(-24.93686731714,0.,-44.8892206486022));
#8500=CARTESIAN_POINT('Ctrl Pts',(-24.9370207498606,3.66153330618166E-33,
-44.8894898780897));
#8501=CARTESIAN_POINT('Ctrl Pts',(-24.9371741712391,9.36416080079435E-7,
-44.8897591053386));
#8502=CARTESIAN_POINT('Ctrl Pts',(-24.937327578747,2.80666096965932E-6,
-44.8900283249847));
#8503=CARTESIAN_POINT('Ctrl Pts',(-24.9422582771671,6.29185397724693E-5,
-44.8986813622579));
#8504=CARTESIAN_POINT('Ctrl Pts',(-24.9471855660419,0.00108382295751322,
-44.9073451472766));
#8505=CARTESIAN_POINT('Ctrl Pts',(-24.9520206261018,0.0030167680427608,
-44.9158394752142));
#8506=CARTESIAN_POINT('Ctrl Pts',(-24.9529685422789,0.00339572298706081,
-44.917504792866));
#8507=CARTESIAN_POINT('Ctrl Pts',(-24.9539128410739,0.00380987559108622,
-44.9191635877072));
#8508=CARTESIAN_POINT('Ctrl Pts',(-24.9548527266216,0.00425905833606915,
-44.9208144741105));
#8509=CARTESIAN_POINT('Ctrl Pts',(-24.9591267263871,0.00630165485366883,
-44.9283216521046));
#8510=CARTESIAN_POINT('Ctrl Pts',(-24.9633259734797,0.00907350843428389,
-44.9356931028564));
#8511=CARTESIAN_POINT('Ctrl Pts',(-24.9673624413197,0.0125887249329546,
-44.9427692937779));
#8512=CARTESIAN_POINT('Ctrl Pts',(-24.9685844223885,0.0136529048506657,
-44.9449115061495));
#8513=CARTESIAN_POINT('Ctrl Pts',(-24.9697911959821,0.0147853689853818,
-44.9470265425064));
#8514=CARTESIAN_POINT('Ctrl Pts',(-24.9709794752287,0.0159868856126689,
-44.9491096300656));
#8515=CARTESIAN_POINT('Ctrl Pts',(-24.9744299679915,0.0194758167194082,
-44.9551584427232));
#8516=CARTESIAN_POINT('Ctrl Pts',(-24.9777294112696,0.0235490213553935,
-44.9609478778631));
#8517=CARTESIAN_POINT('Ctrl Pts',(-24.9807847268985,0.0282395573852674,
-44.9663230294003));
#8518=CARTESIAN_POINT('Ctrl Pts',(-24.9810172895446,0.0285965887374849,
-44.9667321718969));
#8519=CARTESIAN_POINT('Ctrl Pts',(-24.981248414761,0.0289572022494452,-44.9671389045282));
#8520=CARTESIAN_POINT('Ctrl Pts',(-24.9814780496148,0.0293214150367163,
-44.9675431540493));
#8521=CARTESIAN_POINT('Ctrl Pts',(-24.9837658694272,0.0329500159087952,
-44.9715706352806));
#8522=CARTESIAN_POINT('Ctrl Pts',(-24.9859068657245,0.0369363265073509,
-44.975352100738));
#8523=CARTESIAN_POINT('Ctrl Pts',(-24.9878705746338,0.0412632060085491,
-44.9788239039007));
#8524=CARTESIAN_POINT('Ctrl Pts',(-24.9903415321492,0.0467077682708974,
-44.9831925137676));
#8525=CARTESIAN_POINT('Ctrl Pts',(-24.9925180537408,0.0526561260361791,
-44.9870401575598));
#8526=CARTESIAN_POINT('Ctrl Pts',(-24.9943342610798,0.0590511319929845,
-44.9902238454092));
#8527=CARTESIAN_POINT('Ctrl Pts',(-24.9953299922949,0.0625571783099678,
-44.9919692944572));
#8528=CARTESIAN_POINT('Ctrl Pts',(-24.9962167306806,0.0661972506980356,
-44.9935148988649));
#8529=CARTESIAN_POINT('Ctrl Pts',(-24.996977841631,0.0699590600664647,-44.9948348001207));
#8530=CARTESIAN_POINT('Ctrl Pts',(-24.9983825746935,0.0769019873651571,
-44.997270856168));
#8531=CARTESIAN_POINT('Ctrl Pts',(-24.9993341823026,0.0841180995301356,
-44.9988868984638));
#8532=CARTESIAN_POINT('Ctrl Pts',(-24.9997563056645,0.0914965470455487,
-44.9995949819206));
#8533=CARTESIAN_POINT('Ctrl Pts',(-24.9999172511278,0.0943097712378908,
-44.9998649570755));
#8534=CARTESIAN_POINT('Ctrl Pts',(-25.0000007611672,0.097146502723831,-45.000002754959));
#8535=CARTESIAN_POINT('Ctrl Pts',(-25.0000007611672,0.1,-45.000002754959));
#8536=CARTESIAN_POINT('Ctrl Pts',(-25.0000014298946,0.1,-45.0000010970457));
#8537=CARTESIAN_POINT('Ctrl Pts',(-25.0000012069855,0.1,-45.0000016496835));
#8538=CARTESIAN_POINT('Ctrl Pts',(-25.0000009840764,0.1,-45.0000022023213));
#8539=CARTESIAN_POINT('Ctrl Pts',(-24.5137392615783,0.100000000000001,-46.2055455191298));
#8540=CARTESIAN_POINT('Ctrl Pts',(-23.4164929716955,0.1,-48.5779180186279));
#8541=CARTESIAN_POINT('Ctrl Pts',(-21.298838264351,0.1,-51.88701262144));
#8542=CARTESIAN_POINT('Ctrl Pts',(-18.9417614433236,0.1,-54.2034480294738));
#8543=CARTESIAN_POINT('Ctrl Pts',(-16.6780628707652,0.1,-55.546549205836));
#8544=CARTESIAN_POINT('Ctrl Pts',(-14.2442530642748,0.1,-56.5308886321163));
#8545=CARTESIAN_POINT('Ctrl Pts',(-12.3017845758252,0.1,-56.8904908569848));
#8546=CARTESIAN_POINT('Ctrl Pts',(-11.0000001639128,0.1,-57.0000008493662));
#8547=CARTESIAN_POINT('Ctrl Pts',(-24.93686731714,0.,-44.8892206486023));
#8548=CARTESIAN_POINT('Ctrl Pts',(-24.962935298803,0.,-44.8931947164053));
#8549=CARTESIAN_POINT('Ctrl Pts',(-24.9890035844971,0.,-44.8971687973242));
#8550=CARTESIAN_POINT('Ctrl Pts',(-25.1441566745289,0.,-44.9208223629377));
#8551=CARTESIAN_POINT('Ctrl Pts',(-25.3927195863777,0.,-44.9616784494048));
#8552=CARTESIAN_POINT('Ctrl Pts',(-25.7533721190542,0.,-45.0290396911378));
#8553=CARTESIAN_POINT('Ctrl Pts',(-26.1113062739167,0.,-45.1039801998175));
#8554=CARTESIAN_POINT('Ctrl Pts',(-26.4734582469788,0.,-45.1881670131335));
#8555=CARTESIAN_POINT('Ctrl Pts',(-26.844147712947,0.,-45.2831735536915));
#8556=CARTESIAN_POINT('Ctrl Pts',(-27.2244867734865,0.,-45.3899643567363));
#8557=CARTESIAN_POINT('Ctrl Pts',(-27.6124825564814,0.,-45.508501685969));
#8558=CARTESIAN_POINT('Ctrl Pts',(-28.0039889631654,0.,-45.6376409196371));
#8559=CARTESIAN_POINT('Ctrl Pts',(-28.3939821930788,0.,-45.7753468949783));
#8560=CARTESIAN_POINT('Ctrl Pts',(-28.7778197446663,0.,-45.9191562678909));
#8561=CARTESIAN_POINT('Ctrl Pts',(-29.1523476446489,0.,-46.0668038261025));
#8562=CARTESIAN_POINT('Ctrl Pts',(-29.5167514216021,0.,-46.2168282593223));
#8563=CARTESIAN_POINT('Ctrl Pts',(-29.8736730087941,0.,-46.3693399664485));
#8564=CARTESIAN_POINT('Ctrl Pts',(-30.2266577866924,0.,-46.5251373838115));
#8565=CARTESIAN_POINT('Ctrl Pts',(-30.5781342215902,0.,-46.6847791798268));
#8566=CARTESIAN_POINT('Ctrl Pts',(-30.9299871197496,0.,-46.8487526619532));
#8567=CARTESIAN_POINT('Ctrl Pts',(-31.2834513427516,0.,-47.017375413965));
#8568=CARTESIAN_POINT('Ctrl Pts',(-31.6392356166805,0.,-47.1908136759593));
#8569=CARTESIAN_POINT('Ctrl Pts',(-31.9975494297174,0.,-47.3690685672478));
#8570=CARTESIAN_POINT('Ctrl Pts',(-32.3581674860868,0.,-47.5519892278525));
#8571=CARTESIAN_POINT('Ctrl Pts',(-32.7205006640449,0.,-47.7392941200431));
#8572=CARTESIAN_POINT('Ctrl Pts',(-33.0836591359145,0.,-47.9305971546904));
#8573=CARTESIAN_POINT('Ctrl Pts',(-33.4465306721175,0.,-48.1254397024229));
#8574=CARTESIAN_POINT('Ctrl Pts',(-33.8078541630139,0.,-48.3233149505371));
#8575=CARTESIAN_POINT('Ctrl Pts',(-34.1663039308029,0.,-48.523699524599));
#8576=CARTESIAN_POINT('Ctrl Pts',(-34.5205645625363,0.,-48.7260863898851));
#8577=CARTESIAN_POINT('Ctrl Pts',(-34.8694007825526,0.,-48.9300209426772));
#8578=CARTESIAN_POINT('Ctrl Pts',(-35.2117327427008,0.,-49.1351412467529));
#8579=CARTESIAN_POINT('Ctrl Pts',(-35.5467003163347,0.,-49.3412032905864));
#8580=CARTESIAN_POINT('Ctrl Pts',(-35.8737327698619,0.,-49.5481189584713));
#8581=CARTESIAN_POINT('Ctrl Pts',(-36.1926016472822,0.,-49.7559968745866));
#8582=CARTESIAN_POINT('Ctrl Pts',(-36.4516692571185,0.,-49.9303282388161));
#8583=CARTESIAN_POINT('Ctrl Pts',(-36.6552498193616,0.,-50.0707941182748));
#8584=CARTESIAN_POINT('Ctrl Pts',(-36.8062339276192,0.,-50.1767760930157));
#8585=CARTESIAN_POINT('Ctrl Pts',(-36.9556670450581,0.,-50.2835365649199));
#8586=CARTESIAN_POINT('Ctrl Pts',(-37.1531138606749,0.,-50.4271911632131));
#8587=CARTESIAN_POINT('Ctrl Pts',(-37.3970675309904,0.,-50.6097212358152));
#8588=CARTESIAN_POINT('Ctrl Pts',(-37.6875542409728,0.,-50.8359581702249));
#8589=CARTESIAN_POINT('Ctrl Pts',(-37.9784560957091,0.,-51.0725268202366));
#8590=CARTESIAN_POINT('Ctrl Pts',(-38.1997787193044,0.,-51.2612828470912));
#8591=CARTESIAN_POINT('Ctrl Pts',(-38.3495840336135,0.,-51.3927204699672));
#8592=CARTESIAN_POINT('Ctrl Pts',(-38.4243203198148,0.,-51.4588964351012));
#8593=CARTESIAN_POINT('Ctrl Pts',(-38.4861489913823,0.,-51.514021236046));
#8594=CARTESIAN_POINT('Ctrl Pts',(-38.5351495357888,0.,-51.5577834610186));
#8595=CARTESIAN_POINT('Ctrl Pts',(-38.5716666224634,0.,-51.5903811248931));
#8596=CARTESIAN_POINT('Ctrl Pts',(-38.598884306847,0.,-51.6146167713521));
#8597=CARTESIAN_POINT('Ctrl Pts',(-38.6169751042661,0.,-51.6306727918745));
#8598=CARTESIAN_POINT('Ctrl Pts',(-38.6290227630048,0.,-51.6413491826295));
#8599=CARTESIAN_POINT('Ctrl Pts',(-38.6500770841938,0.,-51.6599590333852));
#8600=CARTESIAN_POINT('Ctrl Pts',(-38.680101967787,0.,-51.6863250795515));
#8601=CARTESIAN_POINT('Ctrl Pts',(-38.7056664893519,0.,-51.7084765543111));
#8602=CARTESIAN_POINT('Ctrl Pts',(-38.7207705943345,0.,-51.7214179984387));
#8603=CARTESIAN_POINT('Ctrl Pts',(-38.7268189750171,0.,-51.7265866327782));
#8604=CARTESIAN_POINT('Ctrl Pts',(-38.7374230188728,0.,-51.7356108330373));
#8605=CARTESIAN_POINT('Ctrl Pts',(-38.7495951364468,0.,-51.7458758985608));
#8606=CARTESIAN_POINT('Ctrl Pts',(-38.7603111588484,0.,-51.7548133666501));
#8607=CARTESIAN_POINT('Ctrl Pts',(-38.7664563332325,0.,-51.75990735263));
#8608=CARTESIAN_POINT('Ctrl Pts',(-38.7756974412438,0.,-51.7675349031069));
#8609=CARTESIAN_POINT('Ctrl Pts',(-38.7850003230783,0.,-51.7751285963348));
#8610=CARTESIAN_POINT('Ctrl Pts',(-38.7943844233523,0.,-51.7826835687631));
#8611=CARTESIAN_POINT('Ctrl Pts',(-38.8006635191294,0.,-51.7877094780593));
#8612=CARTESIAN_POINT('Ctrl Pts',(-38.8061896794501,0.,-51.7920925619274));
#8613=CARTESIAN_POINT('Ctrl Pts',(-38.8109523134822,0.,-51.7958379245598));
#8614=CARTESIAN_POINT('Ctrl Pts',(-38.8127422888074,0.,-51.7972406618065));
#8615=CARTESIAN_POINT('Ctrl Pts',(-38.8139373235155,0.,-51.7981750576181));
#8616=CARTESIAN_POINT('Ctrl Pts',(-38.8145351858089,0.,-51.7986421023659));
#8617=CARTESIAN_POINT('Ctrl Pts',(-38.815133396069,0.,-51.7991089931292));
#8618=CARTESIAN_POINT('Ctrl Pts',(-38.8159314763082,0.,-51.7997313062864));
#8619=CARTESIAN_POINT('Ctrl Pts',(-38.8167302604511,0.,-51.8003533105522));
#8620=CARTESIAN_POINT('Ctrl Pts',(-38.8175297610513,0.,-51.8009749914352));
#8621=CARTESIAN_POINT('Ctrl Pts',(-38.821129690652,0.,-51.803771645548));
#8622=CARTESIAN_POINT('Ctrl Pts',(-38.8309789109031,0.,-51.8113616354876));
#8623=CARTESIAN_POINT('Ctrl Pts',(-38.8416034702627,0.,-51.8193445694009));
#8624=CARTESIAN_POINT('Ctrl Pts',(-38.8492676718195,0.,-51.824964105788));
#8625=CARTESIAN_POINT('Ctrl Pts',(-38.8505126842834,0.,-51.8258737524653));
#8626=CARTESIAN_POINT('Ctrl Pts',(-38.8513432904788,0.,-51.8264797664535));
#8627=CARTESIAN_POINT('Ctrl Pts',(-38.853629867169,0.,-51.8281444985755));
#8628=CARTESIAN_POINT('Ctrl Pts',(-38.8565501589492,0.,-51.8302553497506));
#8629=CARTESIAN_POINT('Ctrl Pts',(-38.8594820491628,0.,-51.8323549660439));
#8630=CARTESIAN_POINT('Ctrl Pts',(-38.861160569113,0.,-51.8335512902006));
#8631=CARTESIAN_POINT('Ctrl Pts',(-38.8624210672521,0.,-51.8344467198145));
#8632=CARTESIAN_POINT('Ctrl Pts',(-38.8636829736241,0.,-51.8353403206358));
#8633=CARTESIAN_POINT('Ctrl Pts',(-38.8653678680367,0.,-51.8365290971676));
#8634=CARTESIAN_POINT('Ctrl Pts',(-38.880128020873,0.,-51.8468984715936));
#8635=CARTESIAN_POINT('Ctrl Pts',(-38.9085620710476,0.,-51.8656039866646));
#8636=CARTESIAN_POINT('Ctrl Pts',(-38.9434062683426,0.,-51.8846850362507));
#8637=CARTESIAN_POINT('Ctrl Pts',(-38.9745823087374,0.,-51.8965682032668));
#8638=CARTESIAN_POINT('Ctrl Pts',(-38.9917032027526,0.,-51.8999982867621));
#8639=CARTESIAN_POINT('Ctrl Pts',(-39.0017143644594,0.,-51.8999860503186));
#8640=CARTESIAN_POINT('Ctrl Pts',(-39.0057266100775,0.,-51.8997566343943));
#8641=CARTESIAN_POINT('Ctrl Pts',(-39.0127345624063,0.,-51.8987262549786));
#8642=CARTESIAN_POINT('Ctrl Pts',(-39.0204917170251,0.,-51.8959038861636));
#8643=CARTESIAN_POINT('Ctrl Pts',(-39.0268258179157,0.,-51.8924700896422));
#8644=CARTESIAN_POINT('Ctrl Pts',(-39.0303322254258,0.,-51.8903128401637));
#8645=CARTESIAN_POINT('Ctrl Pts',(-39.0329037022323,0.,-51.8886067032958));
#8646=CARTESIAN_POINT('Ctrl Pts',(-39.035420985107,0.,-51.886825590518));
#8647=CARTESIAN_POINT('Ctrl Pts',(-39.0372693897037,0.,-51.8854397438623));
#8648=CARTESIAN_POINT('Ctrl Pts',(-39.0383847668289,0.,-51.8845761540807));
#8649=CARTESIAN_POINT('Ctrl Pts',(-39.0387888151134,0.,-51.8842603387976));
#8650=CARTESIAN_POINT('Ctrl Pts',(-39.0393933611164,0.,-51.8837848634064));
#8651=CARTESIAN_POINT('Ctrl Pts',(-39.0406949927812,0.,-51.8827453981164));
#8652=CARTESIAN_POINT('Ctrl Pts',(-39.0450353561017,0.,-51.879155111877));
#8653=CARTESIAN_POINT('Ctrl Pts',(-39.0495466617893,0.,-51.8750105524342));
#8654=CARTESIAN_POINT('Ctrl Pts',(-39.0538795723618,0.,-51.870710964344));
#8655=CARTESIAN_POINT('Ctrl Pts',(-39.0567229514364,0.,-51.8678057830771));
#8656=CARTESIAN_POINT('Ctrl Pts',(-39.0643658550689,0.,-51.8596645812922));
#8657=CARTESIAN_POINT('Ctrl Pts',(-39.0760176498461,0.,-51.845663538207));
#8658=CARTESIAN_POINT('Ctrl Pts',(-39.0880178386139,0.,-51.8291749094054));
#8659=CARTESIAN_POINT('Ctrl Pts',(-39.0971724729263,0.,-51.8155783127565));
#8660=CARTESIAN_POINT('Ctrl Pts',(-39.1027167562903,0.,-51.8069525137172));
#8661=CARTESIAN_POINT('Ctrl Pts',(-39.1070558090374,0.,-51.7999883743899));
#8662=CARTESIAN_POINT('Ctrl Pts',(-39.1113322460691,0.,-51.7929873379769));
#8663=CARTESIAN_POINT('Ctrl Pts',(-39.116565618162,0.,-51.7841735963662));
#8664=CARTESIAN_POINT('Ctrl Pts',(-39.1226803657873,0.,-51.7735168868286));
#8665=CARTESIAN_POINT('Ctrl Pts',(-39.1306310269341,0.,-51.7592191913732));
#8666=CARTESIAN_POINT('Ctrl Pts',(-39.1383036072124,0.,-51.7448105069747));
#8667=CARTESIAN_POINT('Ctrl Pts',(-39.1457443109592,0.,-51.7303152921509));
#8668=CARTESIAN_POINT('Ctrl Pts',(-39.1530429018098,0.,-51.7157660534487));
#8669=CARTESIAN_POINT('Ctrl Pts',(-39.1619232000896,0.,-51.6974851767015));
#8670=CARTESIAN_POINT('Ctrl Pts',(-39.1756955219438,0.,-51.6680465397942));
#8671=CARTESIAN_POINT('Ctrl Pts',(-39.1922215683096,0.,-51.6309067195877));
#8672=CARTESIAN_POINT('Ctrl Pts',(-39.2112493502545,0.,-51.5857945207504));
#8673=CARTESIAN_POINT('Ctrl Pts',(-39.2296320801875,0.,-51.5402331517957));
#8674=CARTESIAN_POINT('Ctrl Pts',(-39.2474767030991,0.,-51.4943248832445));
#8675=CARTESIAN_POINT('Ctrl Pts',(-39.2648648352909,0.,-51.4481434302142));
#8676=CARTESIAN_POINT('Ctrl Pts',(-39.277609951035,0.,-51.4133504849408));
#8677=CARTESIAN_POINT('Ctrl Pts',(-39.2859986647885,0.,-51.3901049686804));
#8678=CARTESIAN_POINT('Ctrl Pts',(-39.2915637719092,0.,-51.3745963841828));
#8679=CARTESIAN_POINT('Ctrl Pts',(-39.3398830443764,0.,-51.2387215444845));
#8680=CARTESIAN_POINT('Ctrl Pts',(-39.4242799819922,0.,-50.9803929066251));
#8681=CARTESIAN_POINT('Ctrl Pts',(-39.5094231297637,0.,-50.7001753591738));
#8682=CARTESIAN_POINT('Ctrl Pts',(-39.5643967540674,0.,-50.5135523679235));
#8683=CARTESIAN_POINT('Ctrl Pts',(-39.6006259778548,0.,-50.3891291284283));
#8684=CARTESIAN_POINT('Ctrl Pts',(-39.6452139950365,0.,-50.2334613546763));
#8685=CARTESIAN_POINT('Ctrl Pts',(-39.6978546767659,0.,-50.0460628789556));
#8686=CARTESIAN_POINT('Ctrl Pts',(-39.7498035734796,0.,-49.8577453166549));
#8687=CARTESIAN_POINT('Ctrl Pts',(-39.8011357728724,0.,-49.6684406790444));
#8688=CARTESIAN_POINT('Ctrl Pts',(-39.8687383635032,0.,-49.4149477807339));
#8689=CARTESIAN_POINT('Ctrl Pts',(-39.9516256583171,0.,-49.0964075175597));
#8690=CARTESIAN_POINT('Ctrl Pts',(-40.0482770759838,0.,-48.7125403192224));
#8691=CARTESIAN_POINT('Ctrl Pts',(-40.1418296066542,0.,-48.3278797552617));
#8692=CARTESIAN_POINT('Ctrl Pts',(-40.2319752883565,0.,-47.9430262657825));
#8693=CARTESIAN_POINT('Ctrl Pts',(-40.3183894497692,0.,-47.5583537298619));
#8694=CARTESIAN_POINT('Ctrl Pts',(-40.4007358202746,0.,-47.1740356149308));
#8695=CARTESIAN_POINT('Ctrl Pts',(-40.4656733799362,0.,-46.8540684866677));
#8696=CARTESIAN_POINT('Ctrl Pts',(-40.5152208466915,0.,-46.5982072058219));
#8697=CARTESIAN_POINT('Ctrl Pts',(-40.5630960717115,0.,-46.3423841101781));
#8698=CARTESIAN_POINT('Ctrl Pts',(-40.6196694772532,0.,-46.0226042519119));
#8699=CARTESIAN_POINT('Ctrl Pts',(-40.6714773862437,0.,-45.7025892163105));
#8700=CARTESIAN_POINT('Ctrl Pts',(-40.7097830211227,0.,-45.4462874514407));
#8701=CARTESIAN_POINT('Ctrl Pts',(-40.7458889499496,0.,-45.1897461046998));
#8702=CARTESIAN_POINT('Ctrl Pts',(-40.786693847613,0.,-44.8685349707731));
#8703=CARTESIAN_POINT('Ctrl Pts',(-40.8280138469596,0.,-44.4820052180271));
#8704=CARTESIAN_POINT('Ctrl Pts',(-40.8609041198717,0.,-44.0942643542967));
#8705=CARTESIAN_POINT('Ctrl Pts',(-40.8845684002695,0.,-43.7052872519371));
#8706=CARTESIAN_POINT('Ctrl Pts',(-40.8983004855706,0.,-43.3151756991072));
#8707=CARTESIAN_POINT('Ctrl Pts',(-40.9015859919877,0.,-42.9241591392983));
#8708=CARTESIAN_POINT('Ctrl Pts',(-40.8941555051274,0.,-42.5325840229852));
#8709=CARTESIAN_POINT('Ctrl Pts',(-40.8760134762756,0.,-42.1408918372452));
#8710=CARTESIAN_POINT('Ctrl Pts',(-40.847407092836,0.,-41.7495969935729));
#8711=CARTESIAN_POINT('Ctrl Pts',(-40.8086741508017,0.,-41.3592552163859));
#8712=CARTESIAN_POINT('Ctrl Pts',(-40.7601438196486,0.,-40.9704664849605));
#8713=CARTESIAN_POINT('Ctrl Pts',(-40.7021192612785,0.,-40.5837476559639));
#8714=CARTESIAN_POINT('Ctrl Pts',(-40.6347709049647,0.,-40.199090864684));
#8715=CARTESIAN_POINT('Ctrl Pts',(-40.5581640081021,0.,-39.8163163608763));
#8716=CARTESIAN_POINT('Ctrl Pts',(-40.4722974839567,0.,-39.4352996622334));
#8717=CARTESIAN_POINT('Ctrl Pts',(-40.3770823278394,0.,-39.056052202639));
#8718=CARTESIAN_POINT('Ctrl Pts',(-40.272293559538,0.,-38.6787310737651));
#8719=CARTESIAN_POINT('Ctrl Pts',(-40.157484209623,0.,-38.3036710712866));
#8720=CARTESIAN_POINT('Ctrl Pts',(-40.0319579001877,0.,-37.9315006479154));
#8721=CARTESIAN_POINT('Ctrl Pts',(-39.8947485434295,0.,-37.5632868949843));
#8722=CARTESIAN_POINT('Ctrl Pts',(-39.7696847363426,0.,-37.2610689936836));
#8723=CARTESIAN_POINT('Ctrl Pts',(-39.6623370390449,0.,-37.0229416208586));
#8724=CARTESIAN_POINT('Ctrl Pts',(-39.606006937916,0.,-36.9051871391868));
#8725=CARTESIAN_POINT('Ctrl Pts',(-39.5667920669934,0.,-36.8257586945241));
#8726=CARTESIAN_POINT('Ctrl Pts',(-39.5564809891604,0.,-36.8048740069733));
#8727=CARTESIAN_POINT('Ctrl Pts',(-39.546169931835,0.,-36.7839893342791));
#8728=CARTESIAN_POINT('Ctrl Pts',(-24.9329217674691,1.75217603576635E-16,
-44.9151015649755));
#8729=CARTESIAN_POINT('Ctrl Pts',(-24.9589706409408,-4.92876163699381E-16,
-44.9190727185418));
#8730=CARTESIAN_POINT('Ctrl Pts',(-24.985086877011,1.36107289202403E-15,
-44.9230541125044));
#8731=CARTESIAN_POINT('Ctrl Pts',(-25.1400197593623,-5.47256222595198E-16,
-44.9466740934093));
#8732=CARTESIAN_POINT('Ctrl Pts',(-25.3881925482206,2.98352359578803E-16,
-44.9874662027886));
#8733=CARTESIAN_POINT('Ctrl Pts',(-25.7482880444195,-1.34707040539317E-16,
-45.0547232811025));
#8734=CARTESIAN_POINT('Ctrl Pts',(-26.1056578389545,6.85177311450725E-17,
-45.129545772568));
#8735=CARTESIAN_POINT('Ctrl Pts',(-26.4672416513284,-3.59340328368884E-17,
-45.2136004065741));
#8736=CARTESIAN_POINT('Ctrl Pts',(-26.8373541995635,1.89721620412816E-17,
-45.3084590836883));
#8737=CARTESIAN_POINT('Ctrl Pts',(-27.2171172954755,-1.00113974919256E-17,
-45.4150880082219));
#8738=CARTESIAN_POINT('Ctrl Pts',(-27.604549950962,5.24256548823692E-18,
-45.5334531378069));
#8739=CARTESIAN_POINT('Ctrl Pts',(-27.9955222895689,-2.66525701863872E-18,
-45.662415969376));
#8740=CARTESIAN_POINT('Ctrl Pts',(-28.3850234736435,1.20658051584598E-18,
-45.7999479749141));
#8741=CARTESIAN_POINT('Ctrl Pts',(-28.7684192194129,-7.59055443742622E-19,
-45.9435915951944));
#8742=CARTESIAN_POINT('Ctrl Pts',(-29.1425570988904,4.1472337716197E-19,
-46.0910852161868));
#8743=CARTESIAN_POINT('Ctrl Pts',(-29.5066189674963,-2.20854701792866E-19,
-46.2409687366768));
#8744=CARTESIAN_POINT('Ctrl Pts',(-29.8632388783376,1.16073080557466E-19,
-46.393351423825));
#8745=CARTESIAN_POINT('Ctrl Pts',(-30.2159543538115,-5.95112287768764E-20,
-46.5490298876247));
#8746=CARTESIAN_POINT('Ctrl Pts',(-30.5671876697466,2.87247594283807E-20,
-46.708561187195));
#8747=CARTESIAN_POINT('Ctrl Pts',(-30.9188183132599,-7.666775212135E-21,
-46.8724310378657));
#8748=CARTESIAN_POINT('Ctrl Pts',(-31.272076630424,-1.00580722951069E-20,
-47.0409555196953));
#8749=CARTESIAN_POINT('Ctrl Pts',(-31.6276672952325,3.07366738504426E-20,
-47.2142993710339));
#8750=CARTESIAN_POINT('Ctrl Pts',(-31.9857960862385,-5.42214989698426E-20,
-47.3924621971433));
#8751=CARTESIAN_POINT('Ctrl Pts',(-32.3462341334804,1.24320967163087E-19,
-47.5752915391609));
#8752=CARTESIAN_POINT('Ctrl Pts',(-32.7083888035161,-2.46547147632901E-19,
-47.7625041524509));
#8753=CARTESIAN_POINT('Ctrl Pts',(-33.0713666205155,4.67229500812635E-19,
-47.9537120319309));
#8754=CARTESIAN_POINT('Ctrl Pts',(-33.4340520446287,-8.84642391066515E-19,
-48.1484546664987));
#8755=CARTESIAN_POINT('Ctrl Pts',(-33.7951811483291,1.66887619311865E-18,
-48.3462234900821));
#8756=CARTESIAN_POINT('Ctrl Pts',(-34.153425679942,-3.12568475172702E-18,
-48.5464933719526));
#8757=CARTESIAN_POINT('Ctrl Pts',(-34.5074678368174,5.68657686033183E-18,
-48.7487554796272));
#8758=CARTESIAN_POINT('Ctrl Pts',(-34.8560698376152,-9.00068754014133E-18,
-48.9525531769603));
#8759=CARTESIAN_POINT('Ctrl Pts',(-35.198149913738,1.96243120250835E-17,
-49.1575226453397));
#8760=CARTESIAN_POINT('Ctrl Pts',(-35.5328468334738,-3.64736632041137E-17,
-49.3634182970109));
#8761=CARTESIAN_POINT('Ctrl Pts',(-35.8595893513739,5.68351520810108E-17,
-49.5701506423807));
#8762=CARTESIAN_POINT('Ctrl Pts',(-36.1781489902587,1.2972675417844E-17,
-49.7778270957916));
#8763=CARTESIAN_POINT('Ctrl Pts',(-36.4369434006924,1.13016316036129E-15,
-49.9519747380656));
#8764=CARTESIAN_POINT('Ctrl Pts',(-36.640296277271,-5.87331733676918E-16,
-50.092283551233));
#8765=CARTESIAN_POINT('Ctrl Pts',(-36.7911048109453,7.08441427824103E-16,
-50.1981422954849));
#8766=CARTESIAN_POINT('Ctrl Pts',(-36.940357484878,8.57805145762724E-16,
-50.3047738903433));
#8767=CARTESIAN_POINT('Ctrl Pts',(-37.1375563965864,-2.16296106098319E-15,
-50.4482481267401));
#8768=CARTESIAN_POINT('Ctrl Pts',(-37.3811861424165,1.1484517619221E-15,
-50.6305360648229));
#8769=CARTESIAN_POINT('Ctrl Pts',(-37.6712550417971,-4.64690548588824E-16,
-50.8564478137539));
#8770=CARTESIAN_POINT('Ctrl Pts',(-37.9617043085141,2.98714742228283E-16,
-51.0926488347529));
#8771=CARTESIAN_POINT('Ctrl Pts',(-38.1826669004889,-1.94977134687868E-16,
-51.2810976555753));
#8772=CARTESIAN_POINT('Ctrl Pts',(-38.3322695696398,1.24458336249022E-15,
-51.4123572070178));
#8773=CARTESIAN_POINT('Ctrl Pts',(-38.4069269658447,-2.10376452646707E-15,
-51.4784633508653));
#8774=CARTESIAN_POINT('Ctrl Pts',(-38.468714626951,2.20134913489299E-15,
-51.5335515094549));
#8775=CARTESIAN_POINT('Ctrl Pts',(-38.5177104160436,-1.22908864793353E-15,
-51.5773095101497));
#8776=CARTESIAN_POINT('Ctrl Pts',(-38.5542409228325,7.64643714668649E-16,
-51.6099191448825));
#8777=CARTESIAN_POINT('Ctrl Pts',(-38.5814859775631,-2.21768929362678E-16,
-51.6341791880193));
#8778=CARTESIAN_POINT('Ctrl Pts',(-38.5996041348638,2.17959220270659E-16,
-51.6502594890011));
#8779=CARTESIAN_POINT('Ctrl Pts',(-38.6116727708223,-2.32290238284335E-16,
-51.6609544730554));
#8780=CARTESIAN_POINT('Ctrl Pts',(-38.6327712935805,5.7471551789294E-16,
-51.6796033948103));
#8781=CARTESIAN_POINT('Ctrl Pts',(-38.6628840005923,-1.18018059517436E-15,
-51.7060466510201));
#8782=CARTESIAN_POINT('Ctrl Pts',(-38.6885612970145,1.39343237964004E-15,
-51.7282959854602));
#8783=CARTESIAN_POINT('Ctrl Pts',(-38.7037495652348,-4.55504302405466E-16,
-51.7413095606508));
#8784=CARTESIAN_POINT('Ctrl Pts',(-38.7098333453124,-7.62092255160911E-16,
-51.7465084428622));
#8785=CARTESIAN_POINT('Ctrl Pts',(-38.7205039610644,1.59659897105425E-15,
-51.7555893040916));
#8786=CARTESIAN_POINT('Ctrl Pts',(-38.7327638647445,-1.71161509058238E-15,
-51.7659284446992));
#8787=CARTESIAN_POINT('Ctrl Pts',(-38.7435692806201,1.53278891850805E-15,
-51.7749404846672));
#8788=CARTESIAN_POINT('Ctrl Pts',(-38.74976957407,-8.00588505325414E-16,
-51.7800801634419));
#8789=CARTESIAN_POINT('Ctrl Pts',(-38.7590976414657,3.31649785918675E-16,
-51.7877794891375));
#8790=CARTESIAN_POINT('Ctrl Pts',(-38.7684987190481,-1.48128567609171E-15,
-51.795453407236));
#8791=CARTESIAN_POINT('Ctrl Pts',(-38.7779953445666,3.11544439095573E-16,
-51.8030989842757));
#8792=CARTESIAN_POINT('Ctrl Pts',(-38.7843535926771,5.10257203533212E-16,
-51.8081882494283));
#8793=CARTESIAN_POINT('Ctrl Pts',(-38.789954740957,-4.7842977545212E-16,
-51.8126308289532));
#8794=CARTESIAN_POINT('Ctrl Pts',(-38.7947863659932,2.09328962457208E-16,
-51.8164304473141));
#8795=CARTESIAN_POINT('Ctrl Pts',(-38.7966029444692,-1.70208267928505E-16,
-51.8178540328437));
#8796=CARTESIAN_POINT('Ctrl Pts',(-38.79781603179,-6.48331213972482E-16,
-51.8188025439224));
#8797=CARTESIAN_POINT('Ctrl Pts',(-38.7984229839378,4.34468423189699E-16,
-51.8192766896004));
#8798=CARTESIAN_POINT('Ctrl Pts',(-38.7990303487048,6.00573778907547E-16,
-51.8197507252547));
#8799=CARTESIAN_POINT('Ctrl Pts',(-38.799840721501,-2.09160276530197E-15,
-51.8203826237124));
#8800=CARTESIAN_POINT('Ctrl Pts',(-38.8006519295158,6.75358285993056E-16,
-51.821014302262));
#8801=CARTESIAN_POINT('Ctrl Pts',(-38.8014639875752,3.06140930709042E-16,
-51.8216457477233));
#8802=CARTESIAN_POINT('Ctrl Pts',(-38.8051208308058,1.41891878783149E-15,
-51.824486615378));
#8803=CARTESIAN_POINT('Ctrl Pts',(-38.8151344171542,-1.11106403598575E-15,
-51.8322033194264));
#8804=CARTESIAN_POINT('Ctrl Pts',(-38.8259662155256,-8.4902760701661E-16,
-51.840342226998));
#8805=CARTESIAN_POINT('Ctrl Pts',(-38.8338016703755,-3.02699897108427E-16,
-51.8460873906815));
#8806=CARTESIAN_POINT('Ctrl Pts',(-38.8350750699778,4.09841706665735E-16,
-51.8470177557859));
#8807=CARTESIAN_POINT('Ctrl Pts',(-38.8359246685458,2.43891948177146E-16,
-51.8476376707081));
#8808=CARTESIAN_POINT('Ctrl Pts',(-38.8382644843416,-6.59382874785774E-16,
-51.8493410124724));
#8809=CARTESIAN_POINT('Ctrl Pts',(-38.841254580729,1.69115001465685E-15,
-51.8515026397473));
#8810=CARTESIAN_POINT('Ctrl Pts',(-38.8442607783358,-4.01961963605127E-16,
-51.8536551000778));
#8811=CARTESIAN_POINT('Ctrl Pts',(-38.8459819117707,5.78952947855434E-17,
-51.8548822341783));
#8812=CARTESIAN_POINT('Ctrl Pts',(-38.8472765282617,5.37914943547157E-16,
-51.8558010699471));
#8813=CARTESIAN_POINT('Ctrl Pts',(-38.8485696955207,-6.79856225368679E-16,
-51.8567184099483));
#8814=CARTESIAN_POINT('Ctrl Pts',(-38.8503042043884,2.63578271163921E-16,
-51.8579392162477));
#8815=CARTESIAN_POINT('Ctrl Pts',(-38.8654425802281,-1.34913278159985E-15,
-51.868594949335));
#8816=CARTESIAN_POINT('Ctrl Pts',(-38.8949368002736,3.82926692708756E-16,
-51.8879604769558));
#8817=CARTESIAN_POINT('Ctrl Pts',(-38.9318451028591,-4.76906943270805E-16,
-51.9082754163317));
#8818=CARTESIAN_POINT('Ctrl Pts',(-38.9668521764885,-1.84464463456528E-17,
-51.9216788516348));
#8819=CARTESIAN_POINT('Ctrl Pts',(-38.9880530972727,2.43318710476691E-17,
-51.9261026220994));
#8820=CARTESIAN_POINT('Ctrl Pts',(-39.0024523223478,2.642730910018E-17,
-51.9261812749808));
#8821=CARTESIAN_POINT('Ctrl Pts',(-39.0084555603892,-2.54142762204135E-16,
-51.9258242694465));
#8822=CARTESIAN_POINT('Ctrl Pts',(-39.0195164637551,6.25017797130716E-16,
-51.9242168822856));
#8823=CARTESIAN_POINT('Ctrl Pts',(-39.0313660307009,-3.68963807556051E-16,
-51.919826639355));
#8824=CARTESIAN_POINT('Ctrl Pts',(-39.0398581106332,4.786991059265E-16,
-51.9151825704382));
#8825=CARTESIAN_POINT('Ctrl Pts',(-39.0444601893304,-1.52524106518743E-16,
-51.912364306333));
#8826=CARTESIAN_POINT('Ctrl Pts',(-39.0477076315226,-2.38361862011751E-16,
-51.9102005194021));
#8827=CARTESIAN_POINT('Ctrl Pts',(-39.0508523660625,2.3611509218763E-16,
-51.9079808412394));
#8828=CARTESIAN_POINT('Ctrl Pts',(-39.0531023845808,-1.14920222367384E-15,
-51.9062891965222));
#8829=CARTESIAN_POINT('Ctrl Pts',(-39.0544557303086,4.42291575311674E-16,
-51.9052434539369));
#8830=CARTESIAN_POINT('Ctrl Pts',(-39.0549421360588,1.1732806822681E-16,
-51.9048626928356));
#8831=CARTESIAN_POINT('Ctrl Pts',(-39.0556701793083,-8.25264483089342E-16,
-51.904290132045));
#8832=CARTESIAN_POINT('Ctrl Pts',(-39.0572308628737,-3.2269242974869E-16,
-51.9030441039594));
#8833=CARTESIAN_POINT('Ctrl Pts',(-39.0623762249575,-1.04994460560952E-15,
-51.8987858744314));
#8834=CARTESIAN_POINT('Ctrl Pts',(-39.0675658706034,5.59671649527571E-16,
-51.8940122486387));
#8835=CARTESIAN_POINT('Ctrl Pts',(-39.0724590896298,-2.0298312926371E-16,
-51.889156410602));
#8836=CARTESIAN_POINT('Ctrl Pts',(-39.0756492017322,4.79145942548775E-16,
-51.8858975266951));
#8837=CARTESIAN_POINT('Ctrl Pts',(-39.0841342201197,4.25280078114512E-16,
-51.8768548647151));
#8838=CARTESIAN_POINT('Ctrl Pts',(-39.0967447506254,3.63468102436168E-16,
-51.861684808787));
#8839=CARTESIAN_POINT('Ctrl Pts',(-39.1094541817585,-4.21006044714996E-16,
-51.8442138628309));
#8840=CARTESIAN_POINT('Ctrl Pts',(-39.1190518072667,-1.25644402090679E-15,
-51.8299584444741));
#8841=CARTESIAN_POINT('Ctrl Pts',(-39.124830965207,4.59647356700112E-16,
-51.8209666524361));
#8842=CARTESIAN_POINT('Ctrl Pts',(-39.1293383164431,-6.0324827493239E-16,
-51.813732368259));
#8843=CARTESIAN_POINT('Ctrl Pts',(-39.1337709470083,3.01804620344693E-16,
-51.8064755244231));
#8844=CARTESIAN_POINT('Ctrl Pts',(-39.1391795307824,-1.63079656815831E-15,
-51.7973664176597));
#8845=CARTESIAN_POINT('Ctrl Pts',(-39.1454781920314,1.38457398827737E-15,
-51.7863889331787));
#8846=CARTESIAN_POINT('Ctrl Pts',(-39.1536449244866,-1.15681141382641E-15,
-51.7717023513815));
#8847=CARTESIAN_POINT('Ctrl Pts',(-39.1614973245223,2.23950620960978E-16,
-51.7569551377877));
#8848=CARTESIAN_POINT('Ctrl Pts',(-39.1690919995818,-8.49926488094646E-16,
-51.7421599078526));
#8849=CARTESIAN_POINT('Ctrl Pts',(-39.1765294351158,7.71710866974998E-16,
-51.7273336954035));
#8850=CARTESIAN_POINT('Ctrl Pts',(-39.1855594148327,6.69170115307056E-16,
-51.7087442976721));
#8851=CARTESIAN_POINT('Ctrl Pts',(-39.1995320211019,-5.17665223837395E-16,
-51.6788768896027));
#8852=CARTESIAN_POINT('Ctrl Pts',(-39.2162524578551,-1.23023937350741E-15,
-51.641298523974));
#8853=CARTESIAN_POINT('Ctrl Pts',(-39.2354567134831,1.06491294241065E-15,
-51.5957668837553));
#8854=CARTESIAN_POINT('Ctrl Pts',(-39.2539768448464,-1.78795014801014E-15,
-51.5498642301619));
#8855=CARTESIAN_POINT('Ctrl Pts',(-39.2719314651281,1.27832015657514E-15,
-51.5036726117004));
#8856=CARTESIAN_POINT('Ctrl Pts',(-39.289409016212,-5.91973578525557E-16,
-51.4572532549207));
#8857=CARTESIAN_POINT('Ctrl Pts',(-39.3022103470678,2.97497196833922E-16,
-51.4223069447179));
#8858=CARTESIAN_POINT('Ctrl Pts',(-39.3106321554807,-2.88610486188175E-16,
-51.3989694165838));
#8859=CARTESIAN_POINT('Ctrl Pts',(-39.3162195547664,3.89303775336242E-16,
-51.3833992583934));
#8860=CARTESIAN_POINT('Ctrl Pts',(-39.3647076889201,-2.16418991420052E-15,
-51.2470445023351));
#8861=CARTESIAN_POINT('Ctrl Pts',(-39.4492648354457,5.58413574393819E-16,
-50.9882179201281));
#8862=CARTESIAN_POINT('Ctrl Pts',(-39.5344991806052,2.95602455719359E-16,
-50.7076985750246));
#8863=CARTESIAN_POINT('Ctrl Pts',(-39.5895216414711,-4.31120066798322E-16,
-50.5209097762868));
#8864=CARTESIAN_POINT('Ctrl Pts',(-39.6257802493838,7.08297103360154E-17,
-50.3963856004161));
#8865=CARTESIAN_POINT('Ctrl Pts',(-39.6704009256815,-1.44221575444061E-15,
-50.2406037401975));
#8866=CARTESIAN_POINT('Ctrl Pts',(-39.7230760907486,2.3757811909217E-15,
-50.0530824543157));
#8867=CARTESIAN_POINT('Ctrl Pts',(-39.7750563674215,-2.1750757670266E-15,
-49.8646511064238));
#8868=CARTESIAN_POINT('Ctrl Pts',(-39.8264177377682,2.27329856688467E-15,
-49.6752388726806));
#8869=CARTESIAN_POINT('Ctrl Pts',(-39.8940571828568,-1.12337840455657E-15,
-49.4216077556195));
#8870=CARTESIAN_POINT('Ctrl Pts',(-39.9769879950592,9.65071485782524E-16,
-49.1029002223845));
#8871=CARTESIAN_POINT('Ctrl Pts',(-40.0736902289296,2.56197559509443E-16,
-48.718831239674));
#8872=CARTESIAN_POINT('Ctrl Pts',(-40.1672937889081,-2.02719049834166E-16,
-48.3339609540675));
#8873=CARTESIAN_POINT('Ctrl Pts',(-40.2574918563918,1.1639775465446E-16,
-47.9488839801659));
#8874=CARTESIAN_POINT('Ctrl Pts',(-40.3439604509121,-6.48639797708658E-17,
-47.5639693673334));
#8875=CARTESIAN_POINT('Ctrl Pts',(-40.4263636356462,3.88541092545699E-17,
-47.1793864103401));
#8876=CARTESIAN_POINT('Ctrl Pts',(-40.4913505850668,-1.83869524731171E-17,
-46.859176277286));
#8877=CARTESIAN_POINT('Ctrl Pts',(-40.5409387026555,7.63903576145779E-18,
-46.6031051772118));
#8878=CARTESIAN_POINT('Ctrl Pts',(-40.5888552668233,-5.93074050103749E-18,
-46.3470612717726));
#8879=CARTESIAN_POINT('Ctrl Pts',(-40.6454814960295,3.87763773072596E-18,
-46.0269834507316));
#8880=CARTESIAN_POINT('Ctrl Pts',(-40.6973431305931,-1.70433053013505E-18,
-45.7066374019292));
#8881=CARTESIAN_POINT('Ctrl Pts',(-40.7356916947279,6.90515165837112E-19,
-45.4500486385451));
#8882=CARTESIAN_POINT('Ctrl Pts',(-40.7718402347407,-5.14954845154844E-19,
-45.1932047448077));
#8883=CARTESIAN_POINT('Ctrl Pts',(-40.8126972574978,2.91561306353445E-19,
-44.8715848520201));
#8884=CARTESIAN_POINT('Ctrl Pts',(-40.8540755871106,-1.41990134231691E-19,
-44.4845120177608));
#8885=CARTESIAN_POINT('Ctrl Pts',(-40.8870168072626,6.5864222240675E-20,
-44.0961740667431));
#8886=CARTESIAN_POINT('Ctrl Pts',(-40.9107207811181,-1.89866004221009E-20,
-43.7065490685261));
#8887=CARTESIAN_POINT('Ctrl Pts',(-40.9244772692187,-1.97467217898702E-20,
-43.3157499882711));
#8888=CARTESIAN_POINT('Ctrl Pts',(-40.9277688557747,6.67047457626735E-20,
-42.9240215993235));
#8889=CARTESIAN_POINT('Ctrl Pts',(-40.9203247123655,-1.41531431099624E-19,
-42.5317279371866));
#8890=CARTESIAN_POINT('Ctrl Pts',(-40.9021497763737,2.75507722705918E-19,
-42.1393278929526));
#8891=CARTESIAN_POINT('Ctrl Pts',(-40.873493062959,-5.24733109614153E-19,
-41.7473465256405));
#8892=CARTESIAN_POINT('Ctrl Pts',(-40.8346938947157,9.94340421875665E-19,
-41.3563383699019));
#8893=CARTESIAN_POINT('Ctrl Pts',(-40.7860824571278,-1.88874858803955E-18,
-40.9669005524871));
#8894=CARTESIAN_POINT('Ctrl Pts',(-40.7279624992154,3.64880266587119E-18,
-40.5795461838575));
#8895=CARTESIAN_POINT('Ctrl Pts',(-40.6605044421396,-7.55901915179027E-18,
-40.1942630650793));
#8896=CARTESIAN_POINT('Ctrl Pts',(-40.5837735352265,1.97525813944133E-17,
-39.810868913454));
#8897=CARTESIAN_POINT('Ctrl Pts',(-40.4977678127322,-8.30646303942775E-17,
-39.4292345636843));
#8898=CARTESIAN_POINT('Ctrl Pts',(-40.4023964295688,6.27123237863708E-16,
-39.0493643066643));
#8899=CARTESIAN_POINT('Ctrl Pts',(-40.297429657501,-9.7438206351759E-16,
-38.671401772698));
#8900=CARTESIAN_POINT('Ctrl Pts',(-40.18241368836,4.0449183129997E-16,-38.2956651492007));
#8901=CARTESIAN_POINT('Ctrl Pts',(-40.0566394034717,-4.54195524213857E-16,
-37.9227582442456));
#8902=CARTESIAN_POINT('Ctrl Pts',(-39.9191275734215,7.07535009701746E-16,
-37.5537293283063));
#8903=CARTESIAN_POINT('Ctrl Pts',(-39.7937432820332,-8.71960712086855E-17,
-37.2507345900969));
#8904=CARTESIAN_POINT('Ctrl Pts',(-39.6860886387207,8.19158001853021E-16,
-37.0119245223256));
#8905=CARTESIAN_POINT('Ctrl Pts',(-39.6295723298652,-4.39973438124411E-16,
-36.8937809055322));
#8906=CARTESIAN_POINT('Ctrl Pts',(-39.590243816557,3.54289382414446E-15,
-36.8141222142339));
#8907=CARTESIAN_POINT('Ctrl Pts',(-39.5799709049705,1.22987564165615E-15,
-36.7933148548137));
#8908=CARTESIAN_POINT('Ctrl Pts',(-39.5696447074393,1.57028716976985E-15,
-36.7723995066337));
#8909=CARTESIAN_POINT('Ctrl Pts',(-24.9267614041914,0.0169985194698801,
-44.955510597967));
#8910=CARTESIAN_POINT('Ctrl Pts',(-24.9528436557506,0.0169985194698793,
-44.9594868421065));
#8911=CARTESIAN_POINT('Ctrl Pts',(-24.9789509370996,0.0169985194698816,
-44.963466865854));
#8912=CARTESIAN_POINT('Ctrl Pts',(-25.1336317546873,0.0169985194698793,
-44.9870484415721));
#8913=CARTESIAN_POINT('Ctrl Pts',(-25.3811306755626,0.0169985194698802,
-45.0277307413322));
#8914=CARTESIAN_POINT('Ctrl Pts',(-25.7403748720311,0.0169985194698798,
-45.094828017006));
#8915=CARTESIAN_POINT('Ctrl Pts',(-26.0968451051443,0.0169985194698799,
-45.1694634239115));
#8916=CARTESIAN_POINT('Ctrl Pts',(-26.4575428961103,0.0169985194698798,
-45.2533118489695));
#8917=CARTESIAN_POINT('Ctrl Pts',(-26.8267503707655,0.0169985194698799,
-45.3479390016689));
#8918=CARTESIAN_POINT('Ctrl Pts',(-27.2056134478884,0.0169985194698798,
-45.4543150652752));
#8919=CARTESIAN_POINT('Ctrl Pts',(-27.592165726456,0.0169985194698799,-45.5724111591489));
#8920=CARTESIAN_POINT('Ctrl Pts',(-27.9823037018685,0.0169985194698798,
-45.7010984853521));
#8921=CARTESIAN_POINT('Ctrl Pts',(-28.3710362634016,0.0169985194698798,
-45.8383588173617));
#8922=CARTESIAN_POINT('Ctrl Pts',(-28.7537419744648,0.0169985194698799,
-45.9817435759508));
#8923=CARTESIAN_POINT('Ctrl Pts',(-29.1272708794799,0.0169985194698799,
-46.1289968736415));
#8924=CARTESIAN_POINT('Ctrl Pts',(-29.4907988384904,0.0169985194698799,
-46.2786603652853));
#8925=CARTESIAN_POINT('Ctrl Pts',(-29.8469476760996,0.0169985194698799,
-46.4308415995453));
#8926=CARTESIAN_POINT('Ctrl Pts',(-30.1992426573716,0.0169985194698798,
-46.5863343341937));
#8927=CARTESIAN_POINT('Ctrl Pts',(-30.5500963450691,0.0169985194698799,
-46.7456931017728));
#8928=CARTESIAN_POINT('Ctrl Pts',(-30.901379971877,0.0169985194698798,-46.9094011500876));
#8929=CARTESIAN_POINT('Ctrl Pts',(-31.2543167865267,0.0169985194698799,
-47.0777721953446));
#8930=CARTESIAN_POINT('Ctrl Pts',(-31.6096051594274,0.0169985194698799,
-47.2509686407067));
#8931=CARTESIAN_POINT('Ctrl Pts',(-31.9674450607432,0.0169985194698799,
-47.4289877211668));
#8932=CARTESIAN_POINT('Ctrl Pts',(-32.3276020479124,0.0169985194698798,
-47.6116744866162));
#8933=CARTESIAN_POINT('Ctrl Pts',(-32.689477994504,0.0169985194698797,-47.798743021598));
#8934=CARTESIAN_POINT('Ctrl Pts',(-33.052173747556,0.0169985194698797,-47.9898023379097));
#8935=CARTESIAN_POINT('Ctrl Pts',(-33.4145685654473,0.0169985194698796,
-48.1843889823767));
#8936=CARTESIAN_POINT('Ctrl Pts',(-33.7753941272296,0.0169985194698793,
-48.3819916581161));
#8937=CARTESIAN_POINT('Ctrl Pts',(-34.1333181824451,0.0169985194698792,
-48.5820824811321));
#8938=CARTESIAN_POINT('Ctrl Pts',(-34.4870191170785,0.0169985194698785,
-48.7841498617376));
#8939=CARTESIAN_POINT('Ctrl Pts',(-34.8352553662739,0.0169985194698782,
-48.9877338899953));
#8940=CARTESIAN_POINT('Ctrl Pts',(-35.1769418975863,0.0169985194698767,
-49.1924679914627));
#8941=CARTESIAN_POINT('Ctrl Pts',(-35.5112159243093,0.0169985194698747,
-49.3981039978476));
#8942=CARTESIAN_POINT('Ctrl Pts',(-35.8375053277621,0.0169985194698723,
-49.6045503327789));
#8943=CARTESIAN_POINT('Ctrl Pts',(-36.1555811512208,0.0169985194698664,
-49.8119126988691));
#8944=CARTESIAN_POINT('Ctrl Pts',(-36.4139474278526,0.0169985194698582,
-49.9857743179243));
#8945=CARTESIAN_POINT('Ctrl Pts',(-36.6169439982234,0.0169985194698515,
-50.1258382089902));
#8946=CARTESIAN_POINT('Ctrl Pts',(-36.7674775311662,0.0169985194698475,
-50.2315050935612));
#8947=CARTESIAN_POINT('Ctrl Pts',(-36.9164471165465,0.0169985194698402,
-50.3379359623646));
#8948=CARTESIAN_POINT('Ctrl Pts',(-37.1132569340289,0.0169985194698233,
-50.4811298171819));
#8949=CARTESIAN_POINT('Ctrl Pts',(-37.3563736809789,0.0169985194697831,
-50.6630435287401));
#8950=CARTESIAN_POINT('Ctrl Pts',(-37.6457746164109,0.0169985194696919,
-50.8884541563079));
#8951=CARTESIAN_POINT('Ctrl Pts',(-37.9355051317109,0.0169985194696062,
-51.124090556736));
#8952=CARTESIAN_POINT('Ctrl Pts',(-38.1558666168208,0.0169985194693966,
-51.3120730478207));
#8953=CARTESIAN_POINT('Ctrl Pts',(-38.3051541651436,0.0169985194693586,
-51.4430653300292));
#8954=CARTESIAN_POINT('Ctrl Pts',(-38.3796805073907,0.0169985194693298,
-51.5090608924953));
#8955=CARTESIAN_POINT('Ctrl Pts',(-38.4414007041117,0.0169985194692988,
-51.5640973658412));
#8956=CARTESIAN_POINT('Ctrl Pts',(-38.4903855137881,0.0169985194692806,
-51.607848715522));
#8957=CARTESIAN_POINT('Ctrl Pts',(-38.5269358105909,0.0169985194692713,
-51.6404787895794));
#8958=CARTESIAN_POINT('Ctrl Pts',(-38.5542205521919,0.0169985194692542,
-51.6647778444966));
#8959=CARTESIAN_POINT('Ctrl Pts',(-38.5723812719196,0.0169985194692524,
-51.6808964798236));
#8960=CARTESIAN_POINT('Ctrl Pts',(-38.5844823629333,0.0169985194692503,
-51.6916205527703));
#8961=CARTESIAN_POINT('Ctrl Pts',(-38.6056486649085,0.0169985194692438,
-51.710331168563));
#8962=CARTESIAN_POINT('Ctrl Pts',(-38.6358953139934,0.0169985194692213,
-51.7368967574778));
#8963=CARTESIAN_POINT('Ctrl Pts',(-38.6617442674406,0.0169985194691984,
-51.7593011263439));
#8964=CARTESIAN_POINT('Ctrl Pts',(-38.6770636997614,0.0169985194691933,
-51.7724276759131));
#8965=CARTESIAN_POINT('Ctrl Pts',(-38.6832026137637,0.0169985194691923,
-51.7776738072538));
#8966=CARTESIAN_POINT('Ctrl Pts',(-38.6939768541726,0.0169985194691932,
-51.7868433401238));
#8967=CARTESIAN_POINT('Ctrl Pts',(-38.7063723043775,0.0169985194691794,
-51.7972989332773));
#8968=CARTESIAN_POINT('Ctrl Pts',(-38.7173169004464,0.016998519469181,-51.8064276455041));
#8969=CARTESIAN_POINT('Ctrl Pts',(-38.723603130263,0.0169985194691772,-51.8116387273338));
#8970=CARTESIAN_POINT('Ctrl Pts',(-38.7330668465638,0.0169985194691781,
-51.8194501700525));
#8971=CARTESIAN_POINT('Ctrl Pts',(-38.7426191648731,0.0169985194691629,
-51.8272504543039));
#8972=CARTESIAN_POINT('Ctrl Pts',(-38.7522913627985,0.0169985194691642,
-51.8350376195677));
#8973=CARTESIAN_POINT('Ctrl Pts',(-38.7587730396256,0.0169985194691636,
-51.8402258569722));
#8974=CARTESIAN_POINT('Ctrl Pts',(-38.7644906990188,0.0169985194691587,
-51.844761664695));
#8975=CARTESIAN_POINT('Ctrl Pts',(-38.7694299857576,0.0169985194691593,
-51.848646017645));
#8976=CARTESIAN_POINT('Ctrl Pts',(-38.7712880609256,0.0169985194691585,
-51.8501021797055));
#8977=CARTESIAN_POINT('Ctrl Pts',(-38.7725293284897,0.0169985194691579,
-51.8510727314446));
#8978=CARTESIAN_POINT('Ctrl Pts',(-38.7731504706204,0.0169985194691592,
-51.8515579660211));
#8979=CARTESIAN_POINT('Ctrl Pts',(-38.7737721261841,0.0169985194691595,
-51.8520431583877));
#8980=CARTESIAN_POINT('Ctrl Pts',(-38.7746016908313,0.016998519469156,-51.8526900235976));
#8981=CARTESIAN_POINT('Ctrl Pts',(-38.775432279282,0.0169985194691597,-51.8533368163939));
#8982=CARTESIAN_POINT('Ctrl Pts',(-38.776263948001,0.0169985194691592,-51.8539835056809));
#8983=CARTESIAN_POINT('Ctrl Pts',(-38.7800095559001,0.016998519469161,-51.8568934560621));
#8984=CARTESIAN_POINT('Ctrl Pts',(-38.7902793425431,0.0169985194691593,
-51.8648083113622));
#8985=CARTESIAN_POINT('Ctrl Pts',(-38.8014308783936,0.0169985194691691,
-51.8731926257108));
#8986=CARTESIAN_POINT('Ctrl Pts',(-38.8095337375487,0.0169985194691704,
-51.879134138095));
#8987=CARTESIAN_POINT('Ctrl Pts',(-38.8108513424019,0.0169985194691713,
-51.880096844433));
#8988=CARTESIAN_POINT('Ctrl Pts',(-38.8117307912745,0.0169985194691711,
-51.8807384695001));
#8989=CARTESIAN_POINT('Ctrl Pts',(-38.8141530268875,0.0169985194691699,
-51.8825021068995));
#8990=CARTESIAN_POINT('Ctrl Pts',(-38.8172532546453,0.016998519469173,-51.8847431549256));
#8991=CARTESIAN_POINT('Ctrl Pts',(-38.8203737387336,0.0169985194691704,
-51.8869781543408));
#8992=CARTESIAN_POINT('Ctrl Pts',(-38.822163366877,0.016998519469171,-51.8882534022993));
#8993=CARTESIAN_POINT('Ctrl Pts',(-38.8235074649941,0.0169985194691715,
-51.8892088026258));
#8994=CARTESIAN_POINT('Ctrl Pts',(-38.8248566926294,0.01699851946917,-51.8901632013839));
#8995=CARTESIAN_POINT('Ctrl Pts',(-38.8266552543115,0.0169985194691712,
-51.8914340335419));
#8996=CARTESIAN_POINT('Ctrl Pts',(-38.8424687222675,0.0169985194691703,
-51.902538372033));
#8997=CARTESIAN_POINT('Ctrl Pts',(-38.8735306686713,0.0169985194691823,
-51.922922036811));
#8998=CARTESIAN_POINT('Ctrl Pts',(-38.9136276812276,0.0169985194691876,
-51.945221308545));
#8999=CARTESIAN_POINT('Ctrl Pts',(-38.9547595092452,0.0169985194691896,
-51.9609379365039));
#9000=CARTESIAN_POINT('Ctrl Pts',(-38.9821616876368,0.0169985194691894,
-51.9670115016306));
#9001=CARTESIAN_POINT('Ctrl Pts',(-39.0036788811315,0.0169985194691895,
-51.9669849473754));
#9002=CARTESIAN_POINT('Ctrl Pts',(-39.0127720464312,0.016998519469189,-51.9664868981078));
#9003=CARTESIAN_POINT('Ctrl Pts',(-39.0301168395726,0.0169985194691901,
-51.9639492224756));
#9004=CARTESIAN_POINT('Ctrl Pts',(-39.0484559346025,0.0169985194691886,
-51.9571163181702));
#9005=CARTESIAN_POINT('Ctrl Pts',(-39.0604129070631,0.0169985194691894,
-51.950551453431));
#9006=CARTESIAN_POINT('Ctrl Pts',(-39.0666309187669,0.0169985194691886,
-51.9467246448255));
#9007=CARTESIAN_POINT('Ctrl Pts',(-39.0709837024831,0.0169985194691884,
-51.9438340186615));
#9008=CARTESIAN_POINT('Ctrl Pts',(-39.0750727634781,0.016998519469189,-51.9409381530073));
#9009=CARTESIAN_POINT('Ctrl Pts',(-39.0779742568794,0.0169985194691871,
-51.9387632769324));
#9010=CARTESIAN_POINT('Ctrl Pts',(-39.0796867486773,0.0169985194691892,
-51.9374360109964));
#9011=CARTESIAN_POINT('Ctrl Pts',(-39.0803051353521,0.0169985194691888,
-51.9369530601556));
#9012=CARTESIAN_POINT('Ctrl Pts',(-39.0812256924745,0.0169985194691875,
-51.936229004319));
#9013=CARTESIAN_POINT('Ctrl Pts',(-39.0831889123351,0.0169985194691882,
-51.934660885588));
#9014=CARTESIAN_POINT('Ctrl Pts',(-39.0895971537913,0.0169985194691877,
-51.9293583881046));
#9015=CARTESIAN_POINT('Ctrl Pts',(-39.0958395358918,0.0169985194691941,
-51.9236048152829));
#9016=CARTESIAN_POINT('Ctrl Pts',(-39.1016097313171,0.0169985194691935,
-51.9178793718053));
#9017=CARTESIAN_POINT('Ctrl Pts',(-39.1053372584247,0.0169985194691948,
-51.9140698373879));
#9018=CARTESIAN_POINT('Ctrl Pts',(-39.1151475514894,0.0169985194691963,
-51.9036157619851));
#9019=CARTESIAN_POINT('Ctrl Pts',(-39.1292441033091,0.0169985194692124,
-51.8866256952356));
#9020=CARTESIAN_POINT('Ctrl Pts',(-39.1430637651644,0.0169985194692193,
-51.8676191423986));
#9021=CARTESIAN_POINT('Ctrl Pts',(-39.1533509743568,0.0169985194692204,
-51.8523365663713));
#9022=CARTESIAN_POINT('Ctrl Pts',(-39.1594969132064,0.0169985194692256,
-51.842773119467));
#9023=CARTESIAN_POINT('Ctrl Pts',(-39.1642665231761,0.0169985194692251,
-51.8351174683495));
#9024=CARTESIAN_POINT('Ctrl Pts',(-39.168943007661,0.0169985194692271,-51.8274611522269));
#9025=CARTESIAN_POINT('Ctrl Pts',(-39.1746245493928,0.0169985194692271,
-51.8178912580013));
#9026=CARTESIAN_POINT('Ctrl Pts',(-39.1812098391935,0.0169985194692336,
-51.8064132046461));
#9027=CARTESIAN_POINT('Ctrl Pts',(-39.1897134960288,0.0169985194692324,
-51.7911196830026));
#9028=CARTESIAN_POINT('Ctrl Pts',(-39.1978448762971,0.016998519469243,-51.775844849237));
#9029=CARTESIAN_POINT('Ctrl Pts',(-39.2056794200202,0.0169985194692434,
-51.760581558443));
#9030=CARTESIAN_POINT('Ctrl Pts',(-39.2133333104714,0.0169985194692478,
-51.7453229891686));
#9031=CARTESIAN_POINT('Ctrl Pts',(-39.222595340135,0.0169985194692547,-51.7262528926956));
#9032=CARTESIAN_POINT('Ctrl Pts',(-39.2368795013405,0.0169985194692596,
-51.695716564834));
#9033=CARTESIAN_POINT('Ctrl Pts',(-39.2538985068976,0.0169985194692818,
-51.6574561849501));
#9034=CARTESIAN_POINT('Ctrl Pts',(-39.2733744413066,0.0169985194693025,
-51.6112719537516));
#9035=CARTESIAN_POINT('Ctrl Pts',(-39.2921053272709,0.0169985194693175,
-51.5648382676539));
#9036=CARTESIAN_POINT('Ctrl Pts',(-39.3102279450189,0.0169985194693373,
-51.5182069091386));
#9037=CARTESIAN_POINT('Ctrl Pts',(-39.3278431410166,0.0169985194693473,
-51.4714161436006));
#9038=CARTESIAN_POINT('Ctrl Pts',(-39.3407286014583,0.0169985194693596,
-51.4362343816957));
#9039=CARTESIAN_POINT('Ctrl Pts',(-39.3492032327298,0.0169985194693605,
-51.4127502209876));
#9040=CARTESIAN_POINT('Ctrl Pts',(-39.3548228123586,0.0169985194693612,
-51.3970895478871));
#9041=CARTESIAN_POINT('Ctrl Pts',(-39.4035901989314,0.0169985194693847,
-51.2599433369754));
#9042=CARTESIAN_POINT('Ctrl Pts',(-39.4883228296961,0.0169985194696216,
-51.0004205169796));
#9043=CARTESIAN_POINT('Ctrl Pts',(-39.5736849911792,0.0169985194697411,
-50.7194198340903));
#9044=CARTESIAN_POINT('Ctrl Pts',(-39.6287757231699,0.0169985194697657,
-50.5323814130101));
#9045=CARTESIAN_POINT('Ctrl Pts',(-39.6650794831276,0.0169985194697723,
-50.4076987621142));
#9046=CARTESIAN_POINT('Ctrl Pts',(-39.7097452113144,0.0169985194697947,
-50.2517435463201));
#9047=CARTESIAN_POINT('Ctrl Pts',(-39.7624713087029,0.0169985194698133,
-50.0640319251704));
#9048=CARTESIAN_POINT('Ctrl Pts',(-39.8144973481711,0.0169985194698213,
-49.8754252476869));
#9049=CARTESIAN_POINT('Ctrl Pts',(-39.8659022706387,0.016998519469836,-49.6858462263909));
#9050=CARTESIAN_POINT('Ctrl Pts',(-39.9335975328293,0.0169985194698391,
-49.4320004579006));
#9051=CARTESIAN_POINT('Ctrl Pts',(-40.0165926018153,0.0169985194698581,
-49.11303413252));
#9052=CARTESIAN_POINT('Ctrl Pts',(-40.1133724133097,0.0169985194698648,
-48.728651264442));
#9053=CARTESIAN_POINT('Ctrl Pts',(-40.207054161729,0.0169985194698708,-48.3434544889223));
#9054=CARTESIAN_POINT('Ctrl Pts',(-40.2973332914479,0.0169985194698743,
-47.9580290615034));
#9055=CARTESIAN_POINT('Ctrl Pts',(-40.3838863331311,0.0169985194698766,
-47.5727368335276));
#9056=CARTESIAN_POINT('Ctrl Pts',(-40.4663779400383,0.0169985194698779,
-47.1877405523296));
#9057=CARTESIAN_POINT('Ctrl Pts',(-40.5314417909383,0.0169985194698789,
-46.8671511451292));
#9058=CARTESIAN_POINT('Ctrl Pts',(-40.5810933328499,0.016998519469879,-46.6107524701436));
#9059=CARTESIAN_POINT('Ctrl Pts',(-40.6290744094518,0.0169985194698792,
-46.3543638290788));
#9060=CARTESIAN_POINT('Ctrl Pts',(-40.6857830447277,0.0169985194698794,
-46.0338208284674));
#9061=CARTESIAN_POINT('Ctrl Pts',(-40.7377285276722,0.0169985194698797,
-45.7129579741254));
#9062=CARTESIAN_POINT('Ctrl Pts',(-40.7761441013643,0.0169985194698796,
-45.4559211179498));
#9063=CARTESIAN_POINT('Ctrl Pts',(-40.8123591715181,0.0169985194698798,
-45.1986048406378));
#9064=CARTESIAN_POINT('Ctrl Pts',(-40.8532975581149,0.0169985194698797,
-44.8763467425365));
#9065=CARTESIAN_POINT('Ctrl Pts',(-40.8947669514061,0.0169985194698799,
-44.4884259631585));
#9066=CARTESIAN_POINT('Ctrl Pts',(-40.9277877033608,0.0169985194698798,
-44.0991557575659));
#9067=CARTESIAN_POINT('Ctrl Pts',(-40.9515536391876,0.0169985194698799,
-43.7085191251891));
#9068=CARTESIAN_POINT('Ctrl Pts',(-40.9653482070461,0.0169985194698798,
-43.3166465604613));
#9069=CARTESIAN_POINT('Ctrl Pts',(-40.9686492538666,0.0169985194698798,
-42.9238066740203));
#9070=CARTESIAN_POINT('Ctrl Pts',(-40.961183734945,0.0169985194698798,-42.5303910261813));
#9071=CARTESIAN_POINT('Ctrl Pts',(-40.94295733109,0.0169985194698799,-42.1368855713402));
#9072=CARTESIAN_POINT('Ctrl Pts',(-40.91422189685,0.0169985194698798,-41.7438320459394));
#9073=CARTESIAN_POINT('Ctrl Pts',(-40.8753190993042,0.0169985194698799,
-41.3517829834295));
#9074=CARTESIAN_POINT('Ctrl Pts',(-40.826580648767,0.0169985194698799,-40.9613309488179));
#9075=CARTESIAN_POINT('Ctrl Pts',(-40.768311150771,0.0169985194698798,-40.572983098191));
#9076=CARTESIAN_POINT('Ctrl Pts',(-40.7006807630977,0.0169985194698799,
-40.186719932832));
#9077=CARTESIAN_POINT('Ctrl Pts',(-40.6237547453964,0.0169985194698798,
-39.8023552852486));
#9078=CARTESIAN_POINT('Ctrl Pts',(-40.5375286885494,0.0169985194698797,
-39.4197504957958));
#9079=CARTESIAN_POINT('Ctrl Pts',(-40.4419098475862,0.0169985194698807,
-39.0389006896498));
#9080=CARTESIAN_POINT('Ctrl Pts',(-40.3366561312689,0.0169985194698786,
-38.6599184193813));
#9081=CARTESIAN_POINT('Ctrl Pts',(-40.2213104276958,0.0169985194698805,
-38.2831109688864));
#9082=CARTESIAN_POINT('Ctrl Pts',(-40.0951194154622,0.0169985194698794,
-37.9089942008699));
#9083=CARTESIAN_POINT('Ctrl Pts',(-39.9571342885408,0.0169985194698811,
-37.5386907494771));
#9084=CARTESIAN_POINT('Ctrl Pts',(-39.8311456434399,0.0169985194698801,
-37.2342720535745));
#9085=CARTESIAN_POINT('Ctrl Pts',(-39.7230753852958,0.0169985194698814,
-36.9945252969543));
#9086=CARTESIAN_POINT('Ctrl Pts',(-39.6660789793772,0.0169985194698799,
-36.8753902574162));
#9087=CARTESIAN_POINT('Ctrl Pts',(-39.6269354025674,0.016998519469885,-36.7961062601135));
#9088=CARTESIAN_POINT('Ctrl Pts',(-39.6165966758651,0.016998519469882,-36.775165554451));
#9089=CARTESIAN_POINT('Ctrl Pts',(-39.6062969251654,0.0169985194698825,
-36.7543037900473));
#9090=CARTESIAN_POINT('Ctrl Pts',(-24.923081332805,0.0561355166443786,-44.9796501039275));
#9091=CARTESIAN_POINT('Ctrl Pts',(-24.9491440799115,0.056135516644378,-44.9836233733956));
#9092=CARTESIAN_POINT('Ctrl Pts',(-24.9752983156093,0.0561355166443797,
-44.9876105583999));
#9093=CARTESIAN_POINT('Ctrl Pts',(-25.129771300866,0.056135516644378,-45.0111604358053));
#9094=CARTESIAN_POINT('Ctrl Pts',(-25.3769080712853,0.0561355166443787,
-45.0517833271424));
#9095=CARTESIAN_POINT('Ctrl Pts',(-25.7356322214672,0.0561355166443784,
-45.1187833727209));
#9096=CARTESIAN_POINT('Ctrl Pts',(-26.091576557119,0.0561355166443785,-45.1933087782678));
#9097=CARTESIAN_POINT('Ctrl Pts',(-26.4517443878146,0.0561355166443784,
-45.2770339132828));
#9098=CARTESIAN_POINT('Ctrl Pts',(-26.8204138775124,0.0561355166443785,
-45.3715231691284));
#9099=CARTESIAN_POINT('Ctrl Pts',(-27.198739763751,0.0561355166443784,-45.4777482493006));
#9100=CARTESIAN_POINT('Ctrl Pts',(-27.5847668354794,0.0561355166443785,
-45.5956837346612));
#9101=CARTESIAN_POINT('Ctrl Pts',(-27.9744066911251,0.0561355166443784,
-45.7242065302208));
#9102=CARTESIAN_POINT('Ctrl Pts',(-28.3626803241975,0.0561355166443784,
-45.861304599315));
#9103=CARTESIAN_POINT('Ctrl Pts',(-28.7449739625154,0.0561355166443784,
-46.0045347597419));
#9104=CARTESIAN_POINT('Ctrl Pts',(-29.1181390902291,0.0561355166443785,
-46.1516444772705));
#9105=CARTESIAN_POINT('Ctrl Pts',(-29.4813481483035,0.0561355166443784,
-46.3011765379803));
#9106=CARTESIAN_POINT('Ctrl Pts',(-29.8372156094016,0.0561355166443784,
-46.453237433655));
#9107=CARTESIAN_POINT('Ctrl Pts',(-30.1892594089371,0.0561355166443784,
-46.6086192186334));
#9108=CARTESIAN_POINT('Ctrl Pts',(-30.5398863370035,0.0561355166443784,
-46.7678749248142));
#9109=CARTESIAN_POINT('Ctrl Pts',(-30.8909626636958,0.0561355166443784,
-46.9314863145125));
#9110=CARTESIAN_POINT('Ctrl Pts',(-31.2437074273179,0.0561355166443784,
-47.0997657018239));
#9111=CARTESIAN_POINT('Ctrl Pts',(-31.5988152182201,0.0561355166443784,
-47.2728740889557));
#9112=CARTESIAN_POINT('Ctrl Pts',(-31.9564825469783,0.0561355166443784,
-47.4508072988928));
#9113=CARTESIAN_POINT('Ctrl Pts',(-32.3164716371244,0.0561355166443784,
-47.6334088900861));
#9114=CARTESIAN_POINT('Ctrl Pts',(-32.6781810870821,0.0561355166443783,
-47.8203913551761));
#9115=CARTESIAN_POINT('Ctrl Pts',(-33.0407083407016,0.0561355166443782,
-48.0113619187012));
#9116=CARTESIAN_POINT('Ctrl Pts',(-33.4029295697094,0.0561355166443782,
-48.2058553724769));
#9117=CARTESIAN_POINT('Ctrl Pts',(-33.7635738247064,0.0561355166443779,
-48.4033587840466));
#9118=CARTESIAN_POINT('Ctrl Pts',(-34.1213064540153,0.0561355166443777,
-48.6033426315885));
#9119=CARTESIAN_POINT('Ctrl Pts',(-34.4748036168458,0.056135516644377,-48.8052936472957));
#9120=CARTESIAN_POINT('Ctrl Pts',(-34.8228214078343,0.0561355166443767,
-49.0087500282303));
#9121=CARTESIAN_POINT('Ctrl Pts',(-35.1642730103686,0.0561355166443749,
-49.2133434393419));
#9122=CARTESIAN_POINT('Ctrl Pts',(-35.4982946024976,0.0561355166443729,
-49.4188242453469));
#9123=CARTESIAN_POINT('Ctrl Pts',(-35.8243135900948,0.0561355166443701,
-49.6250995868774));
#9124=CARTESIAN_POINT('Ctrl Pts',(-36.1421010085622,0.0561355166443637,
-49.8322740333984));
#9125=CARTESIAN_POINT('Ctrl Pts',(-36.4002125100669,0.0561355166443542,
-50.0059642702347));
#9126=CARTESIAN_POINT('Ctrl Pts',(-36.6029967362801,0.0561355166443477,
-50.1458816549775));
#9127=CARTESIAN_POINT('Ctrl Pts',(-36.7533665313666,0.0561355166443427,
-50.2514335861674));
#9128=CARTESIAN_POINT('Ctrl Pts',(-36.9021678505003,0.0561355166443347,
-50.3577442362987));
#9129=CARTESIAN_POINT('Ctrl Pts',(-37.0987464984476,0.0561355166443177,
-50.5007698323512));
#9130=CARTESIAN_POINT('Ctrl Pts',(-37.3415613090048,0.056135516644272,-50.6824575996518));
#9131=CARTESIAN_POINT('Ctrl Pts',(-37.6305729619838,0.0561355166441731,
-50.9075647462547));
#9132=CARTESIAN_POINT('Ctrl Pts',(-37.9198816639799,0.056135516644079,-51.1428580043198));
#9133=CARTESIAN_POINT('Ctrl Pts',(-38.1399083793844,0.0561355166438501,
-51.3305536053367));
#9134=CARTESIAN_POINT('Ctrl Pts',(-38.2890068836214,0.0561355166438077,
-51.4613795113899));
#9135=CARTESIAN_POINT('Ctrl Pts',(-38.3634598536829,0.056135516643778,-51.5273099922056));
#9136=CARTESIAN_POINT('Ctrl Pts',(-38.4251418906955,0.0561355166437418,
-51.5823121416563));
#9137=CARTESIAN_POINT('Ctrl Pts',(-38.4741223596062,0.0561355166437237,
-51.6260595527676));
#9138=CARTESIAN_POINT('Ctrl Pts',(-38.5106852045004,0.0561355166437125,
-51.658700745689));
#9139=CARTESIAN_POINT('Ctrl Pts',(-38.5379955559138,0.0561355166436943,
-51.6830225312576));
#9140=CARTESIAN_POINT('Ctrl Pts',(-38.5561817987448,0.0561355166436921,
-51.6991638020346));
#9141=CARTESIAN_POINT('Ctrl Pts',(-38.5683024634346,0.0561355166436901,
-51.7099052156687));
#9142=CARTESIAN_POINT('Ctrl Pts',(-38.5895100257064,0.0561355166436825,
-51.7286522551697));
#9143=CARTESIAN_POINT('Ctrl Pts',(-38.6198386735959,0.056135516643659,-51.7552898116171));
#9144=CARTESIAN_POINT('Ctrl Pts',(-38.6457929314861,0.0561355166436325,
-51.777785395978));
#9145=CARTESIAN_POINT('Ctrl Pts',(-38.6611908705643,0.0561355166436278,
-51.7909792138449));
#9146=CARTESIAN_POINT('Ctrl Pts',(-38.6673628057337,0.0561355166436269,
-51.7962535572349));
#9147=CARTESIAN_POINT('Ctrl Pts',(-38.678199147151,0.0561355166436266,-51.8054759331767));
#9148=CARTESIAN_POINT('Ctrl Pts',(-38.690676517117,0.0561355166436134,-51.8160005960604));
#9149=CARTESIAN_POINT('Ctrl Pts',(-38.7017045022546,0.0561355166436134,
-51.8251988561778));
#9150=CARTESIAN_POINT('Ctrl Pts',(-38.7080421457091,0.0561355166436105,
-51.8304525547206));
#9151=CARTESIAN_POINT('Ctrl Pts',(-38.7175869736059,0.0561355166436107,
-51.8383309418652));
#9152=CARTESIAN_POINT('Ctrl Pts',(-38.7272309357698,0.0561355166435952,
-51.8462060235489));
#9153=CARTESIAN_POINT('Ctrl Pts',(-38.7370080907698,0.0561355166435956,
-51.8540776937698));
#9154=CARTESIAN_POINT('Ctrl Pts',(-38.7435635982599,0.0561355166435949,
-51.8593250227187));
#9155=CARTESIAN_POINT('Ctrl Pts',(-38.7493512152017,0.0561355166435901,
-51.8639163139904));
#9156=CARTESIAN_POINT('Ctrl Pts',(-38.754354852368,0.0561355166435903,-51.8678512714412));
#9157=CARTESIAN_POINT('Ctrl Pts',(-38.7562377417448,0.0561355166435897,
-51.8693268783276));
#9158=CARTESIAN_POINT('Ctrl Pts',(-38.7574958474051,0.0561355166435892,
-51.8703105955315));
#9159=CARTESIAN_POINT('Ctrl Pts',(-38.758125467839,0.0561355166435902,-51.870802453198));
#9160=CARTESIAN_POINT('Ctrl Pts',(-38.7587556620116,0.0561355166435903,
-51.8712943096795));
#9161=CARTESIAN_POINT('Ctrl Pts',(-38.7595966921335,0.0561355166435879,
-51.871950115217));
#9162=CARTESIAN_POINT('Ctrl Pts',(-38.7604388689755,0.0561355166435905,
-51.8726059311092));
#9163=CARTESIAN_POINT('Ctrl Pts',(-38.7612822501087,0.0561355166435902,
-51.8732617280143));
#9164=CARTESIAN_POINT('Ctrl Pts',(-38.7650809447601,0.0561355166435915,
-51.8762129156729));
#9165=CARTESIAN_POINT('Ctrl Pts',(-38.7755040495359,0.0561355166435911,
-51.8842459508952));
#9166=CARTESIAN_POINT('Ctrl Pts',(-38.7868489822348,0.0561355166436015,
-51.8927756941631));
#9167=CARTESIAN_POINT('Ctrl Pts',(-38.7951115713172,0.0561355166436027,
-51.8988343755952));
#9168=CARTESIAN_POINT('Ctrl Pts',(-38.7964556563754,0.0561355166436034,
-51.8998164065067));
#9169=CARTESIAN_POINT('Ctrl Pts',(-38.7973528144764,0.0561355166436032,
-51.9004709970169));
#9170=CARTESIAN_POINT('Ctrl Pts',(-38.799824725728,0.0561355166436024,-51.9022706458524));
#9171=CARTESIAN_POINT('Ctrl Pts',(-38.8029900308604,0.0561355166436046,
-51.9045590497111));
#9172=CARTESIAN_POINT('Ctrl Pts',(-38.8061798686429,0.0561355166436027,
-51.9068433366926));
#9173=CARTESIAN_POINT('Ctrl Pts',(-38.8080091908397,0.0561355166436031,
-51.9081473212952));
#9174=CARTESIAN_POINT('Ctrl Pts',(-38.8093852124532,0.0561355166436036,
-51.9091245523635));
#9175=CARTESIAN_POINT('Ctrl Pts',(-38.8107634046264,0.0561355166436025,
-51.9101010931661));
#9176=CARTESIAN_POINT('Ctrl Pts',(-38.8126085993101,0.0561355166436033,
-51.9114017995178));
#9177=CARTESIAN_POINT('Ctrl Pts',(-38.8287725914818,0.056135516643603,-51.9227731889505));
#9178=CARTESIAN_POINT('Ctrl Pts',(-38.8608257036152,0.0561355166436154,
-51.943772786145));
#9179=CARTESIAN_POINT('Ctrl Pts',(-38.9028488436418,0.0561355166436216,
-51.9672213866957));
#9180=CARTESIAN_POINT('Ctrl Pts',(-38.9475501218728,0.0561355166436236,
-51.9843575999272));
#9181=CARTESIAN_POINT('Ctrl Pts',(-38.978762299041,0.0561355166436233,-51.9913553755437));
#9182=CARTESIAN_POINT('Ctrl Pts',(-39.0043652067864,0.0561355166436233,
-51.9914201703836));
#9183=CARTESIAN_POINT('Ctrl Pts',(-39.0153158971139,0.056135516643623,-51.9908015687071));
#9184=CARTESIAN_POINT('Ctrl Pts',(-39.0364421115747,0.0561355166436238,
-51.9877264913425));
#9185=CARTESIAN_POINT('Ctrl Pts',(-39.058595601794,0.0561355166436226,-51.9794310662778));
#9186=CARTESIAN_POINT('Ctrl Pts',(-39.0725628103722,0.056135516643623,-51.9717381915926));
#9187=CARTESIAN_POINT('Ctrl Pts',(-39.0798052925921,0.0561355166436225,
-51.9672942190461));
#9188=CARTESIAN_POINT('Ctrl Pts',(-39.0847872305754,0.0561355166436223,
-51.9639770630382));
#9189=CARTESIAN_POINT('Ctrl Pts',(-39.089462465217,0.0561355166436227,-51.9606719132118));
#9190=CARTESIAN_POINT('Ctrl Pts',(-39.0927379000539,0.0561355166436213,
-51.958211968517));
#9191=CARTESIAN_POINT('Ctrl Pts',(-39.0946726786901,0.0561355166436228,
-51.9567147293892));
#9192=CARTESIAN_POINT('Ctrl Pts',(-39.0953677910986,0.0561355166436225,
-51.9561712235807));
#9193=CARTESIAN_POINT('Ctrl Pts',(-39.0964035440861,0.0561355166436217,
-51.9553566124233));
#9194=CARTESIAN_POINT('Ctrl Pts',(-39.0986084368449,0.0561355166436222,
-51.9535958182669));
#9195=CARTESIAN_POINT('Ctrl Pts',(-39.1057673527037,0.0561355166436219,
-51.947670357065));
#9196=CARTESIAN_POINT('Ctrl Pts',(-39.1126426022402,0.0561355166436282,
-51.9413299852711));
#9197=CARTESIAN_POINT('Ctrl Pts',(-39.1189353484972,0.0561355166436278,
-51.9350857488717));
#9198=CARTESIAN_POINT('Ctrl Pts',(-39.1229863837568,0.0561355166436288,
-51.9309462682672));
#9199=CARTESIAN_POINT('Ctrl Pts',(-39.1335818515893,0.0561355166436308,
-51.9196514922607));
#9200=CARTESIAN_POINT('Ctrl Pts',(-39.1485729200376,0.0561355166436481,
-51.9015709313551));
#9201=CARTESIAN_POINT('Ctrl Pts',(-39.1630540264614,0.0561355166436563,
-51.8816482068527));
#9202=CARTESIAN_POINT('Ctrl Pts',(-39.1737544752646,0.0561355166436577,
-51.8657510986159));
#9203=CARTESIAN_POINT('Ctrl Pts',(-39.1801194834214,0.0561355166436626,
-51.8558462904191));
#9204=CARTESIAN_POINT('Ctrl Pts',(-39.185046081488,0.0561355166436626,-51.8479386600465));
#9205=CARTESIAN_POINT('Ctrl Pts',(-39.1898682504263,0.0561355166436644,
-51.8400437504597));
#9206=CARTESIAN_POINT('Ctrl Pts',(-39.1957132308083,0.0561355166436654,
-51.8301983547792));
#9207=CARTESIAN_POINT('Ctrl Pts',(-39.2024700734556,0.0561355166436709,
-51.8184211027618));
#9208=CARTESIAN_POINT('Ctrl Pts',(-39.2111752747721,0.0561355166436709,
-51.8027648546482));
#9209=CARTESIAN_POINT('Ctrl Pts',(-39.2194744229086,0.0561355166436818,
-51.7871742447659));
#9210=CARTESIAN_POINT('Ctrl Pts',(-39.2274525921066,0.0561355166436828,
-51.7716311157847));
#9211=CARTESIAN_POINT('Ctrl Pts',(-39.2352359937746,0.0561355166436868,
-51.7561142065613));
#9212=CARTESIAN_POINT('Ctrl Pts',(-39.2446376775048,0.0561355166436944,
-51.7367563212485));
#9213=CARTESIAN_POINT('Ctrl Pts',(-39.2591086777025,0.0561355166437003,
-51.7058200579439));
#9214=CARTESIAN_POINT('Ctrl Pts',(-39.2763091254793,0.056135516643725,-51.6671505683755));
#9215=CARTESIAN_POINT('Ctrl Pts',(-39.2959497620913,0.0561355166437465,
-51.6205750568771));
#9216=CARTESIAN_POINT('Ctrl Pts',(-39.3148089048448,0.0561355166437643,
-51.573823000943));
#9217=CARTESIAN_POINT('Ctrl Pts',(-39.333034218418,0.0561355166437843,-51.5269272868983));
#9218=CARTESIAN_POINT('Ctrl Pts',(-39.350732869099,0.0561355166437963,-51.4799146239925));
#9219=CARTESIAN_POINT('Ctrl Pts',(-39.3636708590861,0.0561355166438093,
-51.4445897098601));
#9220=CARTESIAN_POINT('Ctrl Pts',(-39.3721763276087,0.0561355166438105,
-51.4210198073777));
#9221=CARTESIAN_POINT('Ctrl Pts',(-39.3778167693202,0.056135516643811,-51.4053015539878));
#9222=CARTESIAN_POINT('Ctrl Pts',(-39.4267412405206,0.056135516643838,-51.2677088393926));
#9223=CARTESIAN_POINT('Ctrl Pts',(-39.5116252869415,0.0561355166440958,
-51.0077194182414));
#9224=CARTESIAN_POINT('Ctrl Pts',(-39.5970728973434,0.0561355166442265,
-50.7264375137823));
#9225=CARTESIAN_POINT('Ctrl Pts',(-39.6522093922254,0.0561355166442538,
-50.5392441952553));
#9226=CARTESIAN_POINT('Ctrl Pts',(-39.6885405785189,0.0561355166442608,
-50.4144674229149));
#9227=CARTESIAN_POINT('Ctrl Pts',(-39.7332369263956,0.056135516644286,-50.2584056700259));
#9228=CARTESIAN_POINT('Ctrl Pts',(-39.7859952642708,0.0561355166443045,
-50.0705794644415));
#9229=CARTESIAN_POINT('Ctrl Pts',(-39.8380506582831,0.0561355166443154,
-49.8818665955186));
#9230=CARTESIAN_POINT('Ctrl Pts',(-39.8894828419734,0.0561355166443293,
-49.6921871856307));
#9231=CARTESIAN_POINT('Ctrl Pts',(-39.9572125247612,0.0561355166443344,
-49.4382124677569));
#9232=CARTESIAN_POINT('Ctrl Pts',(-40.0402482812,0.0561355166443541,-49.1190900639953));
#9233=CARTESIAN_POINT('Ctrl Pts',(-40.1370755366408,0.0561355166443618,
-48.7345189575858));
#9234=CARTESIAN_POINT('Ctrl Pts',(-40.2308049203727,0.0561355166443686,
-48.3491265461588));
#9235=CARTESIAN_POINT('Ctrl Pts',(-40.3211329304941,0.0561355166443724,
-47.9634926587347));
#9236=CARTESIAN_POINT('Ctrl Pts',(-40.4077367571392,0.0561355166443749,
-47.5779746327904));
#9237=CARTESIAN_POINT('Ctrl Pts',(-40.4902813630693,0.0561355166443763,
-47.1927313246236));
#9238=CARTESIAN_POINT('Ctrl Pts',(-40.5553912861802,0.0561355166443773,
-46.8719152596031));
#9239=CARTESIAN_POINT('Ctrl Pts',(-40.605080744928,0.0561355166443775,-46.6153208825093));
#9240=CARTESIAN_POINT('Ctrl Pts',(-40.6531003800098,0.0561355166443777,
-46.3587262882924));
#9241=CARTESIAN_POINT('Ctrl Pts',(-40.709858286543,0.056135516644378,-46.0379053723354));
#9242=CARTESIAN_POINT('Ctrl Pts',(-40.76185388106,0.0561355166443782,-45.7167337766441));
#9243=CARTESIAN_POINT('Ctrl Pts',(-40.8003094959654,0.0561355166443783,
-45.4594292325047));
#9244=CARTESIAN_POINT('Ctrl Pts',(-40.8365643102063,0.0561355166443783,
-45.2018307653131));
#9245=CARTESIAN_POINT('Ctrl Pts',(-40.8775513152033,0.0561355166443783,
-44.8791914116775));
#9246=CARTESIAN_POINT('Ctrl Pts',(-40.9190751142451,0.0561355166443784,
-44.4907640925012));
#9247=CARTESIAN_POINT('Ctrl Pts',(-40.9521433858123,0.0561355166443784,
-44.1009369748178));
#9248=CARTESIAN_POINT('Ctrl Pts',(-40.975946344654,0.0561355166443784,-43.7096960417876));
#9249=CARTESIAN_POINT('Ctrl Pts',(-40.9897636739275,0.0561355166443784,
-43.3171822107174));
#9250=CARTESIAN_POINT('Ctrl Pts',(-40.9930703926578,0.0561355166443784,
-42.9236783932274));
#9251=CARTESIAN_POINT('Ctrl Pts',(-40.9855921374834,0.0561355166443784,
-42.5295925496202));
#9252=CARTESIAN_POINT('Ctrl Pts',(-40.9673350430159,0.0561355166443785,
-42.1354268702054));
#9253=CARTESIAN_POINT('Ctrl Pts',(-40.9385526689605,0.0561355166443784,
-41.7417330211166));
#9254=CARTESIAN_POINT('Ctrl Pts',(-40.8995881073188,0.0561355166443784,
-41.3490624299123));
#9255=CARTESIAN_POINT('Ctrl Pts',(-40.8507740176876,0.0561355166443784,
-40.9580050038803));
#9256=CARTESIAN_POINT('Ctrl Pts',(-40.7924155548143,0.0561355166443784,
-40.5690644077673));
#9257=CARTESIAN_POINT('Ctrl Pts',(-40.7246828755853,0.0561355166443784,
-40.1822171144357));
#9258=CARTESIAN_POINT('Ctrl Pts',(-40.6476412315138,0.0561355166443784,
-39.7972745924942));
#9259=CARTESIAN_POINT('Ctrl Pts',(-40.5612854221126,0.0561355166443783,
-39.4140938724797));
#9260=CARTESIAN_POINT('Ctrl Pts',(-40.4655209599385,0.056135516644379,-39.0326633643296));
#9261=CARTESIAN_POINT('Ctrl Pts',(-40.3601014569059,0.0561355166443775,
-38.6530833326758));
#9262=CARTESIAN_POINT('Ctrl Pts',(-40.2445632263162,0.0561355166443788,
-38.2756451707918));
#9263=CARTESIAN_POINT('Ctrl Pts',(-40.1181417101089,0.056135516644378,-37.900843071182));
#9264=CARTESIAN_POINT('Ctrl Pts',(-39.9798744894163,0.0561355166443792,
-37.5297793529266));
#9265=CARTESIAN_POINT('Ctrl Pts',(-39.8535896903301,0.0561355166443784,
-37.2246417055458));
#9266=CARTESIAN_POINT('Ctrl Pts',(-39.7452314460157,0.0561355166443793,
-36.9842547507983));
#9267=CARTESIAN_POINT('Ctrl Pts',(-39.6880664000282,0.0561355166443782,
-36.8647669727706));
#9268=CARTESIAN_POINT('Ctrl Pts',(-39.648807185305,0.0561355166443818,-36.7852486857408));
#9269=CARTESIAN_POINT('Ctrl Pts',(-39.6385073936229,0.0561355166443797,
-36.7643868657871));
#9270=CARTESIAN_POINT('Ctrl Pts',(-39.6281921887431,0.05613551664438,-36.7434937897562));
#9271=CARTESIAN_POINT('Ctrl Pts',(-24.921987863629,0.0812990375844984,-44.986822738075));
#9272=CARTESIAN_POINT('Ctrl Pts',(-24.9480525464176,0.0812990375844982,
-44.9907963027587));
#9273=CARTESIAN_POINT('Ctrl Pts',(-24.9742104821204,0.0812990375844989,
-44.9947840515455));
#9274=CARTESIAN_POINT('Ctrl Pts',(-25.1286329355773,0.0812990375844982,
-45.0183262265205));
#9275=CARTESIAN_POINT('Ctrl Pts',(-25.3756541799827,0.0812990375844985,
-45.058930252514));
#9276=CARTESIAN_POINT('Ctrl Pts',(-25.7342260610469,0.0812990375844983,
-45.1259017542689));
#9277=CARTESIAN_POINT('Ctrl Pts',(-26.0900118849955,0.0812990375844984,
-45.2003941300536));
#9278=CARTESIAN_POINT('Ctrl Pts',(-26.4500223784866,0.0812990375844984,
-45.2840826521887));
#9279=CARTESIAN_POINT('Ctrl Pts',(-26.8185314886659,0.0812990375844984,
-45.3785308538346));
#9280=CARTESIAN_POINT('Ctrl Pts',(-27.1966976675451,0.0812990375844983,
-45.4847110581153));
#9281=CARTESIAN_POINT('Ctrl Pts',(-27.5825685436845,0.0812990375844984,
-45.6025988003298));
#9282=CARTESIAN_POINT('Ctrl Pts',(-27.9720603307038,0.0812990375844983,
-45.7310726985805));
#9283=CARTESIAN_POINT('Ctrl Pts',(-28.360197555997,0.0812990375844984,-45.8681225483626));
#9284=CARTESIAN_POINT('Ctrl Pts',(-28.7423687267331,0.0812990375844984,
-46.0113067647242));
#9285=CARTESIAN_POINT('Ctrl Pts',(-29.1154257621511,0.0812990375844984,
-46.1583738230575));
#9286=CARTESIAN_POINT('Ctrl Pts',(-29.4785400554589,0.0812990375844984,
-46.3078668294573));
#9287=CARTESIAN_POINT('Ctrl Pts',(-29.8343239040088,0.0812990375844984,
-46.4598919676097));
#9288=CARTESIAN_POINT('Ctrl Pts',(-30.1862930667825,0.0812990375844983,
-46.615240785625));
#9289=CARTESIAN_POINT('Ctrl Pts',(-30.5368526128015,0.0812990375844984,
-46.7744658678105));
#9290=CARTESIAN_POINT('Ctrl Pts',(-30.8878673438008,0.0812990375844984,
-46.9380485373365));
#9291=CARTESIAN_POINT('Ctrl Pts',(-31.2405550412713,0.0812990375844984,
-47.1063006897248));
#9292=CARTESIAN_POINT('Ctrl Pts',(-31.595609175213,0.0812990375844984,-47.2793829120822));
#9293=CARTESIAN_POINT('Ctrl Pts',(-31.9532252262421,0.0812990375844984,
-47.4572906070674));
#9294=CARTESIAN_POINT('Ctrl Pts',(-32.3131644282487,0.0812990375844982,
-47.6398668906074));
#9295=CARTESIAN_POINT('Ctrl Pts',(-32.6748244052792,0.0812990375844982,
-47.8268237816331));
#9296=CARTESIAN_POINT('Ctrl Pts',(-33.0373015922961,0.0812990375844981,
-48.0177679746502));
#9297=CARTESIAN_POINT('Ctrl Pts',(-33.3994712398087,0.081299037584498,-48.2122337395092));
#9298=CARTESIAN_POINT('Ctrl Pts',(-33.7600616181866,0.0812990375844977,
-48.4097076586031));
#9299=CARTESIAN_POINT('Ctrl Pts',(-34.1177373647082,0.0812990375844975,
-48.609659722103));
#9300=CARTESIAN_POINT('Ctrl Pts',(-34.4711739671251,0.0812990375844967,
-48.8115761696584));
#9301=CARTESIAN_POINT('Ctrl Pts',(-34.8191268403743,0.0812990375844964,
-49.0149946235713));
#9302=CARTESIAN_POINT('Ctrl Pts',(-35.1605086052542,0.0812990375844944,
-49.2195462480667));
#9303=CARTESIAN_POINT('Ctrl Pts',(-35.4944551530483,0.0812990375844921,
-49.4249809573545));
#9304=CARTESIAN_POINT('Ctrl Pts',(-35.8203937393035,0.0812990375844889,
-49.6312055179813));
#9305=CARTESIAN_POINT('Ctrl Pts',(-36.1380953424767,0.0812990375844817,
-49.8383241843941));
#9306=CARTESIAN_POINT('Ctrl Pts',(-36.3961309493158,0.0812990375844702,
-50.0119635995091));
#9307=CARTESIAN_POINT('Ctrl Pts',(-36.5988519820443,0.0812990375844641,
-50.1518374906705));
#9308=CARTESIAN_POINT('Ctrl Pts',(-36.749173019083,0.0812990375844575,-50.2573553321916));
#9309=CARTESIAN_POINT('Ctrl Pts',(-36.8979241752275,0.0812990375844484,
-50.3636303220308));
#9310=CARTESIAN_POINT('Ctrl Pts',(-37.0944338868018,0.0812990375844311,
-50.5066060728042));
#9311=CARTESIAN_POINT('Ctrl Pts',(-37.3371580966069,0.0812990375843774,
-50.6882271729911));
#9312=CARTESIAN_POINT('Ctrl Pts',(-37.6260521710036,0.0812990375842669,
-50.9132449533519));
#9313=CARTESIAN_POINT('Ctrl Pts',(-37.9152340579779,0.0812990375841601,
-51.1484373992334));
#9314=CARTESIAN_POINT('Ctrl Pts',(-38.135156535825,0.081299037583902,-51.3360493855215));
#9315=CARTESIAN_POINT('Ctrl Pts',(-38.2841990252202,0.0812990375838532,
-51.4668271719799));
#9316=CARTESIAN_POINT('Ctrl Pts',(-38.3586292303293,0.0812990375838219,
-51.5327381233545));
#9317=CARTESIAN_POINT('Ctrl Pts',(-38.4202995089923,0.0812990375837782,
-51.5877307499168));
#9318=CARTESIAN_POINT('Ctrl Pts',(-38.4692782533654,0.08129903758376,-51.6314769839678));
#9319=CARTESIAN_POINT('Ctrl Pts',(-38.5058446844178,0.081299037583746,-51.6641216945359));
#9320=CARTESIAN_POINT('Ctrl Pts',(-38.533162272601,0.0812990375837262,-51.68845034666));
#9321=CARTESIAN_POINT('Ctrl Pts',(-38.5513560801257,0.0812990375837234,
-51.7045983950453));
#9322=CARTESIAN_POINT('Ctrl Pts',(-38.5634825243932,0.0812990375837214,
-51.7153449682984));
#9323=CARTESIAN_POINT('Ctrl Pts',(-38.5847021954402,0.0812990375837123,
-51.7341029149499));
#9324=CARTESIAN_POINT('Ctrl Pts',(-38.6150548188551,0.0812990375836869,
-51.7607620731445));
#9325=CARTESIAN_POINT('Ctrl Pts',(-38.641039825132,0.0812990375836553,-51.7832850347726));
#9326=CARTESIAN_POINT('Ctrl Pts',(-38.6564610613182,0.0812990375836513,
-51.7964988834071));
#9327=CARTESIAN_POINT('Ctrl Pts',(-38.6626427914297,0.0812990375836505,
-51.8017816121796));
#9328=CARTESIAN_POINT('Ctrl Pts',(-38.673497546308,0.0812990375836486,-51.811019714511));
#9329=CARTESIAN_POINT('Ctrl Pts',(-38.6859990716677,0.0812990375836357,
-51.8215649975922));
#9330=CARTESIAN_POINT('Ctrl Pts',(-38.6970517862484,0.0812990375836336,
-51.8307839519892));
#9331=CARTESIAN_POINT('Ctrl Pts',(-38.7034046912666,0.0812990375836319,
-51.8360503207888));
#9332=CARTESIAN_POINT('Ctrl Pts',(-38.7129736048148,0.0812990375836315,
-51.8439486055619));
#9333=CARTESIAN_POINT('Ctrl Pts',(-38.72264454337,0.0812990375836151,-51.8518460474484));
#9334=CARTESIAN_POINT('Ctrl Pts',(-38.7324528700707,0.0812990375836144,
-51.8597428419132));
#9335=CARTESIAN_POINT('Ctrl Pts',(-38.7390302960561,0.0812990375836135,
-51.865007735236));
#9336=CARTESIAN_POINT('Ctrl Pts',(-38.744838629838,0.0812990375836086,-51.8696155534462));
#9337=CARTESIAN_POINT('Ctrl Pts',(-38.749861380638,0.0812990375836085,-51.8735655499192));
#9338=CARTESIAN_POINT('Ctrl Pts',(-38.7517516382332,0.081299037583608,-51.8750469375762));
#9339=CARTESIAN_POINT('Ctrl Pts',(-38.7530147462937,0.0812990375836078,
-51.8760345668965));
#9340=CARTESIAN_POINT('Ctrl Pts',(-38.7536468856127,0.0812990375836082,
-51.8765283927311));
#9341=CARTESIAN_POINT('Ctrl Pts',(-38.7542796165732,0.0812990375836082,
-51.8770222294698));
#9342=CARTESIAN_POINT('Ctrl Pts',(-38.7551240533307,0.0812990375836073,
-51.8776806915672));
#9343=CARTESIAN_POINT('Ctrl Pts',(-38.7559696713198,0.0812990375836084,
-51.8783391896594));
#9344=CARTESIAN_POINT('Ctrl Pts',(-38.756816533099,0.0812990375836082,-51.8789976924843));
#9345=CARTESIAN_POINT('Ctrl Pts',(-38.7606309896759,0.081299037583609,-51.8819611392152));
#9346=CARTESIAN_POINT('Ctrl Pts',(-38.7710995974506,0.0812990375836102,
-51.8900293270727));
#9347=CARTESIAN_POINT('Ctrl Pts',(-38.7825015257397,0.0812990375836218,
-51.8986025117137));
#9348=CARTESIAN_POINT('Ctrl Pts',(-38.790811578099,0.0812990375836228,-51.9046960324945));
#9349=CARTESIAN_POINT('Ctrl Pts',(-38.7921635169971,0.0812990375836231,
-51.9056838044649));
#9350=CARTESIAN_POINT('Ctrl Pts',(-38.7930659611398,0.081299037583623,-51.9063422481642));
#9351=CARTESIAN_POINT('Ctrl Pts',(-38.7955525464461,0.0812990375836227,
-51.9081525987211));
#9352=CARTESIAN_POINT('Ctrl Pts',(-38.7987373278963,0.0812990375836237,
-51.9104550908785));
#9353=CARTESIAN_POINT('Ctrl Pts',(-38.8019475609739,0.0812990375836229,
-51.9127540266337));
#9354=CARTESIAN_POINT('Ctrl Pts',(-38.803788917327,0.0812990375836231,-51.9140665509203));
#9355=CARTESIAN_POINT('Ctrl Pts',(-38.8051739610598,0.0812990375836232,
-51.9150502709961));
#9356=CARTESIAN_POINT('Ctrl Pts',(-38.8065616464044,0.0812990375836228,
-51.916033390153));
#9357=CARTESIAN_POINT('Ctrl Pts',(-38.8084190568884,0.0812990375836231,
-51.9173429751011));
#9358=CARTESIAN_POINT('Ctrl Pts',(-38.8246975426434,0.0812990375836239,
-51.928793897628));
#9359=CARTESIAN_POINT('Ctrl Pts',(-38.8570344530418,0.0812990375836367,
-51.9499749955362));
#9360=CARTESIAN_POINT('Ctrl Pts',(-38.8996257414647,0.0812990375836442,
-51.973772168876));
#9361=CARTESIAN_POINT('Ctrl Pts',(-38.9454051323842,0.0812990375836462,
-51.9913227914705));
#9362=CARTESIAN_POINT('Ctrl Pts',(-38.9777287065144,0.0812990375836459,
-51.9986072033672));
#9363=CARTESIAN_POINT('Ctrl Pts',(-39.0045782300035,0.0812990375836459,
-51.9986689178673));
#9364=CARTESIAN_POINT('Ctrl Pts',(-39.016078564709,0.0812990375836457,-51.9980216102209));
#9365=CARTESIAN_POINT('Ctrl Pts',(-39.038322961314,0.081299037583646,-51.9947832599626));
#9366=CARTESIAN_POINT('Ctrl Pts',(-39.0616220460672,0.0812990375836453,
-51.9860539242582));
#9367=CARTESIAN_POINT('Ctrl Pts',(-39.0761982465643,0.0812990375836452,
-51.9780220721163));
#9368=CARTESIAN_POINT('Ctrl Pts',(-39.0837335395741,0.081299037583645,-51.9733975974952));
#9369=CARTESIAN_POINT('Ctrl Pts',(-39.0889085259667,0.0812990375836448,
-51.9699522024971));
#9370=CARTESIAN_POINT('Ctrl Pts',(-39.093753609483,0.081299037583645,-51.9665264884375));
#9371=CARTESIAN_POINT('Ctrl Pts',(-39.0971431407962,0.0812990375836444,
-51.963981134243));
#9372=CARTESIAN_POINT('Ctrl Pts',(-39.0991424509338,0.081299037583645,-51.9624337427686));
#9373=CARTESIAN_POINT('Ctrl Pts',(-39.0998607759756,0.0812990375836448,
-51.9618721478616));
#9374=CARTESIAN_POINT('Ctrl Pts',(-39.1009307197521,0.0812990375836445,
-51.9610306406187));
#9375=CARTESIAN_POINT('Ctrl Pts',(-39.1032071849917,0.0812990375836448,
-51.9592126483024));
#9376=CARTESIAN_POINT('Ctrl Pts',(-39.1105898843557,0.081299037583645,-51.9531019157127));
#9377=CARTESIAN_POINT('Ctrl Pts',(-39.1176523984011,0.081299037583651,-51.9465874610695));
#9378=CARTESIAN_POINT('Ctrl Pts',(-39.1241006734855,0.0812990375836511,
-51.9401889389295));
#9379=CARTESIAN_POINT('Ctrl Pts',(-39.1282473498803,0.0812990375836518,
-51.9359516163948));
#9380=CARTESIAN_POINT('Ctrl Pts',(-39.1390773959707,0.081299037583654,-51.924406561004));
#9381=CARTESIAN_POINT('Ctrl Pts',(-39.1543329218939,0.0812990375836736,
-51.9060026173101));
#9382=CARTESIAN_POINT('Ctrl Pts',(-39.1690109147109,0.0812990375836833,
-51.8858074394927));
#9383=CARTESIAN_POINT('Ctrl Pts',(-39.1798338962918,0.0812990375836855,
-51.8697279159527));
#9384=CARTESIAN_POINT('Ctrl Pts',(-39.1862640045078,0.0812990375836899,
-51.8597216520617));
#9385=CARTESIAN_POINT('Ctrl Pts',(-39.1912371860861,0.0812990375836906,
-51.8517392020871));
#9386=CARTESIAN_POINT('Ctrl Pts',(-39.196102640419,0.081299037583692,-51.8437733902008));
#9387=CARTESIAN_POINT('Ctrl Pts',(-39.2019961094061,0.0812990375836944,
-51.833846180455));
#9388=CARTESIAN_POINT('Ctrl Pts',(-39.2088038619074,0.0812990375836986,
-51.8219800599546));
#9389=CARTESIAN_POINT('Ctrl Pts',(-39.2175688951612,0.0812990375837004,
-51.8062160640447));
#9390=CARTESIAN_POINT('Ctrl Pts',(-39.2259176748517,0.0812990375837117,
-51.7905317418237));
#9391=CARTESIAN_POINT('Ctrl Pts',(-39.2339384545949,0.0812990375837136,
-51.7749055085772));
#9392=CARTESIAN_POINT('Ctrl Pts',(-39.2417602979684,0.081299037583717,-51.7593118497131));
#9393=CARTESIAN_POINT('Ctrl Pts',(-39.2512032751386,0.0812990375837256,
-51.7398685763434));
#9394=CARTESIAN_POINT('Ctrl Pts',(-39.2657296496545,0.0812990375837331,
-51.7088135452016));
#9395=CARTESIAN_POINT('Ctrl Pts',(-39.2829834054557,0.0812990375837615,
-51.6700228268029));
#9396=CARTESIAN_POINT('Ctrl Pts',(-39.30267250868,0.0812990375837842,-51.6233313346673));
#9397=CARTESIAN_POINT('Ctrl Pts',(-39.3215692988411,0.0812990375838062,
-51.5764849045491));
#9398=CARTESIAN_POINT('Ctrl Pts',(-39.3398246685015,0.0812990375838268,
-51.5295109680218));
#9399=CARTESIAN_POINT('Ctrl Pts',(-39.3575478754987,0.0812990375838415,
-51.4824323771904));
#9400=CARTESIAN_POINT('Ctrl Pts',(-39.3705010283493,0.0812990375838556,
-51.4470654175448));
#9401=CARTESIAN_POINT('Ctrl Pts',(-39.3790158003568,0.0812990375838574,
-51.4234696751071));
#9402=CARTESIAN_POINT('Ctrl Pts',(-39.3846621197772,0.0812990375838575,
-51.4077350004283));
#9403=CARTESIAN_POINT('Ctrl Pts',(-39.4336351740052,0.0812990375838897,
-51.270004461186));
#9404=CARTESIAN_POINT('Ctrl Pts',(-39.5185550801602,0.0812990375841788,
-51.0098863316889));
#9405=CARTESIAN_POINT('Ctrl Pts',(-39.6040262977471,0.0812990375843267,
-50.7285196284966));
#9406=CARTESIAN_POINT('Ctrl Pts',(-39.659175414348,0.0812990375843579,-50.5412814174529));
#9407=CARTESIAN_POINT('Ctrl Pts',(-39.6955146610219,0.0812990375843656,
-50.4164765711142));
#9408=CARTESIAN_POINT('Ctrl Pts',(-39.7402193804956,0.0812990375843949,
-50.260383746301));
#9409=CARTESIAN_POINT('Ctrl Pts',(-39.7929869424062,0.0812990375844133,
-50.0725236668496));
#9410=CARTESIAN_POINT('Ctrl Pts',(-39.8450506633099,0.0812990375844287,
-49.8837795298253));
#9411=CARTESIAN_POINT('Ctrl Pts',(-39.8964907033509,0.0812990375844413,
-49.6940704388468));
#9412=CARTESIAN_POINT('Ctrl Pts',(-39.9642304025969,0.0812990375844494,
-49.4400575472522));
#9413=CARTESIAN_POINT('Ctrl Pts',(-40.0472777974451,0.0812990375844702,
-49.1208890578736));
#9414=CARTESIAN_POINT('Ctrl Pts',(-40.1441189342877,0.0812990375844794,
-48.7362621627656));
#9415=CARTESIAN_POINT('Ctrl Pts',(-40.2378622902934,0.0812990375844874,
-48.3508117386846));
#9416=CARTESIAN_POINT('Ctrl Pts',(-40.328204735091,0.0812990375844914,-47.9651159700345));
#9417=CARTESIAN_POINT('Ctrl Pts',(-40.4148235853542,0.0812990375844943,
-47.5795308950047));
#9418=CARTESIAN_POINT('Ctrl Pts',(-40.4973839042357,0.0812990375844959,
-47.1942142097671));
#9419=CARTESIAN_POINT('Ctrl Pts',(-40.5625074908565,0.0812990375844971,
-46.8733308144552));
#9420=CARTESIAN_POINT('Ctrl Pts',(-40.6122082103502,0.0812990375844973,
-46.6166782909722));
#9421=CARTESIAN_POINT('Ctrl Pts',(-40.6602392984719,0.0812990375844975,
-46.3600225043674));
#9422=CARTESIAN_POINT('Ctrl Pts',(-40.7170118365551,0.0812990375844979,
-46.039119015966));
#9423=CARTESIAN_POINT('Ctrl Pts',(-40.7690223164802,0.0812990375844981,
-45.7178556856238));
#9424=CARTESIAN_POINT('Ctrl Pts',(-40.807489826757,0.0812990375844982,-45.4604716039889));
#9425=CARTESIAN_POINT('Ctrl Pts',(-40.8437564501872,0.0812990375844982,
-45.2027892885679));
#9426=CARTESIAN_POINT('Ctrl Pts',(-40.8847578986782,0.0812990375844982,
-44.880036652486));
#9427=CARTESIAN_POINT('Ctrl Pts',(-40.9262978622219,0.0812990375844983,
-44.4914588228876));
#9428=CARTESIAN_POINT('Ctrl Pts',(-40.9593802516536,0.0812990375844983,
-44.101466229021));
#9429=CARTESIAN_POINT('Ctrl Pts',(-40.9831942096254,0.0812990375844983,
-43.7100457330192));
#9430=CARTESIAN_POINT('Ctrl Pts',(-40.9970182994369,0.0812990375844983,
-43.3173413587184));
#9431=CARTESIAN_POINT('Ctrl Pts',(-41.0003266994493,0.0812990375844983,
-42.9236402550539));
#9432=CARTESIAN_POINT('Ctrl Pts',(-40.9928446534454,0.0812990375844983,
-42.5293552636795));
#9433=CARTESIAN_POINT('Ctrl Pts',(-40.9745784289759,0.0812990375844984,
-42.1349933856265));
#9434=CARTESIAN_POINT('Ctrl Pts',(-40.9457820906464,0.0812990375844983,
-41.7411092439411));
#9435=CARTESIAN_POINT('Ctrl Pts',(-40.9067991490718,0.0812990375844984,
-41.3482539200268));
#9436=CARTESIAN_POINT('Ctrl Pts',(-40.8579625383886,0.0812990375844983,
-40.9570165182716));
#9437=CARTESIAN_POINT('Ctrl Pts',(-40.7995775691737,0.0812990375844983,
-40.5678996531583));
#9438=CARTESIAN_POINT('Ctrl Pts',(-40.7318143673843,0.0812990375844983,
-40.1808785354392));
#9439=CARTESIAN_POINT('Ctrl Pts',(-40.6547381849196,0.0812990375844983,
-39.7957639397999));
#9440=CARTESIAN_POINT('Ctrl Pts',(-40.5683434551718,0.0812990375844982,
-39.4124113492529));
#9441=CARTESIAN_POINT('Ctrl Pts',(-40.4725352920283,0.0812990375844986,
-39.0308074214295));
#9442=CARTESIAN_POINT('Ctrl Pts',(-40.3670654253062,0.081299037584498,-38.6510475394581));
#9443=CARTESIAN_POINT('Ctrl Pts',(-40.2514691165709,0.0812990375844985,
-38.2734202129239));
#9444=CARTESIAN_POINT('Ctrl Pts',(-40.1249754957972,0.0812990375844982,
-37.8984071454922));
#9445=CARTESIAN_POINT('Ctrl Pts',(-39.9866243296587,0.0812990375844986,
-37.5271173088608));
#9446=CARTESIAN_POINT('Ctrl Pts',(-39.8602388180569,0.0812990375844984,
-37.2217402258045));
#9447=CARTESIAN_POINT('Ctrl Pts',(-39.7518027862628,0.0812990375844987,
-36.9811788529567));
#9448=CARTESIAN_POINT('Ctrl Pts',(-39.6945644721837,0.0812990375844984,
-36.8615393189517));
#9449=CARTESIAN_POINT('Ctrl Pts',(-39.6553152168093,0.0812990375844997,
-36.7820412103041));
#9450=CARTESIAN_POINT('Ctrl Pts',(-39.6450116564775,0.0812990375844989,
-36.7611717548416));
#9451=CARTESIAN_POINT('Ctrl Pts',(-39.6346979853183,0.0812990375844991,
-36.7402817862733));
#9452=CARTESIAN_POINT('Ctrl Pts',(-24.9217964275399,0.0925200174914529,
-44.9880784671432));
#9453=CARTESIAN_POINT('Ctrl Pts',(-24.947864409203,0.0925200174914528,-44.9920525349462));
#9454=CARTESIAN_POINT('Ctrl Pts',(-24.9740190676363,0.0925200174914531,
-44.9960397836064));
#9455=CARTESIAN_POINT('Ctrl Pts',(-25.1284369709122,0.0925200174914528,
-45.0195812671676));
#9456=CARTESIAN_POINT('Ctrl Pts',(-25.3754349578681,0.092520017491453,-45.060181525881));
#9457=CARTESIAN_POINT('Ctrl Pts',(-25.7339810436654,0.0925200174914529,
-45.1271481630334));
#9458=CARTESIAN_POINT('Ctrl Pts',(-26.0897382550002,0.092520017491453,-45.2016346242214));
#9459=CARTESIAN_POINT('Ctrl Pts',(-26.4497212533741,0.0925200174914529,
-45.2853167443492));
#9460=CARTESIAN_POINT('Ctrl Pts',(-26.8182020839156,0.0925200174914529,
-45.379757727705));
#9461=CARTESIAN_POINT('Ctrl Pts',(-27.196340267846,0.0925200174914529,-45.485930070183));
#9462=CARTESIAN_POINT('Ctrl Pts',(-27.5821837450588,0.0925200174914529,
-45.6038094458118));
#9463=CARTESIAN_POINT('Ctrl Pts',(-27.9716495860163,0.0925200174914529,
-45.7322747797144));
#9464=CARTESIAN_POINT('Ctrl Pts',(-28.3597629127998,0.0925200174914529,
-45.8693161854477));
#9465=CARTESIAN_POINT('Ctrl Pts',(-28.741912632397,0.0925200174914529,-46.0124923552501));
#9466=CARTESIAN_POINT('Ctrl Pts',(-29.114950743013,0.0925200174914529,-46.1595519463496));
#9467=CARTESIAN_POINT('Ctrl Pts',(-29.4780484422331,0.0925200174914529,
-46.3090381146985));
#9468=CARTESIAN_POINT('Ctrl Pts',(-29.8338176500918,0.0925200174914529,
-46.4610569923167));
#9469=CARTESIAN_POINT('Ctrl Pts',(-30.1857737450916,0.0925200174914529,
-46.6164000386559));
#9470=CARTESIAN_POINT('Ctrl Pts',(-30.5363214927126,0.0925200174914529,
-46.7756197590112));
#9471=CARTESIAN_POINT('Ctrl Pts',(-30.8873254399893,0.0925200174914529,
-46.9391974005297));
#9472=CARTESIAN_POINT('Ctrl Pts',(-31.2400031461753,0.0925200174914529,
-47.1074447847016));
#9473=CARTESIAN_POINT('Ctrl Pts',(-31.5950478862112,0.0925200174914529,
-47.2805224264087));
#9474=CARTESIAN_POINT('Ctrl Pts',(-31.9526549596288,0.0925200174914529,
-47.4584256544266));
#9475=CARTESIAN_POINT('Ctrl Pts',(-32.3125854274312,0.0925200174914528,
-47.6409975074504));
#9476=CARTESIAN_POINT('Ctrl Pts',(-32.6742367426091,0.0925200174914527,
-47.8279499212083));
#9477=CARTESIAN_POINT('Ctrl Pts',(-33.0367051643815,0.0925200174914526,
-48.0188894978026));
#9478=CARTESIAN_POINT('Ctrl Pts',(-33.3988657804193,0.0925200174914526,
-48.2133504155129));
#9479=CARTESIAN_POINT('Ctrl Pts',(-33.7594467247885,0.0925200174914522,
-48.4108191721146));
#9480=CARTESIAN_POINT('Ctrl Pts',(-34.1171125112166,0.092520017491452,-48.6107656718229));
#9481=CARTESIAN_POINT('Ctrl Pts',(-34.470538506145,0.092520017491451,-48.8126760703849));
#9482=CARTESIAN_POINT('Ctrl Pts',(-34.8184800115415,0.0925200174914508,
-49.0160878847732));
#9483=CARTESIAN_POINT('Ctrl Pts',(-35.1598495372844,0.0925200174914485,
-49.2206322001299));
#9484=CARTESIAN_POINT('Ctrl Pts',(-35.4937829324315,0.092520017491446,-49.4260588461979));
#9485=CARTESIAN_POINT('Ctrl Pts',(-35.8197074227444,0.0925200174914425,
-49.6322745267632));
#9486=CARTESIAN_POINT('Ctrl Pts',(-36.1373939558036,0.0925200174914346,
-49.8393834494215));
#9487=CARTESIAN_POINT('Ctrl Pts',(-36.395416201827,0.0925200174914217,-50.0130140059342));
#9488=CARTESIAN_POINT('Ctrl Pts',(-36.5981261331839,0.0925200174914152,
-50.1528802972117));
#9489=CARTESIAN_POINT('Ctrl Pts',(-36.7484385933843,0.0925200174914077,
-50.2583921961265));
#9490=CARTESIAN_POINT('Ctrl Pts',(-36.8971809039785,0.0925200174913977,
-50.3646609660385));
#9491=CARTESIAN_POINT('Ctrl Pts',(-37.0936784516158,0.0925200174913794,
-50.5076280476738));
#9492=CARTESIAN_POINT('Ctrl Pts',(-37.3363864606742,0.0925200174913195,
-50.689237655594));
#9493=CARTESIAN_POINT('Ctrl Pts',(-37.6252592190186,0.0925200174911982,
-50.914240099706));
#9494=CARTESIAN_POINT('Ctrl Pts',(-37.9144183373528,0.0925200174910804,
-51.1494153351699));
#9495=CARTESIAN_POINT('Ctrl Pts',(-38.1343207411312,0.0925200174907963,
-51.3370133067871));
#9496=CARTESIAN_POINT('Ctrl Pts',(-38.2833534837325,0.0925200174907423,
-51.4677831727661));
#9497=CARTESIAN_POINT('Ctrl Pts',(-38.3577793343664,0.0925200174907085,
-51.5336906317352));
#9498=CARTESIAN_POINT('Ctrl Pts',(-38.4194473937192,0.0925200174906596,
-51.5886818498695));
#9499=CARTESIAN_POINT('Ctrl Pts',(-38.4684256697199,0.0925200174906402,
-51.6324278752529));
#9500=CARTESIAN_POINT('Ctrl Pts',(-38.5049926741311,0.0925200174906245,
-51.6650732835474));
#9501=CARTESIAN_POINT('Ctrl Pts',(-38.5323113865613,0.0925200174906027,
-51.6894031809018));
#9502=CARTESIAN_POINT('Ctrl Pts',(-38.5505065111591,0.0925200174905996,
-51.7055524357206));
#9503=CARTESIAN_POINT('Ctrl Pts',(-38.562633953334,0.0925200174905975,-51.7162999150116));
#9504=CARTESIAN_POINT('Ctrl Pts',(-38.5838556864766,0.0925200174905873,
-51.7350598035468));
#9505=CARTESIAN_POINT('Ctrl Pts',(-38.6142123584075,0.0925200174905598,
-51.7617228270144));
#9506=CARTESIAN_POINT('Ctrl Pts',(-38.6402025407426,0.0925200174905244,
-51.7842506866128));
#9507=CARTESIAN_POINT('Ctrl Pts',(-38.6556278441926,0.0925200174905204,
-51.7974680586045));
#9508=CARTESIAN_POINT('Ctrl Pts',(-38.6618112827238,0.0925200174905195,
-51.8027522564441));
#9509=CARTESIAN_POINT('Ctrl Pts',(-38.6726692464429,0.092520017490517,-51.8119931215977));
#9510=CARTESIAN_POINT('Ctrl Pts',(-38.6851749296664,0.0925200174905035,
-51.8225420519671));
#9511=CARTESIAN_POINT('Ctrl Pts',(-38.696231955244,0.0925200174905005,-51.8317646405888));
#9512=CARTESIAN_POINT('Ctrl Pts',(-38.7025875263553,0.0925200174904991,
-51.837033230448));
#9513=CARTESIAN_POINT('Ctrl Pts',(-38.7121606507943,0.0925200174904984,
-51.844935001139));
#9514=CARTESIAN_POINT('Ctrl Pts',(-38.7218362149235,0.0925200174904807,
-51.8528364095345));
#9515=CARTESIAN_POINT('Ctrl Pts',(-38.7316499933843,0.0925200174904796,
-51.8607376083253));
#9516=CARTESIAN_POINT('Ctrl Pts',(-38.7382312494145,0.0925200174904786,
-51.8660055791133));
#9517=CARTESIAN_POINT('Ctrl Pts',(-38.7440431834048,0.0925200174904734,
-51.8706163064167));
#9518=CARTESIAN_POINT('Ctrl Pts',(-38.7490692778004,0.0925200174904731,
-51.8745689368675));
#9519=CARTESIAN_POINT('Ctrl Pts',(-38.7509608234931,0.0925200174904727,
-51.8760513377555));
#9520=CARTESIAN_POINT('Ctrl Pts',(-38.7522248070489,0.0925200174904725,
-51.8770396520661));
#9521=CARTESIAN_POINT('Ctrl Pts',(-38.7528573872417,0.0925200174904728,
-51.8775338225612));
#9522=CARTESIAN_POINT('Ctrl Pts',(-38.7534905622042,0.0925200174904728,
-51.8780280060382));
#9523=CARTESIAN_POINT('Ctrl Pts',(-38.7543355953189,0.0925200174904723,
-51.8786869332626));
#9524=CARTESIAN_POINT('Ctrl Pts',(-38.7551818149374,0.0925200174904729,
-51.8793459013716));
#9525=CARTESIAN_POINT('Ctrl Pts',(-38.7560292862748,0.0925200174904728,
-51.880004877832));
#9526=CARTESIAN_POINT('Ctrl Pts',(-38.759846497779,0.0925200174904734,-51.8829704731341));
#9527=CARTESIAN_POINT('Ctrl Pts',(-38.7703230516434,0.0925200174904754,
-51.8910448296102));
#9528=CARTESIAN_POINT('Ctrl Pts',(-38.781734778744,0.092520017490488,-51.8996257075744));
#9529=CARTESIAN_POINT('Ctrl Pts',(-38.7900531414889,0.092520017490489,-51.9057253371781));
#9530=CARTESIAN_POINT('Ctrl Pts',(-38.7914064499042,0.0925200174904891,
-51.9067141139033));
#9531=CARTESIAN_POINT('Ctrl Pts',(-38.792309828695,0.0925200174904891,-51.9073732324697));
#9532=CARTESIAN_POINT('Ctrl Pts',(-38.7947989500188,0.092520017490489,-51.9091854571942));
#9533=CARTESIAN_POINT('Ctrl Pts',(-38.7979871947213,0.0925200174904895,
-51.9114904224593));
#9534=CARTESIAN_POINT('Ctrl Pts',(-38.8012009173004,0.0925200174904891,
-51.9137919242748));
#9535=CARTESIAN_POINT('Ctrl Pts',(-38.8030444722962,0.0925200174904892,
-51.9151059440403));
#9536=CARTESIAN_POINT('Ctrl Pts',(-38.8044309181334,0.0925200174904892,
-51.9160908010733));
#9537=CARTESIAN_POINT('Ctrl Pts',(-38.8058206050204,0.092520017490489,-51.9170750716231));
#9538=CARTESIAN_POINT('Ctrl Pts',(-38.8076795261006,0.0925200174904892,
-51.9183862117323));
#9539=CARTESIAN_POINT('Ctrl Pts',(-38.8239820159022,0.0925200174904904,
-51.9298511285724));
#9540=CARTESIAN_POINT('Ctrl Pts',(-38.8563645112118,0.0925200174905042,
-51.9510634229796));
#9541=CARTESIAN_POINT('Ctrl Pts',(-38.8990536712815,0.0925200174905125,
-51.9749243285117));
#9542=CARTESIAN_POINT('Ctrl Pts',(-38.9450285148427,0.0925200174905147,
-51.9925446710991));
#9543=CARTESIAN_POINT('Ctrl Pts',(-38.9775387468142,0.0925200174905143,
-51.9998838683579));
#9544=CARTESIAN_POINT('Ctrl Pts',(-39.0046190060638,0.0925200174905143,
-51.9999334720939));
#9545=CARTESIAN_POINT('Ctrl Pts',(-39.0162146926703,0.0925200174905142,
-51.9992838625858));
#9546=CARTESIAN_POINT('Ctrl Pts',(-39.0386527838934,0.0925200174905143,
-51.9960155520091));
#9547=CARTESIAN_POINT('Ctrl Pts',(-39.0621571065543,0.0925200174905137,
-51.9872105002134));
#9548=CARTESIAN_POINT('Ctrl Pts',(-39.0768443985333,0.0925200174905134,
-51.9791178442129));
#9549=CARTESIAN_POINT('Ctrl Pts',(-39.0844265160662,0.0925200174905134,
-51.9744628703758));
#9550=CARTESIAN_POINT('Ctrl Pts',(-39.0896376377326,0.0925200174905132,
-51.9709944488139));
#9551=CARTESIAN_POINT('Ctrl Pts',(-39.0945108021509,0.0925200174905133,
-51.9675480283353));
#9552=CARTESIAN_POINT('Ctrl Pts',(-39.0979214519432,0.0925200174905129,
-51.9649874508816));
#9553=CARTESIAN_POINT('Ctrl Pts',(-39.0999314788804,0.0925200174905132,
-51.9634314139816));
#9554=CARTESIAN_POINT('Ctrl Pts',(-39.1006540266681,0.0925200174905131,
-51.962866615327));
#9555=CARTESIAN_POINT('Ctrl Pts',(-39.1017299418845,0.092520017490513,-51.9620204034814));
#9556=CARTESIAN_POINT('Ctrl Pts',(-39.1040188469619,0.0925200174905132,
-51.960192417261));
#9557=CARTESIAN_POINT('Ctrl Pts',(-39.1114410055022,0.0925200174905135,
-51.9540491842601));
#9558=CARTESIAN_POINT('Ctrl Pts',(-39.1185360053287,0.0925200174905198,
-51.9475043575473));
#9559=CARTESIAN_POINT('Ctrl Pts',(-39.1250116094809,0.0925200174905201,
-51.9410787723982));
#9560=CARTESIAN_POINT('Ctrl Pts',(-39.1291748447957,0.0925200174905207,
-51.9368243954386));
#9561=CARTESIAN_POINT('Ctrl Pts',(-39.1400464480394,0.0925200174905231,
-51.9252353393661));
#9562=CARTESIAN_POINT('Ctrl Pts',(-39.1553477629218,0.0925200174905448,
-51.9067750248159));
#9563=CARTESIAN_POINT('Ctrl Pts',(-39.1700603589487,0.0925200174905556,
-51.8865320603702));
#9564=CARTESIAN_POINT('Ctrl Pts',(-39.1809046952984,0.0925200174905582,
-51.8704206707536));
#9565=CARTESIAN_POINT('Ctrl Pts',(-39.1873462035703,0.0925200174905627,
-51.8603966347848));
#9566=CARTESIAN_POINT('Ctrl Pts',(-39.1923275165956,0.0925200174905637,
-51.8524011057503));
#9567=CARTESIAN_POINT('Ctrl Pts',(-39.1972005481546,0.092520017490565,-51.8444228776229));
#9568=CARTESIAN_POINT('Ctrl Pts',(-39.2031024776854,0.0925200174905681,
-51.8344813622704));
#9569=CARTESIAN_POINT('Ctrl Pts',(-39.2099191185507,0.0925200174905721,
-51.822599696075));
#9570=CARTESIAN_POINT('Ctrl Pts',(-39.2186946062325,0.0925200174905746,
-51.8068168480278));
#9571=CARTESIAN_POINT('Ctrl Pts',(-39.2270519916609,0.0925200174905867,
-51.7911161634236));
#9572=CARTESIAN_POINT('Ctrl Pts',(-39.2350802063392,0.0925200174905891,
-51.7754753980737));
#9573=CARTESIAN_POINT('Ctrl Pts',(-39.2429087643586,0.0925200174905925,
-51.7598683069124));
#9574=CARTESIAN_POINT('Ctrl Pts',(-39.2523588933956,0.092520017490602,-51.7404101317066));
#9575=CARTESIAN_POINT('Ctrl Pts',(-39.2668949081885,0.0925200174906104,
-51.7093343328918));
#9576=CARTESIAN_POINT('Ctrl Pts',(-39.284157765349,0.0925200174906418,-51.6705225174182));
#9577=CARTESIAN_POINT('Ctrl Pts',(-39.303855173101,0.0925200174906664,-51.6238108280692));
#9578=CARTESIAN_POINT('Ctrl Pts',(-39.3227583774441,0.0925200174906912,
-51.5769479613658));
#9579=CARTESIAN_POINT('Ctrl Pts',(-39.3410188336643,0.0925200174907132,
-51.5299604551314));
#9580=CARTESIAN_POINT('Ctrl Pts',(-39.3587462475993,0.0925200174907299,
-51.4828703240714));
#9581=CARTESIAN_POINT('Ctrl Pts',(-39.3717018845255,0.0925200174907452,
-51.447496190907));
#9582=CARTESIAN_POINT('Ctrl Pts',(-39.3802183391969,0.0925200174907473,
-51.4238957855226));
#9583=CARTESIAN_POINT('Ctrl Pts',(-39.3858655647035,0.0925200174907472,
-51.4081584992277));
#9584=CARTESIAN_POINT('Ctrl Pts',(-39.4348478550078,0.0925200174907832,
-51.2704018574717));
#9585=CARTESIAN_POINT('Ctrl Pts',(-39.5197705433145,0.092520017491101,-51.0102649981578));
#9586=CARTESIAN_POINT('Ctrl Pts',(-39.6052452114109,0.0925200174912638,
-50.728882974827));
#9587=CARTESIAN_POINT('Ctrl Pts',(-39.6603961640724,0.0925200174912983,
-50.5416373379732));
#9588=CARTESIAN_POINT('Ctrl Pts',(-39.6967367878663,0.0925200174913067,
-50.4168275355183));
#9589=CARTESIAN_POINT('Ctrl Pts',(-39.7414426948162,0.0925200174913393,
-50.2607294943617));
#9590=CARTESIAN_POINT('Ctrl Pts',(-39.7942117354267,0.0925200174913588,
-50.0728635507363));
#9591=CARTESIAN_POINT('Ctrl Pts',(-39.8462767627897,0.0925200174913766,
-49.8841140485907));
#9592=CARTESIAN_POINT('Ctrl Pts',(-39.8977180848982,0.0925200174913896,
-49.6943998178013));
#9593=CARTESIAN_POINT('Ctrl Pts',(-39.9654594569537,0.0925200174913992,
-49.4403802971646));
#9594=CARTESIAN_POINT('Ctrl Pts',(-40.0485087166296,0.0925200174914217,
-49.1212038506432));
#9595=CARTESIAN_POINT('Ctrl Pts',(-40.1453522011197,0.092520017491432,-48.7365672432511));
#9596=CARTESIAN_POINT('Ctrl Pts',(-40.2390979337038,0.0925200174914409,
-48.3511067076188));
#9597=CARTESIAN_POINT('Ctrl Pts',(-40.329442871428,0.0925200174914453,-47.9654001278879));
#9598=CARTESIAN_POINT('Ctrl Pts',(-40.4160643265447,0.0925200174914485,
-47.5798033308316));
#9599=CARTESIAN_POINT('Ctrl Pts',(-40.4986273830092,0.0925200174914502,
-47.1944738079955));
#9600=CARTESIAN_POINT('Ctrl Pts',(-40.563753351759,0.0925200174914516,-46.87357863158));
#9601=CARTESIAN_POINT('Ctrl Pts',(-40.6134560405593,0.0925200174914518,
-46.6169159294608));
#9602=CARTESIAN_POINT('Ctrl Pts',(-40.6614891322812,0.092520017491452,-46.3602494309195));
#9603=CARTESIAN_POINT('Ctrl Pts',(-40.7182642286702,0.0925200174914523,
-46.0393314883915));
#9604=CARTESIAN_POINT('Ctrl Pts',(-40.7702773129424,0.0925200174914526,
-45.7180520988045));
#9605=CARTESIAN_POINT('Ctrl Pts',(-40.8087469049344,0.0925200174914527,
-45.46065409287));
#9606=CARTESIAN_POINT('Ctrl Pts',(-40.8450155957971,0.0925200174914527,
-45.2029570977927));
#9607=CARTESIAN_POINT('Ctrl Pts',(-40.8860195719407,0.0925200174914528,
-44.8801846294836));
#9608=CARTESIAN_POINT('Ctrl Pts',(-40.9275623649727,0.0925200174914528,
-44.4915804493316));
#9609=CARTESIAN_POINT('Ctrl Pts',(-40.960647225376,0.0925200174914528,-44.1015588853924));
#9610=CARTESIAN_POINT('Ctrl Pts',(-40.9844631083719,0.0925200174914528,
-43.7101069507762));
#9611=CARTESIAN_POINT('Ctrl Pts',(-40.9982883807627,0.0925200174914528,
-43.3173692168443));
#9612=CARTESIAN_POINT('Ctrl Pts',(-41.001597073579,0.0925200174914529,-42.9236335697844));
#9613=CARTESIAN_POINT('Ctrl Pts',(-40.9941143614274,0.0925200174914529,
-42.5293137090476));
#9614=CARTESIAN_POINT('Ctrl Pts',(-40.9758465344053,0.0925200174914529,
-42.1349174727212));
#9615=CARTESIAN_POINT('Ctrl Pts',(-40.9470477448394,0.0925200174914529,
-41.7410000040048));
#9616=CARTESIAN_POINT('Ctrl Pts',(-40.9080615748026,0.0925200174914529,
-41.3481123169773));
#9617=CARTESIAN_POINT('Ctrl Pts',(-40.8592210036157,0.0925200174914529,
-40.9568433704056));
#9618=CARTESIAN_POINT('Ctrl Pts',(-40.8008313663189,0.0925200174914529,
-40.5676955899715));
#9619=CARTESIAN_POINT('Ctrl Pts',(-40.7330627717146,0.0925200174914529,
-40.1806439405292));
#9620=CARTESIAN_POINT('Ctrl Pts',(-40.6559804728431,0.0925200174914529,
-39.7954990785195));
#9621=CARTESIAN_POINT('Ctrl Pts',(-40.5695787888512,0.0925200174914528,
-39.4121161138249));
#9622=CARTESIAN_POINT('Ctrl Pts',(-40.4737628094209,0.092520017491453,-39.0304814903373));
#9623=CARTESIAN_POINT('Ctrl Pts',(-40.3682837030916,0.0925200174914527,
-38.6506892655048));
#9624=CARTESIAN_POINT('Ctrl Pts',(-40.2526768925889,0.092520017491453,-38.273028147746));
#9625=CARTESIAN_POINT('Ctrl Pts',(-40.1261692644983,0.0925200174914528,
-37.8979753379553));
#9626=CARTESIAN_POINT('Ctrl Pts',(-39.9878033535291,0.092520017491453,-37.5266458306924));
#9627=CARTESIAN_POINT('Ctrl Pts',(-39.8613953415949,0.0925200174914529,
-37.2212169465936));
#9628=CARTESIAN_POINT('Ctrl Pts',(-39.7529486710844,0.092520017491453,-36.9806310894569));
#9629=CARTESIAN_POINT('Ctrl Pts',(-39.6956886627072,0.0925200174914528,
-36.860947013104));
#9630=CARTESIAN_POINT('Ctrl Pts',(-39.6564581193364,0.0925200174914535,
-36.7814868162214));
#9631=CARTESIAN_POINT('Ctrl Pts',(-39.6461480269698,0.0925200174914531,
-36.7606041263492));
#9632=CARTESIAN_POINT('Ctrl Pts',(-39.6358369696444,0.0925200174914532,
-36.7397194536549));
#9633=CARTESIAN_POINT('Ctrl Pts',(-24.9217964275399,0.1,-44.9880784671432));
#9634=CARTESIAN_POINT('Ctrl Pts',(-24.947864409203,0.1,-44.9920525349462));
#9635=CARTESIAN_POINT('Ctrl Pts',(-24.9740190676363,0.1,-44.9960397836064));
#9636=CARTESIAN_POINT('Ctrl Pts',(-25.1284369709122,0.1,-45.0195812671676));
#9637=CARTESIAN_POINT('Ctrl Pts',(-25.3754349578681,0.1,-45.060181525881));
#9638=CARTESIAN_POINT('Ctrl Pts',(-25.7339810436654,0.1,-45.1271481630334));
#9639=CARTESIAN_POINT('Ctrl Pts',(-26.0897382550002,0.1,-45.2016346242214));
#9640=CARTESIAN_POINT('Ctrl Pts',(-26.4497212533741,0.1,-45.2853167443492));
#9641=CARTESIAN_POINT('Ctrl Pts',(-26.8182020839156,0.1,-45.379757727705));
#9642=CARTESIAN_POINT('Ctrl Pts',(-27.196340267846,0.1,-45.485930070183));
#9643=CARTESIAN_POINT('Ctrl Pts',(-27.5821837450588,0.1,-45.6038094458118));
#9644=CARTESIAN_POINT('Ctrl Pts',(-27.9716495860163,0.1,-45.7322747797144));
#9645=CARTESIAN_POINT('Ctrl Pts',(-28.3597629127998,0.1,-45.8693161854477));
#9646=CARTESIAN_POINT('Ctrl Pts',(-28.741912632397,0.1,-46.0124923552501));
#9647=CARTESIAN_POINT('Ctrl Pts',(-29.114950743013,0.1,-46.1595519463496));
#9648=CARTESIAN_POINT('Ctrl Pts',(-29.4780484422331,0.1,-46.3090381146985));
#9649=CARTESIAN_POINT('Ctrl Pts',(-29.8338176500918,0.1,-46.4610569923167));
#9650=CARTESIAN_POINT('Ctrl Pts',(-30.1857737450916,0.1,-46.6164000386559));
#9651=CARTESIAN_POINT('Ctrl Pts',(-30.5363214927126,0.1,-46.7756197590112));
#9652=CARTESIAN_POINT('Ctrl Pts',(-30.8873254399893,0.1,-46.9391974005297));
#9653=CARTESIAN_POINT('Ctrl Pts',(-31.2400031461753,0.1,-47.1074447847016));
#9654=CARTESIAN_POINT('Ctrl Pts',(-31.5950478862112,0.1,-47.2805224264087));
#9655=CARTESIAN_POINT('Ctrl Pts',(-31.9526549596288,0.1,-47.4584256544266));
#9656=CARTESIAN_POINT('Ctrl Pts',(-32.3125854274312,0.1,-47.6409975074504));
#9657=CARTESIAN_POINT('Ctrl Pts',(-32.6742367426091,0.0999999999999999,
-47.8279499212083));
#9658=CARTESIAN_POINT('Ctrl Pts',(-33.0367051643815,0.0999999999999998,
-48.0188894978026));
#9659=CARTESIAN_POINT('Ctrl Pts',(-33.3988657804193,0.0999999999999997,
-48.2133504155129));
#9660=CARTESIAN_POINT('Ctrl Pts',(-33.7594467247885,0.0999999999999994,
-48.4108191721146));
#9661=CARTESIAN_POINT('Ctrl Pts',(-34.1171125112166,0.0999999999999991,
-48.6107656718229));
#9662=CARTESIAN_POINT('Ctrl Pts',(-34.470538506145,0.0999999999999982,-48.8126760703849));
#9663=CARTESIAN_POINT('Ctrl Pts',(-34.8184800115415,0.0999999999999979,
-49.0160878847732));
#9664=CARTESIAN_POINT('Ctrl Pts',(-35.1598495372844,0.0999999999999956,
-49.2206322001299));
#9665=CARTESIAN_POINT('Ctrl Pts',(-35.4937829324315,0.0999999999999931,
-49.4260588461979));
#9666=CARTESIAN_POINT('Ctrl Pts',(-35.8197074227444,0.0999999999999897,
-49.6322745267632));
#9667=CARTESIAN_POINT('Ctrl Pts',(-36.1373939558036,0.0999999999999817,
-49.8393834494215));
#9668=CARTESIAN_POINT('Ctrl Pts',(-36.395416201827,0.0999999999999686,-50.0130140059342));
#9669=CARTESIAN_POINT('Ctrl Pts',(-36.5981261331839,0.0999999999999625,
-50.1528802972117));
#9670=CARTESIAN_POINT('Ctrl Pts',(-36.7484385933843,0.0999999999999547,
-50.2583921961265));
#9671=CARTESIAN_POINT('Ctrl Pts',(-36.8971809039785,0.0999999999999446,
-50.3646609660385));
#9672=CARTESIAN_POINT('Ctrl Pts',(-37.0936784516158,0.0999999999999269,
-50.5076280476738));
#9673=CARTESIAN_POINT('Ctrl Pts',(-37.3363864606742,0.0999999999998664,
-50.689237655594));
#9674=CARTESIAN_POINT('Ctrl Pts',(-37.6252592190186,0.0999999999997454,
-50.914240099706));
#9675=CARTESIAN_POINT('Ctrl Pts',(-37.9144183373528,0.0999999999996275,
-51.1494153351699));
#9676=CARTESIAN_POINT('Ctrl Pts',(-38.1343207411312,0.0999999999993435,
-51.3370133067871));
#9677=CARTESIAN_POINT('Ctrl Pts',(-38.2833534837325,0.0999999999992892,
-51.4677831727661));
#9678=CARTESIAN_POINT('Ctrl Pts',(-38.3577793343664,0.099999999999256,-51.5336906317352));
#9679=CARTESIAN_POINT('Ctrl Pts',(-38.4194473937192,0.0999999999992063,
-51.5886818498695));
#9680=CARTESIAN_POINT('Ctrl Pts',(-38.4684256697199,0.0999999999991876,
-51.6324278752529));
#9681=CARTESIAN_POINT('Ctrl Pts',(-38.5049926741311,0.0999999999991714,
-51.6650732835474));
#9682=CARTESIAN_POINT('Ctrl Pts',(-38.5323113865613,0.0999999999991499,
-51.6894031809018));
#9683=CARTESIAN_POINT('Ctrl Pts',(-38.5505065111591,0.0999999999991467,
-51.7055524357206));
#9684=CARTESIAN_POINT('Ctrl Pts',(-38.562633953334,0.0999999999991447,-51.7162999150116));
#9685=CARTESIAN_POINT('Ctrl Pts',(-38.5838556864766,0.0999999999991344,
-51.7350598035468));
#9686=CARTESIAN_POINT('Ctrl Pts',(-38.6142123584075,0.0999999999991071,
-51.7617228270144));
#9687=CARTESIAN_POINT('Ctrl Pts',(-38.6402025407426,0.0999999999990713,
-51.7842506866128));
#9688=CARTESIAN_POINT('Ctrl Pts',(-38.6556278441926,0.0999999999990676,
-51.7974680586045));
#9689=CARTESIAN_POINT('Ctrl Pts',(-38.6618112827238,0.0999999999990668,
-51.8027522564441));
#9690=CARTESIAN_POINT('Ctrl Pts',(-38.6726692464429,0.0999999999990638,
-51.8119931215977));
#9691=CARTESIAN_POINT('Ctrl Pts',(-38.6851749296664,0.099999999999051,-51.8225420519671));
#9692=CARTESIAN_POINT('Ctrl Pts',(-38.696231955244,0.0999999999990474,-51.8317646405888));
#9693=CARTESIAN_POINT('Ctrl Pts',(-38.7025875263553,0.0999999999990463,
-51.837033230448));
#9694=CARTESIAN_POINT('Ctrl Pts',(-38.7121606507943,0.0999999999990454,
-51.844935001139));
#9695=CARTESIAN_POINT('Ctrl Pts',(-38.7218362149235,0.0999999999990281,
-51.8528364095345));
#9696=CARTESIAN_POINT('Ctrl Pts',(-38.7316499933843,0.0999999999990266,
-51.8607376083253));
#9697=CARTESIAN_POINT('Ctrl Pts',(-38.7382312494145,0.0999999999990256,
-51.8660055791133));
#9698=CARTESIAN_POINT('Ctrl Pts',(-38.7440431834048,0.0999999999990206,
-51.8706163064167));
#9699=CARTESIAN_POINT('Ctrl Pts',(-38.7490692778004,0.0999999999990202,
-51.8745689368675));
#9700=CARTESIAN_POINT('Ctrl Pts',(-38.7509608234931,0.0999999999990198,
-51.8760513377555));
#9701=CARTESIAN_POINT('Ctrl Pts',(-38.7522248070489,0.0999999999990198,
-51.8770396520661));
#9702=CARTESIAN_POINT('Ctrl Pts',(-38.7528573872417,0.0999999999990198,
-51.8775338225612));
#9703=CARTESIAN_POINT('Ctrl Pts',(-38.7534905622042,0.0999999999990198,
-51.8780280060382));
#9704=CARTESIAN_POINT('Ctrl Pts',(-38.7543355953189,0.0999999999990198,
-51.8786869332626));
#9705=CARTESIAN_POINT('Ctrl Pts',(-38.7551818149374,0.0999999999990199,
-51.8793459013716));
#9706=CARTESIAN_POINT('Ctrl Pts',(-38.7560292862748,0.0999999999990199,
-51.880004877832));
#9707=CARTESIAN_POINT('Ctrl Pts',(-38.759846497779,0.0999999999990203,-51.8829704731341));
#9708=CARTESIAN_POINT('Ctrl Pts',(-38.7703230516434,0.0999999999990227,
-51.8910448296102));
#9709=CARTESIAN_POINT('Ctrl Pts',(-38.781734778744,0.0999999999990352,-51.8996257075744));
#9710=CARTESIAN_POINT('Ctrl Pts',(-38.7900531414889,0.0999999999990362,
-51.9057253371781));
#9711=CARTESIAN_POINT('Ctrl Pts',(-38.7914064499042,0.0999999999990362,
-51.9067141139033));
#9712=CARTESIAN_POINT('Ctrl Pts',(-38.792309828695,0.0999999999990362,-51.9073732324697));
#9713=CARTESIAN_POINT('Ctrl Pts',(-38.7947989500188,0.0999999999990362,
-51.9091854571942));
#9714=CARTESIAN_POINT('Ctrl Pts',(-38.7979871947213,0.0999999999990363,
-51.9114904224593));
#9715=CARTESIAN_POINT('Ctrl Pts',(-38.8012009173004,0.0999999999990363,
-51.9137919242748));
#9716=CARTESIAN_POINT('Ctrl Pts',(-38.8030444722962,0.0999999999990363,
-51.9151059440403));
#9717=CARTESIAN_POINT('Ctrl Pts',(-38.8044309181334,0.0999999999990363,
-51.9160908010733));
#9718=CARTESIAN_POINT('Ctrl Pts',(-38.8058206050204,0.0999999999990363,
-51.9170750716231));
#9719=CARTESIAN_POINT('Ctrl Pts',(-38.8076795261006,0.0999999999990363,
-51.9183862117323));
#9720=CARTESIAN_POINT('Ctrl Pts',(-38.8239820159022,0.0999999999990377,
-51.9298511285724));
#9721=CARTESIAN_POINT('Ctrl Pts',(-38.8563645112118,0.0999999999990513,
-51.9510634229796));
#9722=CARTESIAN_POINT('Ctrl Pts',(-38.8990536712815,0.0999999999990597,
-51.9749243285117));
#9723=CARTESIAN_POINT('Ctrl Pts',(-38.9450285148427,0.0999999999990618,
-51.9925446710991));
#9724=CARTESIAN_POINT('Ctrl Pts',(-38.9775387468142,0.0999999999990614,
-51.9998838683579));
#9725=CARTESIAN_POINT('Ctrl Pts',(-39.0046190060638,0.0999999999990614,
-51.9999334720939));
#9726=CARTESIAN_POINT('Ctrl Pts',(-39.0162146926703,0.0999999999990614,
-51.9992838625858));
#9727=CARTESIAN_POINT('Ctrl Pts',(-39.0386527838934,0.0999999999990613,
-51.9960155520091));
#9728=CARTESIAN_POINT('Ctrl Pts',(-39.0621571065543,0.0999999999990609,
-51.9872105002134));
#9729=CARTESIAN_POINT('Ctrl Pts',(-39.0768443985333,0.0999999999990605,
-51.9791178442129));
#9730=CARTESIAN_POINT('Ctrl Pts',(-39.0844265160662,0.0999999999990605,
-51.9744628703758));
#9731=CARTESIAN_POINT('Ctrl Pts',(-39.0896376377326,0.0999999999990604,
-51.9709944488139));
#9732=CARTESIAN_POINT('Ctrl Pts',(-39.0945108021509,0.0999999999990604,
-51.9675480283353));
#9733=CARTESIAN_POINT('Ctrl Pts',(-39.0979214519432,0.0999999999990602,
-51.9649874508816));
#9734=CARTESIAN_POINT('Ctrl Pts',(-39.0999314788804,0.0999999999990603,
-51.9634314139816));
#9735=CARTESIAN_POINT('Ctrl Pts',(-39.1006540266681,0.0999999999990603,
-51.962866615327));
#9736=CARTESIAN_POINT('Ctrl Pts',(-39.1017299418845,0.0999999999990603,
-51.9620204034814));
#9737=CARTESIAN_POINT('Ctrl Pts',(-39.1040188469619,0.0999999999990604,
-51.960192417261));
#9738=CARTESIAN_POINT('Ctrl Pts',(-39.1114410055022,0.0999999999990608,
-51.9540491842601));
#9739=CARTESIAN_POINT('Ctrl Pts',(-39.1185360053287,0.0999999999990669,
-51.9475043575473));
#9740=CARTESIAN_POINT('Ctrl Pts',(-39.1250116094809,0.0999999999990673,
-51.9410787723982));
#9741=CARTESIAN_POINT('Ctrl Pts',(-39.1291748447957,0.0999999999990678,
-51.9368243954386));
#9742=CARTESIAN_POINT('Ctrl Pts',(-39.1400464480394,0.0999999999990702,
-51.9252353393661));
#9743=CARTESIAN_POINT('Ctrl Pts',(-39.1553477629218,0.0999999999990919,
-51.9067750248159));
#9744=CARTESIAN_POINT('Ctrl Pts',(-39.1700603589487,0.0999999999991028,
-51.8865320603702));
#9745=CARTESIAN_POINT('Ctrl Pts',(-39.1809046952984,0.0999999999991056,
-51.8704206707536));
#9746=CARTESIAN_POINT('Ctrl Pts',(-39.1873462035703,0.0999999999991097,
-51.8603966347848));
#9747=CARTESIAN_POINT('Ctrl Pts',(-39.1923275165956,0.0999999999991109,
-51.8524011057503));
#9748=CARTESIAN_POINT('Ctrl Pts',(-39.1972005481546,0.0999999999991121,
-51.8444228776229));
#9749=CARTESIAN_POINT('Ctrl Pts',(-39.2031024776854,0.0999999999991155,
-51.8344813622704));
#9750=CARTESIAN_POINT('Ctrl Pts',(-39.2099191185507,0.099999999999119,-51.822599696075));
#9751=CARTESIAN_POINT('Ctrl Pts',(-39.2186946062325,0.0999999999991219,
-51.8068168480278));
#9752=CARTESIAN_POINT('Ctrl Pts',(-39.2270519916609,0.0999999999991338,
-51.7911161634236));
#9753=CARTESIAN_POINT('Ctrl Pts',(-39.2350802063392,0.0999999999991363,
-51.7754753980737));
#9754=CARTESIAN_POINT('Ctrl Pts',(-39.2429087643586,0.0999999999991395,
-51.7598683069124));
#9755=CARTESIAN_POINT('Ctrl Pts',(-39.2523588933956,0.099999999999149,-51.7404101317066));
#9756=CARTESIAN_POINT('Ctrl Pts',(-39.2668949081885,0.0999999999991577,
-51.7093343328918));
#9757=CARTESIAN_POINT('Ctrl Pts',(-39.284157765349,0.0999999999991892,-51.6705225174182));
#9758=CARTESIAN_POINT('Ctrl Pts',(-39.303855173101,0.0999999999992133,-51.6238108280692));
#9759=CARTESIAN_POINT('Ctrl Pts',(-39.3227583774441,0.0999999999992386,
-51.5769479613658));
#9760=CARTESIAN_POINT('Ctrl Pts',(-39.3410188336643,0.0999999999992601,
-51.5299604551314));
#9761=CARTESIAN_POINT('Ctrl Pts',(-39.3587462475993,0.0999999999992771,
-51.4828703240714));
#9762=CARTESIAN_POINT('Ctrl Pts',(-39.3717018845255,0.0999999999992923,
-51.447496190907));
#9763=CARTESIAN_POINT('Ctrl Pts',(-39.3802183391969,0.0999999999992945,
-51.4238957855226));
#9764=CARTESIAN_POINT('Ctrl Pts',(-39.3858655647035,0.0999999999992942,
-51.4081584992277));
#9765=CARTESIAN_POINT('Ctrl Pts',(-39.4348478550078,0.0999999999993307,
-51.2704018574717));
#9766=CARTESIAN_POINT('Ctrl Pts',(-39.5197705433145,0.099999999999648,-51.0102649981578));
#9767=CARTESIAN_POINT('Ctrl Pts',(-39.6052452114109,0.0999999999998109,
-50.728882974827));
#9768=CARTESIAN_POINT('Ctrl Pts',(-39.6603961640724,0.0999999999998455,
-50.5416373379732));
#9769=CARTESIAN_POINT('Ctrl Pts',(-39.6967367878663,0.0999999999998538,
-50.4168275355183));
#9770=CARTESIAN_POINT('Ctrl Pts',(-39.7414426948162,0.0999999999998867,
-50.2607294943617));
#9771=CARTESIAN_POINT('Ctrl Pts',(-39.7942117354267,0.0999999999999055,
-50.0728635507363));
#9772=CARTESIAN_POINT('Ctrl Pts',(-39.8462767627897,0.0999999999999242,
-49.8841140485907));
#9773=CARTESIAN_POINT('Ctrl Pts',(-39.8977180848982,0.0999999999999363,
-49.6943998178013));
#9774=CARTESIAN_POINT('Ctrl Pts',(-39.9654594569537,0.0999999999999465,
-49.4403802971646));
#9775=CARTESIAN_POINT('Ctrl Pts',(-40.0485087166296,0.0999999999999687,
-49.1212038506432));
#9776=CARTESIAN_POINT('Ctrl Pts',(-40.1453522011197,0.0999999999999791,
-48.7365672432511));
#9777=CARTESIAN_POINT('Ctrl Pts',(-40.2390979337038,0.099999999999988,-48.3511067076188));
#9778=CARTESIAN_POINT('Ctrl Pts',(-40.329442871428,0.0999999999999924,-47.9654001278879));
#9779=CARTESIAN_POINT('Ctrl Pts',(-40.4160643265447,0.0999999999999956,
-47.5798033308316));
#9780=CARTESIAN_POINT('Ctrl Pts',(-40.4986273830092,0.0999999999999974,
-47.1944738079955));
#9781=CARTESIAN_POINT('Ctrl Pts',(-40.563753351759,0.0999999999999987,-46.87357863158));
#9782=CARTESIAN_POINT('Ctrl Pts',(-40.6134560405593,0.0999999999999989,
-46.6169159294608));
#9783=CARTESIAN_POINT('Ctrl Pts',(-40.6614891322812,0.0999999999999991,
-46.3602494309195));
#9784=CARTESIAN_POINT('Ctrl Pts',(-40.7182642286702,0.0999999999999995,
-46.0393314883915));
#9785=CARTESIAN_POINT('Ctrl Pts',(-40.7702773129424,0.0999999999999998,
-45.7180520988045));
#9786=CARTESIAN_POINT('Ctrl Pts',(-40.8087469049344,0.0999999999999998,
-45.46065409287));
#9787=CARTESIAN_POINT('Ctrl Pts',(-40.8450155957971,0.0999999999999999,
-45.2029570977927));
#9788=CARTESIAN_POINT('Ctrl Pts',(-40.8860195719407,0.0999999999999999,
-44.8801846294836));
#9789=CARTESIAN_POINT('Ctrl Pts',(-40.9275623649727,0.1,-44.4915804493316));
#9790=CARTESIAN_POINT('Ctrl Pts',(-40.960647225376,0.1,-44.1015588853924));
#9791=CARTESIAN_POINT('Ctrl Pts',(-40.9844631083719,0.1,-43.7101069507762));
#9792=CARTESIAN_POINT('Ctrl Pts',(-40.9982883807627,0.1,-43.3173692168443));
#9793=CARTESIAN_POINT('Ctrl Pts',(-41.001597073579,0.1,-42.9236335697844));
#9794=CARTESIAN_POINT('Ctrl Pts',(-40.9941143614274,0.1,-42.5293137090476));
#9795=CARTESIAN_POINT('Ctrl Pts',(-40.9758465344053,0.1,-42.1349174727212));
#9796=CARTESIAN_POINT('Ctrl Pts',(-40.9470477448394,0.1,-41.7410000040048));
#9797=CARTESIAN_POINT('Ctrl Pts',(-40.9080615748026,0.1,-41.3481123169773));
#9798=CARTESIAN_POINT('Ctrl Pts',(-40.8592210036157,0.1,-40.9568433704056));
#9799=CARTESIAN_POINT('Ctrl Pts',(-40.8008313663189,0.1,-40.5676955899715));
#9800=CARTESIAN_POINT('Ctrl Pts',(-40.7330627717146,0.1,-40.1806439405292));
#9801=CARTESIAN_POINT('Ctrl Pts',(-40.6559804728431,0.1,-39.7954990785195));
#9802=CARTESIAN_POINT('Ctrl Pts',(-40.5695787888512,0.1,-39.4121161138249));
#9803=CARTESIAN_POINT('Ctrl Pts',(-40.4737628094209,0.1,-39.0304814903373));
#9804=CARTESIAN_POINT('Ctrl Pts',(-40.3682837030916,0.1,-38.6506892655048));
#9805=CARTESIAN_POINT('Ctrl Pts',(-40.2526768925889,0.1,-38.273028147746));
#9806=CARTESIAN_POINT('Ctrl Pts',(-40.1261692644983,0.1,-37.8979753379553));
#9807=CARTESIAN_POINT('Ctrl Pts',(-39.9878033535291,0.1,-37.5266458306924));
#9808=CARTESIAN_POINT('Ctrl Pts',(-39.8613953415949,0.1,-37.2212169465936));
#9809=CARTESIAN_POINT('Ctrl Pts',(-39.7529486710844,0.1,-36.9806310894569));
#9810=CARTESIAN_POINT('Ctrl Pts',(-39.6956886627072,0.1,-36.860947013104));
#9811=CARTESIAN_POINT('Ctrl Pts',(-39.6564581193364,0.1,-36.7814868162214));
#9812=CARTESIAN_POINT('Ctrl Pts',(-39.6461480269698,0.1,-36.7606041263492));
#9813=CARTESIAN_POINT('Ctrl Pts',(-39.6358369696444,0.1,-36.7397194536549));
#9814=CARTESIAN_POINT('',(-39.5461699318352,0.,-36.7839893342793));
#9815=CARTESIAN_POINT('Ctrl Pts',(-24.93686731714,0.,-44.8892206486023));
#9816=CARTESIAN_POINT('Ctrl Pts',(-24.962935298803,0.,-44.8931947164053));
#9817=CARTESIAN_POINT('Ctrl Pts',(-24.9890035844971,0.,-44.8971687973242));
#9818=CARTESIAN_POINT('Ctrl Pts',(-25.1441566745289,0.,-44.9208223629377));
#9819=CARTESIAN_POINT('Ctrl Pts',(-25.3927195863777,0.,-44.9616784494048));
#9820=CARTESIAN_POINT('Ctrl Pts',(-25.7533721190542,0.,-45.0290396911378));
#9821=CARTESIAN_POINT('Ctrl Pts',(-26.1113062739167,0.,-45.1039801998175));
#9822=CARTESIAN_POINT('Ctrl Pts',(-26.4734582469788,0.,-45.1881670131335));
#9823=CARTESIAN_POINT('Ctrl Pts',(-26.844147712947,0.,-45.2831735536915));
#9824=CARTESIAN_POINT('Ctrl Pts',(-27.2244867734865,0.,-45.3899643567363));
#9825=CARTESIAN_POINT('Ctrl Pts',(-27.6124825564814,0.,-45.508501685969));
#9826=CARTESIAN_POINT('Ctrl Pts',(-28.0039889631654,0.,-45.6376409196371));
#9827=CARTESIAN_POINT('Ctrl Pts',(-28.3939821930788,0.,-45.7753468949783));
#9828=CARTESIAN_POINT('Ctrl Pts',(-28.7778197446663,0.,-45.9191562678909));
#9829=CARTESIAN_POINT('Ctrl Pts',(-29.1523476446489,0.,-46.0668038261025));
#9830=CARTESIAN_POINT('Ctrl Pts',(-29.5167514216021,0.,-46.2168282593223));
#9831=CARTESIAN_POINT('Ctrl Pts',(-29.8736730087941,0.,-46.3693399664485));
#9832=CARTESIAN_POINT('Ctrl Pts',(-30.2266577866924,0.,-46.5251373838115));
#9833=CARTESIAN_POINT('Ctrl Pts',(-30.5781342215902,0.,-46.6847791798268));
#9834=CARTESIAN_POINT('Ctrl Pts',(-30.9299871197496,0.,-46.8487526619532));
#9835=CARTESIAN_POINT('Ctrl Pts',(-31.2834513427516,0.,-47.017375413965));
#9836=CARTESIAN_POINT('Ctrl Pts',(-31.6392356166805,0.,-47.1908136759593));
#9837=CARTESIAN_POINT('Ctrl Pts',(-31.9975494297174,0.,-47.3690685672478));
#9838=CARTESIAN_POINT('Ctrl Pts',(-32.3581674860868,0.,-47.5519892278525));
#9839=CARTESIAN_POINT('Ctrl Pts',(-32.7205006640449,0.,-47.7392941200431));
#9840=CARTESIAN_POINT('Ctrl Pts',(-33.0836591359145,0.,-47.9305971546904));
#9841=CARTESIAN_POINT('Ctrl Pts',(-33.4465306721175,0.,-48.1254397024229));
#9842=CARTESIAN_POINT('Ctrl Pts',(-33.8078541630139,0.,-48.3233149505371));
#9843=CARTESIAN_POINT('Ctrl Pts',(-34.1663039308029,0.,-48.523699524599));
#9844=CARTESIAN_POINT('Ctrl Pts',(-34.5205645625363,0.,-48.7260863898851));
#9845=CARTESIAN_POINT('Ctrl Pts',(-34.8694007825526,0.,-48.9300209426772));
#9846=CARTESIAN_POINT('Ctrl Pts',(-35.2117327427008,0.,-49.1351412467529));
#9847=CARTESIAN_POINT('Ctrl Pts',(-35.5467003163347,0.,-49.3412032905864));
#9848=CARTESIAN_POINT('Ctrl Pts',(-35.8737327698619,0.,-49.5481189584713));
#9849=CARTESIAN_POINT('Ctrl Pts',(-36.1926016472822,0.,-49.7559968745866));
#9850=CARTESIAN_POINT('Ctrl Pts',(-36.4516692571185,0.,-49.9303282388161));
#9851=CARTESIAN_POINT('Ctrl Pts',(-36.6552498193616,0.,-50.0707941182748));
#9852=CARTESIAN_POINT('Ctrl Pts',(-36.8062339276192,0.,-50.1767760930157));
#9853=CARTESIAN_POINT('Ctrl Pts',(-36.9556670450581,0.,-50.2835365649199));
#9854=CARTESIAN_POINT('Ctrl Pts',(-37.1531138606749,0.,-50.4271911632131));
#9855=CARTESIAN_POINT('Ctrl Pts',(-37.3970675309904,0.,-50.6097212358152));
#9856=CARTESIAN_POINT('Ctrl Pts',(-37.6875542409728,0.,-50.8359581702249));
#9857=CARTESIAN_POINT('Ctrl Pts',(-37.9784560957091,0.,-51.0725268202366));
#9858=CARTESIAN_POINT('Ctrl Pts',(-38.1997787193044,0.,-51.2612828470912));
#9859=CARTESIAN_POINT('Ctrl Pts',(-38.3495840336135,0.,-51.3927204699672));
#9860=CARTESIAN_POINT('Ctrl Pts',(-38.4243203198148,0.,-51.4588964351012));
#9861=CARTESIAN_POINT('Ctrl Pts',(-38.4861489913823,0.,-51.514021236046));
#9862=CARTESIAN_POINT('Ctrl Pts',(-38.5351495357888,0.,-51.5577834610186));
#9863=CARTESIAN_POINT('Ctrl Pts',(-38.5716666224634,0.,-51.5903811248931));
#9864=CARTESIAN_POINT('Ctrl Pts',(-38.598884306847,0.,-51.6146167713521));
#9865=CARTESIAN_POINT('Ctrl Pts',(-38.6169751042661,0.,-51.6306727918745));
#9866=CARTESIAN_POINT('Ctrl Pts',(-38.6290227630048,0.,-51.6413491826295));
#9867=CARTESIAN_POINT('Ctrl Pts',(-38.6500770841938,0.,-51.6599590333852));
#9868=CARTESIAN_POINT('Ctrl Pts',(-38.680101967787,0.,-51.6863250795515));
#9869=CARTESIAN_POINT('Ctrl Pts',(-38.7056664893519,0.,-51.7084765543111));
#9870=CARTESIAN_POINT('Ctrl Pts',(-38.7207705943345,0.,-51.7214179984387));
#9871=CARTESIAN_POINT('Ctrl Pts',(-38.7268189750171,0.,-51.7265866327782));
#9872=CARTESIAN_POINT('Ctrl Pts',(-38.7374230188728,0.,-51.7356108330373));
#9873=CARTESIAN_POINT('Ctrl Pts',(-38.7495951364468,0.,-51.7458758985608));
#9874=CARTESIAN_POINT('Ctrl Pts',(-38.7603111588484,0.,-51.7548133666501));
#9875=CARTESIAN_POINT('Ctrl Pts',(-38.7664563332325,0.,-51.75990735263));
#9876=CARTESIAN_POINT('Ctrl Pts',(-38.7756974412438,0.,-51.7675349031069));
#9877=CARTESIAN_POINT('Ctrl Pts',(-38.7850003230783,0.,-51.7751285963348));
#9878=CARTESIAN_POINT('Ctrl Pts',(-38.7943844233523,0.,-51.7826835687631));
#9879=CARTESIAN_POINT('Ctrl Pts',(-38.8006635191294,0.,-51.7877094780593));
#9880=CARTESIAN_POINT('Ctrl Pts',(-38.8061896794501,0.,-51.7920925619274));
#9881=CARTESIAN_POINT('Ctrl Pts',(-38.8109523134822,0.,-51.7958379245598));
#9882=CARTESIAN_POINT('Ctrl Pts',(-38.8127422888074,0.,-51.7972406618065));
#9883=CARTESIAN_POINT('Ctrl Pts',(-38.8139373235155,0.,-51.7981750576181));
#9884=CARTESIAN_POINT('Ctrl Pts',(-38.8145351858089,0.,-51.7986421023659));
#9885=CARTESIAN_POINT('Ctrl Pts',(-38.815133396069,0.,-51.7991089931292));
#9886=CARTESIAN_POINT('Ctrl Pts',(-38.8159314763082,0.,-51.7997313062864));
#9887=CARTESIAN_POINT('Ctrl Pts',(-38.8167302604511,0.,-51.8003533105522));
#9888=CARTESIAN_POINT('Ctrl Pts',(-38.8175297610513,0.,-51.8009749914352));
#9889=CARTESIAN_POINT('Ctrl Pts',(-38.821129690652,0.,-51.803771645548));
#9890=CARTESIAN_POINT('Ctrl Pts',(-38.8309789109031,0.,-51.8113616354876));
#9891=CARTESIAN_POINT('Ctrl Pts',(-38.8416034702627,0.,-51.8193445694009));
#9892=CARTESIAN_POINT('Ctrl Pts',(-38.8492676718195,0.,-51.824964105788));
#9893=CARTESIAN_POINT('Ctrl Pts',(-38.8505126842834,0.,-51.8258737524653));
#9894=CARTESIAN_POINT('Ctrl Pts',(-38.8513432904788,0.,-51.8264797664535));
#9895=CARTESIAN_POINT('Ctrl Pts',(-38.853629867169,0.,-51.8281444985755));
#9896=CARTESIAN_POINT('Ctrl Pts',(-38.8565501589492,0.,-51.8302553497506));
#9897=CARTESIAN_POINT('Ctrl Pts',(-38.8594820491628,0.,-51.8323549660439));
#9898=CARTESIAN_POINT('Ctrl Pts',(-38.861160569113,0.,-51.8335512902006));
#9899=CARTESIAN_POINT('Ctrl Pts',(-38.8624210672521,0.,-51.8344467198145));
#9900=CARTESIAN_POINT('Ctrl Pts',(-38.8636829736241,0.,-51.8353403206358));
#9901=CARTESIAN_POINT('Ctrl Pts',(-38.8653678680367,0.,-51.8365290971676));
#9902=CARTESIAN_POINT('Ctrl Pts',(-38.880128020873,0.,-51.8468984715936));
#9903=CARTESIAN_POINT('Ctrl Pts',(-38.9085620710476,0.,-51.8656039866646));
#9904=CARTESIAN_POINT('Ctrl Pts',(-38.9434062683426,0.,-51.8846850362507));
#9905=CARTESIAN_POINT('Ctrl Pts',(-38.9745823087374,0.,-51.8965682032668));
#9906=CARTESIAN_POINT('Ctrl Pts',(-38.9917032027526,0.,-51.8999982867621));
#9907=CARTESIAN_POINT('Ctrl Pts',(-39.0017143644594,0.,-51.8999860503186));
#9908=CARTESIAN_POINT('Ctrl Pts',(-39.0057266100775,0.,-51.8997566343943));
#9909=CARTESIAN_POINT('Ctrl Pts',(-39.0127345624063,0.,-51.8987262549786));
#9910=CARTESIAN_POINT('Ctrl Pts',(-39.0204917170251,0.,-51.8959038861636));
#9911=CARTESIAN_POINT('Ctrl Pts',(-39.0268258179157,0.,-51.8924700896422));
#9912=CARTESIAN_POINT('Ctrl Pts',(-39.0303322254258,0.,-51.8903128401637));
#9913=CARTESIAN_POINT('Ctrl Pts',(-39.0329037022323,0.,-51.8886067032958));
#9914=CARTESIAN_POINT('Ctrl Pts',(-39.035420985107,0.,-51.886825590518));
#9915=CARTESIAN_POINT('Ctrl Pts',(-39.0372693897037,0.,-51.8854397438623));
#9916=CARTESIAN_POINT('Ctrl Pts',(-39.0383847668289,0.,-51.8845761540807));
#9917=CARTESIAN_POINT('Ctrl Pts',(-39.0387888151134,0.,-51.8842603387976));
#9918=CARTESIAN_POINT('Ctrl Pts',(-39.0393933611164,0.,-51.8837848634064));
#9919=CARTESIAN_POINT('Ctrl Pts',(-39.0406949927812,0.,-51.8827453981164));
#9920=CARTESIAN_POINT('Ctrl Pts',(-39.0450353561017,0.,-51.879155111877));
#9921=CARTESIAN_POINT('Ctrl Pts',(-39.0495466617893,0.,-51.8750105524342));
#9922=CARTESIAN_POINT('Ctrl Pts',(-39.0538795723618,0.,-51.870710964344));
#9923=CARTESIAN_POINT('Ctrl Pts',(-39.0567229514364,0.,-51.8678057830771));
#9924=CARTESIAN_POINT('Ctrl Pts',(-39.0643658550689,0.,-51.8596645812922));
#9925=CARTESIAN_POINT('Ctrl Pts',(-39.0760176498461,0.,-51.845663538207));
#9926=CARTESIAN_POINT('Ctrl Pts',(-39.0880178386139,0.,-51.8291749094054));
#9927=CARTESIAN_POINT('Ctrl Pts',(-39.0971724729263,0.,-51.8155783127565));
#9928=CARTESIAN_POINT('Ctrl Pts',(-39.1027167562903,0.,-51.8069525137172));
#9929=CARTESIAN_POINT('Ctrl Pts',(-39.1070558090374,0.,-51.7999883743899));
#9930=CARTESIAN_POINT('Ctrl Pts',(-39.1113322460691,0.,-51.7929873379769));
#9931=CARTESIAN_POINT('Ctrl Pts',(-39.116565618162,0.,-51.7841735963662));
#9932=CARTESIAN_POINT('Ctrl Pts',(-39.1226803657873,0.,-51.7735168868286));
#9933=CARTESIAN_POINT('Ctrl Pts',(-39.1306310269341,0.,-51.7592191913732));
#9934=CARTESIAN_POINT('Ctrl Pts',(-39.1383036072124,0.,-51.7448105069747));
#9935=CARTESIAN_POINT('Ctrl Pts',(-39.1457443109592,0.,-51.7303152921509));
#9936=CARTESIAN_POINT('Ctrl Pts',(-39.1530429018098,0.,-51.7157660534487));
#9937=CARTESIAN_POINT('Ctrl Pts',(-39.1619232000896,0.,-51.6974851767015));
#9938=CARTESIAN_POINT('Ctrl Pts',(-39.1756955219438,0.,-51.6680465397942));
#9939=CARTESIAN_POINT('Ctrl Pts',(-39.1922215683096,0.,-51.6309067195877));
#9940=CARTESIAN_POINT('Ctrl Pts',(-39.2112493502545,0.,-51.5857945207504));
#9941=CARTESIAN_POINT('Ctrl Pts',(-39.2296320801875,0.,-51.5402331517957));
#9942=CARTESIAN_POINT('Ctrl Pts',(-39.2474767030991,0.,-51.4943248832445));
#9943=CARTESIAN_POINT('Ctrl Pts',(-39.2648648352909,0.,-51.4481434302142));
#9944=CARTESIAN_POINT('Ctrl Pts',(-39.277609951035,0.,-51.4133504849408));
#9945=CARTESIAN_POINT('Ctrl Pts',(-39.2859986647885,0.,-51.3901049686804));
#9946=CARTESIAN_POINT('Ctrl Pts',(-39.2915637719092,0.,-51.3745963841828));
#9947=CARTESIAN_POINT('Ctrl Pts',(-39.3398830443764,0.,-51.2387215444845));
#9948=CARTESIAN_POINT('Ctrl Pts',(-39.4242799819922,0.,-50.9803929066251));
#9949=CARTESIAN_POINT('Ctrl Pts',(-39.5094231297637,0.,-50.7001753591738));
#9950=CARTESIAN_POINT('Ctrl Pts',(-39.5643967540674,0.,-50.5135523679235));
#9951=CARTESIAN_POINT('Ctrl Pts',(-39.6006259778548,0.,-50.3891291284283));
#9952=CARTESIAN_POINT('Ctrl Pts',(-39.6452139950365,0.,-50.2334613546763));
#9953=CARTESIAN_POINT('Ctrl Pts',(-39.6978546767659,0.,-50.0460628789556));
#9954=CARTESIAN_POINT('Ctrl Pts',(-39.7498035734796,0.,-49.8577453166549));
#9955=CARTESIAN_POINT('Ctrl Pts',(-39.8011357728724,0.,-49.6684406790444));
#9956=CARTESIAN_POINT('Ctrl Pts',(-39.8687383635032,0.,-49.4149477807339));
#9957=CARTESIAN_POINT('Ctrl Pts',(-39.9516256583171,0.,-49.0964075175597));
#9958=CARTESIAN_POINT('Ctrl Pts',(-40.0482770759838,0.,-48.7125403192224));
#9959=CARTESIAN_POINT('Ctrl Pts',(-40.1418296066542,0.,-48.3278797552617));
#9960=CARTESIAN_POINT('Ctrl Pts',(-40.2319752883565,0.,-47.9430262657825));
#9961=CARTESIAN_POINT('Ctrl Pts',(-40.3183894497692,0.,-47.5583537298619));
#9962=CARTESIAN_POINT('Ctrl Pts',(-40.4007358202746,0.,-47.1740356149308));
#9963=CARTESIAN_POINT('Ctrl Pts',(-40.4656733799362,0.,-46.8540684866677));
#9964=CARTESIAN_POINT('Ctrl Pts',(-40.5152208466915,0.,-46.5982072058219));
#9965=CARTESIAN_POINT('Ctrl Pts',(-40.5630960717115,0.,-46.3423841101781));
#9966=CARTESIAN_POINT('Ctrl Pts',(-40.6196694772532,0.,-46.0226042519119));
#9967=CARTESIAN_POINT('Ctrl Pts',(-40.6714773862437,0.,-45.7025892163105));
#9968=CARTESIAN_POINT('Ctrl Pts',(-40.7097830211227,0.,-45.4462874514407));
#9969=CARTESIAN_POINT('Ctrl Pts',(-40.7458889499496,0.,-45.1897461046998));
#9970=CARTESIAN_POINT('Ctrl Pts',(-40.786693847613,0.,-44.8685349707731));
#9971=CARTESIAN_POINT('Ctrl Pts',(-40.8280138469596,0.,-44.4820052180271));
#9972=CARTESIAN_POINT('Ctrl Pts',(-40.8609041198717,0.,-44.0942643542967));
#9973=CARTESIAN_POINT('Ctrl Pts',(-40.8845684002695,0.,-43.7052872519371));
#9974=CARTESIAN_POINT('Ctrl Pts',(-40.8983004855706,0.,-43.3151756991072));
#9975=CARTESIAN_POINT('Ctrl Pts',(-40.9015859919877,0.,-42.9241591392983));
#9976=CARTESIAN_POINT('Ctrl Pts',(-40.8941555051274,0.,-42.5325840229852));
#9977=CARTESIAN_POINT('Ctrl Pts',(-40.8760134762756,0.,-42.1408918372452));
#9978=CARTESIAN_POINT('Ctrl Pts',(-40.847407092836,0.,-41.7495969935729));
#9979=CARTESIAN_POINT('Ctrl Pts',(-40.8086741508017,0.,-41.3592552163859));
#9980=CARTESIAN_POINT('Ctrl Pts',(-40.7601438196486,0.,-40.9704664849605));
#9981=CARTESIAN_POINT('Ctrl Pts',(-40.7021192612785,0.,-40.5837476559639));
#9982=CARTESIAN_POINT('Ctrl Pts',(-40.6347709049647,0.,-40.199090864684));
#9983=CARTESIAN_POINT('Ctrl Pts',(-40.5581640081021,0.,-39.8163163608763));
#9984=CARTESIAN_POINT('Ctrl Pts',(-40.4722974839567,0.,-39.4352996622334));
#9985=CARTESIAN_POINT('Ctrl Pts',(-40.3770823278394,0.,-39.056052202639));
#9986=CARTESIAN_POINT('Ctrl Pts',(-40.272293559538,0.,-38.6787310737651));
#9987=CARTESIAN_POINT('Ctrl Pts',(-40.157484209623,0.,-38.3036710712866));
#9988=CARTESIAN_POINT('Ctrl Pts',(-40.0319579001877,0.,-37.9315006479154));
#9989=CARTESIAN_POINT('Ctrl Pts',(-39.8947485434295,0.,-37.5632868949843));
#9990=CARTESIAN_POINT('Ctrl Pts',(-39.7696847363426,0.,-37.2610689936836));
#9991=CARTESIAN_POINT('Ctrl Pts',(-39.6623370390449,0.,-37.0229416208586));
#9992=CARTESIAN_POINT('Ctrl Pts',(-39.606006937916,0.,-36.9051871391868));
#9993=CARTESIAN_POINT('Ctrl Pts',(-39.5667920669934,0.,-36.8257586945241));
#9994=CARTESIAN_POINT('Ctrl Pts',(-39.5564809891604,0.,-36.8048740069733));
#9995=CARTESIAN_POINT('Ctrl Pts',(-39.546169931835,0.,-36.7839893342791));
#9996=CARTESIAN_POINT('',(-39.6667701416206,0.1,-36.8023734717377));
#9997=CARTESIAN_POINT('Ctrl Pts',(-39.546169931835,0.,-36.7839893342791));
#9998=CARTESIAN_POINT('Ctrl Pts',(-39.5464630279692,1.45771452985485E-17,
-36.7840340134685));
#9999=CARTESIAN_POINT('Ctrl Pts',(-39.5467561144991,9.32183335230058E-7,
-36.7840787053385));
#10000=CARTESIAN_POINT('Ctrl Pts',(-39.5470491857185,2.79404232959171E-6,
-36.7841234079122));
#10001=CARTESIAN_POINT('Ctrl Pts',(-39.5561868099312,6.08446686027312E-5,
-36.7855171828453));
#10002=CARTESIAN_POINT('Ctrl Pts',(-39.565318691699,0.00101910872123669,
-36.7869204292681));
#10003=CARTESIAN_POINT('Ctrl Pts',(-39.5742764210751,0.00282982017602204,
-36.7882913837694));
#10004=CARTESIAN_POINT('Ctrl Pts',(-39.5757709073369,0.00313191496810276,
-36.7885201105574));
#10005=CARTESIAN_POINT('Ctrl Pts',(-39.5772605355887,0.00345783105398847,
-36.7887480076692));
#10006=CARTESIAN_POINT('Ctrl Pts',(-39.57874449329,0.00380745499823971,
-36.7889749527545));
#10007=CARTESIAN_POINT('Ctrl Pts',(-39.5872212276433,0.0058045936609645,
-36.7902713193551));
#10008=CARTESIAN_POINT('Ctrl Pts',(-39.5955291012102,0.00857596406405943,
-36.7915385061788));
#10009=CARTESIAN_POINT('Ctrl Pts',(-39.6034922066935,0.012125491509791,
-36.7927480031458));
#10010=CARTESIAN_POINT('Ctrl Pts',(-39.6050633395311,0.0128258186798322,
-36.7929866387392));
#10011=CARTESIAN_POINT('Ctrl Pts',(-39.6066209223243,0.0135565233590167,
-36.793223074858));
#10012=CARTESIAN_POINT('Ctrl Pts',(-39.6081633941717,0.0143177556420528,
-36.7934571667335));
#10013=CARTESIAN_POINT('Ctrl Pts',(-39.6151518289901,0.0177666498313929,
-36.794517760362));
#10014=CARTESIAN_POINT('Ctrl Pts',(-39.6218262546157,0.0218365617140582,
-36.7955303149329));
#10015=CARTESIAN_POINT('Ctrl Pts',(-39.6280155701053,0.0265509800473589,
-36.796469569736));
#10016=CARTESIAN_POINT('Ctrl Pts',(-39.6291792876577,0.0274373868516717,
-36.7966461687965));
#10017=CARTESIAN_POINT('Ctrl Pts',(-39.6303257299089,0.0283466243275507,
-36.7968202378037));
#10018=CARTESIAN_POINT('Ctrl Pts',(-39.63145357463,0.029278909097182,-36.7969917046507));
#10019=CARTESIAN_POINT('Ctrl Pts',(-39.6351477666897,0.0323325555158039,
-36.7975533346808));
#10020=CARTESIAN_POINT('Ctrl Pts',(-39.6386428927974,0.0356336348042227,
-36.7980867850304));
#10021=CARTESIAN_POINT('Ctrl Pts',(-39.6419018672487,0.0391688982115273,
-36.7985856625908));
#10022=CARTESIAN_POINT('Ctrl Pts',(-39.6469333244224,0.0446269116747632,
-36.7993558684079));
#10023=CARTESIAN_POINT('Ctrl Pts',(-39.6513632323896,0.0506000777968082,
-36.8000348846223));
#10024=CARTESIAN_POINT('Ctrl Pts',(-39.6550477807981,0.0570164240642548,
-36.8005957704169));
#10025=CARTESIAN_POINT('Ctrl Pts',(-39.6568943958012,0.0602321563518333,
-36.8008768740987));
#10026=CARTESIAN_POINT('Ctrl Pts',(-39.6585531367576,0.0635590800381499,
-36.8011285714048));
#10027=CARTESIAN_POINT('Ctrl Pts',(-39.6600013978679,0.0669865572164792,
-36.8013492640519));
#10028=CARTESIAN_POINT('Ctrl Pts',(-39.6602320069576,0.0675323202604358,
-36.801384405319));
#10029=CARTESIAN_POINT('Ctrl Pts',(-39.6604572724181,0.0680806294774597,
-36.8014187633067));
#10030=CARTESIAN_POINT('Ctrl Pts',(-39.6606771186869,0.0686314535167562,
-36.8014523235882));
#10031=CARTESIAN_POINT('Ctrl Pts',(-39.6618716578736,0.071624367171809,
-36.8016346740627));
#10032=CARTESIAN_POINT('Ctrl Pts',(-39.6628963669276,0.0746670878816441,
-36.8017915421563));
#10033=CARTESIAN_POINT('Ctrl Pts',(-39.6637464704189,0.0777527615220748,
-36.8019214010164));
#10034=CARTESIAN_POINT('Ctrl Pts',(-39.6657372850815,0.0849789456160072,
-36.8022255109576));
#10035=CARTESIAN_POINT('Ctrl Pts',(-39.6667732706115,0.0924419201333085,
-36.8023798215373));
#10036=CARTESIAN_POINT('Ctrl Pts',(-39.6667732706115,0.1,-36.8023798215373));
#10037=CARTESIAN_POINT('Ctrl Pts',(-39.6667701368058,0.1,-36.8023734741152));
#10038=CARTESIAN_POINT('Ctrl Pts',(-39.6667711814076,0.1,-36.8023755899225));
#10039=CARTESIAN_POINT('Ctrl Pts',(-39.6667722260095,0.1,-36.8023777057298));
#10040=CARTESIAN_POINT('Ctrl Pts',(-39.6956886627072,0.1,-36.860947013104));
#10041=CARTESIAN_POINT('Ctrl Pts',(-39.7529486710844,0.1,-36.9806310894569));
#10042=CARTESIAN_POINT('Ctrl Pts',(-39.8613953415949,0.1,-37.2212169465936));
#10043=CARTESIAN_POINT('Ctrl Pts',(-39.9878033535291,0.1,-37.5266458306924));
#10044=CARTESIAN_POINT('Ctrl Pts',(-40.1261692644983,0.1,-37.8979753379553));
#10045=CARTESIAN_POINT('Ctrl Pts',(-40.2526768925889,0.1,-38.273028147746));
#10046=CARTESIAN_POINT('Ctrl Pts',(-40.3682837030916,0.1,-38.6506892655048));
#10047=CARTESIAN_POINT('Ctrl Pts',(-40.4737628094209,0.1,-39.0304814903373));
#10048=CARTESIAN_POINT('Ctrl Pts',(-40.5695787888512,0.1,-39.4121161138249));
#10049=CARTESIAN_POINT('Ctrl Pts',(-40.6559804728431,0.1,-39.7954990785195));
#10050=CARTESIAN_POINT('Ctrl Pts',(-40.7330627717146,0.1,-40.1806439405292));
#10051=CARTESIAN_POINT('Ctrl Pts',(-40.8008313663189,0.1,-40.5676955899715));
#10052=CARTESIAN_POINT('Ctrl Pts',(-40.8592210036157,0.1,-40.9568433704056));
#10053=CARTESIAN_POINT('Ctrl Pts',(-40.9080615748026,0.1,-41.3481123169773));
#10054=CARTESIAN_POINT('Ctrl Pts',(-40.9470477448394,0.1,-41.7410000040048));
#10055=CARTESIAN_POINT('Ctrl Pts',(-40.9758465344053,0.1,-42.1349174727212));
#10056=CARTESIAN_POINT('Ctrl Pts',(-40.9941143614274,0.1,-42.5293137090476));
#10057=CARTESIAN_POINT('Ctrl Pts',(-41.001597073579,0.1,-42.9236335697844));
#10058=CARTESIAN_POINT('Ctrl Pts',(-40.9982883807627,0.1,-43.3173692168443));
#10059=CARTESIAN_POINT('Ctrl Pts',(-40.9844631083719,0.1,-43.7101069507762));
#10060=CARTESIAN_POINT('Ctrl Pts',(-40.960647225376,0.1,-44.1015588853924));
#10061=CARTESIAN_POINT('Ctrl Pts',(-40.9275623649727,0.1,-44.4915804493316));
#10062=CARTESIAN_POINT('Ctrl Pts',(-40.8860195719407,0.0999999999999999,
-44.8801846294836));
#10063=CARTESIAN_POINT('Ctrl Pts',(-40.8450155957971,0.0999999999999999,
-45.2029570977927));
#10064=CARTESIAN_POINT('Ctrl Pts',(-40.8087469049344,0.0999999999999998,
-45.46065409287));
#10065=CARTESIAN_POINT('Ctrl Pts',(-40.7702773129424,0.0999999999999998,
-45.7180520988045));
#10066=CARTESIAN_POINT('Ctrl Pts',(-40.7182642286702,0.0999999999999995,
-46.0393314883915));
#10067=CARTESIAN_POINT('Ctrl Pts',(-40.6614891322812,0.0999999999999991,
-46.3602494309195));
#10068=CARTESIAN_POINT('Ctrl Pts',(-40.6134560405593,0.0999999999999989,
-46.6169159294608));
#10069=CARTESIAN_POINT('Ctrl Pts',(-40.563753351759,0.0999999999999987,
-46.87357863158));
#10070=CARTESIAN_POINT('Ctrl Pts',(-40.4986273830092,0.0999999999999974,
-47.1944738079955));
#10071=CARTESIAN_POINT('Ctrl Pts',(-40.4160643265447,0.0999999999999956,
-47.5798033308316));
#10072=CARTESIAN_POINT('Ctrl Pts',(-40.329442871428,0.0999999999999924,
-47.9654001278879));
#10073=CARTESIAN_POINT('Ctrl Pts',(-40.2390979337038,0.099999999999988,
-48.3511067076188));
#10074=CARTESIAN_POINT('Ctrl Pts',(-40.1453522011197,0.0999999999999791,
-48.7365672432511));
#10075=CARTESIAN_POINT('Ctrl Pts',(-40.0485087166296,0.0999999999999687,
-49.1212038506432));
#10076=CARTESIAN_POINT('Ctrl Pts',(-39.9654594569537,0.0999999999999465,
-49.4403802971646));
#10077=CARTESIAN_POINT('Ctrl Pts',(-39.8977180848982,0.0999999999999363,
-49.6943998178013));
#10078=CARTESIAN_POINT('Ctrl Pts',(-39.8462767627897,0.0999999999999242,
-49.8841140485907));
#10079=CARTESIAN_POINT('Ctrl Pts',(-39.7942117354267,0.0999999999999055,
-50.0728635507363));
#10080=CARTESIAN_POINT('Ctrl Pts',(-39.7414426948162,0.0999999999998867,
-50.2607294943617));
#10081=CARTESIAN_POINT('Ctrl Pts',(-39.6967367878663,0.0999999999998538,
-50.4168275355183));
#10082=CARTESIAN_POINT('Ctrl Pts',(-39.6603961640724,0.0999999999998455,
-50.5416373379732));
#10083=CARTESIAN_POINT('Ctrl Pts',(-39.6052452114109,0.0999999999998109,
-50.728882974827));
#10084=CARTESIAN_POINT('Ctrl Pts',(-39.5197705433145,0.099999999999648,
-51.0102649981578));
#10085=CARTESIAN_POINT('Ctrl Pts',(-39.4348478550078,0.0999999999993307,
-51.2704018574717));
#10086=CARTESIAN_POINT('Ctrl Pts',(-39.3858655647035,0.0999999999992942,
-51.4081584992277));
#10087=CARTESIAN_POINT('Ctrl Pts',(-39.3802183391969,0.0999999999992945,
-51.4238957855226));
#10088=CARTESIAN_POINT('Ctrl Pts',(-39.3717018845255,0.0999999999992923,
-51.447496190907));
#10089=CARTESIAN_POINT('Ctrl Pts',(-39.3587462475993,0.0999999999992771,
-51.4828703240714));
#10090=CARTESIAN_POINT('Ctrl Pts',(-39.3410188336643,0.0999999999992601,
-51.5299604551314));
#10091=CARTESIAN_POINT('Ctrl Pts',(-39.3227583774441,0.0999999999992386,
-51.5769479613658));
#10092=CARTESIAN_POINT('Ctrl Pts',(-39.303855173101,0.0999999999992133,
-51.6238108280692));
#10093=CARTESIAN_POINT('Ctrl Pts',(-39.284157765349,0.0999999999991892,
-51.6705225174182));
#10094=CARTESIAN_POINT('Ctrl Pts',(-39.2668949081885,0.0999999999991577,
-51.7093343328918));
#10095=CARTESIAN_POINT('Ctrl Pts',(-39.2523588933956,0.099999999999149,
-51.7404101317066));
#10096=CARTESIAN_POINT('Ctrl Pts',(-39.2429087643586,0.0999999999991395,
-51.7598683069124));
#10097=CARTESIAN_POINT('Ctrl Pts',(-39.2350802063392,0.0999999999991363,
-51.7754753980737));
#10098=CARTESIAN_POINT('Ctrl Pts',(-39.2270519916609,0.0999999999991338,
-51.7911161634236));
#10099=CARTESIAN_POINT('Ctrl Pts',(-39.2186946062325,0.0999999999991219,
-51.8068168480278));
#10100=CARTESIAN_POINT('Ctrl Pts',(-39.2099191185507,0.099999999999119,
-51.822599696075));
#10101=CARTESIAN_POINT('Ctrl Pts',(-39.2031024776854,0.0999999999991155,
-51.8344813622704));
#10102=CARTESIAN_POINT('Ctrl Pts',(-39.1972005481546,0.0999999999991121,
-51.8444228776229));
#10103=CARTESIAN_POINT('Ctrl Pts',(-39.1923275165956,0.0999999999991109,
-51.8524011057503));
#10104=CARTESIAN_POINT('Ctrl Pts',(-39.1873462035703,0.0999999999991097,
-51.8603966347848));
#10105=CARTESIAN_POINT('Ctrl Pts',(-39.1809046952984,0.0999999999991056,
-51.8704206707536));
#10106=CARTESIAN_POINT('Ctrl Pts',(-39.1700603589487,0.0999999999991028,
-51.8865320603702));
#10107=CARTESIAN_POINT('Ctrl Pts',(-39.1553477629218,0.0999999999990919,
-51.9067750248159));
#10108=CARTESIAN_POINT('Ctrl Pts',(-39.1400464480394,0.0999999999990702,
-51.9252353393661));
#10109=CARTESIAN_POINT('Ctrl Pts',(-39.1291748447957,0.0999999999990678,
-51.9368243954386));
#10110=CARTESIAN_POINT('Ctrl Pts',(-39.1250116094809,0.0999999999990673,
-51.9410787723982));
#10111=CARTESIAN_POINT('Ctrl Pts',(-39.1185360053287,0.0999999999990669,
-51.9475043575473));
#10112=CARTESIAN_POINT('Ctrl Pts',(-39.1114410055022,0.0999999999990608,
-51.9540491842601));
#10113=CARTESIAN_POINT('Ctrl Pts',(-39.1040188469619,0.0999999999990604,
-51.960192417261));
#10114=CARTESIAN_POINT('Ctrl Pts',(-39.1017299418845,0.0999999999990603,
-51.9620204034814));
#10115=CARTESIAN_POINT('Ctrl Pts',(-39.1006540266681,0.0999999999990603,
-51.962866615327));
#10116=CARTESIAN_POINT('Ctrl Pts',(-39.0999314788804,0.0999999999990603,
-51.9634314139816));
#10117=CARTESIAN_POINT('Ctrl Pts',(-39.0979214519432,0.0999999999990602,
-51.9649874508816));
#10118=CARTESIAN_POINT('Ctrl Pts',(-39.0945108021509,0.0999999999990604,
-51.9675480283353));
#10119=CARTESIAN_POINT('Ctrl Pts',(-39.0896376377326,0.0999999999990604,
-51.9709944488139));
#10120=CARTESIAN_POINT('Ctrl Pts',(-39.0844265160662,0.0999999999990605,
-51.9744628703758));
#10121=CARTESIAN_POINT('Ctrl Pts',(-39.0768443985333,0.0999999999990605,
-51.9791178442129));
#10122=CARTESIAN_POINT('Ctrl Pts',(-39.0621571065543,0.0999999999990609,
-51.9872105002134));
#10123=CARTESIAN_POINT('Ctrl Pts',(-39.0386527838934,0.0999999999990613,
-51.9960155520091));
#10124=CARTESIAN_POINT('Ctrl Pts',(-39.0162146926703,0.0999999999990614,
-51.9992838625858));
#10125=CARTESIAN_POINT('Ctrl Pts',(-39.0046190060638,0.0999999999990614,
-51.9999334720939));
#10126=CARTESIAN_POINT('Ctrl Pts',(-38.9775387468142,0.0999999999990614,
-51.9998838683579));
#10127=CARTESIAN_POINT('Ctrl Pts',(-38.9450285148427,0.0999999999990618,
-51.9925446710991));
#10128=CARTESIAN_POINT('Ctrl Pts',(-38.8990536712815,0.0999999999990597,
-51.9749243285117));
#10129=CARTESIAN_POINT('Ctrl Pts',(-38.8563645112118,0.0999999999990513,
-51.9510634229796));
#10130=CARTESIAN_POINT('Ctrl Pts',(-38.8239820159022,0.0999999999990377,
-51.9298511285724));
#10131=CARTESIAN_POINT('Ctrl Pts',(-38.8076795261006,0.0999999999990363,
-51.9183862117323));
#10132=CARTESIAN_POINT('Ctrl Pts',(-38.8058206050204,0.0999999999990363,
-51.9170750716231));
#10133=CARTESIAN_POINT('Ctrl Pts',(-38.8044309181334,0.0999999999990363,
-51.9160908010733));
#10134=CARTESIAN_POINT('Ctrl Pts',(-38.8030444722962,0.0999999999990363,
-51.9151059440403));
#10135=CARTESIAN_POINT('Ctrl Pts',(-38.8012009173004,0.0999999999990363,
-51.9137919242748));
#10136=CARTESIAN_POINT('Ctrl Pts',(-38.7979871947213,0.0999999999990363,
-51.9114904224593));
#10137=CARTESIAN_POINT('Ctrl Pts',(-38.7947989500188,0.0999999999990362,
-51.9091854571942));
#10138=CARTESIAN_POINT('Ctrl Pts',(-38.792309828695,0.0999999999990362,
-51.9073732324697));
#10139=CARTESIAN_POINT('Ctrl Pts',(-38.7914064499042,0.0999999999990362,
-51.9067141139033));
#10140=CARTESIAN_POINT('Ctrl Pts',(-38.7900531414889,0.0999999999990362,
-51.9057253371781));
#10141=CARTESIAN_POINT('Ctrl Pts',(-38.781734778744,0.0999999999990352,
-51.8996257075744));
#10142=CARTESIAN_POINT('Ctrl Pts',(-38.7703230516434,0.0999999999990227,
-51.8910448296102));
#10143=CARTESIAN_POINT('Ctrl Pts',(-38.759846497779,0.0999999999990203,
-51.8829704731341));
#10144=CARTESIAN_POINT('Ctrl Pts',(-38.7560292862748,0.0999999999990199,
-51.880004877832));
#10145=CARTESIAN_POINT('Ctrl Pts',(-38.7551818149374,0.0999999999990199,
-51.8793459013716));
#10146=CARTESIAN_POINT('Ctrl Pts',(-38.7543355953189,0.0999999999990198,
-51.8786869332626));
#10147=CARTESIAN_POINT('Ctrl Pts',(-38.7534905622042,0.0999999999990198,
-51.8780280060382));
#10148=CARTESIAN_POINT('Ctrl Pts',(-38.7528573872417,0.0999999999990198,
-51.8775338225612));
#10149=CARTESIAN_POINT('Ctrl Pts',(-38.7522248070489,0.0999999999990198,
-51.8770396520661));
#10150=CARTESIAN_POINT('Ctrl Pts',(-38.7509608234931,0.0999999999990198,
-51.8760513377555));
#10151=CARTESIAN_POINT('Ctrl Pts',(-38.7490692778004,0.0999999999990202,
-51.8745689368675));
#10152=CARTESIAN_POINT('Ctrl Pts',(-38.7440431834048,0.0999999999990206,
-51.8706163064167));
#10153=CARTESIAN_POINT('Ctrl Pts',(-38.7382312494145,0.0999999999990256,
-51.8660055791133));
#10154=CARTESIAN_POINT('Ctrl Pts',(-38.7316499933843,0.0999999999990266,
-51.8607376083253));
#10155=CARTESIAN_POINT('Ctrl Pts',(-38.7218362149235,0.0999999999990281,
-51.8528364095345));
#10156=CARTESIAN_POINT('Ctrl Pts',(-38.7121606507943,0.0999999999990454,
-51.844935001139));
#10157=CARTESIAN_POINT('Ctrl Pts',(-38.7025875263553,0.0999999999990463,
-51.837033230448));
#10158=CARTESIAN_POINT('Ctrl Pts',(-38.696231955244,0.0999999999990474,
-51.8317646405888));
#10159=CARTESIAN_POINT('Ctrl Pts',(-38.6851749296664,0.099999999999051,
-51.8225420519671));
#10160=CARTESIAN_POINT('Ctrl Pts',(-38.6726692464429,0.0999999999990638,
-51.8119931215977));
#10161=CARTESIAN_POINT('Ctrl Pts',(-38.6618112827238,0.0999999999990668,
-51.8027522564441));
#10162=CARTESIAN_POINT('Ctrl Pts',(-38.6556278441926,0.0999999999990676,
-51.7974680586045));
#10163=CARTESIAN_POINT('Ctrl Pts',(-38.6402025407426,0.0999999999990713,
-51.7842506866128));
#10164=CARTESIAN_POINT('Ctrl Pts',(-38.6142123584075,0.0999999999991071,
-51.7617228270144));
#10165=CARTESIAN_POINT('Ctrl Pts',(-38.5838556864766,0.0999999999991344,
-51.7350598035468));
#10166=CARTESIAN_POINT('Ctrl Pts',(-38.562633953334,0.0999999999991447,
-51.7162999150116));
#10167=CARTESIAN_POINT('Ctrl Pts',(-38.5505065111591,0.0999999999991467,
-51.7055524357206));
#10168=CARTESIAN_POINT('Ctrl Pts',(-38.5323113865613,0.0999999999991499,
-51.6894031809018));
#10169=CARTESIAN_POINT('Ctrl Pts',(-38.5049926741311,0.0999999999991714,
-51.6650732835474));
#10170=CARTESIAN_POINT('Ctrl Pts',(-38.4684256697199,0.0999999999991876,
-51.6324278752529));
#10171=CARTESIAN_POINT('Ctrl Pts',(-38.4194473937192,0.0999999999992063,
-51.5886818498695));
#10172=CARTESIAN_POINT('Ctrl Pts',(-38.3577793343664,0.099999999999256,
-51.5336906317352));
#10173=CARTESIAN_POINT('Ctrl Pts',(-38.2833534837325,0.0999999999992892,
-51.4677831727661));
#10174=CARTESIAN_POINT('Ctrl Pts',(-38.1343207411312,0.0999999999993435,
-51.3370133067871));
#10175=CARTESIAN_POINT('Ctrl Pts',(-37.9144183373528,0.0999999999996275,
-51.1494153351699));
#10176=CARTESIAN_POINT('Ctrl Pts',(-37.6252592190186,0.0999999999997454,
-50.914240099706));
#10177=CARTESIAN_POINT('Ctrl Pts',(-37.3363864606742,0.0999999999998664,
-50.689237655594));
#10178=CARTESIAN_POINT('Ctrl Pts',(-37.0936784516158,0.0999999999999269,
-50.5076280476738));
#10179=CARTESIAN_POINT('Ctrl Pts',(-36.8971809039785,0.0999999999999446,
-50.3646609660385));
#10180=CARTESIAN_POINT('Ctrl Pts',(-36.7484385933843,0.0999999999999547,
-50.2583921961265));
#10181=CARTESIAN_POINT('Ctrl Pts',(-36.5981261331839,0.0999999999999625,
-50.1528802972117));
#10182=CARTESIAN_POINT('Ctrl Pts',(-36.395416201827,0.0999999999999686,
-50.0130140059342));
#10183=CARTESIAN_POINT('Ctrl Pts',(-36.1373939558036,0.0999999999999817,
-49.8393834494215));
#10184=CARTESIAN_POINT('Ctrl Pts',(-35.8197074227444,0.0999999999999897,
-49.6322745267632));
#10185=CARTESIAN_POINT('Ctrl Pts',(-35.4937829324315,0.0999999999999931,
-49.4260588461979));
#10186=CARTESIAN_POINT('Ctrl Pts',(-35.1598495372844,0.0999999999999956,
-49.2206322001299));
#10187=CARTESIAN_POINT('Ctrl Pts',(-34.8184800115415,0.0999999999999979,
-49.0160878847732));
#10188=CARTESIAN_POINT('Ctrl Pts',(-34.470538506145,0.0999999999999982,
-48.8126760703849));
#10189=CARTESIAN_POINT('Ctrl Pts',(-34.1171125112166,0.0999999999999991,
-48.6107656718229));
#10190=CARTESIAN_POINT('Ctrl Pts',(-33.7594467247885,0.0999999999999994,
-48.4108191721146));
#10191=CARTESIAN_POINT('Ctrl Pts',(-33.3988657804193,0.0999999999999997,
-48.2133504155129));
#10192=CARTESIAN_POINT('Ctrl Pts',(-33.0367051643815,0.0999999999999998,
-48.0188894978026));
#10193=CARTESIAN_POINT('Ctrl Pts',(-32.6742367426091,0.0999999999999999,
-47.8279499212083));
#10194=CARTESIAN_POINT('Ctrl Pts',(-32.3125854274312,0.1,-47.6409975074504));
#10195=CARTESIAN_POINT('Ctrl Pts',(-31.9526549596288,0.1,-47.4584256544266));
#10196=CARTESIAN_POINT('Ctrl Pts',(-31.5950478862112,0.1,-47.2805224264087));
#10197=CARTESIAN_POINT('Ctrl Pts',(-31.2400031461753,0.1,-47.1074447847016));
#10198=CARTESIAN_POINT('Ctrl Pts',(-30.8873254399893,0.1,-46.9391974005297));
#10199=CARTESIAN_POINT('Ctrl Pts',(-30.5363214927126,0.1,-46.7756197590112));
#10200=CARTESIAN_POINT('Ctrl Pts',(-30.1857737450916,0.1,-46.6164000386559));
#10201=CARTESIAN_POINT('Ctrl Pts',(-29.8338176500918,0.1,-46.4610569923167));
#10202=CARTESIAN_POINT('Ctrl Pts',(-29.4780484422331,0.1,-46.3090381146985));
#10203=CARTESIAN_POINT('Ctrl Pts',(-29.114950743013,0.1,-46.1595519463496));
#10204=CARTESIAN_POINT('Ctrl Pts',(-28.741912632397,0.1,-46.0124923552501));
#10205=CARTESIAN_POINT('Ctrl Pts',(-28.3597629127998,0.1,-45.8693161854477));
#10206=CARTESIAN_POINT('Ctrl Pts',(-27.9716495860163,0.1,-45.7322747797144));
#10207=CARTESIAN_POINT('Ctrl Pts',(-27.5821837450588,0.1,-45.6038094458118));
#10208=CARTESIAN_POINT('Ctrl Pts',(-27.196340267846,0.1,-45.485930070183));
#10209=CARTESIAN_POINT('Ctrl Pts',(-26.8182020839156,0.1,-45.379757727705));
#10210=CARTESIAN_POINT('Ctrl Pts',(-26.4497212533741,0.1,-45.2853167443492));
#10211=CARTESIAN_POINT('Ctrl Pts',(-26.0897382550002,0.1,-45.2016346242214));
#10212=CARTESIAN_POINT('Ctrl Pts',(-25.7339810436654,0.1,-45.1271481630334));
#10213=CARTESIAN_POINT('Ctrl Pts',(-25.3754465848223,0.1,-45.0601836974792));
#10214=CARTESIAN_POINT('Ctrl Pts',(-25.1284609998905,0.1,-45.0195852169401));
#10215=CARTESIAN_POINT('Ctrl Pts',(-25.0000003660152,0.1,-45.0000007123728));
#10216=CARTESIAN_POINT('Ctrl Pts',(-39.5461699318352,0.,-36.7839893342793));
#10217=CARTESIAN_POINT('Ctrl Pts',(-39.5622353290127,0.,-36.7671254536394));
#10218=CARTESIAN_POINT('Ctrl Pts',(-39.5782923307568,0.,-36.7502871412736));
#10219=CARTESIAN_POINT('Ctrl Pts',(-41.4114245660777,0.,-34.8232801569761));
#10220=CARTESIAN_POINT('Ctrl Pts',(-44.1111925319589,0.,-30.2142604552777));
#10221=CARTESIAN_POINT('Ctrl Pts',(-46.0263378476172,0.,-23.9116906044825));
#10222=CARTESIAN_POINT('Ctrl Pts',(-47.0563235408572,0.,-18.7384547344201));
#10223=CARTESIAN_POINT('Ctrl Pts',(-47.6118351115345,0.,-14.8292097791936));
#10224=CARTESIAN_POINT('Ctrl Pts',(-47.9924326151185,0.,-10.9013346891856));
#10225=CARTESIAN_POINT('Ctrl Pts',(-48.2161446637639,0.,-6.96324554033724));
#10226=CARTESIAN_POINT('Ctrl Pts',(-48.2972089649372,0.,-3.01663211133393));
#10227=CARTESIAN_POINT('Ctrl Pts',(-48.2404173550209,0.,0.932918699159671));
#10228=CARTESIAN_POINT('Ctrl Pts',(-48.0471632290708,0.,4.87672604605078));
#10229=CARTESIAN_POINT('Ctrl Pts',(-47.6029147940775,0.,10.1198627151803));
#10230=CARTESIAN_POINT('Ctrl Pts',(-46.6834391247626,0.,16.6314491100757));
#10231=CARTESIAN_POINT('Ctrl Pts',(-44.9176327161315,0.,24.3363067818865));
#10232=CARTESIAN_POINT('Ctrl Pts',(-42.3944386934269,0.,31.8425778922853));
#10233=CARTESIAN_POINT('Ctrl Pts',(-40.1562956992226,0.,36.613913834729));
#10234=CARTESIAN_POINT('Ctrl Pts',(-38.8774698301373,0.,38.9325440737673));
#10235=CARTESIAN_POINT('Ctrl Pts',(-38.8708727935734,0.,38.9445017829133));
#10236=CARTESIAN_POINT('Ctrl Pts',(-38.8642730338937,0.,38.9564657974916));
#10237=CARTESIAN_POINT('Ctrl Pts',(-39.5651252594881,0.,-36.8020471510935));
#10238=CARTESIAN_POINT('Ctrl Pts',(-39.5812037752921,-2.0321642179222E-15,
-36.785166773998));
#10239=CARTESIAN_POINT('Ctrl Pts',(-39.5972279451669,-3.11180393650693E-16,
-36.7683683816093));
#10240=CARTESIAN_POINT('Ctrl Pts',(-41.4332233734475,1.97404286149473E-16,
-34.8382701537116));
#10241=CARTESIAN_POINT('Ctrl Pts',(-44.135632552037,-1.75689315327441E-16,
-30.2242084119351));
#10242=CARTESIAN_POINT('Ctrl Pts',(-46.051752418022,1.13722005301017E-16,
-23.9181166122395));
#10243=CARTESIAN_POINT('Ctrl Pts',(-47.0821578929315,-1.17047554119515E-16,
-18.7427949415922));
#10244=CARTESIAN_POINT('Ctrl Pts',(-47.6378392732989,4.56162838518586E-17,
-14.8322925635896));
#10245=CARTESIAN_POINT('Ctrl Pts',(-48.0185454571648,-1.70924073492195E-17,
-10.9033183134529));
#10246=CARTESIAN_POINT('Ctrl Pts',(-48.2423102896597,1.90185307240189E-17,
-6.96424898102332));
#10247=CARTESIAN_POINT('Ctrl Pts',(-48.3233944941626,-1.29592463618721E-17,
-3.01670816160183));
#10248=CARTESIAN_POINT('Ctrl Pts',(-48.2665891774587,6.48715107520802E-18,
0.93374571729981));
#10249=CARTESIAN_POINT('Ctrl Pts',(-48.0732908847919,-2.89069340484255E-18,
4.87846661097245));
#10250=CARTESIAN_POINT('Ctrl Pts',(-47.6289359073069,1.99017106401722E-18,
10.1228635973392));
#10251=CARTESIAN_POINT('Ctrl Pts',(-46.7092234323525,-9.76222156591624E-19,
16.6361600483957));
#10252=CARTESIAN_POINT('Ctrl Pts',(-44.9428889921148,6.1108541321363E-19,
24.3433590987734));
#10253=CARTESIAN_POINT('Ctrl Pts',(-42.4188153758471,-4.1339105695396E-19,
31.8522806250831));
#10254=CARTESIAN_POINT('Ctrl Pts',(-40.1797730486917,2.01226121659737E-19,
36.6255543308415));
#10255=CARTESIAN_POINT('Ctrl Pts',(-38.9003909873909,-1.61351330651639E-20,
38.9451935927098));
#10256=CARTESIAN_POINT('Ctrl Pts',(-38.8937977689739,1.72146074832895E-20,
38.9571443351797));
#10257=CARTESIAN_POINT('Ctrl Pts',(-38.8871964759835,0.,38.9691111522623));
#10258=CARTESIAN_POINT('Ctrl Pts',(-39.6028887713258,0.0216634092152955,
-36.8380226083113));
#10259=CARTESIAN_POINT('Ctrl Pts',(-39.6189640656011,0.0216634092152928,
-36.8211462822349));
#10260=CARTESIAN_POINT('Ctrl Pts',(-39.6349619298598,0.0216634092152951,
-36.8043746112098));
#10261=CARTESIAN_POINT('Ctrl Pts',(-41.4758467887573,0.0216634092152959,
-34.8690910779305));
#10262=CARTESIAN_POINT('Ctrl Pts',(-44.1847950506781,0.0216634092152951,
-30.2434491507371));
#10263=CARTESIAN_POINT('Ctrl Pts',(-46.1021968780483,0.0216634092152957,
-23.931148887467));
#10264=CARTESIAN_POINT('Ctrl Pts',(-47.1336708627747,0.0216634092152952,
-18.7513888972674));
#10265=CARTESIAN_POINT('Ctrl Pts',(-47.6896215905553,0.0216634092152956,
-14.8384619810667));
#10266=CARTESIAN_POINT('Ctrl Pts',(-48.0705779516705,0.0216634092152954,
-10.9072609284521));
#10267=CARTESIAN_POINT('Ctrl Pts',(-48.294432820702,0.0216634092152955,
-6.96625057261473));
#10268=CARTESIAN_POINT('Ctrl Pts',(-48.3755665916213,0.0216634092152954,
-3.01686270284739));
#10269=CARTESIAN_POINT('Ctrl Pts',(-48.3187224919205,0.0216634092152955,
0.935404351559106));
#10270=CARTESIAN_POINT('Ctrl Pts',(-48.1253556252066,0.0216634092152955,
4.88191250251189));
#10271=CARTESIAN_POINT('Ctrl Pts',(-47.6807304555669,0.0216634092152955,
10.1289247031488));
#10272=CARTESIAN_POINT('Ctrl Pts',(-46.7607036710491,0.0216634092152954,
16.6453430285454));
#10273=CARTESIAN_POINT('Ctrl Pts',(-44.9929783355678,0.0216634092152955,
24.3578206283192));
#10274=CARTESIAN_POINT('Ctrl Pts',(-42.4678137413235,0.0216634092152954,
31.8708231904331));
#10275=CARTESIAN_POINT('Ctrl Pts',(-40.2257096791236,0.0216634092152954,
36.6502610694279));
#10276=CARTESIAN_POINT('Ctrl Pts',(-38.946059039897,0.0216634092152955,
38.9703877425769));
#10277=CARTESIAN_POINT('Ctrl Pts',(-38.9394663300906,0.0216634092152955,
38.9823375715369));
#10278=CARTESIAN_POINT('Ctrl Pts',(-38.9328654136339,0.0216634092152955,
38.9943037004112));
#10279=CARTESIAN_POINT('Ctrl Pts',(-39.6185739500883,0.0738200612200851,
-36.8529651136574));
#10280=CARTESIAN_POINT('Ctrl Pts',(-39.6346393472657,0.0738200612200838,
-36.8361012330175));
#10281=CARTESIAN_POINT('Ctrl Pts',(-39.6506376859822,0.0738200612200849,
-36.8193252643898));
#10282=CARTESIAN_POINT('Ctrl Pts',(-41.4933158487693,0.0738200612200858,
-34.8821717327878));
#10283=CARTESIAN_POINT('Ctrl Pts',(-44.2053524935857,0.0738200612200846,
-30.2512723425438));
#10284=CARTESIAN_POINT('Ctrl Pts',(-46.1230944880931,0.0738200612200853,
-23.9366289770407));
#10285=CARTESIAN_POINT('Ctrl Pts',(-47.1550799807857,0.0738200612200849,
-18.7549430361631));
#10286=CARTESIAN_POINT('Ctrl Pts',(-47.7111224792567,0.0738200612200852,
-14.8410325646733));
#10287=CARTESIAN_POINT('Ctrl Pts',(-48.0921925658624,0.0738200612200851,
-10.9088958118888));
#10288=CARTESIAN_POINT('Ctrl Pts',(-48.316080423163,0.0738200612200851,
-6.96708266795209));
#10289=CARTESIAN_POINT('Ctrl Pts',(-48.3972376721354,0.0738200612200851,
-3.0169277756866));
#10290=CARTESIAN_POINT('Ctrl Pts',(-48.3403741180304,0.0738200612200851,
0.93609648212269));
#10291=CARTESIAN_POINT('Ctrl Pts',(-48.146984429794,0.0738200612200851,
4.88333742857417));
#10292=CARTESIAN_POINT('Ctrl Pts',(-47.702230144357,0.0738200612200851,
10.1314662927895));
#10293=CARTESIAN_POINT('Ctrl Pts',(-46.7821187190216,0.073820061220085,
16.6490982161253));
#10294=CARTESIAN_POINT('Ctrl Pts',(-45.0137168559407,0.0738200612200851,
24.3639472783767));
#10295=CARTESIAN_POINT('Ctrl Pts',(-42.4882919468752,0.073820061220085,
31.878295276478));
#10296=CARTESIAN_POINT('Ctrl Pts',(-40.2445459010077,0.0738200612200851,
36.6609651030058));
#10297=CARTESIAN_POINT('Ctrl Pts',(-38.9650284604745,0.0738200612200851,
38.9808502504635));
#10298=CARTESIAN_POINT('Ctrl Pts',(-38.958433892484,0.0738200612200851,
38.9928034801668));
#10299=CARTESIAN_POINT('Ctrl Pts',(-38.9518341328043,0.0738200612200851,
39.0047674947451));
#10300=CARTESIAN_POINT('Ctrl Pts',(-39.6185739500883,0.1,-36.8529651136574));
#10301=CARTESIAN_POINT('Ctrl Pts',(-39.6346393472657,0.1,-36.8361012330175));
#10302=CARTESIAN_POINT('Ctrl Pts',(-39.6506376859822,0.1,-36.8193252643898));
#10303=CARTESIAN_POINT('Ctrl Pts',(-41.4933158487693,0.100000000000001,
-34.8821717327878));
#10304=CARTESIAN_POINT('Ctrl Pts',(-44.2053524935857,0.0999999999999997,
-30.2512723425438));
#10305=CARTESIAN_POINT('Ctrl Pts',(-46.1230944880931,0.1,-23.9366289770407));
#10306=CARTESIAN_POINT('Ctrl Pts',(-47.1550799807857,0.1,-18.7549430361631));
#10307=CARTESIAN_POINT('Ctrl Pts',(-47.7111224792567,0.1,-14.8410325646733));
#10308=CARTESIAN_POINT('Ctrl Pts',(-48.0921925658624,0.1,-10.9088958118888));
#10309=CARTESIAN_POINT('Ctrl Pts',(-48.316080423163,0.1,-6.96708266795209));
#10310=CARTESIAN_POINT('Ctrl Pts',(-48.3972376721354,0.1,-3.0169277756866));
#10311=CARTESIAN_POINT('Ctrl Pts',(-48.3403741180304,0.1,0.93609648212269));
#10312=CARTESIAN_POINT('Ctrl Pts',(-48.146984429794,0.1,4.88333742857417));
#10313=CARTESIAN_POINT('Ctrl Pts',(-47.702230144357,0.1,10.1314662927895));
#10314=CARTESIAN_POINT('Ctrl Pts',(-46.7821187190216,0.1,16.6490982161253));
#10315=CARTESIAN_POINT('Ctrl Pts',(-45.0137168559407,0.1,24.3639472783767));
#10316=CARTESIAN_POINT('Ctrl Pts',(-42.4882919468752,0.1,31.878295276478));
#10317=CARTESIAN_POINT('Ctrl Pts',(-40.2445459010077,0.1,36.6609651030058));
#10318=CARTESIAN_POINT('Ctrl Pts',(-38.9650284604745,0.1,38.9808502504635));
#10319=CARTESIAN_POINT('Ctrl Pts',(-38.958433892484,0.1,38.9928034801668));
#10320=CARTESIAN_POINT('Ctrl Pts',(-38.9518341328043,0.1,39.0047674947451));
#10321=CARTESIAN_POINT('',(-38.9716334118433,0.1,38.9688754510102));
#10322=CARTESIAN_POINT('Ctrl Pts',(-38.9716331593869,0.1,38.9688753117678));
#10323=CARTESIAN_POINT('Ctrl Pts',(-38.9716340102388,0.1,38.9688737690937));
#10324=CARTESIAN_POINT('Ctrl Pts',(-38.9716348610908,0.1,38.9688722264191));
#10325=CARTESIAN_POINT('Ctrl Pts',(-40.2445459010077,0.1,36.6609651030058));
#10326=CARTESIAN_POINT('Ctrl Pts',(-42.4882919468752,0.1,31.878295276478));
#10327=CARTESIAN_POINT('Ctrl Pts',(-45.0137168559407,0.1,24.3639472783767));
#10328=CARTESIAN_POINT('Ctrl Pts',(-46.7821187190216,0.1,16.6490982161253));
#10329=CARTESIAN_POINT('Ctrl Pts',(-47.702230144357,0.1,10.1314662927895));
#10330=CARTESIAN_POINT('Ctrl Pts',(-48.146984429794,0.1,4.88333742857417));
#10331=CARTESIAN_POINT('Ctrl Pts',(-48.3403741180304,0.1,0.93609648212269));
#10332=CARTESIAN_POINT('Ctrl Pts',(-48.3972376721354,0.1,-3.0169277756866));
#10333=CARTESIAN_POINT('Ctrl Pts',(-48.316080423163,0.1,-6.96708266795209));
#10334=CARTESIAN_POINT('Ctrl Pts',(-48.0921925658624,0.1,-10.9088958118888));
#10335=CARTESIAN_POINT('Ctrl Pts',(-47.7111224792567,0.1,-14.8410325646733));
#10336=CARTESIAN_POINT('Ctrl Pts',(-47.1550799807857,0.1,-18.7549430361631));
#10337=CARTESIAN_POINT('Ctrl Pts',(-46.1230944880931,0.1,-23.9366289770407));
#10338=CARTESIAN_POINT('Ctrl Pts',(-44.2053524935857,0.0999999999999997,
-30.2512723425438));
#10339=CARTESIAN_POINT('Ctrl Pts',(-41.4933158487693,0.100000000000001,
-34.8821717327878));
#10340=CARTESIAN_POINT('Ctrl Pts',(-39.6667880651747,0.1,-36.8023468442178));
#10341=CARTESIAN_POINT('Ctrl Pts',(-39.666777159652,0.1,-36.8023583088547));
#10342=CARTESIAN_POINT('Ctrl Pts',(-39.6667662542034,0.1,-36.8023697733943));
#10343=CARTESIAN_POINT('',(-38.8642730338935,0.,38.9564657974915));
#10344=CARTESIAN_POINT('Ctrl Pts',(-39.5461699318352,0.,-36.7839893342793));
#10345=CARTESIAN_POINT('Ctrl Pts',(-39.5622353290127,0.,-36.7671254536394));
#10346=CARTESIAN_POINT('Ctrl Pts',(-39.5782923307568,0.,-36.7502871412736));
#10347=CARTESIAN_POINT('Ctrl Pts',(-41.4114245660777,0.,-34.8232801569761));
#10348=CARTESIAN_POINT('Ctrl Pts',(-44.1111925319589,0.,-30.2142604552777));
#10349=CARTESIAN_POINT('Ctrl Pts',(-46.0263378476172,0.,-23.9116906044825));
#10350=CARTESIAN_POINT('Ctrl Pts',(-47.0563235408572,0.,-18.7384547344201));
#10351=CARTESIAN_POINT('Ctrl Pts',(-47.6118351115345,0.,-14.8292097791936));
#10352=CARTESIAN_POINT('Ctrl Pts',(-47.9924326151185,0.,-10.9013346891856));
#10353=CARTESIAN_POINT('Ctrl Pts',(-48.2161446637639,0.,-6.96324554033724));
#10354=CARTESIAN_POINT('Ctrl Pts',(-48.2972089649372,0.,-3.01663211133393));
#10355=CARTESIAN_POINT('Ctrl Pts',(-48.2404173550209,0.,0.932918699159671));
#10356=CARTESIAN_POINT('Ctrl Pts',(-48.0471632290708,0.,4.87672604605078));
#10357=CARTESIAN_POINT('Ctrl Pts',(-47.6029147940775,0.,10.1198627151803));
#10358=CARTESIAN_POINT('Ctrl Pts',(-46.6834391247626,0.,16.6314491100757));
#10359=CARTESIAN_POINT('Ctrl Pts',(-44.9176327161315,0.,24.3363067818865));
#10360=CARTESIAN_POINT('Ctrl Pts',(-42.3944386934269,0.,31.8425778922853));
#10361=CARTESIAN_POINT('Ctrl Pts',(-40.1562956992226,0.,36.613913834729));
#10362=CARTESIAN_POINT('Ctrl Pts',(-38.8774698301373,0.,38.9325440737673));
#10363=CARTESIAN_POINT('Ctrl Pts',(-38.8708727935734,0.,38.9445017829133));
#10364=CARTESIAN_POINT('Ctrl Pts',(-38.8642730338937,0.,38.9564657974916));
#10365=CARTESIAN_POINT('Ctrl Pts',(-38.8642730338935,3.05140591674983E-25,
38.9564657974915));
#10366=CARTESIAN_POINT('Ctrl Pts',(-38.8645339547856,-6.16259972753944E-16,
38.9564959570153));
#10367=CARTESIAN_POINT('Ctrl Pts',(-38.8647948678087,9.33441875942261E-7,
38.9565261120335));
#10368=CARTESIAN_POINT('Ctrl Pts',(-38.8650557681194,2.7977758014808E-6,
38.9565562622094));
#10369=CARTESIAN_POINT('Ctrl Pts',(-38.8730683596541,6.00539216049723E-5,
38.9574822137474));
#10370=CARTESIAN_POINT('Ctrl Pts',(-38.8810578146139,0.000991747283126518,
38.9584025985316));
#10371=CARTESIAN_POINT('Ctrl Pts',(-38.8888827863295,0.00273848871738141,
38.9593058732127));
#10372=CARTESIAN_POINT('Ctrl Pts',(-38.8966534913677,0.00447311638852536,
38.9602028836263));
#10373=CARTESIAN_POINT('Ctrl Pts',(-38.9042390902181,0.00700651697505133,
38.9610805114062));
#10374=CARTESIAN_POINT('Ctrl Pts',(-38.9114906533921,0.0103036144573057,
38.9619217536658));
#10375=CARTESIAN_POINT('Ctrl Pts',(-38.9186986292435,0.0135808939157364,
38.9627579394297));
#10376=CARTESIAN_POINT('Ctrl Pts',(-38.9255336666613,0.0175927338084294,
38.9635524645));
#10377=CARTESIAN_POINT('Ctrl Pts',(-38.9318375483368,0.0223132397266887,
38.9642822578851));
#10378=CARTESIAN_POINT('Ctrl Pts',(-38.9347405911937,0.0244871115872744,
38.9646183399346));
#10379=CARTESIAN_POINT('Ctrl Pts',(-38.937530563605,0.02681173951473,38.9649404669903));
#10380=CARTESIAN_POINT('Ctrl Pts',(-38.9401892000302,0.029286719912669,
38.9652448751803));
#10381=CARTESIAN_POINT('Ctrl Pts',(-38.9416293279139,0.0306273651581122,
38.9654097667459));
#10382=CARTESIAN_POINT('Ctrl Pts',(-38.9430308787848,0.0320121524742704,
38.9655694372153));
#10383=CARTESIAN_POINT('Ctrl Pts',(-38.9443921358721,0.0334394692035678,
38.9657239455568));
#10384=CARTESIAN_POINT('Ctrl Pts',(-38.9498713932498,0.0391846262292496,
38.9663458640601));
#10385=CARTESIAN_POINT('Ctrl Pts',(-38.9546400294268,0.0455537778679864,
38.966879676685));
#10386=CARTESIAN_POINT('Ctrl Pts',(-38.9586071545444,0.0524155337009896,
38.967330655104));
#10387=CARTESIAN_POINT('Ctrl Pts',(-38.9608954973825,0.0563735762007989,
38.9675907914004));
#10388=CARTESIAN_POINT('Ctrl Pts',(-38.962916434068,0.0604959344530109,
38.9678229744948));
#10389=CARTESIAN_POINT('Ctrl Pts',(-38.9646455476479,0.0647583004770313,
38.9680243800155));
#10390=CARTESIAN_POINT('Ctrl Pts',(-38.9675825823166,0.0719982625758301,
38.9683664830465));
#10391=CARTESIAN_POINT('Ctrl Pts',(-38.9696351259883,0.079532142488795,
38.9686165931287));
#10392=CARTESIAN_POINT('Ctrl Pts',(-38.9707269287516,0.0872189144211192,
38.9687540594594));
#10393=CARTESIAN_POINT('Ctrl Pts',(-38.9713265853971,0.0914407611015287,
38.9688295608243));
#10394=CARTESIAN_POINT('Ctrl Pts',(-38.9716357119431,0.0957089605648975,
38.9688706837442));
#10395=CARTESIAN_POINT('Ctrl Pts',(-38.9716357119431,0.1,38.9688706837442));
#10396=CARTESIAN_POINT('Ctrl Pts',(-38.8642730338935,0.,38.9564657974915));
#10397=CARTESIAN_POINT('Ctrl Pts',(-38.8679694178975,0.,38.9696199306047));
#10398=CARTESIAN_POINT('Ctrl Pts',(-38.8716570088452,0.,38.9827642046134));
#10399=CARTESIAN_POINT('Ctrl Pts',(-39.5853982225325,0.,41.5167927924714));
#10400=CARTESIAN_POINT('Ctrl Pts',(-39.8391734600671,0.,45.4880102393077));
#10401=CARTESIAN_POINT('Ctrl Pts',(-38.8926655698541,0.,51.9634930330186));
#10402=CARTESIAN_POINT('Ctrl Pts',(-37.8656925154935,0.,55.7584281177177));
#10403=CARTESIAN_POINT('Ctrl Pts',(-37.081706690458,0.,58.2538561329044));
#10404=CARTESIAN_POINT('Ctrl Pts',(-38.8894767819067,-6.6593550919783E-16,
38.9493834051973));
#10405=CARTESIAN_POINT('Ctrl Pts',(-38.8931765537868,-1.2744414648141E-15,
38.9625441237308));
#10406=CARTESIAN_POINT('Ctrl Pts',(-38.8968560645793,-4.63487542541823E-16,
38.9756702958409));
#10407=CARTESIAN_POINT('Ctrl Pts',(-39.6115943548273,-1.49709455647839E-15,
41.5131445577533));
#10408=CARTESIAN_POINT('Ctrl Pts',(-39.8654931169169,9.85301910348335E-16,
45.4892900913518));
#10409=CARTESIAN_POINT('Ctrl Pts',(-38.9182387822931,1.39242575585622E-15,
51.9694257742952));
#10410=CARTESIAN_POINT('Ctrl Pts',(-37.8909017042658,-1.59102445555208E-15,
55.7654785471089));
#10411=CARTESIAN_POINT('Ctrl Pts',(-37.1066830220903,1.10917193795253E-15,
58.2617029190437));
#10412=CARTESIAN_POINT('Ctrl Pts',(-38.9396864443066,0.021665679772367,
38.9352742129498));
#10413=CARTESIAN_POINT('Ctrl Pts',(-38.9433855555833,0.0216656797723661,
38.9484336473893));
#10414=CARTESIAN_POINT('Ctrl Pts',(-38.9470597797944,0.0216656797723673,
38.9615392498556));
#10415=CARTESIAN_POINT('Ctrl Pts',(-39.663486413921,0.0216656797723668,
41.5049532629015));
#10416=CARTESIAN_POINT('Ctrl Pts',(-39.9179528314091,0.0216656797723696,
45.4919421271303));
#10417=CARTESIAN_POINT('Ctrl Pts',(-38.9690766895576,0.0216656797723707,
51.9808809145009));
#10418=CARTESIAN_POINT('Ctrl Pts',(-37.9411174494652,0.0216656797723665,
55.7796598720736));
#10419=CARTESIAN_POINT('Ctrl Pts',(-37.1564396368045,0.0216656797723703,
58.2773348989687));
#10420=CARTESIAN_POINT('Ctrl Pts',(-38.9605442598312,0.0738200612200847,
38.9294130516706));
#10421=CARTESIAN_POINT('Ctrl Pts',(-38.9642406438352,0.0738200612200842,
38.9425671847838));
#10422=CARTESIAN_POINT('Ctrl Pts',(-38.9679162504519,0.0738200612200848,
38.9556693706515));
#10423=CARTESIAN_POINT('Ctrl Pts',(-39.6849456058574,0.0738200612200856,
41.5012447883825));
#10424=CARTESIAN_POINT('Ctrl Pts',(-39.9397542865906,0.0738200612200856,
45.4930777109411));
#10425=CARTESIAN_POINT('Ctrl Pts',(-38.9901598073951,0.0738200612200865,
51.9855191245482));
#10426=CARTESIAN_POINT('Ctrl Pts',(-37.9619762174929,0.0738200612200841,
55.7855959546242));
#10427=CARTESIAN_POINT('Ctrl Pts',(-37.1771092498079,0.0738200612200858,
58.2838286481392));
#10428=CARTESIAN_POINT('Ctrl Pts',(-38.9605442598312,0.1,38.9294130516706));
#10429=CARTESIAN_POINT('Ctrl Pts',(-38.9642406438352,0.1,38.9425671847838));
#10430=CARTESIAN_POINT('Ctrl Pts',(-38.9679162504519,0.1,38.9556693706515));
#10431=CARTESIAN_POINT('Ctrl Pts',(-39.6849456058574,0.100000000000001,
41.5012447883825));
#10432=CARTESIAN_POINT('Ctrl Pts',(-39.9397542865906,0.0999999999999999,
45.4930777109411));
#10433=CARTESIAN_POINT('Ctrl Pts',(-38.9901598073951,0.100000000000001,
51.9855191245482));
#10434=CARTESIAN_POINT('Ctrl Pts',(-37.9619762174929,0.1,55.7855959546242));
#10435=CARTESIAN_POINT('Ctrl Pts',(-37.1771092498079,0.1,58.2838286481392));
#10436=CARTESIAN_POINT('',(-37.1771092498079,0.1,58.2838286481392));
#10437=CARTESIAN_POINT('Ctrl Pts',(-37.1771092498079,0.1,58.2838286481392));
#10438=CARTESIAN_POINT('Ctrl Pts',(-37.9619762174929,0.1,55.7855959546242));
#10439=CARTESIAN_POINT('Ctrl Pts',(-38.9901598073951,0.100000000000001,
51.9855191245482));
#10440=CARTESIAN_POINT('Ctrl Pts',(-39.9397542865906,0.0999999999999999,
45.4930777109411));
#10441=CARTESIAN_POINT('Ctrl Pts',(-39.6849456058574,0.100000000000001,
41.5012447883825));
#10442=CARTESIAN_POINT('Ctrl Pts',(-38.9716402021812,0.1,38.9688900287841));
#10443=CARTESIAN_POINT('Ctrl Pts',(-38.9716380504346,0.1,38.9688823897024));
#10444=CARTESIAN_POINT('Ctrl Pts',(-38.9716358987049,0.1,38.9688747506627));
#10445=CARTESIAN_POINT('',(-37.1115457102019,0.,58.1586917074722));
#10446=CARTESIAN_POINT('Ctrl Pts',(-38.8642730338935,0.,38.9564657974915));
#10447=CARTESIAN_POINT('Ctrl Pts',(-38.8679694178975,0.,38.9696199306047));
#10448=CARTESIAN_POINT('Ctrl Pts',(-38.8716570088452,0.,38.9827642046134));
#10449=CARTESIAN_POINT('Ctrl Pts',(-39.5853982225325,0.,41.5167927924714));
#10450=CARTESIAN_POINT('Ctrl Pts',(-39.8391734600671,0.,45.4880102393077));
#10451=CARTESIAN_POINT('Ctrl Pts',(-38.8974773917748,0.,51.9305732123009));
#10452=CARTESIAN_POINT('Ctrl Pts',(-37.8830625178494,0.,55.6941131274694));
#10453=CARTESIAN_POINT('Ctrl Pts',(-37.1115503248134,0.,58.1586931520302));
#10454=CARTESIAN_POINT('Ctrl Pts',(-37.1115508489009,0.,58.1586914778434));
#10455=CARTESIAN_POINT('Ctrl Pts',(-37.1117101320271,9.36150808856576E-18,
58.1589961162655));
#10456=CARTESIAN_POINT('Ctrl Pts',(-37.1118694091061,9.33470729668556E-7,
58.1593007524728));
#10457=CARTESIAN_POINT('Ctrl Pts',(-37.1120286773858,2.7979433246171E-6,
58.1596053805181));
#10458=CARTESIAN_POINT('Ctrl Pts',(-37.1170662850767,6.1770649623061E-5,
58.1692406737857));
#10459=CARTESIAN_POINT('Ctrl Pts',(-37.1221174665678,0.00104870035533066,
58.1789126752409));
#10460=CARTESIAN_POINT('Ctrl Pts',(-37.1270913647028,0.00293289682776759,
58.188422148954));
#10461=CARTESIAN_POINT('Ctrl Pts',(-37.1288933338221,0.00361551311096375,
58.1918672894667));
#10462=CARTESIAN_POINT('Ctrl Pts',(-37.1306849213727,0.00441630771342455,
58.1952910208198));
#10463=CARTESIAN_POINT('Ctrl Pts',(-37.1324607290522,0.00533513162273712,
58.1986835221708));
#10464=CARTESIAN_POINT('Ctrl Pts',(-37.1365177667555,0.00743429094367212,
58.2064340832523));
#10465=CARTESIAN_POINT('Ctrl Pts',(-37.140525247516,0.0101645563791731,
58.2140857448448));
#10466=CARTESIAN_POINT('Ctrl Pts',(-37.1444017033168,0.013563828381941,
58.2214716869895));
#10467=CARTESIAN_POINT('Ctrl Pts',(-37.146597952455,0.0154897237333806,
58.2256562746397));
#10468=CARTESIAN_POINT('Ctrl Pts',(-37.1487514316783,0.0176306427622267,
58.2297553418967));
#10469=CARTESIAN_POINT('Ctrl Pts',(-37.150840257939,0.0199952784705026,
58.2337363070317));
#10470=CARTESIAN_POINT('Ctrl Pts',(-37.1532863533464,0.0227643572852448,
58.2383981693977));
#10471=CARTESIAN_POINT('Ctrl Pts',(-37.1556556859414,0.0258536027742921,
58.2429232172123));
#10472=CARTESIAN_POINT('Ctrl Pts',(-37.1579038520977,0.0292878551912068,
58.2472288080803));
#10473=CARTESIAN_POINT('Ctrl Pts',(-37.1608554790773,0.0337966999044717,
58.2528816367795));
#10474=CARTESIAN_POINT('Ctrl Pts',(-37.1635990405028,0.0389025930668415,
58.2581564327526));
#10475=CARTESIAN_POINT('Ctrl Pts',(-37.1660528496497,0.0445890443214792,
58.262871966457));
#10476=CARTESIAN_POINT('Ctrl Pts',(-37.1662321383022,0.0450045274019395,
58.2632165090164));
#10477=CARTESIAN_POINT('Ctrl Pts',(-37.1664098610807,0.0454230973458443,
58.263558059915));
#10478=CARTESIAN_POINT('Ctrl Pts',(-37.1665859768548,0.0458447413903178,
58.2638965455359));
#10479=CARTESIAN_POINT('Ctrl Pts',(-37.1687720596915,0.0510785077195064,
58.2680980863118));
#10480=CARTESIAN_POINT('Ctrl Pts',(-37.1707086610054,0.0567732735093393,
58.271813043931));
#10481=CARTESIAN_POINT('Ctrl Pts',(-37.1723175411029,0.0628928951722918,
58.2748696098741));
#10482=CARTESIAN_POINT('Ctrl Pts',(-37.1731531035944,0.0660710849775561,
58.2764570195628));
#10483=CARTESIAN_POINT('Ctrl Pts',(-37.1738996600415,0.0693634811468418,
58.2778666558424));
#10484=CARTESIAN_POINT('Ctrl Pts',(-37.1745417832171,0.0727617520606551,
58.2790730505204));
#10485=CARTESIAN_POINT('Ctrl Pts',(-37.1758195775038,0.0795241480046031,
58.2814737180022));
#10486=CARTESIAN_POINT('Ctrl Pts',(-37.1766583809782,0.0865527111585419,
58.2830126125398));
#10487=CARTESIAN_POINT('Ctrl Pts',(-37.1769722879653,0.0937473264237417,
58.2835815358528));
#10488=CARTESIAN_POINT('Ctrl Pts',(-37.1770626684611,0.0958188091294936,
58.283745340971));
#10489=CARTESIAN_POINT('Ctrl Pts',(-37.1771092498079,0.0979039446926689,
58.2838286481392));
#10490=CARTESIAN_POINT('Ctrl Pts',(-37.1771092498079,0.1,58.2838286481392));
#10491=CARTESIAN_POINT('Ctrl Pts',(-37.2066185750071,0.,58.1882818024231));
#10492=CARTESIAN_POINT('Ctrl Pts',(-36.2067041884883,0.,57.8794615731203));
#10493=CARTESIAN_POINT('Ctrl Pts',(-34.2484878682966,0.,57.1264178253542));
#10494=CARTESIAN_POINT('Ctrl Pts',(-31.4873011848471,0.,55.6172710379951));
#10495=CARTESIAN_POINT('Ctrl Pts',(-28.938400438942,0.,53.7758644427181));
#10496=CARTESIAN_POINT('Ctrl Pts',(-26.5681347742796,0.,51.7146609862216));
#10497=CARTESIAN_POINT('Ctrl Pts',(-25.0777085300588,0.,50.2448123007413));
#10498=CARTESIAN_POINT('Ctrl Pts',(-24.3241158329696,0.,49.4631824192113));
#10499=CARTESIAN_POINT('Ctrl Pts',(-24.2968849071442,0.,49.4349398059389));
#10500=CARTESIAN_POINT('Ctrl Pts',(-24.2696543025121,0.,49.4066969536427));
#10501=CARTESIAN_POINT('Ctrl Pts',(-37.1977894055539,-3.92093888609402E-16,
58.2168693518113));
#10502=CARTESIAN_POINT('Ctrl Pts',(-36.1965618520114,8.35490136062789E-17,
57.9076361483117));
#10503=CARTESIAN_POINT('Ctrl Pts',(-34.2359093117621,-1.54857035130039E-17,
57.153670650324));
#10504=CARTESIAN_POINT('Ctrl Pts',(-31.4711794582143,-1.15939344851213E-17,
55.6425699412959));
#10505=CARTESIAN_POINT('Ctrl Pts',(-28.9196290300693,3.49211627763769E-17,
53.7992146240781));
#10506=CARTESIAN_POINT('Ctrl Pts',(-26.5477337430527,-1.03404906823314E-16,
51.7365690721951));
#10507=CARTESIAN_POINT('Ctrl Pts',(-25.0565172537341,3.18802957174187E-16,
50.2659423136255));
#10508=CARTESIAN_POINT('Ctrl Pts',(-24.3025666264475,-1.53302371178105E-15,
49.4839388664003));
#10509=CARTESIAN_POINT('Ctrl Pts',(-24.2753526113207,-3.28611709306091E-15,
49.4557139670661));
#10510=CARTESIAN_POINT('Ctrl Pts',(-24.2481152495316,-1.77592139249299E-15,
49.4274640287848));
#10511=CARTESIAN_POINT('Ctrl Pts',(-37.1825080330926,0.0251255611395493,
58.2663481835717));
#10512=CARTESIAN_POINT('Ctrl Pts',(-36.1790117005173,0.0251255611395499,
57.9564184598507));
#10513=CARTESIAN_POINT('Ctrl Pts',(-34.2140604823579,0.0251255611395497,
57.2007539887553));
#10514=CARTESIAN_POINT('Ctrl Pts',(-31.4432254851294,0.0251255611395498,
55.6863059472405));
#10515=CARTESIAN_POINT('Ctrl Pts',(-28.8869100752927,0.0251255611395497,
53.8393938097213));
#10516=CARTESIAN_POINT('Ctrl Pts',(-26.5123308280473,0.0251255611395495,
51.7743940319744));
#10517=CARTESIAN_POINT('Ctrl Pts',(-25.0190807627712,0.0251255611395499,
50.3017221149416));
#10518=CARTESIAN_POINT('Ctrl Pts',(-24.2652920368922,0.0251255611395474,
49.5198872027801));
#10519=CARTESIAN_POINT('Ctrl Pts',(-24.2380693766479,0.025125561139545,
49.4916532551263));
#10520=CARTESIAN_POINT('Ctrl Pts',(-24.2108358323899,0.025125561139547,
49.4634073201512));
#10521=CARTESIAN_POINT('Ctrl Pts',(-37.1771092498079,0.0775600524743584,
58.2838286481392));
#10522=CARTESIAN_POINT('Ctrl Pts',(-36.1728117892983,0.0775600524743587,
57.9736547210266));
#10523=CARTESIAN_POINT('Ctrl Pts',(-34.2063334626017,0.0775600524743586,
57.2173793894237));
#10524=CARTESIAN_POINT('Ctrl Pts',(-31.4333443694418,0.0775600524743586,
55.7017522991003));
#10525=CARTESIAN_POINT('Ctrl Pts',(-28.8753271774985,0.0775600524743587,
53.8535646952116));
#10526=CARTESIAN_POINT('Ctrl Pts',(-26.4998137144148,0.0775600524743586,
51.7877477238686));
#10527=CARTESIAN_POINT('Ctrl Pts',(-25.0057769181146,0.0775600524743588,
50.314281635388));
#10528=CARTESIAN_POINT('Ctrl Pts',(-24.25212552816,0.0775600524743579,49.5325898584295));
#10529=CARTESIAN_POINT('Ctrl Pts',(-24.2248959253657,0.0775600524743571,
49.5043486418497));
#10530=CARTESIAN_POINT('Ctrl Pts',(-24.1976653207336,0.0775600524743578,
49.4761057895536));
#10531=CARTESIAN_POINT('Ctrl Pts',(-37.1771092498079,0.1,58.2838286481392));
#10532=CARTESIAN_POINT('Ctrl Pts',(-36.1728117892983,0.1,57.9736547210266));
#10533=CARTESIAN_POINT('Ctrl Pts',(-34.2063334626017,0.1,57.2173793894237));
#10534=CARTESIAN_POINT('Ctrl Pts',(-31.4333443694418,0.1,55.7017522991003));
#10535=CARTESIAN_POINT('Ctrl Pts',(-28.8753271774985,0.1,53.8535646952116));
#10536=CARTESIAN_POINT('Ctrl Pts',(-26.4998137144148,0.1,51.7877477238686));
#10537=CARTESIAN_POINT('Ctrl Pts',(-25.0057769181146,0.1,50.314281635388));
#10538=CARTESIAN_POINT('Ctrl Pts',(-24.25212552816,0.1,49.5325898584295));
#10539=CARTESIAN_POINT('Ctrl Pts',(-24.2248959253657,0.1,49.5043486418497));
#10540=CARTESIAN_POINT('Ctrl Pts',(-24.1976653207336,0.1,49.4761057895536));
#10541=CARTESIAN_POINT('',(-24.2793571346299,0.1,49.560834346442));
#10542=CARTESIAN_POINT('Ctrl Pts',(-24.2793569853225,0.1,49.5608344903936));
#10543=CARTESIAN_POINT('Ctrl Pts',(-24.2793572458637,0.1,49.5608347606285));
#10544=CARTESIAN_POINT('Ctrl Pts',(-24.2793575064048,0.1,49.5608350308634));
#10545=CARTESIAN_POINT('Ctrl Pts',(-25.0057769181146,0.1,50.314281635388));
#10546=CARTESIAN_POINT('Ctrl Pts',(-26.4998137144148,0.1,51.7877477238686));
#10547=CARTESIAN_POINT('Ctrl Pts',(-28.8753271774985,0.1,53.8535646952116));
#10548=CARTESIAN_POINT('Ctrl Pts',(-31.4333443694418,0.1,55.7017522991003));
#10549=CARTESIAN_POINT('Ctrl Pts',(-34.2063334626017,0.1,57.2173793894237));
#10550=CARTESIAN_POINT('Ctrl Pts',(-36.1728117892983,0.1,57.9736547210266));
#10551=CARTESIAN_POINT('Ctrl Pts',(-37.1771092498079,0.1,58.2838286481392));
#10552=CARTESIAN_POINT('',(-24.2696543025127,0.,49.4066969536422));
#10553=CARTESIAN_POINT('Ctrl Pts',(-37.1115447003852,0.,58.158694928029));
#10554=CARTESIAN_POINT('Ctrl Pts',(-36.144628835812,0.,57.8555151383022));
#10555=CARTESIAN_POINT('Ctrl Pts',(-34.2192974996185,0.,57.110463615747));
#10556=CARTESIAN_POINT('Ctrl Pts',(-31.4873011848471,0.,55.6172710379951));
#10557=CARTESIAN_POINT('Ctrl Pts',(-28.938400438942,0.,53.7758644427181));
#10558=CARTESIAN_POINT('Ctrl Pts',(-26.5681347742796,0.,51.7146609862216));
#10559=CARTESIAN_POINT('Ctrl Pts',(-25.0777085300588,0.,50.2448123007413));
#10560=CARTESIAN_POINT('Ctrl Pts',(-24.3241158329696,0.,49.4631824192113));
#10561=CARTESIAN_POINT('Ctrl Pts',(-24.2968849071442,0.,49.4349398059389));
#10562=CARTESIAN_POINT('Ctrl Pts',(-24.2696543025121,0.,49.4066969536427));
#10563=CARTESIAN_POINT('Ctrl Pts',(-24.2696543025127,3.61693932703371E-24,
49.4066969536422));
#10564=CARTESIAN_POINT('Ctrl Pts',(-24.2696778824284,-2.13733151192254E-15,
49.4070715398135));
#10565=CARTESIAN_POINT('Ctrl Pts',(-24.2697014792687,9.47200949729865E-7,
49.4074461138321));
#10566=CARTESIAN_POINT('Ctrl Pts',(-24.2697250918796,2.83873766300332E-6,
49.4078206686341));
#10567=CARTESIAN_POINT('Ctrl Pts',(-24.2704646733,6.20844270114088E-5,49.4195522714577));
#10568=CARTESIAN_POINT('Ctrl Pts',(-24.2712265676254,0.00104464190806776,
49.431343729675));
#10569=CARTESIAN_POINT('Ctrl Pts',(-24.2719722904829,0.00291949103299354,
49.4429635582832));
#10570=CARTESIAN_POINT('Ctrl Pts',(-24.2723479276979,0.00386389430118634,
49.4488167247953));
#10571=CARTESIAN_POINT('Ctrl Pts',(-24.2727198156895,0.00503536551492444,
49.4546261336927));
#10572=CARTESIAN_POINT('Ctrl Pts',(-24.2730859279124,0.00643348348474806,
49.4603599134301));
#10573=CARTESIAN_POINT('Ctrl Pts',(-24.2736587094576,0.00862083512485912,
49.4693303957379));
#10574=CARTESIAN_POINT('Ctrl Pts',(-24.2742271603053,0.0113887610000989,
49.4782301009639));
#10575=CARTESIAN_POINT('Ctrl Pts',(-24.2747650521717,0.0147828220173872,
49.4868630747582));
#10576=CARTESIAN_POINT('Ctrl Pts',(-24.2751852303367,0.0174341176015667,
49.4936067853699));
#10577=CARTESIAN_POINT('Ctrl Pts',(-24.2755871588301,0.0204677445925894,
49.5001873628695));
#10578=CARTESIAN_POINT('Ctrl Pts',(-24.2759742523141,0.023907776181636,
49.5064958272986));
#10579=CARTESIAN_POINT('Ctrl Pts',(-24.2763799300366,0.0275129626239728,
49.513107159155));
#10580=CARTESIAN_POINT('Ctrl Pts',(-24.2767748050061,0.0316080640721662,
49.5195026319946));
#10581=CARTESIAN_POINT('Ctrl Pts',(-24.2771466901632,0.0362479675344009,
49.5254567242547));
#10582=CARTESIAN_POINT('Ctrl Pts',(-24.2771832469092,0.0367040754725077,
49.526042018489));
#10583=CARTESIAN_POINT('Ctrl Pts',(-24.2772196116423,0.0371654457309596,
49.5266230183418));
#10584=CARTESIAN_POINT('Ctrl Pts',(-24.2772557932338,0.0376321287130376,
49.5271994897676));
#10585=CARTESIAN_POINT('Ctrl Pts',(-24.2775430277324,0.0413369810053664,
49.5317759186609));
#10586=CARTESIAN_POINT('Ctrl Pts',(-24.277817915779,0.045377719259314,49.5360677281674));
#10587=CARTESIAN_POINT('Ctrl Pts',(-24.2780716064566,0.0497469416808884,
49.5399706472192));
#10588=CARTESIAN_POINT('Ctrl Pts',(-24.2783658919458,0.0548153138013916,
49.5444980995212));
#10589=CARTESIAN_POINT('Ctrl Pts',(-24.278627987499,0.0603325106620495,
49.5485050666919));
#10590=CARTESIAN_POINT('Ctrl Pts',(-24.2788324475825,0.0662679492475621,
49.5517760895295));
#10591=CARTESIAN_POINT('Ctrl Pts',(-24.2789299538715,0.0690985388666609,
49.5533360287243));
#10592=CARTESIAN_POINT('Ctrl Pts',(-24.2790147210377,0.0720237838078081,
49.5547282389675));
#10593=CARTESIAN_POINT('Ctrl Pts',(-24.2790861936909,0.0750373360074214,
49.5559272417078));
#10594=CARTESIAN_POINT('Ctrl Pts',(-24.2792434438345,0.0816675854183005,
49.5585652206398));
#10595=CARTESIAN_POINT('Ctrl Pts',(-24.2793279029888,0.0885638555950287,
49.5602024993067));
#10596=CARTESIAN_POINT('Ctrl Pts',(-24.279350830843,0.0956245394536459,
49.5606855471496));
#10597=CARTESIAN_POINT('Ctrl Pts',(-24.2793555457554,0.0970765072262757,
49.5607848817062));
#10598=CARTESIAN_POINT('Ctrl Pts',(-24.279357766946,0.0985353401835311,
49.5608353010982));
#10599=CARTESIAN_POINT('Ctrl Pts',(-24.279357766946,0.1,49.5608353010982));
#10600=CARTESIAN_POINT('Ctrl Pts',(-24.2696543025127,0.,49.4066969536422));
#10601=CARTESIAN_POINT('Ctrl Pts',(-24.2461803524268,0.,49.4381316192493));
#10602=CARTESIAN_POINT('Ctrl Pts',(-24.2227057505161,0.,49.4695648469529));
#10603=CARTESIAN_POINT('Ctrl Pts',(-22.7781409617601,0.,51.4042368627936));
#10604=CARTESIAN_POINT('Ctrl Pts',(-20.3202527614222,0.,54.0139532653094));
#10605=CARTESIAN_POINT('Ctrl Pts',(-15.6050888974661,0.,57.6345869909462));
#10606=CARTESIAN_POINT('Ctrl Pts',(-12.5468679777256,0.,59.4740847592419));
#10607=CARTESIAN_POINT('Ctrl Pts',(-10.46291876352,0.,60.6136622357627));
#10608=CARTESIAN_POINT('Ctrl Pts',(-24.2816409269661,0.,49.4156480087491));
#10609=CARTESIAN_POINT('Ctrl Pts',(-24.2581615311989,-6.14514654774839E-16,
49.4470902071374));
#10610=CARTESIAN_POINT('Ctrl Pts',(-24.2347005949477,1.57315996829947E-16,
49.4785045777568));
#10611=CARTESIAN_POINT('Ctrl Pts',(-22.7894868801424,-4.07597562825634E-16,
51.4140649584795));
#10612=CARTESIAN_POINT('Ctrl Pts',(-20.3303491423404,5.02151503496102E-16,
54.0250777952669));
#10613=CARTESIAN_POINT('Ctrl Pts',(-15.6133074935036,-4.79993892655516E-16,
57.647134387612));
#10614=CARTESIAN_POINT('Ctrl Pts',(-12.5544511020698,3.5454227814168E-16,
59.4869781730566));
#10615=CARTESIAN_POINT('Ctrl Pts',(-10.470096340584,0.,60.6267878953958));
#10616=CARTESIAN_POINT('Ctrl Pts',(-24.3055694068315,0.00684446081681609,
49.4335166875197));
#10617=CARTESIAN_POINT('Ctrl Pts',(-24.2820935971331,0.00684446081681482,
49.4649539254504));
#10618=CARTESIAN_POINT('Ctrl Pts',(-24.2586411816678,0.00684446081681642,
49.4963571759275));
#10619=CARTESIAN_POINT('Ctrl Pts',(-22.8123167245088,0.00684446081681489,
51.4333991790648));
#10620=CARTESIAN_POINT('Ctrl Pts',(-20.3505172440137,0.00684446081681716,
54.0472806611352));
#10621=CARTESIAN_POINT('Ctrl Pts',(-15.6297607085836,0.006844460816815,
57.6721083983449));
#10622=CARTESIAN_POINT('Ctrl Pts',(-12.5695653342817,0.00684446081681684,
59.5127576188707));
#10623=CARTESIAN_POINT('Ctrl Pts',(-10.484424687061,0.00684446081681609,
60.6529901914195));
#10624=CARTESIAN_POINT('Ctrl Pts',(-24.3392678678475,0.0402989619709944,
49.4586811350041));
#10625=CARTESIAN_POINT('Ctrl Pts',(-24.3157790893999,0.0402989619709932,
49.4901363120585));
#10626=CARTESIAN_POINT('Ctrl Pts',(-24.292362055178,0.0402989619709947,
49.5214908436096));
#10627=CARTESIAN_POINT('Ctrl Pts',(-22.8442431516435,0.0402989619709931,
51.4609830945109));
#10628=CARTESIAN_POINT('Ctrl Pts',(-20.3789037031589,0.0402989619709955,
54.0785547304463));
#10629=CARTESIAN_POINT('Ctrl Pts',(-15.6528735302971,0.0402989619709933,
57.7073714109253));
#10630=CARTESIAN_POINT('Ctrl Pts',(-12.5908802285199,0.0402989619709952,
59.5490119740599));
#10631=CARTESIAN_POINT('Ctrl Pts',(-10.5046032871181,0.0402989619709944,
60.6898908660986));
#10632=CARTESIAN_POINT('Ctrl Pts',(-24.3497789848877,0.0775600524743586,
49.4665303496206));
#10633=CARTESIAN_POINT('Ctrl Pts',(-24.3263050348017,0.077560052474358,
49.4979650152277));
#10634=CARTESIAN_POINT('Ctrl Pts',(-24.3028745463278,0.0775600524743588,
49.5293389767128));
#10635=CARTESIAN_POINT('Ctrl Pts',(-22.8544370298607,0.0775600524743578,
51.4692145741372));
#10636=CARTESIAN_POINT('Ctrl Pts',(-20.3877749526874,0.0775600524743592,
54.0883035751228));
#10637=CARTESIAN_POINT('Ctrl Pts',(-15.6601437990243,0.077560052474358,
57.7182740375405));
#10638=CARTESIAN_POINT('Ctrl Pts',(-12.5974977703305,0.077560052474359,
59.5603735474031));
#10639=CARTESIAN_POINT('Ctrl Pts',(-10.5108973320244,0.0775600524743586,
60.7014008074645));
#10640=CARTESIAN_POINT('Ctrl Pts',(-24.3497789848877,0.1,49.4665303496206));
#10641=CARTESIAN_POINT('Ctrl Pts',(-24.3263050348017,0.1,49.4979650152277));
#10642=CARTESIAN_POINT('Ctrl Pts',(-24.3028745463278,0.1,49.5293389767128));
#10643=CARTESIAN_POINT('Ctrl Pts',(-22.8544370298607,0.0999999999999996,
51.4692145741372));
#10644=CARTESIAN_POINT('Ctrl Pts',(-20.3877749526874,0.1,54.0883035751228));
#10645=CARTESIAN_POINT('Ctrl Pts',(-15.6601437990243,0.0999999999999999,
57.7182740375405));
#10646=CARTESIAN_POINT('Ctrl Pts',(-12.5974977703305,0.1,59.5603735474031));
#10647=CARTESIAN_POINT('Ctrl Pts',(-10.5108973320244,0.1,60.7014008074645));
#10648=CARTESIAN_POINT('',(-10.5108973320244,0.1,60.7014008074645));
#10649=CARTESIAN_POINT('Ctrl Pts',(-10.5108973320244,0.1,60.7014008074645));
#10650=CARTESIAN_POINT('Ctrl Pts',(-12.5974977703305,0.1,59.5603735474031));
#10651=CARTESIAN_POINT('Ctrl Pts',(-15.6601437990243,0.0999999999999999,
57.7182740375405));
#10652=CARTESIAN_POINT('Ctrl Pts',(-20.3877749526874,0.1,54.0883035751228));
#10653=CARTESIAN_POINT('Ctrl Pts',(-22.8544370298607,0.0999999999999996,
51.4692145741372));
#10654=CARTESIAN_POINT('Ctrl Pts',(-24.2793450044623,0.1,49.5608518197346));
#10655=CARTESIAN_POINT('Ctrl Pts',(-24.2793513637682,0.1,49.5608433027903));
#10656=CARTESIAN_POINT('Ctrl Pts',(-24.2793577230665,0.1,49.5608347858567));
#10657=CARTESIAN_POINT('',(-10.5578392346224,0.,60.5616713130277));
#10658=CARTESIAN_POINT('Ctrl Pts',(-24.2696543025127,0.,49.4066969536422));
#10659=CARTESIAN_POINT('Ctrl Pts',(-24.2461803524268,0.,49.4381316192493));
#10660=CARTESIAN_POINT('Ctrl Pts',(-24.2227057505161,0.,49.4695648469529));
#10661=CARTESIAN_POINT('Ctrl Pts',(-22.7781409617601,0.,51.4042368627936));
#10662=CARTESIAN_POINT('Ctrl Pts',(-20.3202527614222,0.,54.0139532653094));
#10663=CARTESIAN_POINT('Ctrl Pts',(-15.6337350787516,0.,57.612590442562));
#10664=CARTESIAN_POINT('Ctrl Pts',(-12.6087768345814,0.,59.4367987703609));
#10665=CARTESIAN_POINT('Ctrl Pts',(-10.5578424385254,0.,60.5616771545435));
#10666=CARTESIAN_POINT('Ctrl Pts',(-10.5578443321082,0.,60.5616761159679));
#10667=CARTESIAN_POINT('Ctrl Pts',(-10.5577293378511,2.52276052627362E-19,
60.5620163476832));
#10668=CARTESIAN_POINT('Ctrl Pts',(-10.5576143438904,9.03056781241751E-7,
60.5623565761286));
#10669=CARTESIAN_POINT('Ctrl Pts',(-10.5574993526813,2.70780294557773E-6,
60.5626967947995));
#10670=CARTESIAN_POINT('Ctrl Pts',(-10.5539576406979,5.82937139581418E-5,
60.5731754788033));
#10671=CARTESIAN_POINT('Ctrl Pts',(-10.5503976748993,0.000966022924366261,
60.5837021982227));
#10672=CARTESIAN_POINT('Ctrl Pts',(-10.5468980457958,0.00273419996764386,
60.5940752133888));
#10673=CARTESIAN_POINT('Ctrl Pts',(-10.5452923035676,0.00354549638257677,
60.5988346858908));
#10674=CARTESIAN_POINT('Ctrl Pts',(-10.5436991030765,0.00453852120231442,
60.6035614994737));
#10675=CARTESIAN_POINT('Ctrl Pts',(-10.5421248551608,0.00571692072883516,
60.6082339771529));
#10676=CARTESIAN_POINT('Ctrl Pts',(-10.540525904845,0.00691381117807191,
60.6129797732795));
#10677=CARTESIAN_POINT('Ctrl Pts',(-10.5389364123004,0.00830839615161351,
60.6176961850388));
#10678=CARTESIAN_POINT('Ctrl Pts',(-10.537369205158,0.00991256006320899,
60.6223518379731));
#10679=CARTESIAN_POINT('Ctrl Pts',(-10.5346118948744,0.0127348912855261,
60.6305428928534));
#10680=CARTESIAN_POINT('Ctrl Pts',(-10.531924969127,0.0162063362486214,
60.6385484703951));
#10681=CARTESIAN_POINT('Ctrl Pts',(-10.5293679542582,0.0203508089166862,
60.6461786543145));
#10682=CARTESIAN_POINT('Ctrl Pts',(-10.5290907354362,0.0208001320100356,
60.6470058808681));
#10683=CARTESIAN_POINT('Ctrl Pts',(-10.5288150192493,0.0212573656277005,
60.6478286501736));
#10684=CARTESIAN_POINT('Ctrl Pts',(-10.5285408629755,0.0217225392827378,
60.6486466859029));
#10685=CARTESIAN_POINT('Ctrl Pts',(-10.526405162184,0.0253462817901406,
60.6550192541094));
#10686=CARTESIAN_POINT('Ctrl Pts',(-10.5243441224367,0.0294840795019479,
60.6611655968993));
#10687=CARTESIAN_POINT('Ctrl Pts',(-10.522425971254,0.0341705214654549,
60.6668884604678));
#10688=CARTESIAN_POINT('Ctrl Pts',(-10.5219632548397,0.0353010338255961,
60.6682689892463));
#10689=CARTESIAN_POINT('Ctrl Pts',(-10.5215087429006,0.0364634401434446,
60.6696246711098));
#10690=CARTESIAN_POINT('Ctrl Pts',(-10.5210631697843,0.0376581504404583,
60.6709523254263));
#10691=CARTESIAN_POINT('Ctrl Pts',(-10.5198985706848,0.0407807771999936,
60.6744224293555));
#10692=CARTESIAN_POINT('Ctrl Pts',(-10.5187952366404,0.0441244711591266,
60.6777014298647));
#10693=CARTESIAN_POINT('Ctrl Pts',(-10.5177705160098,0.0476848741497347,
60.6807402390719));
#10694=CARTESIAN_POINT('Ctrl Pts',(-10.5162767330092,0.0528750394537117,
60.6851700528188));
#10695=CARTESIAN_POINT('Ctrl Pts',(-10.5149562541732,0.0585210971192197,
60.6890841248535));
#10696=CARTESIAN_POINT('Ctrl Pts',(-10.5138851322582,0.0645920028931536,
60.6922931431507));
#10697=CARTESIAN_POINT('Ctrl Pts',(-10.5133589420362,0.0675743443168897,
60.6938695781266));
#10698=CARTESIAN_POINT('Ctrl Pts',(-10.5128926524634,0.0706587954003374,
60.6952753584514));
#10699=CARTESIAN_POINT('Ctrl Pts',(-10.5124935100392,0.0738386819836081,
60.6964848089947));
#10700=CARTESIAN_POINT('Ctrl Pts',(-10.5116483140911,0.0805721863485266,
60.6990458564719));
#10701=CARTESIAN_POINT('Ctrl Pts',(-10.5111287526474,0.0875746726850845,
60.7006665365875));
#10702=CARTESIAN_POINT('Ctrl Pts',(-10.5109591509064,0.0947481685912551,
60.7012039371491));
#10703=CARTESIAN_POINT('Ctrl Pts',(-10.5109179845881,0.0964893442102296,
60.7013343768633));
#10704=CARTESIAN_POINT('Ctrl Pts',(-10.5108973320244,0.0982404964219586,
60.7014008074645));
#10705=CARTESIAN_POINT('Ctrl Pts',(-10.5108973320244,0.1,60.7014008074645));
#10706=CARTESIAN_POINT('Ctrl Pts',(-10.6019735283353,0.,60.6601076304793));
#10707=CARTESIAN_POINT('Ctrl Pts',(-9.85520432476835,0.,59.013034105295));
#10708=CARTESIAN_POINT('Ctrl Pts',(-9.2807397098093,0.,56.2931845343113));
#10709=CARTESIAN_POINT('Ctrl Pts',(-9.85089231461808,0.,51.7828374339967));
#10710=CARTESIAN_POINT('Ctrl Pts',(-10.731346583721,0.,49.2055130638806));
#10711=CARTESIAN_POINT('Ctrl Pts',(-11.4770620285409,0.,47.3993121270453));
#10712=CARTESIAN_POINT('Ctrl Pts',(-11.5331699170694,0.,47.2641077451955));
#10713=CARTESIAN_POINT('Ctrl Pts',(-11.5891759431679,0.,47.1288909640376));
#10714=CARTESIAN_POINT('Ctrl Pts',(-10.5781298358981,0.,60.6709181589343));
#10715=CARTESIAN_POINT('Ctrl Pts',(-9.82979816258311,3.21414015057511E-16,
59.0207503335288));
#10716=CARTESIAN_POINT('Ctrl Pts',(-9.25411093985058,-1.24969101490841E-16,
56.2941589893185));
#10717=CARTESIAN_POINT('Ctrl Pts',(-9.82542663596294,6.40107165741712E-17,
51.7758785994493));
#10718=CARTESIAN_POINT('Ctrl Pts',(-10.7066950729848,-3.67070262964774E-17,
49.1967425220442));
#10719=CARTESIAN_POINT('Ctrl Pts',(-11.4529041380965,4.71377853451232E-18,
47.3892092977277));
#10720=CARTESIAN_POINT('Ctrl Pts',(-11.5089629315755,-4.10471997256691E-18,
47.254148482325));
#10721=CARTESIAN_POINT('Ctrl Pts',(-11.5649886692324,0.,47.1188727319537));
#10722=CARTESIAN_POINT('Ctrl Pts',(-10.5306265274141,0.0216622961749042,
60.6924557571659));
#10723=CARTESIAN_POINT('Ctrl Pts',(-9.77928554729326,0.0216622961749046,
59.0355554714095));
#10724=CARTESIAN_POINT('Ctrl Pts',(-9.20123639668057,0.0216622961749041,
56.2956669817427));
#10725=CARTESIAN_POINT('Ctrl Pts',(-9.77466315417225,0.0216622961749043,
51.7620270880765));
#10726=CARTESIAN_POINT('Ctrl Pts',(-10.6583253742809,0.0216622961749042,
49.177299809319));
#10727=CARTESIAN_POINT('Ctrl Pts',(-11.4047219768599,0.0216622961749042,
47.3692345355232));
#10728=CARTESIAN_POINT('Ctrl Pts',(-11.4607804418646,0.0216622961749042,
47.2341734171119));
#10729=CARTESIAN_POINT('Ctrl Pts',(-11.5168008502456,0.0216622961749042,
47.0989136098336));
#10730=CARTESIAN_POINT('Ctrl Pts',(-10.5108973320244,0.0738200612200851,
60.7014008074645));
#10731=CARTESIAN_POINT('Ctrl Pts',(-9.75833477745827,0.0738200612200853,
59.0415494722055));
#10732=CARTESIAN_POINT('Ctrl Pts',(-9.17932481419742,0.073820061220085,
56.296175035751));
#10733=CARTESIAN_POINT('Ctrl Pts',(-9.75357209842363,0.0738200612200852,
51.7562776357149));
#10734=CARTESIAN_POINT('Ctrl Pts',(-10.6384390734967,0.073820061220085,
49.1686874894036));
#10735=CARTESIAN_POINT('Ctrl Pts',(-11.3846964099545,0.0738200612200851,
47.3609802845142));
#10736=CARTESIAN_POINT('Ctrl Pts',(-11.4407813361073,0.0738200612200851,
47.2258409174226));
#10737=CARTESIAN_POINT('Ctrl Pts',(-11.4967873622058,0.0738200612200851,
47.0906241362648));
#10738=CARTESIAN_POINT('Ctrl Pts',(-10.5108973320244,0.1,60.7014008074645));
#10739=CARTESIAN_POINT('Ctrl Pts',(-9.75833477745827,0.1,59.0415494722055));
#10740=CARTESIAN_POINT('Ctrl Pts',(-9.17932481419742,0.1,56.296175035751));
#10741=CARTESIAN_POINT('Ctrl Pts',(-9.75357209842363,0.1,51.7562776357149));
#10742=CARTESIAN_POINT('Ctrl Pts',(-10.6384390734967,0.1,49.1686874894036));
#10743=CARTESIAN_POINT('Ctrl Pts',(-11.3846964099545,0.1,47.3609802845142));
#10744=CARTESIAN_POINT('Ctrl Pts',(-11.4407813361073,0.1,47.2258409174226));
#10745=CARTESIAN_POINT('Ctrl Pts',(-11.4967873622058,0.1,47.0906241362648));
#10746=CARTESIAN_POINT('',(-11.3287692839103,0.1,47.4962744797385));
#10747=CARTESIAN_POINT('Ctrl Pts',(-11.3288333657605,0.1,47.4963009340378));
#10748=CARTESIAN_POINT('Ctrl Pts',(-11.3288303195695,0.1,47.4963083130183));
#10749=CARTESIAN_POINT('Ctrl Pts',(-11.328827273379,0.1,47.4963156919994));
#10750=CARTESIAN_POINT('Ctrl Pts',(-10.6384390734967,0.1,49.1686874894036));
#10751=CARTESIAN_POINT('Ctrl Pts',(-9.75357209842363,0.1,51.7562776357149));
#10752=CARTESIAN_POINT('Ctrl Pts',(-9.17932481419742,0.1,56.296175035751));
#10753=CARTESIAN_POINT('Ctrl Pts',(-9.75833477745827,0.1,59.0415494722055));
#10754=CARTESIAN_POINT('Ctrl Pts',(-10.5108973320244,0.1,60.7014008074645));
#10755=CARTESIAN_POINT('',(-11.5891759431679,0.,47.1288909640376));
#10756=CARTESIAN_POINT('Ctrl Pts',(-10.5578597728132,0.,60.5616621968848));
#10757=CARTESIAN_POINT('Ctrl Pts',(-9.84013540842561,0.,58.9409289671558));
#10758=CARTESIAN_POINT('Ctrl Pts',(-9.28527440534063,0.,56.2573115931583));
#10759=CARTESIAN_POINT('Ctrl Pts',(-9.85089231461808,0.,51.7828374339967));
#10760=CARTESIAN_POINT('Ctrl Pts',(-10.731346583721,0.,49.2055130638806));
#10761=CARTESIAN_POINT('Ctrl Pts',(-11.4770620285409,0.,47.3993121270453));
#10762=CARTESIAN_POINT('Ctrl Pts',(-11.5331699170694,0.,47.2641077451955));
#10763=CARTESIAN_POINT('Ctrl Pts',(-11.5891759431679,0.,47.1288909640376));
#10764=CARTESIAN_POINT('Ctrl Pts',(-11.5891759431679,0.,47.1288909640376));
#10765=CARTESIAN_POINT('Ctrl Pts',(-11.5885430982844,-2.86046757270237E-35,
47.1297837859756));
#10766=CARTESIAN_POINT('Ctrl Pts',(-11.5879102461381,9.33309545194857E-7,
47.1306766308687));
#10767=CARTESIAN_POINT('Ctrl Pts',(-11.5872773995062,2.79743992125711E-6,
47.1315694795161));
#10768=CARTESIAN_POINT('Ctrl Pts',(-11.5677550490372,6.0303010291225E-5,
47.1591124944152));
#10769=CARTESIAN_POINT('Ctrl Pts',(-11.5485180556838,0.000998664111912713,
47.1862482340038));
#10770=CARTESIAN_POINT('Ctrl Pts',(-11.5298897330519,0.00270006262616836,
47.2125228906167));
#10771=CARTESIAN_POINT('Ctrl Pts',(-11.5097932876824,0.00453555060697358,
47.2408682876584));
#10772=CARTESIAN_POINT('Ctrl Pts',(-11.4904030480931,0.00725926433903944,
47.2682131164874));
#10773=CARTESIAN_POINT('Ctrl Pts',(-11.4721084119072,0.0107801678625488,
47.2940098499938));
#10774=CARTESIAN_POINT('Ctrl Pts',(-11.4539297300474,0.0142787553371815,
47.3196430796831));
#10775=CARTESIAN_POINT('Ctrl Pts',(-11.4368308101362,0.0185653136466602,
47.3437480789174));
#10776=CARTESIAN_POINT('Ctrl Pts',(-11.4212104516824,0.0235954846568428,
47.3657935466866));
#10777=CARTESIAN_POINT('Ctrl Pts',(-11.4156162939984,0.0253969522666734,
47.3736887446927));
#10778=CARTESIAN_POINT('Ctrl Pts',(-11.410212071642,0.0272941551644906,
47.3813198382234));
#10779=CARTESIAN_POINT('Ctrl Pts',(-11.4050173351358,0.0292861633924734,
47.3886626863584));
#10780=CARTESIAN_POINT('Ctrl Pts',(-11.3930554391062,0.0338731516419675,
47.4055710292256));
#10781=CARTESIAN_POINT('Ctrl Pts',(-11.3822028685883,0.0389627396534383,
47.4209504739082));
#10782=CARTESIAN_POINT('Ctrl Pts',(-11.372652886378,0.0444828570067548,
47.4344859275076));
#10783=CARTESIAN_POINT('Ctrl Pts',(-11.3675399327015,0.0474382661053756,
47.4417326579956));
#10784=CARTESIAN_POINT('Ctrl Pts',(-11.3620410432044,0.0509506376264771,
47.4495357591057));
#10785=CARTESIAN_POINT('Ctrl Pts',(-11.3567099600916,0.0550292829395696,
47.4570813960261));
#10786=CARTESIAN_POINT('Ctrl Pts',(-11.3517867341504,0.0587958894594317,
47.4640497502317));
#10787=CARTESIAN_POINT('Ctrl Pts',(-11.3470073269041,0.0630461131208522,
47.4707987945888));
#10788=CARTESIAN_POINT('Ctrl Pts',(-11.3428256544435,0.0677522942781446,
47.4766945217299));
#10789=CARTESIAN_POINT('Ctrl Pts',(-11.3398418251426,0.0711103863728871,
47.4809014134843));
#10790=CARTESIAN_POINT('Ctrl Pts',(-11.3368091438526,0.0750999042233716,
47.4851675577027));
#10791=CARTESIAN_POINT('Ctrl Pts',(-11.3343305512251,0.0796477887205979,
47.4886409117355));
#10792=CARTESIAN_POINT('Ctrl Pts',(-11.3339859104262,0.0802801582873864,
47.4891238710953));
#10793=CARTESIAN_POINT('Ctrl Pts',(-11.3336520146129,0.080923247889877,
47.4895915158428));
#10794=CARTESIAN_POINT('Ctrl Pts',(-11.3333305107775,0.0815767828898085,
47.4900415661793));
#10795=CARTESIAN_POINT('Ctrl Pts',(-11.3318870059126,0.0845110587771165,
47.4920622259005));
#10796=CARTESIAN_POINT('Ctrl Pts',(-11.3306285314063,0.0877876123182449,
47.4938175610049));
#10797=CARTESIAN_POINT('Ctrl Pts',(-11.329810612635,0.091366002080595,47.4949547733843));
#10798=CARTESIAN_POINT('Ctrl Pts',(-11.3291766530517,0.0941395714887081,
47.4958362138297));
#10799=CARTESIAN_POINT('Ctrl Pts',(-11.3288242271892,0.0970211101937264,
47.4963230709812));
#10800=CARTESIAN_POINT('Ctrl Pts',(-11.3288242271892,0.1,47.4963230709812));
#10801=CARTESIAN_POINT('Ctrl Pts',(-11.5891759431679,0.,47.1288909640376));
#10802=CARTESIAN_POINT('Ctrl Pts',(-11.4801386546834,0.,47.2265184324365));
#10803=CARTESIAN_POINT('Ctrl Pts',(-11.37119451008,0.,47.3241687479447));
#10804=CARTESIAN_POINT('Ctrl Pts',(-7.69194215007913,0.,50.6130555026217));
#10805=CARTESIAN_POINT('Ctrl Pts',(0.463261563076829,0.,55.8140216489366));
#10806=CARTESIAN_POINT('Ctrl Pts',(14.4477693741348,0.,59.7667190364171));
#10807=CARTESIAN_POINT('Ctrl Pts',(28.9337410471943,0.,59.3218466648884));
#10808=CARTESIAN_POINT('Ctrl Pts',(42.9042280948966,0.,55.8210040496796));
#10809=CARTESIAN_POINT('Ctrl Pts',(51.8317698588937,0.,52.3421411721598));
#10810=CARTESIAN_POINT('Ctrl Pts',(56.2095958421722,0.,50.4085242538409));
#10811=CARTESIAN_POINT('Ctrl Pts',(-11.6066393253131,0.,47.1483953091579));
#10812=CARTESIAN_POINT('Ctrl Pts',(-11.4975591385899,-2.26311169497279E-17,
47.2460549895343));
#10813=CARTESIAN_POINT('Ctrl Pts',(-11.3887182734486,1.98955499106625E-17,
47.3436254556501));
#10814=CARTESIAN_POINT('Ctrl Pts',(-7.70714843613389,1.15250098674765E-16,
50.6345055991721));
#10815=CARTESIAN_POINT('Ctrl Pts',(0.452233237442808,-8.69004188336044E-17,
55.8382150595766));
#10816=CARTESIAN_POINT('Ctrl Pts',(14.444662320773,4.93376874959801E-17,
59.7931324579101));
#10817=CARTESIAN_POINT('Ctrl Pts',(28.9379461504128,-3.06160618375369E-17,
59.3479118785951));
#10818=CARTESIAN_POINT('Ctrl Pts',(42.9123654935365,2.48389654554224E-17,
55.8459068512787));
#10819=CARTESIAN_POINT('Ctrl Pts',(51.8416734052721,-1.46521665661535E-17,
52.3664186928254));
#10820=CARTESIAN_POINT('Ctrl Pts',(56.2201732967995,0.,50.4324722526744));
#10821=CARTESIAN_POINT('Ctrl Pts',(-11.6414282619417,0.021666805706032,
47.1872500636799));
#10822=CARTESIAN_POINT('Ctrl Pts',(-11.5323553640277,0.021666805706032,
47.2849042709421));
#10823=CARTESIAN_POINT('Ctrl Pts',(-11.4235863390622,0.0216668057060321,
47.3824095115745));
#10824=CARTESIAN_POINT('Ctrl Pts',(-7.73808501621404,0.0216668057060322,
50.6767609470838));
#10825=CARTESIAN_POINT('Ctrl Pts',(0.430593418012718,0.0216668057060319,
55.8866345465378));
#10826=CARTESIAN_POINT('Ctrl Pts',(14.4383090302747,0.0216668057060321,
59.845640448613));
#10827=CARTESIAN_POINT('Ctrl Pts',(28.9463671144098,0.021666805706032,59.3998764210586));
#10828=CARTESIAN_POINT('Ctrl Pts',(42.9285827445841,0.0216668057060321,
55.8955050463984));
#10829=CARTESIAN_POINT('Ctrl Pts',(51.8613226470921,0.021666805706032,52.4147484265007));
#10830=CARTESIAN_POINT('Ctrl Pts',(56.2412447247544,0.021666805706032,50.4801792436155));
#10831=CARTESIAN_POINT('Ctrl Pts',(-11.655881149364,0.0738200612200851,
47.2033920745417));
#10832=CARTESIAN_POINT('Ctrl Pts',(-11.5468438608794,0.0738200612200851,
47.3010195429406));
#10833=CARTESIAN_POINT('Ctrl Pts',(-11.4380576420601,0.0738200612200851,
47.3985306524591));
#10834=CARTESIAN_POINT('Ctrl Pts',(-7.75116370237375,0.0738200612200852,
50.6941486585479));
#10835=CARTESIAN_POINT('Ctrl Pts',(0.421719118554677,0.073820061220085,
55.9068287295386));
#10836=CARTESIAN_POINT('Ctrl Pts',(14.4356120791217,0.073820061220085,59.8674158488293));
#10837=CARTESIAN_POINT('Ctrl Pts',(28.9498809991195,0.0738200612200852,
59.4214788194861));
#10838=CARTESIAN_POINT('Ctrl Pts',(42.9353224650112,0.073820061220085,55.9161065481657));
#10839=CARTESIAN_POINT('Ctrl Pts',(51.8694578310105,0.0738200612200851,
52.4348149307634));
#10840=CARTESIAN_POINT('Ctrl Pts',(56.2499987427145,0.0738200612200851,
50.499998871237));
#10841=CARTESIAN_POINT('Ctrl Pts',(-11.655881149364,0.1,47.2033920745417));
#10842=CARTESIAN_POINT('Ctrl Pts',(-11.5468438608794,0.1,47.3010195429406));
#10843=CARTESIAN_POINT('Ctrl Pts',(-11.4380576420601,0.1,47.3985306524591));
#10844=CARTESIAN_POINT('Ctrl Pts',(-7.75116370237375,0.1,50.6941486585479));
#10845=CARTESIAN_POINT('Ctrl Pts',(0.421719118554677,0.1,55.9068287295386));
#10846=CARTESIAN_POINT('Ctrl Pts',(14.4356120791217,0.0999999999999999,
59.8674158488293));
#10847=CARTESIAN_POINT('Ctrl Pts',(28.9498809991195,0.1,59.4214788194861));
#10848=CARTESIAN_POINT('Ctrl Pts',(42.9353224650112,0.1,55.9161065481657));
#10849=CARTESIAN_POINT('Ctrl Pts',(51.8694578310105,0.1,52.4348149307634));
#10850=CARTESIAN_POINT('Ctrl Pts',(56.2499987427145,0.1,50.499998871237));
#10851=CARTESIAN_POINT('Ctrl Pts',(56.2499987427145,0.1,50.499998871237));
#10852=CARTESIAN_POINT('Ctrl Pts',(51.8694578310105,0.1,52.4348149307634));
#10853=CARTESIAN_POINT('Ctrl Pts',(42.9353224650112,0.1,55.9161065481657));
#10854=CARTESIAN_POINT('Ctrl Pts',(28.9498809991195,0.1,59.4214788194861));
#10855=CARTESIAN_POINT('Ctrl Pts',(14.4356120791217,0.0999999999999999,
59.8674158488293));
#10856=CARTESIAN_POINT('Ctrl Pts',(0.421719118554677,0.1,55.9068287295386));
#10857=CARTESIAN_POINT('Ctrl Pts',(-7.75116370237375,0.1,50.6941486585479));
#10858=CARTESIAN_POINT('Ctrl Pts',(-11.3286833360819,0.1,47.4962974822301));
#10859=CARTESIAN_POINT('Ctrl Pts',(-11.3287129381758,0.1,47.4962710216733));
#10860=CARTESIAN_POINT('Ctrl Pts',(-11.3287425402245,0.1,47.4962445611371));
#10861=CARTESIAN_POINT('Ctrl Pts',(-11.5891759431679,0.,47.1288909640376));
#10862=CARTESIAN_POINT('Ctrl Pts',(-11.4801386546834,0.,47.2265184324365));
#10863=CARTESIAN_POINT('Ctrl Pts',(-11.37119451008,0.,47.3241687479447));
#10864=CARTESIAN_POINT('Ctrl Pts',(-7.69194215007913,0.,50.6130555026217));
#10865=CARTESIAN_POINT('Ctrl Pts',(0.463261563076829,0.,55.8140216489366));
#10866=CARTESIAN_POINT('Ctrl Pts',(14.4477693741348,0.,59.7667190364171));
#10867=CARTESIAN_POINT('Ctrl Pts',(28.9337410471943,0.,59.3218466648884));
#10868=CARTESIAN_POINT('Ctrl Pts',(42.8705094239529,0.,55.8294535589748));
#10869=CARTESIAN_POINT('Ctrl Pts',(51.7671232057123,0.,52.3673155445146));
#10870=CARTESIAN_POINT('Ctrl Pts',(56.1144868338774,0.,50.4504958583914));
#10871=CARTESIAN_POINT('Ctrl Pts',(27.5479639359886,0.,20.5782992299505));
#10872=CARTESIAN_POINT('Ctrl Pts',(29.8764275155196,0.,18.1794224632806));
#10873=CARTESIAN_POINT('Ctrl Pts',(33.0260078231008,0.,14.2373125703772));
#10874=CARTESIAN_POINT('Ctrl Pts',(37.0220634057846,0.,6.8723302241097));
#10875=CARTESIAN_POINT('Ctrl Pts',(39.7342182037192,0.,-1.07251621288795));
#10876=CARTESIAN_POINT('Ctrl Pts',(40.8713439429155,0.,-7.67418567991531));
#10877=CARTESIAN_POINT('Ctrl Pts',(41.2464445505768,0.,-10.9961718438195));
#10878=CARTESIAN_POINT('Ctrl Pts',(27.5694332648642,0.,20.5991383789466));
#10879=CARTESIAN_POINT('Ctrl Pts',(29.8992236802389,0.,18.1988946526615));
#10880=CARTESIAN_POINT('Ctrl Pts',(33.0509007350089,-4.35032684907312E-19,
14.2542162755328));
#10881=CARTESIAN_POINT('Ctrl Pts',(37.0497804164361,-2.8937360377226E-19,
6.88400511580705));
#10882=CARTESIAN_POINT('Ctrl Pts',(39.7634055077289,-7.23547335540656E-18,
-1.06540906069798));
#10883=CARTESIAN_POINT('Ctrl Pts',(40.9009400442759,0.,-7.66963392327173));
#10884=CARTESIAN_POINT('Ctrl Pts',(41.2761755502716,0.,-10.9928147810559));
#10885=CARTESIAN_POINT('Ctrl Pts',(27.6065977604239,0.0251188760271496,
20.6352120012205));
#10886=CARTESIAN_POINT('Ctrl Pts',(29.9386672891852,0.0251188760271496,
18.232620240721));
#10887=CARTESIAN_POINT('Ctrl Pts',(33.0940020509796,0.0251188760271496,
14.2834573308848));
#10888=CARTESIAN_POINT('Ctrl Pts',(37.0977458635615,0.0251188760271496,
6.90422793321941));
#10889=CARTESIAN_POINT('Ctrl Pts',(39.8139288570302,0.0251188760271495,
-1.0530965280944));
#10890=CARTESIAN_POINT('Ctrl Pts',(40.952174194794,0.0251188760271496,-7.66177054522274));
#10891=CARTESIAN_POINT('Ctrl Pts',(41.327641416417,0.0251188760271496,-10.9870035353997));
#10892=CARTESIAN_POINT('Ctrl Pts',(27.6197198821125,0.0775600524743586,
20.6479489549742));
#10893=CARTESIAN_POINT('Ctrl Pts',(29.9526025410927,0.0775600524743586,
18.2445194750413));
#10894=CARTESIAN_POINT('Ctrl Pts',(33.1092154034117,0.0775600524743586,
14.2937913871224));
#10895=CARTESIAN_POINT('Ctrl Pts',(37.1146883115299,0.0775600524743586,
6.91136207657783));
#10896=CARTESIAN_POINT('Ctrl Pts',(39.8317683947621,0.0775600524743586,
-1.04875379870728));
#10897=CARTESIAN_POINT('Ctrl Pts',(40.970263205512,0.0775600524743586,-7.65898654872688));
#10898=CARTESIAN_POINT('Ctrl Pts',(41.3458130974312,0.0775600524743586,
-10.9849516880246));
#10899=CARTESIAN_POINT('Ctrl Pts',(27.6197198821125,0.1,20.6479489549742));
#10900=CARTESIAN_POINT('Ctrl Pts',(29.9525989524267,0.1,18.2445231722293));
#10901=CARTESIAN_POINT('Ctrl Pts',(33.1092175162404,0.1,14.2937873104848));
#10902=CARTESIAN_POINT('Ctrl Pts',(37.1146854534329,0.1,6.91136470902633));
#10903=CARTESIAN_POINT('Ctrl Pts',(39.8317681207319,0.1,-1.04875183435032));
#10904=CARTESIAN_POINT('Ctrl Pts',(40.9702635703688,0.1,-7.65898977999119));
#10905=CARTESIAN_POINT('Ctrl Pts',(41.3458130974312,0.1,-10.9849516880246));
#10906=CARTESIAN_POINT('Ctrl Pts',(41.3458130974312,0.1,-10.9849516880246));
#10907=CARTESIAN_POINT('Ctrl Pts',(40.9702635703688,0.1,-7.65898977999119));
#10908=CARTESIAN_POINT('Ctrl Pts',(39.8317681207319,0.1,-1.04875183435032));
#10909=CARTESIAN_POINT('Ctrl Pts',(37.1146854534329,0.1,6.91136470902633));
#10910=CARTESIAN_POINT('Ctrl Pts',(33.1275037823967,0.1,14.2600841460392));
#10911=CARTESIAN_POINT('Ctrl Pts',(30.0005919786115,0.1,18.1843741355363));
#10912=CARTESIAN_POINT('Ctrl Pts',(27.6995080889548,0.1,20.5655657804274));
#10913=CARTESIAN_POINT('Ctrl Pts',(27.5479639359886,0.,20.5782992299505));
#10914=CARTESIAN_POINT('Ctrl Pts',(29.8764275155196,0.,18.1794224632806));
#10915=CARTESIAN_POINT('Ctrl Pts',(33.0260078231008,0.,14.2373125703772));
#10916=CARTESIAN_POINT('Ctrl Pts',(37.0220634057846,0.,6.8723302241097));
#10917=CARTESIAN_POINT('Ctrl Pts',(39.7257979030111,0.,-1.04785021811136));
#10918=CARTESIAN_POINT('Ctrl Pts',(40.8625024378961,0.,-7.6229496422699));
#10919=CARTESIAN_POINT('Ctrl Pts',(41.2376753756908,0.,-10.918823567189));
#10920=CARTESIAN_POINT('Ctrl Pts',(-25.000000372529,0.,-45.0000006705523));
#10921=CARTESIAN_POINT('Ctrl Pts',(-25.000000372529,13.,-45.0000006705523));
#10922=CARTESIAN_POINT('Ctrl Pts',(-25.2879850193181,0.,-45.0439039741283));
#10923=CARTESIAN_POINT('Ctrl Pts',(-25.2879850193181,13.,-45.0439039741283));
#10924=CARTESIAN_POINT('Ctrl Pts',(-25.8594609274916,0.,-45.1435919769217));
#10925=CARTESIAN_POINT('Ctrl Pts',(-25.8594609274916,13.,-45.1435919769217));
#10926=CARTESIAN_POINT('Ctrl Pts',(-26.7031909839125,0.,-45.3287654547589));
#10927=CARTESIAN_POINT('Ctrl Pts',(-26.7031909839125,13.,-45.3287654547589));
#10928=CARTESIAN_POINT('Ctrl Pts',(-27.8166531504633,0.,-45.6506861619842));
#10929=CARTESIAN_POINT('Ctrl Pts',(-27.8166531504633,13.,-45.6506861619842));
#10930=CARTESIAN_POINT('Ctrl Pts',(-29.2646697644147,0.,-46.1953795173189));
#10931=CARTESIAN_POINT('Ctrl Pts',(-29.2646697644147,13.,-46.1953795173189));
#10932=CARTESIAN_POINT('Ctrl Pts',(-30.8420239066164,0.,-46.8974365897518));
#10933=CARTESIAN_POINT('Ctrl Pts',(-30.8420239066164,13.,-46.8974365897518));
#10934=CARTESIAN_POINT('Ctrl Pts',(-32.578471495314,0.,-47.758190883987));
#10935=CARTESIAN_POINT('Ctrl Pts',(-32.578471495314,13.,-47.758190883987));
#10936=CARTESIAN_POINT('Ctrl Pts',(-34.4234031835668,0.,-48.7563320147413));
#10937=CARTESIAN_POINT('Ctrl Pts',(-34.4234031835668,13.,-48.7563320147413));
#10938=CARTESIAN_POINT('Ctrl Pts',(-36.1947339427559,0.,-49.8318341397063));
#10939=CARTESIAN_POINT('Ctrl Pts',(-36.1947339427559,13.,-49.8318341397063));
#10940=CARTESIAN_POINT('Ctrl Pts',(-37.6447414995386,0.,-50.8854122212366));
#10941=CARTESIAN_POINT('Ctrl Pts',(-37.6447414995386,13.,-50.8854122212366));
#10942=CARTESIAN_POINT('Ctrl Pts',(-38.6081043514238,0.,-51.7417536496003));
#10943=CARTESIAN_POINT('Ctrl Pts',(-38.6081043514238,13.,-51.7417536496003));
#10944=CARTESIAN_POINT('Ctrl Pts',(-39.0320008160121,0.,-52.1951618124766));
#10945=CARTESIAN_POINT('Ctrl Pts',(-39.0320008160121,13.,-52.1951618124766));
#10946=CARTESIAN_POINT('Ctrl Pts',(-39.2641037058881,0.,-51.858871066149));
#10947=CARTESIAN_POINT('Ctrl Pts',(-39.2641037058881,13.,-51.858871066149));
#10948=CARTESIAN_POINT('Ctrl Pts',(-39.6847451397939,0.,-50.5275475383823));
#10949=CARTESIAN_POINT('Ctrl Pts',(-39.6847451397939,13.,-50.5275475383823));
#10950=CARTESIAN_POINT('Ctrl Pts',(-40.2364628466837,0.,-48.469080052133));
#10951=CARTESIAN_POINT('Ctrl Pts',(-40.2364628466837,13.,-48.469080052133));
#10952=CARTESIAN_POINT('Ctrl Pts',(-40.7617907370011,0.,-46.0895545973425));
#10953=CARTESIAN_POINT('Ctrl Pts',(-40.7617907370011,13.,-46.0895545973425));
#10954=CARTESIAN_POINT('Ctrl Pts',(-41.053518352907,0.,-43.8195306091305));
#10955=CARTESIAN_POINT('Ctrl Pts',(-41.053518352907,13.,-43.8195306091305));
#10956=CARTESIAN_POINT('Ctrl Pts',(-41.0096937243192,0.,-41.9291471442416));
#10957=CARTESIAN_POINT('Ctrl Pts',(-41.0096937243192,13.,-41.9291471442416));
#10958=CARTESIAN_POINT('Ctrl Pts',(-40.7909954257405,0.,-40.3108076774205));
#10959=CARTESIAN_POINT('Ctrl Pts',(-40.7909954257405,13.,-40.3108076774205));
#10960=CARTESIAN_POINT('Ctrl Pts',(-40.471924036654,0.,-38.9251406753995));
#10961=CARTESIAN_POINT('Ctrl Pts',(-40.471924036654,13.,-38.9251406753995));
#10962=CARTESIAN_POINT('Ctrl Pts',(-40.1716263094292,0.,-37.9789898412869));
#10963=CARTESIAN_POINT('Ctrl Pts',(-40.1716263094292,13.,-37.9789898412869));
#10964=CARTESIAN_POINT('Ctrl Pts',(-39.9267134068177,0.,-37.3569149870265));
#10965=CARTESIAN_POINT('Ctrl Pts',(-39.9267134068177,13.,-37.3569149870265));
#10966=CARTESIAN_POINT('Ctrl Pts',(-39.7548536946691,0.,-36.9807835141918));
#10967=CARTESIAN_POINT('Ctrl Pts',(-39.7548536946691,13.,-36.9807835141918));
#10968=CARTESIAN_POINT('Ctrl Pts',(-39.6667701416206,0.,-36.8023734717377));
#10969=CARTESIAN_POINT('Ctrl Pts',(-39.6667701416206,13.,-36.8023734717377));
#10970=CARTESIAN_POINT('',(-39.6667701416206,0.,-36.8023734717377));
#10971=CARTESIAN_POINT('',(-25.000000372529,0.,-45.0000006705523));
#10972=CARTESIAN_POINT('Ctrl Pts',(-39.6667701416206,0.,-36.8023734717377));
#10973=CARTESIAN_POINT('Ctrl Pts',(-39.6667701416206,13.,-36.8023734717377));
#10974=CARTESIAN_POINT('Ctrl Pts',(-40.1180324117319,0.,-36.3286825336047));
#10975=CARTESIAN_POINT('Ctrl Pts',(-40.1180324117319,13.,-36.3286825336047));
#10976=CARTESIAN_POINT('Ctrl Pts',(-40.9930904966467,0.,-35.3172274035059));
#10977=CARTESIAN_POINT('Ctrl Pts',(-40.9930904966467,13.,-35.3172274035059));
#10978=CARTESIAN_POINT('Ctrl Pts',(-42.2232788065816,0.,-33.6078263452522));
#10979=CARTESIAN_POINT('Ctrl Pts',(-42.2232788065816,13.,-33.6078263452522));
#10980=CARTESIAN_POINT('Ctrl Pts',(-43.6975296397684,0.,-30.9413808388026));
#10981=CARTESIAN_POINT('Ctrl Pts',(-43.6975296397684,13.,-30.9413808388026));
#10982=CARTESIAN_POINT('Ctrl Pts',(-45.2558082841767,0.,-26.9572528607067));
#10983=CARTESIAN_POINT('Ctrl Pts',(-45.2558082841767,13.,-26.9572528607067));
#10984=CARTESIAN_POINT('Ctrl Pts',(-46.5185313742453,0.,-22.3346650091936));
#10985=CARTESIAN_POINT('Ctrl Pts',(-46.5185313742453,13.,-22.3346650091936));
#10986=CARTESIAN_POINT('Ctrl Pts',(-47.4738983064122,0.,-17.1235542044796));
#10987=CARTESIAN_POINT('Ctrl Pts',(-47.4738983064122,13.,-17.1235542044796));
#10988=CARTESIAN_POINT('Ctrl Pts',(-48.1123603195904,0.,-11.4323059997275));
#10989=CARTESIAN_POINT('Ctrl Pts',(-48.1123603195904,13.,-11.4323059997275));
#10990=CARTESIAN_POINT('Ctrl Pts',(-48.425627332047,0.,-5.40608804619927));
#10991=CARTESIAN_POINT('Ctrl Pts',(-48.425627332047,13.,-5.40608804619927));
#10992=CARTESIAN_POINT('Ctrl Pts',(-48.4064455006518,0.,0.792157844917061));
#10993=CARTESIAN_POINT('Ctrl Pts',(-48.4064455006518,13.,0.792157844917061));
#10994=CARTESIAN_POINT('Ctrl Pts',(-48.0493708744855,0.,7.0003890141304));
#10995=CARTESIAN_POINT('Ctrl Pts',(-48.0493708744855,13.,7.0003890141304));
#10996=CARTESIAN_POINT('Ctrl Pts',(-47.3519811780029,0.,13.0739567170133));
#10997=CARTESIAN_POINT('Ctrl Pts',(-47.3519811780029,13.,13.0739567170133));
#10998=CARTESIAN_POINT('Ctrl Pts',(-46.3180167634836,0.,18.9065936346338));
#10999=CARTESIAN_POINT('Ctrl Pts',(-46.3180167634836,13.,18.9065936346338));
#11000=CARTESIAN_POINT('Ctrl Pts',(-44.9582400174089,0.,24.4395340008954));
#11001=CARTESIAN_POINT('Ctrl Pts',(-44.9582400174089,13.,24.4395340008954));
#11002=CARTESIAN_POINT('Ctrl Pts',(-43.285350493288,0.,29.6445783959842));
#11003=CARTESIAN_POINT('Ctrl Pts',(-43.285350493288,13.,29.6445783959842));
#11004=CARTESIAN_POINT('Ctrl Pts',(-41.7060215463715,0.,33.5403611867515));
#11005=CARTESIAN_POINT('Ctrl Pts',(-41.7060215463715,13.,33.5403611867515));
#11006=CARTESIAN_POINT('Ctrl Pts',(-40.389714507324,0.,36.3124330579711));
#11007=CARTESIAN_POINT('Ctrl Pts',(-40.389714507324,13.,36.3124330579711));
#11008=CARTESIAN_POINT('Ctrl Pts',(-39.4540199813753,0.,38.0944072536235));
#11009=CARTESIAN_POINT('Ctrl Pts',(-39.4540199813753,13.,38.0944072536235));
#11010=CARTESIAN_POINT('Ctrl Pts',(-38.9716334118433,0.,38.9688754510102));
#11011=CARTESIAN_POINT('Ctrl Pts',(-38.9716334118433,13.,38.9688754510102));
#11012=CARTESIAN_POINT('',(-38.9716334118433,0.,38.9688754510102));
#11013=CARTESIAN_POINT('Ctrl Pts',(-38.9716334118433,0.,38.9688754510102));
#11014=CARTESIAN_POINT('Ctrl Pts',(-38.9716334118433,13.,38.9688754510102));
#11015=CARTESIAN_POINT('Ctrl Pts',(-39.0552256002743,0.,39.2663507059198));
#11016=CARTESIAN_POINT('Ctrl Pts',(-39.0552256002743,13.,39.2663507059198));
#11017=CARTESIAN_POINT('Ctrl Pts',(-39.2114529923553,0.,39.8694466740748));
#11018=CARTESIAN_POINT('Ctrl Pts',(-39.2114529923553,13.,39.8694466740748));
#11019=CARTESIAN_POINT('Ctrl Pts',(-39.4129218127245,0.,40.7985279777074));
#11020=CARTESIAN_POINT('Ctrl Pts',(-39.4129218127245,13.,40.7985279777074));
#11021=CARTESIAN_POINT('Ctrl Pts',(-39.6147321205365,0.,42.0869733797473));
#11022=CARTESIAN_POINT('Ctrl Pts',(-39.6147321205365,13.,42.0869733797473));
#11023=CARTESIAN_POINT('Ctrl Pts',(-39.7485882536343,0.,43.7855540988902));
#11024=CARTESIAN_POINT('Ctrl Pts',(-39.7485882536343,13.,43.7855540988902));
#11025=CARTESIAN_POINT('Ctrl Pts',(-39.7553407150627,0.,45.5786241034031));
#11026=CARTESIAN_POINT('Ctrl Pts',(-39.7553407150627,13.,45.5786241034031));
#11027=CARTESIAN_POINT('Ctrl Pts',(-39.6276974210473,0.,47.4716043522146));
#11028=CARTESIAN_POINT('Ctrl Pts',(-39.6276974210473,13.,47.4716043522146));
#11029=CARTESIAN_POINT('Ctrl Pts',(-39.3670288890859,0.,49.4634759981251));
#11030=CARTESIAN_POINT('Ctrl Pts',(-39.3670288890859,13.,49.4634759981251));
#11031=CARTESIAN_POINT('Ctrl Pts',(-38.9832159704632,0.,51.5468935839536));
#11032=CARTESIAN_POINT('Ctrl Pts',(-38.9832159704632,13.,51.5468935839536));
#11033=CARTESIAN_POINT('Ctrl Pts',(-38.487796905383,0.,53.713279544174));
#11034=CARTESIAN_POINT('Ctrl Pts',(-38.487796905383,13.,53.713279544174));
#11035=CARTESIAN_POINT('Ctrl Pts',(-38.0104996163501,0.,55.5065757554887));
#11036=CARTESIAN_POINT('Ctrl Pts',(-38.0104996163501,13.,55.5065757554887));
#11037=CARTESIAN_POINT('Ctrl Pts',(-37.610051022779,0.,56.8831244338843));
#11038=CARTESIAN_POINT('Ctrl Pts',(-37.610051022779,13.,56.8831244338843));
#11039=CARTESIAN_POINT('Ctrl Pts',(-37.3245179357787,0.,57.8146265874553));
#11040=CARTESIAN_POINT('Ctrl Pts',(-37.3245179357787,13.,57.8146265874553));
#11041=CARTESIAN_POINT('Ctrl Pts',(-37.1771092498079,0.,58.2838286481392));
#11042=CARTESIAN_POINT('Ctrl Pts',(-37.1771092498079,13.,58.2838286481392));
#11043=CARTESIAN_POINT('',(-37.1771092498079,0.,58.2838286481392));
#11044=CARTESIAN_POINT('Ctrl Pts',(-37.1771092498079,0.,58.2838286481392));
#11045=CARTESIAN_POINT('Ctrl Pts',(-37.1771092498079,13.,58.2838286481392));
#11046=CARTESIAN_POINT('Ctrl Pts',(-36.9160259621176,0.,58.2031939439498));
#11047=CARTESIAN_POINT('Ctrl Pts',(-36.9160259621176,13.,58.2031939439498));
#11048=CARTESIAN_POINT('Ctrl Pts',(-36.3941407696524,0.,58.0334850431583));
#11049=CARTESIAN_POINT('Ctrl Pts',(-36.3941407696524,13.,58.0334850431583));
#11050=CARTESIAN_POINT('Ctrl Pts',(-35.6121571471092,0.,57.7536026926014));
#11051=CARTESIAN_POINT('Ctrl Pts',(-35.6121571471092,13.,57.7536026926014));
#11052=CARTESIAN_POINT('Ctrl Pts',(-34.5712282744827,0.,57.3289596686661));
#11053=CARTESIAN_POINT('Ctrl Pts',(-34.5712282744827,13.,57.3289596686661));
#11054=CARTESIAN_POINT('Ctrl Pts',(-33.273113753639,0.,56.7067803912681));
#11055=CARTESIAN_POINT('Ctrl Pts',(-33.273113753639,13.,56.7067803912681));
#11056=CARTESIAN_POINT('Ctrl Pts',(-31.9782889349171,0.,55.9859333747825));
#11057=CARTESIAN_POINT('Ctrl Pts',(-31.9782889349171,13.,55.9859333747825));
#11058=CARTESIAN_POINT('Ctrl Pts',(-30.6869767804563,0.,55.1597313358718));
#11059=CARTESIAN_POINT('Ctrl Pts',(-30.6869767804563,13.,55.1597313358718));
#11060=CARTESIAN_POINT('Ctrl Pts',(-29.3992148627514,0.,54.2270473660563));
#11061=CARTESIAN_POINT('Ctrl Pts',(-29.3992148627514,13.,54.2270473660563));
#11062=CARTESIAN_POINT('Ctrl Pts',(-28.114781144767,0.,53.1945410020594));
#11063=CARTESIAN_POINT('Ctrl Pts',(-28.114781144767,13.,53.1945410020594));
#11064=CARTESIAN_POINT('Ctrl Pts',(-26.8333875925008,0.,52.0708512216723));
#11065=CARTESIAN_POINT('Ctrl Pts',(-26.8333875925008,13.,52.0708512216723));
#11066=CARTESIAN_POINT('Ctrl Pts',(-25.8104879521998,0.,51.1054590579987));
#11067=CARTESIAN_POINT('Ctrl Pts',(-25.8104879521998,13.,51.1054590579987));
#11068=CARTESIAN_POINT('Ctrl Pts',(-25.0444772929218,0.,50.3465010601586));
#11069=CARTESIAN_POINT('Ctrl Pts',(-25.0444772929218,13.,50.3465010601586));
#11070=CARTESIAN_POINT('Ctrl Pts',(-24.5343123731426,0.,49.8252670772142));
#11071=CARTESIAN_POINT('Ctrl Pts',(-24.5343123731426,13.,49.8252670772142));
#11072=CARTESIAN_POINT('Ctrl Pts',(-24.2793571346299,0.,49.560834346442));
#11073=CARTESIAN_POINT('Ctrl Pts',(-24.2793571346299,13.,49.560834346442));
#11074=CARTESIAN_POINT('',(-24.2793571346299,0.,49.560834346442));
#11075=CARTESIAN_POINT('Ctrl Pts',(-24.2793571346299,0.,49.560834346442));
#11076=CARTESIAN_POINT('Ctrl Pts',(-24.2793571346299,13.,49.560834346442));
#11077=CARTESIAN_POINT('Ctrl Pts',(-24.0932725489335,0.,49.8100257566902));
#11078=CARTESIAN_POINT('Ctrl Pts',(-24.0932725489335,13.,49.8100257566902));
#11079=CARTESIAN_POINT('Ctrl Pts',(-23.7130812573863,0.,50.3060383570706));
#11080=CARTESIAN_POINT('Ctrl Pts',(-23.7130812573863,13.,50.3060383570706));
#11081=CARTESIAN_POINT('Ctrl Pts',(-23.1187275039966,0.,51.0429464626798));
#11082=CARTESIAN_POINT('Ctrl Pts',(-23.1187275039966,13.,51.0429464626798));
#11083=CARTESIAN_POINT('Ctrl Pts',(-22.2773342680296,0.,52.011036210547));
#11084=CARTESIAN_POINT('Ctrl Pts',(-22.2773342680296,13.,52.011036210547));
#11085=CARTESIAN_POINT('Ctrl Pts',(-21.1387271618776,0.,53.1954830479857));
#11086=CARTESIAN_POINT('Ctrl Pts',(-21.1387271618776,13.,53.1954830479857));
#11087=CARTESIAN_POINT('Ctrl Pts',(-19.9062901926183,0.,54.3522068614733));
#11088=CARTESIAN_POINT('Ctrl Pts',(-19.9062901926183,13.,54.3522068614733));
#11089=CARTESIAN_POINT('Ctrl Pts',(-18.5736117073101,0.,55.479313260429));
#11090=CARTESIAN_POINT('Ctrl Pts',(-18.5736117073101,13.,55.479313260429));
#11091=CARTESIAN_POINT('Ctrl Pts',(-17.1394991539423,0.,56.5764498927594));
#11092=CARTESIAN_POINT('Ctrl Pts',(-17.1394991539423,13.,56.5764498927594));
#11093=CARTESIAN_POINT('Ctrl Pts',(-15.6102202806031,0.,57.6454686308221));
#11094=CARTESIAN_POINT('Ctrl Pts',(-15.6102202806031,13.,57.6454686308221));
#11095=CARTESIAN_POINT('Ctrl Pts',(-13.9939716792448,0.,58.6887912442648));
#11096=CARTESIAN_POINT('Ctrl Pts',(-13.9939716792448,13.,58.6887912442648));
#11097=CARTESIAN_POINT('Ctrl Pts',(-12.6375855307313,0.,59.5047208974273));
#11098=CARTESIAN_POINT('Ctrl Pts',(-12.6375855307313,13.,59.5047208974273));
#11099=CARTESIAN_POINT('Ctrl Pts',(-11.5869833347186,0.,60.1068255823557));
#11100=CARTESIAN_POINT('Ctrl Pts',(-11.5869833347186,13.,60.1068255823557));
#11101=CARTESIAN_POINT('Ctrl Pts',(-10.8720198268696,0.,60.5039261959983));
#11102=CARTESIAN_POINT('Ctrl Pts',(-10.8720198268696,13.,60.5039261959983));
#11103=CARTESIAN_POINT('Ctrl Pts',(-10.5108973320244,0.,60.7014008074645));
#11104=CARTESIAN_POINT('Ctrl Pts',(-10.5108973320244,13.,60.7014008074645));
#11105=CARTESIAN_POINT('',(-10.5108973320244,0.,60.7014008074645));
#11106=CARTESIAN_POINT('Ctrl Pts',(-10.5108973320244,0.,60.7014008074645));
#11107=CARTESIAN_POINT('Ctrl Pts',(-10.5108973320244,13.,60.7014008074645));
#11108=CARTESIAN_POINT('Ctrl Pts',(-10.4113401690353,0.,60.4818176127926));
#11109=CARTESIAN_POINT('Ctrl Pts',(-10.4113401690353,13.,60.4818176127926));
#11110=CARTESIAN_POINT('Ctrl Pts',(-10.2226873218096,0.,60.0386332823405));
#11111=CARTESIAN_POINT('Ctrl Pts',(-10.2226873218096,13.,60.0386332823405));
#11112=CARTESIAN_POINT('Ctrl Pts',(-9.97109328488516,0.,59.3618026569814));
#11113=CARTESIAN_POINT('Ctrl Pts',(-9.97109328488516,13.,59.3618026569814));
#11114=CARTESIAN_POINT('Ctrl Pts',(-9.69943080921338,0.,58.4348595953069));
#11115=CARTESIAN_POINT('Ctrl Pts',(-9.69943080921338,13.,58.4348595953069));
#11116=CARTESIAN_POINT('Ctrl Pts',(-9.473084756901,0.,57.2326917273036));
#11117=CARTESIAN_POINT('Ctrl Pts',(-9.473084756901,13.,57.2326917273036));
#11118=CARTESIAN_POINT('Ctrl Pts',(-9.36888172623941,0.,55.9836123777221));
#11119=CARTESIAN_POINT('Ctrl Pts',(-9.36888172623941,13.,55.9836123777221));
#11120=CARTESIAN_POINT('Ctrl Pts',(-9.39489222610095,0.,54.6845219054762));
#11121=CARTESIAN_POINT('Ctrl Pts',(-9.39489222610095,13.,54.6845219054762));
#11122=CARTESIAN_POINT('Ctrl Pts',(-9.55203712544482,0.,53.3350666323381));
#11123=CARTESIAN_POINT('Ctrl Pts',(-9.55203712544482,13.,53.3350666323381));
#11124=CARTESIAN_POINT('Ctrl Pts',(-9.83182566735207,0.,51.9385076040954));
#11125=CARTESIAN_POINT('Ctrl Pts',(-9.83182566735207,13.,51.9385076040954));
#11126=CARTESIAN_POINT('Ctrl Pts',(-10.2234909607964,0.,50.4989800615701));
#11127=CARTESIAN_POINT('Ctrl Pts',(-10.2234909607964,13.,50.4989800615701));
#11128=CARTESIAN_POINT('Ctrl Pts',(-10.6182759152897,0.,49.3160744739608));
#11129=CARTESIAN_POINT('Ctrl Pts',(-10.6182759152897,13.,49.3160744739608));
#11130=CARTESIAN_POINT('Ctrl Pts',(-10.9571554489014,0.,48.4124606099307));
#11131=CARTESIAN_POINT('Ctrl Pts',(-10.9571554489014,13.,48.4124606099307));
#11132=CARTESIAN_POINT('Ctrl Pts',(-11.2017802790106,0.,47.8028672819985));
#11133=CARTESIAN_POINT('Ctrl Pts',(-11.2017802790106,13.,47.8028672819985));
#11134=CARTESIAN_POINT('Ctrl Pts',(-11.3287692839103,0.,47.4962744797385));
#11135=CARTESIAN_POINT('Ctrl Pts',(-11.3287692839103,13.,47.4962744797385));
#11136=CARTESIAN_POINT('',(-11.3287692839103,0.,47.4962744797385));
#11137=CARTESIAN_POINT('Ctrl Pts',(-11.3287692839103,0.,47.4962744797385));
#11138=CARTESIAN_POINT('Ctrl Pts',(-11.3287692839103,13.,47.4962744797385));
#11139=CARTESIAN_POINT('Ctrl Pts',(-10.8070948359646,0.,47.9633601564751));
#11140=CARTESIAN_POINT('Ctrl Pts',(-10.8070948359646,13.,47.9633601564751));
#11141=CARTESIAN_POINT('Ctrl Pts',(-9.74002716627678,0.,48.8804949631792));
#11142=CARTESIAN_POINT('Ctrl Pts',(-9.74002716627678,13.,48.8804949631792));
#11143=CARTESIAN_POINT('Ctrl Pts',(-8.06826956995758,0.,50.2050881345479));
#11144=CARTESIAN_POINT('Ctrl Pts',(-8.06826956995758,13.,50.2050881345479));
#11145=CARTESIAN_POINT('Ctrl Pts',(-5.69591083097795,0.,51.8682463433695));
#11146=CARTESIAN_POINT('Ctrl Pts',(-5.69591083097795,13.,51.8682463433695));
#11147=CARTESIAN_POINT('Ctrl Pts',(-2.48504511598579,0.,53.7670190556465));
#11148=CARTESIAN_POINT('Ctrl Pts',(-2.48504511598579,13.,53.7670190556465));
#11149=CARTESIAN_POINT('Ctrl Pts',(0.979834988103635,0.,55.4676054160715));
#11150=CARTESIAN_POINT('Ctrl Pts',(0.979834988103635,13.,55.4676054160715));
#11151=CARTESIAN_POINT('Ctrl Pts',(4.70713212979681,0.,56.9401809486701));
#11152=CARTESIAN_POINT('Ctrl Pts',(4.70713212979681,13.,56.9401809486701));
#11153=CARTESIAN_POINT('Ctrl Pts',(8.70189317703562,0.,58.1406244165202));
#11154=CARTESIAN_POINT('Ctrl Pts',(8.70189317703562,13.,58.1406244165202));
#11155=CARTESIAN_POINT('Ctrl Pts',(12.9666259912758,0.,59.0166505887358));
#11156=CARTESIAN_POINT('Ctrl Pts',(12.9666259912758,13.,59.0166505887358));
#11157=CARTESIAN_POINT('Ctrl Pts',(17.501568461738,0.,59.5152155214814));
#11158=CARTESIAN_POINT('Ctrl Pts',(17.501568461738,13.,59.5152155214814));
#11159=CARTESIAN_POINT('Ctrl Pts',(22.3043498143632,0.,59.5898159617952));
#11160=CARTESIAN_POINT('Ctrl Pts',(22.3043498143632,13.,59.5898159617952));
#11161=CARTESIAN_POINT('Ctrl Pts',(27.3684870993284,0.,59.2106610241048));
#11162=CARTESIAN_POINT('Ctrl Pts',(27.3684870993284,13.,59.2106610241048));
#11163=CARTESIAN_POINT('Ctrl Pts',(32.6825385474296,0.,58.3710917983668));
#11164=CARTESIAN_POINT('Ctrl Pts',(32.6825385474296,13.,58.3710917983668));
#11165=CARTESIAN_POINT('Ctrl Pts',(38.233602050079,0.,57.0773032458785));
#11166=CARTESIAN_POINT('Ctrl Pts',(38.233602050079,13.,57.0773032458785));
#11167=CARTESIAN_POINT('Ctrl Pts',(44.0093483674564,0.,55.3424004096056));
#11168=CARTESIAN_POINT('Ctrl Pts',(44.0093483674564,13.,55.3424004096056));
#11169=CARTESIAN_POINT('Ctrl Pts',(48.8017100806104,0.,53.6129430493676));
#11170=CARTESIAN_POINT('Ctrl Pts',(48.8017100806104,13.,53.6129430493676));
#11171=CARTESIAN_POINT('Ctrl Pts',(52.4896796994874,0.,52.1287184979813));
#11172=CARTESIAN_POINT('Ctrl Pts',(52.4896796994874,13.,52.1287184979813));
#11173=CARTESIAN_POINT('Ctrl Pts',(54.9896686169118,0.,51.056666875682));
#11174=CARTESIAN_POINT('Ctrl Pts',(54.9896686169118,13.,51.056666875682));
#11175=CARTESIAN_POINT('Ctrl Pts',(56.2499987427145,0.,50.499998871237));
#11176=CARTESIAN_POINT('Ctrl Pts',(56.2499987427145,13.,50.499998871237));
#11177=CARTESIAN_POINT('',(56.2499987427145,0.,50.499998871237));
#11178=CARTESIAN_POINT('Ctrl Pts',(56.2499987427145,0.,50.499998871237));
#11179=CARTESIAN_POINT('Ctrl Pts',(56.2499987427145,13.,50.499998871237));
#11180=CARTESIAN_POINT('Ctrl Pts',(55.9670674142037,0.,49.9195730139318));
#11181=CARTESIAN_POINT('Ctrl Pts',(55.9670674142037,13.,49.9195730139318));
#11182=CARTESIAN_POINT('Ctrl Pts',(55.3746311465764,0.,48.7570366616333));
#11183=CARTESIAN_POINT('Ctrl Pts',(55.3746311465764,13.,48.7570366616333));
#11184=CARTESIAN_POINT('Ctrl Pts',(54.4062526504013,0.,47.0081780132677));
#11185=CARTESIAN_POINT('Ctrl Pts',(54.4062526504013,13.,47.0081780132677));
#11186=CARTESIAN_POINT('Ctrl Pts',(52.9530381322602,0.,44.6660937318683));
#11187=CARTESIAN_POINT('Ctrl Pts',(52.9530381322602,13.,44.6660937318683));
#11188=CARTESIAN_POINT('Ctrl Pts',(50.8495328800242,0.,41.720294793261));
#11189=CARTESIAN_POINT('Ctrl Pts',(50.8495328800242,13.,41.720294793261));
#11190=CARTESIAN_POINT('Ctrl Pts',(48.4385094495624,0.,38.7550006975531));
#11191=CARTESIAN_POINT('Ctrl Pts',(48.4385094495624,13.,38.7550006975531));
#11192=CARTESIAN_POINT('Ctrl Pts',(45.7034047437377,0.,35.7691614249189));
#11193=CARTESIAN_POINT('Ctrl Pts',(45.7034047437377,13.,35.7691614249189));
#11194=CARTESIAN_POINT('Ctrl Pts',(42.6495619274457,0.,32.7631157060226));
#11195=CARTESIAN_POINT('Ctrl Pts',(42.6495619274457,13.,32.7631157060226));
#11196=CARTESIAN_POINT('Ctrl Pts',(39.3016628537254,0.,29.7384282503203));
#11197=CARTESIAN_POINT('Ctrl Pts',(39.3016628537254,13.,29.7384282503203));
#11198=CARTESIAN_POINT('Ctrl Pts',(35.6878954733793,0.,26.6968860368179));
#11199=CARTESIAN_POINT('Ctrl Pts',(35.6878954733793,13.,26.6968860368179));
#11200=CARTESIAN_POINT('Ctrl Pts',(32.6042553033182,0.,24.2514406974476));
#11201=CARTESIAN_POINT('Ctrl Pts',(32.6042553033182,13.,24.2514406974476));
#11202=CARTESIAN_POINT('Ctrl Pts',(30.190517516132,0.,22.4109532984669));
#11203=CARTESIAN_POINT('Ctrl Pts',(30.190517516132,13.,22.4109532984669));
#11204=CARTESIAN_POINT('Ctrl Pts',(28.5372050975706,0.,21.1811625569875));
#11205=CARTESIAN_POINT('Ctrl Pts',(28.5372050975706,13.,21.1811625569875));
#11206=CARTESIAN_POINT('Ctrl Pts',(27.6995097200631,0.,20.5655673566621));
#11207=CARTESIAN_POINT('Ctrl Pts',(27.6995097200631,13.,20.5655673566621));
#11208=CARTESIAN_POINT('',(27.6995097200631,0.,20.5655673566621));
#11209=CARTESIAN_POINT('Origin',(3.91218570533376,0.,1.85069997904916));
#11210=CARTESIAN_POINT('',(42.2500006854534,0.,-42.0000006258488));
#11211=CARTESIAN_POINT('Origin',(46.0000006854534,0.,-42.0000006258488));
#11212=CARTESIAN_POINT('',(-35.7500004768372,0.,-41.4986205645585));
#11213=CARTESIAN_POINT('Origin',(-32.0000004768372,0.,-41.4986205645585));
#11214=CARTESIAN_POINT('',(42.2500006854534,0.,47.0000007003546));
#11215=CARTESIAN_POINT('Origin',(46.0000006854534,0.,47.0000007003546));
#11216=CARTESIAN_POINT('',(-35.7500004768372,0.,46.0000006854534));
#11217=CARTESIAN_POINT('Origin',(-32.0000004768372,0.,46.0000006854534));
#11218=CARTESIAN_POINT('Origin',(-32.0000004768372,12.,-41.4986205645585));
#11219=CARTESIAN_POINT('',(-32.0000004768372,12.,-39.7986205645585));
#11220=CARTESIAN_POINT('Origin',(-32.0000004768372,12.,-38.7986205645585));
#11221=CARTESIAN_POINT('',(-30.3000004768372,12.,-41.4986205645585));
#11222=CARTESIAN_POINT('Origin',(-32.0000004768372,12.,-41.4986205645585));
#11223=CARTESIAN_POINT('Origin',(-32.0000004768372,12.,-41.4986205645585));
#11224=CARTESIAN_POINT('Origin',(-32.0000004768372,13.,-41.4986205645585));
#11225=CARTESIAN_POINT('',(-30.3000004768372,2.65,-41.4986205645585));
#11226=CARTESIAN_POINT('',(-30.3000004768372,13.,-41.4986205645585));
#11227=CARTESIAN_POINT('Origin',(-32.0000004768372,2.65,-41.4986205645585));
#11228=CARTESIAN_POINT('Origin',(46.0000006854534,12.,-42.0000006258488));
#11229=CARTESIAN_POINT('',(46.0000006854534,12.,-40.3000006258488));
#11230=CARTESIAN_POINT('Origin',(46.0000006854534,12.,-39.3000006258488));
#11231=CARTESIAN_POINT('',(47.7000006854534,12.,-42.0000006258488));
#11232=CARTESIAN_POINT('Origin',(46.0000006854534,12.,-42.0000006258488));
#11233=CARTESIAN_POINT('Origin',(46.0000006854534,12.,-42.0000006258488));
#11234=CARTESIAN_POINT('Origin',(46.0000006854534,13.,-42.0000006258488));
#11235=CARTESIAN_POINT('',(47.7000006854534,2.65,-42.0000006258488));
#11236=CARTESIAN_POINT('',(47.7000006854534,13.,-42.0000006258488));
#11237=CARTESIAN_POINT('Origin',(46.0000006854534,2.65,-42.0000006258488));
#11238=CARTESIAN_POINT('Origin',(46.0000006854534,12.,47.0000007003546));
#11239=CARTESIAN_POINT('',(46.0000006854534,12.,48.7000007003546));
#11240=CARTESIAN_POINT('Origin',(46.0000006854534,12.,49.7000007003546));
#11241=CARTESIAN_POINT('',(47.7000006854534,12.,47.0000007003546));
#11242=CARTESIAN_POINT('Origin',(46.0000006854534,12.,47.0000007003546));
#11243=CARTESIAN_POINT('Origin',(46.0000006854534,12.,47.0000007003546));
#11244=CARTESIAN_POINT('Origin',(46.0000006854534,13.,47.0000007003546));
#11245=CARTESIAN_POINT('',(47.7000006854534,2.65,47.0000007003546));
#11246=CARTESIAN_POINT('',(47.7000006854534,13.,47.0000007003546));
#11247=CARTESIAN_POINT('Origin',(46.0000006854534,2.65,47.0000007003546));
#11248=CARTESIAN_POINT('Origin',(-32.0000004768372,12.,46.0000006854534));
#11249=CARTESIAN_POINT('',(-32.0000004768372,12.,47.8500006854534));
#11250=CARTESIAN_POINT('Origin',(-32.0000004768372,12.,48.8500006854534));
#11251=CARTESIAN_POINT('',(-30.1500004768372,12.,46.0000006854534));
#11252=CARTESIAN_POINT('Origin',(-32.0000004768372,12.,46.0000006854534));
#11253=CARTESIAN_POINT('Origin',(-32.0000004768372,12.,46.0000006854534));
#11254=CARTESIAN_POINT('Origin',(-32.0000004768372,13.,46.0000006854534));
#11255=CARTESIAN_POINT('',(-30.1500004768372,2.65,46.0000006854534));
#11256=CARTESIAN_POINT('',(-30.1500004768372,13.,46.0000006854534));
#11257=CARTESIAN_POINT('Origin',(-32.0000004768372,2.65,46.0000006854534));
#11258=CARTESIAN_POINT('Origin',(18.778088828833,0.,-6.32837657110631));
#11259=CARTESIAN_POINT('Ctrl Pts',(25.7606377371727,2.,-2.8371021169364));
#11260=CARTESIAN_POINT('Ctrl Pts',(25.7606377371727,3.83333333333333,-2.8371021169364));
#11261=CARTESIAN_POINT('Ctrl Pts',(25.7606377371726,5.66666666666667,-2.8371021169364));
#11262=CARTESIAN_POINT('Ctrl Pts',(25.7606377371726,9.26666666666667,-2.8371021169364));
#11263=CARTESIAN_POINT('Ctrl Pts',(25.7606377371726,11.0333333333333,-2.8371021169364));
#11264=CARTESIAN_POINT('Ctrl Pts',(25.7606377371726,12.8,-2.8371021169364));
#11265=CARTESIAN_POINT('',(18.778088828833,3.,-6.32837657110631));
#11266=CARTESIAN_POINT('Ctrl Pts',(25.9804968173332,1.99999999967017,-2.44766407966865));
#11267=CARTESIAN_POINT('Ctrl Pts',(25.9804968173332,5.59999999978011,-2.44766407966865));
#11268=CARTESIAN_POINT('Ctrl Pts',(25.9804968173332,9.19999999989006,-2.44766407966865));
#11269=CARTESIAN_POINT('Ctrl Pts',(25.9804968173332,12.8,-2.44766407966865));
#11270=CARTESIAN_POINT('Ctrl Pts',(25.8996474429958,1.99999999967017,-2.48808876683736));
#11271=CARTESIAN_POINT('Ctrl Pts',(25.8996474429958,5.59999999978011,-2.48808876683736));
#11272=CARTESIAN_POINT('Ctrl Pts',(25.8996474429958,9.19999999989006,-2.48808876683735));
#11273=CARTESIAN_POINT('Ctrl Pts',(25.8996474429958,12.8,-2.48808876683735));
#11274=CARTESIAN_POINT('Ctrl Pts',(25.7835927531068,1.99999999967016,-2.60846923617476));
#11275=CARTESIAN_POINT('Ctrl Pts',(25.7835927531068,5.59999999978011,-2.60846923617476));
#11276=CARTESIAN_POINT('Ctrl Pts',(25.7835927531068,9.19999999989006,-2.60846923617476));
#11277=CARTESIAN_POINT('Ctrl Pts',(25.7835927531068,12.8,-2.60846923617476));
#11278=CARTESIAN_POINT('Ctrl Pts',(25.7552706069503,1.99999999967017,-2.76952065038372));
#11279=CARTESIAN_POINT('Ctrl Pts',(25.7552706069503,5.59999999978011,-2.76952065038372));
#11280=CARTESIAN_POINT('Ctrl Pts',(25.7552706069503,9.19999999989006,-2.76952065038372));
#11281=CARTESIAN_POINT('Ctrl Pts',(25.7552706069503,12.8,-2.76952065038372));
#11282=CARTESIAN_POINT('Ctrl Pts',(25.7606377378528,1.99999999967017,-2.83710212550123));
#11283=CARTESIAN_POINT('Ctrl Pts',(25.7606377378528,5.59999999978011,-2.83710212550123));
#11284=CARTESIAN_POINT('Ctrl Pts',(25.7606377378528,9.19999999989006,-2.83710212550123));
#11285=CARTESIAN_POINT('Ctrl Pts',(25.7606377378528,12.8,-2.83710212550123));
#11286=CARTESIAN_POINT('Ctrl Pts',(25.9804968173332,1.99999999967017,-2.44766407966865));
#11287=CARTESIAN_POINT('Ctrl Pts',(25.9804968173332,5.59999999978011,-2.44766407966865));
#11288=CARTESIAN_POINT('Ctrl Pts',(25.9804968173332,9.19999999989006,-2.44766407966865));
#11289=CARTESIAN_POINT('Ctrl Pts',(25.9804968173332,12.8,-2.44766407966865));
#11290=CARTESIAN_POINT('Origin',(25.7732197225676,0.,-2.55130262705144));
#11291=CARTESIAN_POINT('',(26.0000003874302,3.,-2.43791229462015));
#11292=CARTESIAN_POINT('Origin',(32.5339595183058,8.00000017878217,1.32906727084927));
#11293=CARTESIAN_POINT('Ctrl Pts',(39.0020457076025,8.35355357730911,0.975513877590689));
#11294=CARTESIAN_POINT('Ctrl Pts',(38.9817914887313,8.28449843489502,1.04456901897578));
#11295=CARTESIAN_POINT('Ctrl Pts',(38.9614034334906,8.21546235998713,1.11360509285495));
#11296=CARTESIAN_POINT('Ctrl Pts',(38.9408806420765,8.14644679081458,1.18262066099909));
#11297=CARTESIAN_POINT('Origin',(46.0000006854534,0.,-42.0000006258488));
#11298=CARTESIAN_POINT('',(42.2500006854534,2.65,-42.0000006258488));
#11299=CARTESIAN_POINT('',(42.2500006854534,0.,-42.0000006258488));
#11300=CARTESIAN_POINT('Origin',(46.0000006854534,2.65,-42.0000006258488));
#11301=CARTESIAN_POINT('Origin',(46.0000006854534,2.65,-42.0000006258488));
#11302=CARTESIAN_POINT('Origin',(-32.0000004768372,0.,-41.4986205645585));
#11303=CARTESIAN_POINT('',(-35.7500004768372,2.65,-41.4986205645585));
#11304=CARTESIAN_POINT('',(-35.7500004768372,0.,-41.4986205645585));
#11305=CARTESIAN_POINT('Origin',(-32.0000004768372,2.65,-41.4986205645585));
#11306=CARTESIAN_POINT('Origin',(-32.0000004768372,2.65,-41.4986205645585));
#11307=CARTESIAN_POINT('Origin',(46.0000006854534,0.,47.0000007003546));
#11308=CARTESIAN_POINT('',(42.2500006854534,2.65,47.0000007003546));
#11309=CARTESIAN_POINT('',(42.2500006854534,0.,47.0000007003546));
#11310=CARTESIAN_POINT('Origin',(46.0000006854534,2.65,47.0000007003546));
#11311=CARTESIAN_POINT('Origin',(46.0000006854534,2.65,47.0000007003546));
#11312=CARTESIAN_POINT('Origin',(-32.0000004768372,0.,46.0000006854534));
#11313=CARTESIAN_POINT('',(-35.7500004768372,2.65,46.0000006854534));
#11314=CARTESIAN_POINT('',(-35.7500004768372,0.,46.0000006854534));
#11315=CARTESIAN_POINT('Origin',(-32.0000004768372,2.65,46.0000006854534));
#11316=CARTESIAN_POINT('Origin',(-32.0000004768372,2.65,46.0000006854534));
#11317=CARTESIAN_POINT('Origin',(32.5339595183058,12.5000001862645,4.82906727081739));
#11318=CARTESIAN_POINT('Ctrl Pts',(37.716177931253,8.70710696526877,4.82906727081557));
#11319=CARTESIAN_POINT('Ctrl Pts',(37.7161779312528,9.97140470560069,4.82906727081617));
#11320=CARTESIAN_POINT('Ctrl Pts',(37.7161779312525,11.2357024459326,4.82906727081678));
#11321=CARTESIAN_POINT('Ctrl Pts',(37.7161779312523,12.5000001862645,4.82906727081739));
#11322=CARTESIAN_POINT('Origin',(32.5339595183058,12.5000001862645,0.829067270817385));
#11323=CARTESIAN_POINT('Ctrl Pts',(38.9984859306126,12.6585786174371,0.987645761065045));
#11324=CARTESIAN_POINT('Ctrl Pts',(39.0139990109211,12.6057306523963,0.934797776336886));
#11325=CARTESIAN_POINT('Ctrl Pts',(39.0294338189871,12.5528709594562,0.881938063705012));
#11326=CARTESIAN_POINT('Ctrl Pts',(39.0447907526542,12.5000001862645,0.829067270817386));
#11327=CARTESIAN_POINT('Ctrl Pts',(27.6995097200464,0.,20.5655673566459));
#11328=CARTESIAN_POINT('Ctrl Pts',(27.6995097200464,13.,20.5655673566459));
#11329=CARTESIAN_POINT('Ctrl Pts',(28.2784723787103,0.,19.966496271875));
#11330=CARTESIAN_POINT('Ctrl Pts',(28.2784723787103,13.,19.966496271875));
#11331=CARTESIAN_POINT('Ctrl Pts',(29.4249384645625,0.,18.7321364884109));
#11332=CARTESIAN_POINT('Ctrl Pts',(29.4249384645625,13.,18.7321364884109));
#11333=CARTESIAN_POINT('Ctrl Pts',(31.0655453573457,0.,16.8115990267959));
#11334=CARTESIAN_POINT('Ctrl Pts',(31.0655453573457,13.,16.8115990267959));
#11335=CARTESIAN_POINT('Ctrl Pts',(33.0730535563171,0.,14.1166224765639));
#11336=CARTESIAN_POINT('Ctrl Pts',(33.0730535563171,13.,14.1166224765639));
#11337=CARTESIAN_POINT('Ctrl Pts',(35.2527216035634,0.,10.5121217764671));
#11338=CARTESIAN_POINT('Ctrl Pts',(35.2527216035634,13.,10.5121217764671));
#11339=CARTESIAN_POINT('Ctrl Pts',(37.0964038966694,0.,6.64629122563871));
#11340=CARTESIAN_POINT('Ctrl Pts',(37.0964038966694,13.,6.64629122563871));
#11341=CARTESIAN_POINT('Ctrl Pts',(38.6086798453917,0.,2.55057615608628));
#11342=CARTESIAN_POINT('Ctrl Pts',(38.6086798453917,13.,2.55057615608628));
#11343=CARTESIAN_POINT('Ctrl Pts',(39.8157630496995,0.,-1.75684001199791));
#11344=CARTESIAN_POINT('Ctrl Pts',(39.8157630496995,13.,-1.75684001199791));
#11345=CARTESIAN_POINT('Ctrl Pts',(40.5579065908269,0.,-5.35782273135399));
#11346=CARTESIAN_POINT('Ctrl Pts',(40.5579065908269,13.,-5.35782273135399));
#11347=CARTESIAN_POINT('Ctrl Pts',(40.9968638691045,0.,-8.14016955560138));
#11348=CARTESIAN_POINT('Ctrl Pts',(40.9968638691045,13.,-8.14016955560138));
#11349=CARTESIAN_POINT('Ctrl Pts',(41.2380692152344,0.,-10.0307445270859));
#11350=CARTESIAN_POINT('Ctrl Pts',(41.2380692152344,13.,-10.0307445270859));
#11351=CARTESIAN_POINT('Ctrl Pts',(41.3458130974312,0.,-10.9849516880246));
#11352=CARTESIAN_POINT('Ctrl Pts',(41.3458130974312,13.,-10.9849516880246));
#11353=CARTESIAN_POINT('',(41.3458130974312,0.,-10.9849516880246));
#11354=CARTESIAN_POINT('Origin',(4.99467397233238,3.,12.0167777490527));
#11355=CARTESIAN_POINT('',(26.0000003874302,3.,12.0167777490527));
#11356=CARTESIAN_POINT('',(4.99467397233238,3.,12.0167777490527));
#11357=CARTESIAN_POINT('Origin',(-14.9992507351633,3.,11.7970947603938));
#11358=CARTESIAN_POINT('',(-14.9992507351633,3.,11.7970947603938));
#11359=CARTESIAN_POINT('Origin',(-14.9992507351633,3.,-9.00000013411046));
#11360=CARTESIAN_POINT('',(-14.9992507351633,3.,-9.00000013411046));
#11361=CARTESIAN_POINT('Origin',(18.6753340764098,3.,-9.00000013411045));
#11362=CARTESIAN_POINT('Origin',(26.0000003874302,3.,12.0167777490527));
#11363=CARTESIAN_POINT('Origin',(18.282828842138,0.,-19.2051362251814));
#11364=CARTESIAN_POINT('',(18.282828842138,0.,-19.2051362251814));
#11365=CARTESIAN_POINT('Ctrl Pts',(25.7559273320896,0.,-2.83945731947792));
#11366=CARTESIAN_POINT('Ctrl Pts',(25.7559273320896,13.,-2.83945731947792));
#11367=CARTESIAN_POINT('Ctrl Pts',(25.7489617315344,0.,-2.94498379286902));
#11368=CARTESIAN_POINT('Ctrl Pts',(25.7489617315344,13.,-2.94498379286902));
#11369=CARTESIAN_POINT('Ctrl Pts',(25.7292693881428,0.,-3.17052778251671));
#11370=CARTESIAN_POINT('Ctrl Pts',(25.7292693881428,13.,-3.17052778251671));
#11371=CARTESIAN_POINT('Ctrl Pts',(25.6824470112662,0.,-3.5523133211853));
#11372=CARTESIAN_POINT('Ctrl Pts',(25.6824470112662,13.,-3.5523133211853));
#11373=CARTESIAN_POINT('Ctrl Pts',(25.5852020292579,0.,-4.14896298783093));
#11374=CARTESIAN_POINT('Ctrl Pts',(25.5852020292579,13.,-4.14896298783093));
#11375=CARTESIAN_POINT('Ctrl Pts',(25.4031211530658,0.,-5.04193464838292));
#11376=CARTESIAN_POINT('Ctrl Pts',(25.4031211530658,13.,-5.04193464838292));
#11377=CARTESIAN_POINT('Ctrl Pts',(25.1557284591429,0.,-6.07936792793886));
#11378=CARTESIAN_POINT('Ctrl Pts',(25.1557284591429,13.,-6.07936792793886));
#11379=CARTESIAN_POINT('Ctrl Pts',(24.8353727304912,0.,-7.24924350148408));
#11380=CARTESIAN_POINT('Ctrl Pts',(24.8353727304912,13.,-7.24924350148408));
#11381=CARTESIAN_POINT('Ctrl Pts',(24.4321870933918,0.,-8.53122347485732));
#11382=CARTESIAN_POINT('Ctrl Pts',(24.4321870933918,13.,-8.53122347485732));
#11383=CARTESIAN_POINT('Ctrl Pts',(23.9354308998217,0.,-9.90103813051754));
#11384=CARTESIAN_POINT('Ctrl Pts',(23.9354308998217,13.,-9.90103813051754));
#11385=CARTESIAN_POINT('Ctrl Pts',(23.3349642271817,0.,-11.3334247720467));
#11386=CARTESIAN_POINT('Ctrl Pts',(23.3349642271817,13.,-11.3334247720467));
#11387=CARTESIAN_POINT('Ctrl Pts',(22.62272712984,0.,-12.8050430918804));
#11388=CARTESIAN_POINT('Ctrl Pts',(22.62272712984,13.,-12.8050430918804));
#11389=CARTESIAN_POINT('Ctrl Pts',(21.7952689275525,0.,-14.2977655274579));
#11390=CARTESIAN_POINT('Ctrl Pts',(21.7952689275525,13.,-14.2977655274579));
#11391=CARTESIAN_POINT('Ctrl Pts',(20.8535970642158,0.,-15.7993149046887));
#11392=CARTESIAN_POINT('Ctrl Pts',(20.8535970642158,13.,-15.7993149046887));
#11393=CARTESIAN_POINT('Ctrl Pts',(19.9542342467697,0.,-17.0828761981297));
#11394=CARTESIAN_POINT('Ctrl Pts',(19.9542342467697,13.,-17.0828761981297));
#11395=CARTESIAN_POINT('Ctrl Pts',(19.2082232812419,0.,-18.0639714335917));
#11396=CARTESIAN_POINT('Ctrl Pts',(19.2082232812419,13.,-18.0639714335917));
#11397=CARTESIAN_POINT('Ctrl Pts',(18.6634230359337,0.,-18.7438194997831));
#11398=CARTESIAN_POINT('Ctrl Pts',(18.6634230359337,13.,-18.7438194997831));
#11399=CARTESIAN_POINT('Ctrl Pts',(18.3501480098059,0.,-19.1239339600071));
#11400=CARTESIAN_POINT('Ctrl Pts',(18.3501480098059,13.,-19.1239339600071));
#11401=CARTESIAN_POINT('Ctrl Pts',(18.282828842138,0.,-19.2051362251814));
#11402=CARTESIAN_POINT('Ctrl Pts',(18.282828842138,13.,-19.2051362251814));
#11403=CARTESIAN_POINT('Ctrl Pts',(25.7559273320896,0.,-2.83945731947792));
#11404=CARTESIAN_POINT('Ctrl Pts',(25.7559273320896,13.,-2.83945731947792));
#11405=CARTESIAN_POINT('Ctrl Pts',(25.7489617315344,0.,-2.94498379286902));
#11406=CARTESIAN_POINT('Ctrl Pts',(25.7489617315344,13.,-2.94498379286902));
#11407=CARTESIAN_POINT('Ctrl Pts',(25.7292693881428,0.,-3.17052778251671));
#11408=CARTESIAN_POINT('Ctrl Pts',(25.7292693881428,13.,-3.17052778251671));
#11409=CARTESIAN_POINT('Ctrl Pts',(25.6824470112662,0.,-3.5523133211853));
#11410=CARTESIAN_POINT('Ctrl Pts',(25.6824470112662,13.,-3.5523133211853));
#11411=CARTESIAN_POINT('Ctrl Pts',(25.5852020292579,0.,-4.14896298783093));
#11412=CARTESIAN_POINT('Ctrl Pts',(25.5852020292579,13.,-4.14896298783093));
#11413=CARTESIAN_POINT('Ctrl Pts',(25.4031211530658,0.,-5.04193464838292));
#11414=CARTESIAN_POINT('Ctrl Pts',(25.4031211530658,13.,-5.04193464838292));
#11415=CARTESIAN_POINT('Ctrl Pts',(25.1557284591429,0.,-6.07936792793886));
#11416=CARTESIAN_POINT('Ctrl Pts',(25.1557284591429,13.,-6.07936792793886));
#11417=CARTESIAN_POINT('Ctrl Pts',(24.8353727304912,0.,-7.24924350148408));
#11418=CARTESIAN_POINT('Ctrl Pts',(24.8353727304912,13.,-7.24924350148408));
#11419=CARTESIAN_POINT('Ctrl Pts',(24.4321870933918,0.,-8.53122347485732));
#11420=CARTESIAN_POINT('Ctrl Pts',(24.4321870933918,13.,-8.53122347485732));
#11421=CARTESIAN_POINT('Ctrl Pts',(23.9354308998217,0.,-9.90103813051754));
#11422=CARTESIAN_POINT('Ctrl Pts',(23.9354308998217,13.,-9.90103813051754));
#11423=CARTESIAN_POINT('Ctrl Pts',(23.3349642271817,0.,-11.3334247720467));
#11424=CARTESIAN_POINT('Ctrl Pts',(23.3349642271817,13.,-11.3334247720467));
#11425=CARTESIAN_POINT('Ctrl Pts',(22.62272712984,0.,-12.8050430918804));
#11426=CARTESIAN_POINT('Ctrl Pts',(22.62272712984,13.,-12.8050430918804));
#11427=CARTESIAN_POINT('Ctrl Pts',(21.7952689275525,0.,-14.2977655274579));
#11428=CARTESIAN_POINT('Ctrl Pts',(21.7952689275525,13.,-14.2977655274579));
#11429=CARTESIAN_POINT('Ctrl Pts',(20.8535970642158,0.,-15.7993149046887));
#11430=CARTESIAN_POINT('Ctrl Pts',(20.8535970642158,13.,-15.7993149046887));
#11431=CARTESIAN_POINT('Ctrl Pts',(19.9542342467697,0.,-17.0828761981297));
#11432=CARTESIAN_POINT('Ctrl Pts',(19.9542342467697,13.,-17.0828761981297));
#11433=CARTESIAN_POINT('Ctrl Pts',(19.2082232812419,0.,-18.0639714335917));
#11434=CARTESIAN_POINT('Ctrl Pts',(19.2082232812419,13.,-18.0639714335917));
#11435=CARTESIAN_POINT('Ctrl Pts',(18.6634230359337,0.,-18.7438194997831));
#11436=CARTESIAN_POINT('Ctrl Pts',(18.6634230359337,13.,-18.7438194997831));
#11437=CARTESIAN_POINT('Ctrl Pts',(18.3501480098059,0.,-19.1239339600071));
#11438=CARTESIAN_POINT('Ctrl Pts',(18.3501480098059,13.,-19.1239339600071));
#11439=CARTESIAN_POINT('Ctrl Pts',(18.282828842138,0.,-19.2051362251814));
#11440=CARTESIAN_POINT('Ctrl Pts',(18.282828842138,13.,-19.2051362251814));
#11441=CARTESIAN_POINT('',(25.3028937457461,3.,-5.44319877928769));
#11442=CARTESIAN_POINT('',(25.3028937457461,0.,-5.44319877928769));
#11443=CARTESIAN_POINT('',(23.0000003427267,3.,-12.0000001788139));
#11444=CARTESIAN_POINT('Ctrl Pts',(25.3028937457461,3.,-5.4431987792877));
#11445=CARTESIAN_POINT('Ctrl Pts',(25.2725942716826,3.,-5.57157901462188));
#11446=CARTESIAN_POINT('Ctrl Pts',(25.1907882223166,3.,-5.91048569932529));
#11447=CARTESIAN_POINT('Ctrl Pts',(25.0438563220322,3.,-6.48660924346416));
#11448=CARTESIAN_POINT('Ctrl Pts',(24.8056467786637,3.,-7.3437609431434));
#11449=CARTESIAN_POINT('Ctrl Pts',(24.4321870933918,3.,-8.53122347485732));
#11450=CARTESIAN_POINT('Ctrl Pts',(23.9900506257074,3.,-9.75042319712598));
#11451=CARTESIAN_POINT('Ctrl Pts',(23.5855362504179,3.,-10.7329032379884));
#11452=CARTESIAN_POINT('Ctrl Pts',(23.2651562085625,3.,-11.4436865662465));
#11453=CARTESIAN_POINT('Ctrl Pts',(23.0636927365684,3.,-11.867963205774));
#11454=CARTESIAN_POINT('Ctrl Pts',(23.0000003427269,3.,-12.0000001788136));
#11455=CARTESIAN_POINT('',(23.0000003427267,0.,-12.0000001788139));
#11456=CARTESIAN_POINT('Origin',(40.7339595183052,0.,43.1767006542963));
#11457=CARTESIAN_POINT('Origin',(-6.54155749263296,0.,40.5708172625356));
#11458=CARTESIAN_POINT('',(-34.6435932404045,0.,36.5562407271393));
#11459=CARTESIAN_POINT('Origin',(-34.6435936376196,0.,36.556240888508));
#11460=CARTESIAN_POINT('',(-41.1661295073386,0.,20.50076797843));
#11461=CARTESIAN_POINT('Origin',(-41.1661295073386,0.,20.50076797843));
#11462=CARTESIAN_POINT('',(-41.1661295073386,0.,-18.836761076924));
#11463=CARTESIAN_POINT('Origin',(-41.1661295073386,0.,-18.836761076924));
#11464=CARTESIAN_POINT('Origin',(12.8790345566907,0.,-48.8709327291822));
#11465=CARTESIAN_POINT('',(40.7339595183063,0.,-48.8709327291822));
#11466=CARTESIAN_POINT('Origin',(40.7339595183063,0.,-48.8709327291822));
#11467=CARTESIAN_POINT('Origin',(32.5339595183057,0.,9.82906727081776));
#11468=CARTESIAN_POINT('Ctrl Pts',(-11.0000001639128,0.,-57.0000008493662));
#11469=CARTESIAN_POINT('Ctrl Pts',(-11.0000001639128,13.,-57.0000008493662));
#11470=CARTESIAN_POINT('Ctrl Pts',(-11.3859708921425,0.,-56.9675318390438));
#11471=CARTESIAN_POINT('Ctrl Pts',(-11.3859708921425,13.,-56.9675318390438));
#11472=CARTESIAN_POINT('Ctrl Pts',(-12.1484259692942,0.,-56.8840158787096));
#11473=CARTESIAN_POINT('Ctrl Pts',(-12.1484259692942,13.,-56.8840158787096));
#11474=CARTESIAN_POINT('Ctrl Pts',(-13.2636490756062,0.,-56.7030073916174));
#11475=CARTESIAN_POINT('Ctrl Pts',(-13.2636490756062,13.,-56.7030073916174));
#11476=CARTESIAN_POINT('Ctrl Pts',(-14.6927610039329,0.,-56.3483660989456));
#11477=CARTESIAN_POINT('Ctrl Pts',(-14.6927610039329,13.,-56.3483660989456));
#11478=CARTESIAN_POINT('Ctrl Pts',(-16.3763952346538,0.,-55.7038297698503));
#11479=CARTESIAN_POINT('Ctrl Pts',(-16.3763952346538,13.,-55.7038297698503));
#11480=CARTESIAN_POINT('Ctrl Pts',(-17.9489108696492,0.,-54.8416809563165));
#11481=CARTESIAN_POINT('Ctrl Pts',(-17.9489108696492,13.,-54.8416809563165));
#11482=CARTESIAN_POINT('Ctrl Pts',(-19.4025136691835,0.,-53.7466555717093));
#11483=CARTESIAN_POINT('Ctrl Pts',(-19.4025136691835,13.,-53.7466555717093));
#11484=CARTESIAN_POINT('Ctrl Pts',(-20.735319938201,0.,-52.4150646244833));
#11485=CARTESIAN_POINT('Ctrl Pts',(-20.735319938201,13.,-52.4150646244833));
#11486=CARTESIAN_POINT('Ctrl Pts',(-21.9544874762342,0.,-50.8609258092427));
#11487=CARTESIAN_POINT('Ctrl Pts',(-21.9544874762342,13.,-50.8609258092427));
#11488=CARTESIAN_POINT('Ctrl Pts',(-23.0696484286789,0.,-49.1031025311302));
#11489=CARTESIAN_POINT('Ctrl Pts',(-23.0696484286789,13.,-49.1031025311302));
#11490=CARTESIAN_POINT('Ctrl Pts',(-23.8859037918333,0.,-47.5482549284945));
#11491=CARTESIAN_POINT('Ctrl Pts',(-23.8859037918333,13.,-47.5482549284945));
#11492=CARTESIAN_POINT('Ctrl Pts',(-24.4582086733333,0.,-46.3040060092202));
#11493=CARTESIAN_POINT('Ctrl Pts',(-24.4582086733333,13.,-46.3040060092202));
#11494=CARTESIAN_POINT('Ctrl Pts',(-24.8223093084623,0.,-45.4403605012975));
#11495=CARTESIAN_POINT('Ctrl Pts',(-24.8223093084623,13.,-45.4403605012975));
#11496=CARTESIAN_POINT('Ctrl Pts',(-25.000000372529,0.,-45.0000006705523));
#11497=CARTESIAN_POINT('Ctrl Pts',(-25.000000372529,13.,-45.0000006705523));
#11498=CARTESIAN_POINT('',(-11.0000001639128,0.,-57.0000008493662));
#11499=CARTESIAN_POINT('Ctrl Pts',(-14.0000002086163,0.,-43.0000006407499));
#11500=CARTESIAN_POINT('Ctrl Pts',(-14.0000002086163,13.,-43.0000006407499));
#11501=CARTESIAN_POINT('Ctrl Pts',(-13.9712192610061,0.,-43.2380097774394));
#11502=CARTESIAN_POINT('Ctrl Pts',(-13.9712192610061,13.,-43.2380097774394));
#11503=CARTESIAN_POINT('Ctrl Pts',(-13.9108456459343,0.,-43.7178099257728));
#11504=CARTESIAN_POINT('Ctrl Pts',(-13.9108456459343,13.,-43.7178099257728));
#11505=CARTESIAN_POINT('Ctrl Pts',(-13.8118498739521,0.,-44.4488560284525));
#11506=CARTESIAN_POINT('Ctrl Pts',(-13.8118498739521,13.,-44.4488560284525));
#11507=CARTESIAN_POINT('Ctrl Pts',(-13.6627089051825,0.,-45.4466470321058));
#11508=CARTESIAN_POINT('Ctrl Pts',(-13.6627089051825,13.,-45.4466470321058));
#11509=CARTESIAN_POINT('Ctrl Pts',(-13.4458434747981,0.,-46.7348277466253));
#11510=CARTESIAN_POINT('Ctrl Pts',(-13.4458434747981,13.,-46.7348277466253));
#11511=CARTESIAN_POINT('Ctrl Pts',(-13.1961224693928,0.,-48.067200515413));
#11512=CARTESIAN_POINT('Ctrl Pts',(-13.1961224693928,13.,-48.067200515413));
#11513=CARTESIAN_POINT('Ctrl Pts',(-12.9113402240183,0.,-49.4467320454849));
#11514=CARTESIAN_POINT('Ctrl Pts',(-12.9113402240183,13.,-49.4467320454849));
#11515=CARTESIAN_POINT('Ctrl Pts',(-12.5911700599671,0.,-50.8738617326807));
#11516=CARTESIAN_POINT('Ctrl Pts',(-12.5911700599671,13.,-50.8738617326807));
#11517=CARTESIAN_POINT('Ctrl Pts',(-12.2378552581754,0.,-52.3455722749728));
#11518=CARTESIAN_POINT('Ctrl Pts',(-12.2378552581754,13.,-52.3455722749728));
#11519=CARTESIAN_POINT('Ctrl Pts',(-11.8542800142805,0.,-53.8579843145862));
#11520=CARTESIAN_POINT('Ctrl Pts',(-11.8542800142805,13.,-53.8579843145862));
#11521=CARTESIAN_POINT('Ctrl Pts',(-11.5253775149172,0.,-55.0975617215461));
#11522=CARTESIAN_POINT('Ctrl Pts',(-11.5253775149172,13.,-55.0975617215461));
#11523=CARTESIAN_POINT('Ctrl Pts',(-11.2671188120117,0.,-56.0428227962492));
#11524=CARTESIAN_POINT('Ctrl Pts',(-11.2671188120117,13.,-56.0428227962492));
#11525=CARTESIAN_POINT('Ctrl Pts',(-11.0898835641108,0.,-56.6798064854206));
#11526=CARTESIAN_POINT('Ctrl Pts',(-11.0898835641108,13.,-56.6798064854206));
#11527=CARTESIAN_POINT('Ctrl Pts',(-11.0000001639128,0.,-57.0000008493662));
#11528=CARTESIAN_POINT('Ctrl Pts',(-11.0000001639128,13.,-57.0000008493662));
#11529=CARTESIAN_POINT('',(-14.0000002086163,0.,-43.0000006407499));
#11530=CARTESIAN_POINT('Ctrl Pts',(55.9999987483025,0.,-42.499999050051));
#11531=CARTESIAN_POINT('Ctrl Pts',(55.9999987483025,13.,-42.499999050051));
#11532=CARTESIAN_POINT('Ctrl Pts',(55.322909706831,0.,-43.0598604230467));
#11533=CARTESIAN_POINT('Ctrl Pts',(55.322909706831,13.,-43.0598604230467));
#11534=CARTESIAN_POINT('Ctrl Pts',(53.9506940563079,0.,-44.1555666562866));
#11535=CARTESIAN_POINT('Ctrl Pts',(53.9506940563079,13.,-44.1555666562866));
#11536=CARTESIAN_POINT('Ctrl Pts',(51.8382571797337,0.,-45.7270780755883));
#11537=CARTESIAN_POINT('Ctrl Pts',(51.8382571797337,13.,-45.7270780755883));
#11538=CARTESIAN_POINT('Ctrl Pts',(48.9126672125193,0.,-47.6772696955501));
#11539=CARTESIAN_POINT('Ctrl Pts',(48.9126672125193,13.,-47.6772696955501));
#11540=CARTESIAN_POINT('Ctrl Pts',(45.0696919828216,0.,-49.8626730331345));
#11541=CARTESIAN_POINT('Ctrl Pts',(45.0696919828216,13.,-49.8626730331345));
#11542=CARTESIAN_POINT('Ctrl Pts',(41.0362560479336,0.,-51.7752606691903));
#11543=CARTESIAN_POINT('Ctrl Pts',(41.0362560479336,13.,-51.7752606691903));
#11544=CARTESIAN_POINT('Ctrl Pts',(36.8098922050182,0.,-53.3831277799959));
#11545=CARTESIAN_POINT('Ctrl Pts',(36.8098922050182,13.,-53.3831277799959));
#11546=CARTESIAN_POINT('Ctrl Pts',(32.3939501484801,0.,-54.6407418937994));
#11547=CARTESIAN_POINT('Ctrl Pts',(32.3939501484801,13.,-54.6407418937994));
#11548=CARTESIAN_POINT('Ctrl Pts',(27.7977668651432,0.,-55.4919412588961));
#11549=CARTESIAN_POINT('Ctrl Pts',(27.7977668651432,13.,-55.4919412588961));
#11550=CARTESIAN_POINT('Ctrl Pts',(23.0336004679712,0.,-55.8775201849544));
#11551=CARTESIAN_POINT('Ctrl Pts',(23.0336004679712,13.,-55.8775201849544));
#11552=CARTESIAN_POINT('Ctrl Pts',(18.1151426061948,0.,-55.7431399684328));
#11553=CARTESIAN_POINT('Ctrl Pts',(18.1151426061948,13.,-55.7431399684328));
#11554=CARTESIAN_POINT('Ctrl Pts',(13.0560310727769,0.,-55.0476834378404));
#11555=CARTESIAN_POINT('Ctrl Pts',(13.0560310727769,13.,-55.0476834378404));
#11556=CARTESIAN_POINT('Ctrl Pts',(7.86895220994859,0.,-53.7762666106051));
#11557=CARTESIAN_POINT('Ctrl Pts',(7.86895220994859,13.,-53.7762666106051));
#11558=CARTESIAN_POINT('Ctrl Pts',(2.5648473992569,0.,-51.9337455870548));
#11559=CARTESIAN_POINT('Ctrl Pts',(2.5648473992569,13.,-51.9337455870548));
#11560=CARTESIAN_POINT('Ctrl Pts',(-2.847603583788,0.,-49.5344381281664));
#11561=CARTESIAN_POINT('Ctrl Pts',(-2.847603583788,13.,-49.5344381281664));
#11562=CARTESIAN_POINT('Ctrl Pts',(-7.25932873089956,0.,-47.1831909019017));
#11563=CARTESIAN_POINT('Ctrl Pts',(-7.25932873089956,13.,-47.1831909019017));
#11564=CARTESIAN_POINT('Ctrl Pts',(-10.6125227570941,0.,-45.1829990567232));
#11565=CARTESIAN_POINT('Ctrl Pts',(-10.6125227570941,13.,-45.1829990567232));
#11566=CARTESIAN_POINT('Ctrl Pts',(-12.8675759529706,0.,-43.7450770945606));
#11567=CARTESIAN_POINT('Ctrl Pts',(-12.8675759529706,13.,-43.7450770945606));
#11568=CARTESIAN_POINT('Ctrl Pts',(-14.0000002086163,0.,-43.0000006407499));
#11569=CARTESIAN_POINT('Ctrl Pts',(-14.0000002086163,13.,-43.0000006407499));
#11570=CARTESIAN_POINT('',(55.9999987483025,0.,-42.499999050051));
#11571=CARTESIAN_POINT('Ctrl Pts',(23.0000003427267,0.,-12.0000001788139));
#11572=CARTESIAN_POINT('Ctrl Pts',(23.0000003427267,13.,-12.0000001788139));
#11573=CARTESIAN_POINT('Ctrl Pts',(23.5351946241173,0.,-12.4137691451335));
#11574=CARTESIAN_POINT('Ctrl Pts',(23.5351946241173,13.,-12.4137691451335));
#11575=CARTESIAN_POINT('Ctrl Pts',(24.6171016952335,0.,-13.2594175388934));
#11576=CARTESIAN_POINT('Ctrl Pts',(24.6171016952335,13.,-13.2594175388934));
#11577=CARTESIAN_POINT('Ctrl Pts',(26.2745192397069,0.,-14.5822237342198));
#11578=CARTESIAN_POINT('Ctrl Pts',(26.2745192397069,13.,-14.5822237342198));
#11579=CARTESIAN_POINT('Ctrl Pts',(28.5546480092459,0.,-16.4564011061274));
#11580=CARTESIAN_POINT('Ctrl Pts',(28.5546480092459,13.,-16.4564011061274));
#11581=CARTESIAN_POINT('Ctrl Pts',(31.5291984712645,0.,-18.9946994651169));
#11582=CARTESIAN_POINT('Ctrl Pts',(31.5291984712645,13.,-18.9946994651169));
#11583=CARTESIAN_POINT('Ctrl Pts',(34.6370167150809,0.,-21.742533721521));
#11584=CARTESIAN_POINT('Ctrl Pts',(34.6370167150809,13.,-21.742533721521));
#11585=CARTESIAN_POINT('Ctrl Pts',(37.8852387704241,0.,-24.7111237994142));
#11586=CARTESIAN_POINT('Ctrl Pts',(37.8852387704241,13.,-24.7111237994142));
#11587=CARTESIAN_POINT('Ctrl Pts',(41.2714735270597,0.,-27.8967101747634));
#11588=CARTESIAN_POINT('Ctrl Pts',(41.2714735270597,13.,-27.8967101747634));
#11589=CARTESIAN_POINT('Ctrl Pts',(44.7849969872804,0.,-31.2824315893365));
#11590=CARTESIAN_POINT('Ctrl Pts',(44.7849969872804,13.,-31.2824315893365));
#11591=CARTESIAN_POINT('Ctrl Pts',(48.4135835158888,0.,-34.849065771948));
#11592=CARTESIAN_POINT('Ctrl Pts',(48.4135835158888,13.,-34.849065771948));
#11593=CARTESIAN_POINT('Ctrl Pts',(51.3998090216339,0.,-37.83343355365));
#11594=CARTESIAN_POINT('Ctrl Pts',(51.3998090216339,13.,-37.83343355365));
#11595=CARTESIAN_POINT('Ctrl Pts',(53.6831858546429,0.,-40.1404306727178));
#11596=CARTESIAN_POINT('Ctrl Pts',(53.6831858546429,13.,-40.1404306727178));
#11597=CARTESIAN_POINT('Ctrl Pts',(55.224543225916,0.,-41.7084692020785));
#11598=CARTESIAN_POINT('Ctrl Pts',(55.224543225916,13.,-41.7084692020785));
#11599=CARTESIAN_POINT('Ctrl Pts',(55.9999987483025,0.,-42.499999050051));
#11600=CARTESIAN_POINT('Ctrl Pts',(55.9999987483025,13.,-42.499999050051));
#11601=CARTESIAN_POINT('',(23.0000003427267,0.,-12.0000001788139));
#11602=CARTESIAN_POINT('Ctrl Pts',(25.3028937457461,0.,-5.4431987792877));
#11603=CARTESIAN_POINT('Ctrl Pts',(25.3028937457461,3.,-5.4431987792877));
#11604=CARTESIAN_POINT('Ctrl Pts',(25.2725942716826,0.,-5.57157901462188));
#11605=CARTESIAN_POINT('Ctrl Pts',(25.2725942716826,3.,-5.57157901462188));
#11606=CARTESIAN_POINT('Ctrl Pts',(25.1907882223166,0.,-5.91048569932529));
#11607=CARTESIAN_POINT('Ctrl Pts',(25.1907882223166,3.,-5.91048569932529));
#11608=CARTESIAN_POINT('Ctrl Pts',(25.0438563220322,0.,-6.48660924346416));
#11609=CARTESIAN_POINT('Ctrl Pts',(25.0438563220322,3.,-6.48660924346416));
#11610=CARTESIAN_POINT('Ctrl Pts',(24.8056467786637,0.,-7.3437609431434));
#11611=CARTESIAN_POINT('Ctrl Pts',(24.8056467786637,3.,-7.3437609431434));
#11612=CARTESIAN_POINT('Ctrl Pts',(24.4321870933918,0.,-8.53122347485732));
#11613=CARTESIAN_POINT('Ctrl Pts',(24.4321870933918,3.,-8.53122347485732));
#11614=CARTESIAN_POINT('Ctrl Pts',(23.9900506257074,0.,-9.75042319712598));
#11615=CARTESIAN_POINT('Ctrl Pts',(23.9900506257074,3.,-9.75042319712598));
#11616=CARTESIAN_POINT('Ctrl Pts',(23.5855362504179,0.,-10.7329032379884));
#11617=CARTESIAN_POINT('Ctrl Pts',(23.5855362504179,3.,-10.7329032379884));
#11618=CARTESIAN_POINT('Ctrl Pts',(23.2651562085625,0.,-11.4436865662465));
#11619=CARTESIAN_POINT('Ctrl Pts',(23.2651562085625,3.,-11.4436865662465));
#11620=CARTESIAN_POINT('Ctrl Pts',(23.0636927365683,0.,-11.867963205774));
#11621=CARTESIAN_POINT('Ctrl Pts',(23.0636927365683,3.,-11.867963205774));
#11622=CARTESIAN_POINT('Ctrl Pts',(23.0000003427269,0.,-12.0000001788136));
#11623=CARTESIAN_POINT('Ctrl Pts',(23.0000003427269,3.,-12.0000001788136));
#11624=CARTESIAN_POINT('',(25.3028937457461,0.,-5.44319877928769));
#11625=CARTESIAN_POINT('Ctrl Pts',(41.3458130974312,0.,-10.9849516880246));
#11626=CARTESIAN_POINT('Ctrl Pts',(41.3458130974312,13.,-10.9849516880246));
#11627=CARTESIAN_POINT('Ctrl Pts',(41.2571672620366,0.,-11.0212801831766));
#11628=CARTESIAN_POINT('Ctrl Pts',(41.2571672620366,13.,-11.0212801831766));
#11629=CARTESIAN_POINT('Ctrl Pts',(41.0605513263768,0.,-11.0830313703314));
#11630=CARTESIAN_POINT('Ctrl Pts',(41.0605513263768,13.,-11.0830313703314));
#11631=CARTESIAN_POINT('Ctrl Pts',(40.7076539076519,0.,-11.142940488851));
#11632=CARTESIAN_POINT('Ctrl Pts',(40.7076539076519,13.,-11.142940488851));
#11633=CARTESIAN_POINT('Ctrl Pts',(40.1203401573482,0.,-11.156910445149));
#11634=CARTESIAN_POINT('Ctrl Pts',(40.1203401573482,13.,-11.156910445149));
#11635=CARTESIAN_POINT('Ctrl Pts',(39.1903140405706,0.,-11.0629795289095));
#11636=CARTESIAN_POINT('Ctrl Pts',(39.1903140405706,13.,-11.0629795289095));
#11637=CARTESIAN_POINT('Ctrl Pts',(38.0697951648749,0.,-10.8581255868056));
#11638=CARTESIAN_POINT('Ctrl Pts',(38.0697951648749,13.,-10.8581255868056));
#11639=CARTESIAN_POINT('Ctrl Pts',(36.7767206563009,0.,-10.5473188165857));
#11640=CARTESIAN_POINT('Ctrl Pts',(36.7767206563009,13.,-10.5473188165857));
#11641=CARTESIAN_POINT('Ctrl Pts',(35.3494872111237,0.,-10.1434159309658));
#11642=CARTESIAN_POINT('Ctrl Pts',(35.3494872111237,13.,-10.1434159309658));
#11643=CARTESIAN_POINT('Ctrl Pts',(33.8412325142184,0.,-9.6648909683395));
#11644=CARTESIAN_POINT('Ctrl Pts',(33.8412325142184,13.,-9.6648909683395));
#11645=CARTESIAN_POINT('Ctrl Pts',(32.3130452978688,0.,-9.13320516476966));
#11646=CARTESIAN_POINT('Ctrl Pts',(32.3130452978688,13.,-9.13320516476966));
#11647=CARTESIAN_POINT('Ctrl Pts',(30.8282984370596,0.,-8.57071859706461));
#11648=CARTESIAN_POINT('Ctrl Pts',(30.8282984370596,13.,-8.57071859706461));
#11649=CARTESIAN_POINT('Ctrl Pts',(29.4464464711058,0.,-7.9985389082016));
#11650=CARTESIAN_POINT('Ctrl Pts',(29.4464464711058,13.,-7.9985389082016));
#11651=CARTESIAN_POINT('Ctrl Pts',(28.2176386240744,0.,-7.43471997636299));
#11652=CARTESIAN_POINT('Ctrl Pts',(28.2176386240744,13.,-7.43471997636299));
#11653=CARTESIAN_POINT('Ctrl Pts',(27.1746510222193,0.,-6.89178007097171));
#11654=CARTESIAN_POINT('Ctrl Pts',(27.1746510222193,13.,-6.89178007097171));
#11655=CARTESIAN_POINT('Ctrl Pts',(26.3314858471293,0.,-6.37619161736919));
#11656=CARTESIAN_POINT('Ctrl Pts',(26.3314858471293,13.,-6.37619161736919));
#11657=CARTESIAN_POINT('Ctrl Pts',(25.8196090976272,0.,-5.98778384841698));
#11658=CARTESIAN_POINT('Ctrl Pts',(25.8196090976272,13.,-5.98778384841698));
#11659=CARTESIAN_POINT('Ctrl Pts',(25.5262770747773,0.,-5.71019426179319));
#11660=CARTESIAN_POINT('Ctrl Pts',(25.5262770747773,13.,-5.71019426179319));
#11661=CARTESIAN_POINT('Ctrl Pts',(25.3706932625749,0.,-5.53118836904626));
#11662=CARTESIAN_POINT('Ctrl Pts',(25.3706932625749,13.,-5.53118836904626));
#11663=CARTESIAN_POINT('Ctrl Pts',(25.3028937457461,0.,-5.44319877928769));
#11664=CARTESIAN_POINT('Ctrl Pts',(25.3028937457461,13.,-5.44319877928769));
#11665=UNCERTAINTY_MEASURE_WITH_UNIT(LENGTH_MEASURE(0.01),#11669,
'DISTANCE_ACCURACY_VALUE',
'Maximum model space distance between geometric entities at asserted c
onnectivities');
#11666=UNCERTAINTY_MEASURE_WITH_UNIT(LENGTH_MEASURE(0.01),#11669,
'DISTANCE_ACCURACY_VALUE',
'Maximum model space distance between geometric entities at asserted c
onnectivities');
#11667=(
GEOMETRIC_REPRESENTATION_CONTEXT(3)
GLOBAL_UNCERTAINTY_ASSIGNED_CONTEXT((#11665))
GLOBAL_UNIT_ASSIGNED_CONTEXT((#11669,#11670,#11671))
REPRESENTATION_CONTEXT('','3D')
);
#11668=(
GEOMETRIC_REPRESENTATION_CONTEXT(3)
GLOBAL_UNCERTAINTY_ASSIGNED_CONTEXT((#11666))
GLOBAL_UNIT_ASSIGNED_CONTEXT((#11669,#11670,#11671))
REPRESENTATION_CONTEXT('','3D')
);
#11669=(
LENGTH_UNIT()
NAMED_UNIT(*)
SI_UNIT(.MILLI.,.METRE.)
);
#11670=(
NAMED_UNIT(*)
PLANE_ANGLE_UNIT()
SI_UNIT($,.RADIAN.)
);
#11671=(
NAMED_UNIT(*)
SI_UNIT($,.STERADIAN.)
SOLID_ANGLE_UNIT()
);
#11672=SHAPE_DEFINITION_REPRESENTATION(#11673,#11674);
#11673=PRODUCT_DEFINITION_SHAPE('',$,#11676);
#11674=SHAPE_REPRESENTATION('',(#3371),#11667);
#11675=PRODUCT_DEFINITION_CONTEXT('part definition',#11680,'design');
#11676=PRODUCT_DEFINITION('2026-07-14-12-39-10-461','BKpad',#11677,#11675);
#11677=PRODUCT_DEFINITION_FORMATION('',$,#11682);
#11678=PRODUCT_RELATED_PRODUCT_CATEGORY('BKpad','BKpad',(#11682));
#11679=APPLICATION_PROTOCOL_DEFINITION('international standard',
'automotive_design',2009,#11680);
#11680=APPLICATION_CONTEXT(
'Core Data for Automotive Mechanical Design Process');
#11681=PRODUCT_CONTEXT('part definition',#11680,'mechanical');
#11682=PRODUCT('2026-07-14-12-39-10-461','BKpad',$,(#11681));
#11683=PRESENTATION_STYLE_ASSIGNMENT((#11685));
#11684=PRESENTATION_STYLE_ASSIGNMENT((#11686));
#11685=SURFACE_STYLE_USAGE(.BOTH.,#11687);
#11686=SURFACE_STYLE_USAGE(.BOTH.,#11688);
#11687=SURFACE_SIDE_STYLE('',(#11689));
#11688=SURFACE_SIDE_STYLE('',(#11690));
#11689=SURFACE_STYLE_FILL_AREA(#11691);
#11690=SURFACE_STYLE_FILL_AREA(#11692);
#11691=FILL_AREA_STYLE('Steel - Satin',(#11693));
#11692=FILL_AREA_STYLE('Plastic - Matte (White)',(#11694));
#11693=FILL_AREA_STYLE_COLOUR('Steel - Satin',#11695);
#11694=FILL_AREA_STYLE_COLOUR('Plastic - Matte (White)',#11696);
#11695=COLOUR_RGB('Steel - Satin',0.627450980392157,0.627450980392157,0.627450980392157);
#11696=COLOUR_RGB('Plastic - Matte (White)',0.964705882352941,0.964705882352941,
0.952941176470588);
ENDSEC;
END-ISO-10303-21;
