ISO-10303-21;
HEADER;
/* Generated by software containing ST-Developer
 * from STEP Tools, Inc. (www.steptools.com) 
 */

FILE_DESCRIPTION(
/* description */ (''),
/* implementation_level */ '2;1');

FILE_NAME(
/* name */ 'BKpad_top.step',
/* time_stamp */ '2026-08-22T16:58:20+02:00',
/* author */ (''),
/* organization */ (''),
/* preprocessor_version */ 'ST-DEVELOPER v20.1',
/* originating_system */ 'Autodesk Translation Framework v15.8.0.0',
/* authorisation */ '');

FILE_SCHEMA (('AUTOMOTIVE_DESIGN { 1 0 10303 214 3 1 1 }'));
ENDSEC;

DATA;
#10=MECHANICAL_DESIGN_GEOMETRIC_PRESENTATION_REPRESENTATION('',(#13),#8484);
#11=SHAPE_REPRESENTATION_RELATIONSHIP('SRR','None',#8490,#12);
#12=ADVANCED_BREP_SHAPE_REPRESENTATION('',(#14),#8483);
#13=STYLED_ITEM('',(#8500),#14);
#14=MANIFOLD_SOLID_BREP('Top',#2141);
#15=CYLINDRICAL_SURFACE('',#2176,2.35);
#16=CYLINDRICAL_SURFACE('',#2179,2.35);
#17=CYLINDRICAL_SURFACE('',#2182,2.35);
#18=CYLINDRICAL_SURFACE('',#2185,2.35);
#19=CYLINDRICAL_SURFACE('',#2197,0.5);
#20=CYLINDRICAL_SURFACE('',#2200,0.5);
#21=CYLINDRICAL_SURFACE('',#2203,0.5);
#22=CYLINDRICAL_SURFACE('',#2205,0.5);
#23=CYLINDRICAL_SURFACE('',#2208,0.5);
#24=CYLINDRICAL_SURFACE('',#2211,0.5);
#25=CYLINDRICAL_SURFACE('',#2213,0.5);
#26=CYLINDRICAL_SURFACE('',#2216,0.5);
#27=B_SPLINE_SURFACE_WITH_KNOTS('',3,3,((#6578,#6579,#6580,#6581,#6582,
#6583,#6584,#6585,#6586,#6587,#6588,#6589,#6590,#6591,#6592,#6593,#6594,
#6595,#6596,#6597,#6598,#6599,#6600,#6601,#6602,#6603,#6604,#6605,#6606,
#6607,#6608,#6609,#6610,#6611,#6612,#6613,#6614,#6615,#6616,#6617,#6618,
#6619,#6620,#6621,#6622,#6623),(#6624,#6625,#6626,#6627,#6628,#6629,#6630,
#6631,#6632,#6633,#6634,#6635,#6636,#6637,#6638,#6639,#6640,#6641,#6642,
#6643,#6644,#6645,#6646,#6647,#6648,#6649,#6650,#6651,#6652,#6653,#6654,
#6655,#6656,#6657,#6658,#6659,#6660,#6661,#6662,#6663,#6664,#6665,#6666,
#6667,#6668,#6669),(#6670,#6671,#6672,#6673,#6674,#6675,#6676,#6677,#6678,
#6679,#6680,#6681,#6682,#6683,#6684,#6685,#6686,#6687,#6688,#6689,#6690,
#6691,#6692,#6693,#6694,#6695,#6696,#6697,#6698,#6699,#6700,#6701,#6702,
#6703,#6704,#6705,#6706,#6707,#6708,#6709,#6710,#6711,#6712,#6713,#6714,
#6715),(#6716,#6717,#6718,#6719,#6720,#6721,#6722,#6723,#6724,#6725,#6726,
#6727,#6728,#6729,#6730,#6731,#6732,#6733,#6734,#6735,#6736,#6737,#6738,
#6739,#6740,#6741,#6742,#6743,#6744,#6745,#6746,#6747,#6748,#6749,#6750,
#6751,#6752,#6753,#6754,#6755,#6756,#6757,#6758,#6759,#6760,#6761),(#6762,
#6763,#6764,#6765,#6766,#6767,#6768,#6769,#6770,#6771,#6772,#6773,#6774,
#6775,#6776,#6777,#6778,#6779,#6780,#6781,#6782,#6783,#6784,#6785,#6786,
#6787,#6788,#6789,#6790,#6791,#6792,#6793,#6794,#6795,#6796,#6797,#6798,
#6799,#6800,#6801,#6802,#6803,#6804,#6805,#6806,#6807),(#6808,#6809,#6810,
#6811,#6812,#6813,#6814,#6815,#6816,#6817,#6818,#6819,#6820,#6821,#6822,
#6823,#6824,#6825,#6826,#6827,#6828,#6829,#6830,#6831,#6832,#6833,#6834,
#6835,#6836,#6837,#6838,#6839,#6840,#6841,#6842,#6843,#6844,#6845,#6846,
#6847,#6848,#6849,#6850,#6851,#6852,#6853),(#6854,#6855,#6856,#6857,#6858,
#6859,#6860,#6861,#6862,#6863,#6864,#6865,#6866,#6867,#6868,#6869,#6870,
#6871,#6872,#6873,#6874,#6875,#6876,#6877,#6878,#6879,#6880,#6881,#6882,
#6883,#6884,#6885,#6886,#6887,#6888,#6889,#6890,#6891,#6892,#6893,#6894,
#6895,#6896,#6897,#6898,#6899),(#6900,#6901,#6902,#6903,#6904,#6905,#6906,
#6907,#6908,#6909,#6910,#6911,#6912,#6913,#6914,#6915,#6916,#6917,#6918,
#6919,#6920,#6921,#6922,#6923,#6924,#6925,#6926,#6927,#6928,#6929,#6930,
#6931,#6932,#6933,#6934,#6935,#6936,#6937,#6938,#6939,#6940,#6941,#6942,
#6943,#6944,#6945),(#6946,#6947,#6948,#6949,#6950,#6951,#6952,#6953,#6954,
#6955,#6956,#6957,#6958,#6959,#6960,#6961,#6962,#6963,#6964,#6965,#6966,
#6967,#6968,#6969,#6970,#6971,#6972,#6973,#6974,#6975,#6976,#6977,#6978,
#6979,#6980,#6981,#6982,#6983,#6984,#6985,#6986,#6987,#6988,#6989,#6990,
#6991)),.UNSPECIFIED.,.F.,.F.,.F.,(4,1,1,1,1,1,4),(4,2,1,1,1,1,1,1,1,1,
1,1,1,1,1,1,1,1,1,1,1,1,1,1,1,1,1,1,1,1,1,1,1,1,1,1,1,1,1,1,1,1,4),(0.,
0.142857142857143,0.285714285714286,0.428571428571429,0.571428571428571,
0.857142857142857,1.),(-0.00545096419978464,0.,0.0906678502357267,0.181335700471453,
0.362671400942907,0.453339251178633,0.54400710141436,0.634674951650087,
0.725342801885814,0.748009764444745,0.770676727003677,0.81601065212154,
0.838677614680472,0.861344577239404,0.884011539798335,0.895345021077801,
0.906678502357267,0.929345464916199,0.940678946195664,0.95201242747513,
0.963345908754596,0.969012649394329,0.974679390034062,0.986012871313528,
0.997346352592994,1.00867983387246,1.02001331515193,1.04268027771086,1.06534724026979,
1.08801420282872,1.11068116538765,1.13334812794658,1.15601509050552,1.17868205306445,
1.20134901562338,1.22401597818231,1.22968271882204,1.23534945946178,1.24668294074124,
1.25234968138097,1.25801642202071,1.26368316266044,1.26934990330017),
 .UNSPECIFIED.);
#28=B_SPLINE_SURFACE_WITH_KNOTS('',3,3,((#7539,#7540,#7541,#7542,#7543,
#7544,#7545,#7546),(#7547,#7548,#7549,#7550,#7551,#7552,#7553,#7554),(#7555,
#7556,#7557,#7558,#7559,#7560,#7561,#7562),(#7563,#7564,#7565,#7566,#7567,
#7568,#7569,#7570),(#7571,#7572,#7573,#7574,#7575,#7576,#7577,#7578)),
 .UNSPECIFIED.,.F.,.F.,.F.,(4,1,4),(4,2,1,1,4),(0.,0.571428571428571,1.),
(-0.174564980552802,0.,0.526889314840172,0.592211633264004,1.22940840129373),
 .UNSPECIFIED.);
#29=B_SPLINE_SURFACE_WITH_KNOTS('',3,3,((#7618,#7619,#7620,#7621,#7622,
#7623,#7624),(#7625,#7626,#7627,#7628,#7629,#7630,#7631),(#7632,#7633,#7634,
#7635,#7636,#7637,#7638),(#7639,#7640,#7641,#7642,#7643,#7644,#7645),(#7646,
#7647,#7648,#7649,#7650,#7651,#7652)),.UNSPECIFIED.,.F.,.F.,.F.,(4,1,4),
(4,1,2,4),(0.,0.571428571428571,1.),(-2.64225268028101E-16,1.04631802560984,
2.44140872642297,2.61597370697586),.UNSPECIFIED.);
#30=CIRCLE('',#2145,2.35);
#31=CIRCLE('',#2146,2.35);
#32=CIRCLE('',#2147,2.35);
#33=CIRCLE('',#2148,2.35);
#34=CIRCLE('',#2150,0.5);
#35=CIRCLE('',#2152,0.5);
#36=CIRCLE('',#2167,0.5);
#37=CIRCLE('',#2168,0.5);
#38=CIRCLE('',#2169,0.5);
#39=CIRCLE('',#2170,0.5);
#40=CIRCLE('',#2171,0.5);
#41=CIRCLE('',#2172,0.5);
#42=CIRCLE('',#2173,0.5);
#43=CIRCLE('',#2174,0.5);
#44=CIRCLE('',#2177,2.35);
#45=CIRCLE('',#2180,2.35);
#46=CIRCLE('',#2183,2.35);
#47=CIRCLE('',#2186,2.35);
#48=CIRCLE('',#2198,0.5);
#49=CIRCLE('',#2201,0.5);
#50=CIRCLE('',#2206,0.5);
#51=CIRCLE('',#2209,0.5);
#52=CIRCLE('',#2214,0.5);
#53=CIRCLE('',#2217,0.5);
#54=FACE_BOUND('',#316,.T.);
#55=FACE_BOUND('',#317,.T.);
#56=FACE_BOUND('',#318,.T.);
#57=FACE_BOUND('',#319,.T.);
#58=FACE_BOUND('',#320,.T.);
#59=FACE_BOUND('',#326,.T.);
#60=FACE_BOUND('',#332,.T.);
#61=FACE_BOUND('',#362,.T.);
#62=FACE_BOUND('',#363,.T.);
#63=FACE_BOUND('',#364,.T.);
#64=FACE_BOUND('',#365,.T.);
#65=FACE_BOUND('',#366,.T.);
#66=FACE_BOUND('',#367,.T.);
#67=FACE_BOUND('',#368,.T.);
#68=FACE_BOUND('',#369,.T.);
#69=FACE_BOUND('',#370,.T.);
#70=FACE_BOUND('',#441,.T.);
#71=FACE_BOUND('',#442,.T.);
#72=FACE_BOUND('',#443,.T.);
#73=PLANE('',#2143);
#74=PLANE('',#2144);
#75=PLANE('',#2149);
#76=PLANE('',#2151);
#77=PLANE('',#2153);
#78=PLANE('',#2154);
#79=PLANE('',#2155);
#80=PLANE('',#2156);
#81=PLANE('',#2157);
#82=PLANE('',#2158);
#83=PLANE('',#2159);
#84=PLANE('',#2160);
#85=PLANE('',#2161);
#86=PLANE('',#2162);
#87=PLANE('',#2163);
#88=PLANE('',#2164);
#89=PLANE('',#2165);
#90=PLANE('',#2166);
#91=PLANE('',#2175);
#92=PLANE('',#2178);
#93=PLANE('',#2181);
#94=PLANE('',#2184);
#95=PLANE('',#2187);
#96=PLANE('',#2188);
#97=PLANE('',#2189);
#98=PLANE('',#2190);
#99=PLANE('',#2191);
#100=PLANE('',#2192);
#101=PLANE('',#2193);
#102=PLANE('',#2194);
#103=PLANE('',#2195);
#104=PLANE('',#2196);
#105=PLANE('',#2199);
#106=PLANE('',#2202);
#107=PLANE('',#2204);
#108=PLANE('',#2207);
#109=PLANE('',#2210);
#110=PLANE('',#2212);
#111=PLANE('',#2215);
#112=PLANE('',#2218);
#113=PLANE('',#2219);
#114=PLANE('',#2220);
#115=PLANE('',#2221);
#116=PLANE('',#2222);
#117=PLANE('',#2223);
#118=PLANE('',#2224);
#119=PLANE('',#2225);
#120=PLANE('',#2226);
#121=PLANE('',#2227);
#122=PLANE('',#2228);
#123=PLANE('',#2229);
#124=PLANE('',#2230);
#125=PLANE('',#2231);
#126=PLANE('',#2232);
#127=(
BOUNDED_CURVE()
B_SPLINE_CURVE(5,(#2750,#2751,#2752,#2753,#2754,#2755,#2756,#2757,#2758,
#2759,#2760,#2761,#2762,#2763,#2764,#2765,#2766,#2767,#2768,#2769),
 .UNSPECIFIED.,.F.,.F.)
B_SPLINE_CURVE_WITH_KNOTS((6,1,1,1,1,1,1,1,1,1,1,1,1,1,1,6),(0.,0.0666666666666667,
0.133333333333333,0.2,0.266666666666667,0.333333333333333,0.4,0.466666666666667,
0.533333333333333,0.6,0.666666666666667,0.733333333333333,0.8,0.866666666666667,
0.933333333333333,1.),.UNSPECIFIED.)
CURVE()
GEOMETRIC_REPRESENTATION_ITEM()
RATIONAL_B_SPLINE_CURVE((1.,1.,1.,1.,1.,1.,1.,1.,1.,1.,1.,1.,1.,1.,1.,1.,
1.,1.,1.,1.))
REPRESENTATION_ITEM('')
);
#128=(
BOUNDED_CURVE()
B_SPLINE_CURVE(5,(#2878,#2879,#2880,#2881,#2882,#2883,#2884,#2885,#2886,
#2887,#2888,#2889,#2890,#2891,#2892,#2893,#2894,#2895,#2896,#2897),
 .UNSPECIFIED.,.F.,.F.)
B_SPLINE_CURVE_WITH_KNOTS((6,1,1,1,1,1,1,1,1,1,1,1,1,1,1,6),(0.,0.0666666666666667,
0.133333333333333,0.2,0.266666666666667,0.333333333333333,0.4,0.466666666666667,
0.533333333333333,0.6,0.666666666666667,0.733333333333333,0.8,0.866666666666667,
0.933333333333333,1.),.UNSPECIFIED.)
CURVE()
GEOMETRIC_REPRESENTATION_ITEM()
RATIONAL_B_SPLINE_CURVE((1.,1.,1.,1.,1.,1.,1.,1.,1.,1.,1.,1.,1.,1.,1.,1.,
1.,1.,1.,1.))
REPRESENTATION_ITEM('')
);
#129=(
BOUNDED_CURVE()
B_SPLINE_CURVE(5,(#2899,#2900,#2901,#2902,#2903,#2904,#2905,#2906,#2907,
#2908,#2909,#2910,#2911,#2912,#2913),.UNSPECIFIED.,.F.,.F.)
B_SPLINE_CURVE_WITH_KNOTS((6,1,1,1,1,1,1,1,1,1,6),(0.,0.1,0.2,0.3,0.4,0.5,
0.6,0.7,0.8,0.9,1.),.UNSPECIFIED.)
CURVE()
GEOMETRIC_REPRESENTATION_ITEM()
RATIONAL_B_SPLINE_CURVE((1.,1.,1.,1.,1.,1.,1.,1.,1.,1.,1.,1.,1.,1.,1.))
REPRESENTATION_ITEM('')
);
#130=(
BOUNDED_CURVE()
B_SPLINE_CURVE(5,(#2914,#2915,#2916,#2917,#2918,#2919,#2920,#2921,#2922,
#2923,#2924,#2925,#2926,#2927,#2928),.UNSPECIFIED.,.F.,.F.)
B_SPLINE_CURVE_WITH_KNOTS((6,1,1,1,1,1,1,1,1,1,6),(0.,0.1,0.2,0.3,0.4,0.5,
0.6,0.7,0.8,0.9,1.),.UNSPECIFIED.)
CURVE()
GEOMETRIC_REPRESENTATION_ITEM()
RATIONAL_B_SPLINE_CURVE((1.,1.,1.,1.,1.,1.,1.,1.,1.,1.,1.,1.,1.,1.,1.))
REPRESENTATION_ITEM('')
);
#131=(
BOUNDED_CURVE()
B_SPLINE_CURVE(5,(#2930,#2931,#2932,#2933,#2934,#2935,#2936,#2937,#2938,
#2939,#2940,#2941,#2942,#2943,#2944),.UNSPECIFIED.,.F.,.F.)
B_SPLINE_CURVE_WITH_KNOTS((6,1,1,1,1,1,1,1,1,1,6),(-1.,-0.9,-0.8,-0.7,-0.6,
-0.5,-0.4,-0.3,-0.2,-0.1,0.),.UNSPECIFIED.)
CURVE()
GEOMETRIC_REPRESENTATION_ITEM()
RATIONAL_B_SPLINE_CURVE((1.,1.,1.,1.,1.,1.,1.,1.,1.,1.,1.,1.,1.,1.,1.))
REPRESENTATION_ITEM('')
);
#132=(
BOUNDED_CURVE()
B_SPLINE_CURVE(5,(#2945,#2946,#2947,#2948,#2949,#2950,#2951,#2952,#2953,
#2954,#2955,#2956,#2957,#2958,#2959),.UNSPECIFIED.,.F.,.F.)
B_SPLINE_CURVE_WITH_KNOTS((6,1,1,1,1,1,1,1,1,1,6),(-1.,-0.9,-0.8,-0.7,-0.6,
-0.5,-0.4,-0.3,-0.2,-0.1,0.),.UNSPECIFIED.)
CURVE()
GEOMETRIC_REPRESENTATION_ITEM()
RATIONAL_B_SPLINE_CURVE((1.,1.,1.,1.,1.,1.,1.,1.,1.,1.,1.,1.,1.,1.,1.))
REPRESENTATION_ITEM('')
);
#133=(
BOUNDED_CURVE()
B_SPLINE_CURVE(5,(#3002,#3003,#3004,#3005,#3006,#3007,#3008,#3009,#3010,
#3011,#3012,#3013,#3014,#3015,#3016,#3017,#3018,#3019,#3020,#3021),
 .UNSPECIFIED.,.F.,.F.)
B_SPLINE_CURVE_WITH_KNOTS((6,1,1,1,1,1,1,1,1,1,1,1,1,1,1,6),(0.,0.0666666666666667,
0.133333333333333,0.2,0.266666666666667,0.333333333333333,0.4,0.466666666666667,
0.533333333333333,0.6,0.666666666666667,0.733333333333333,0.8,0.866666666666667,
0.933333333333333,1.),.UNSPECIFIED.)
CURVE()
GEOMETRIC_REPRESENTATION_ITEM()
RATIONAL_B_SPLINE_CURVE((1.,1.,1.,1.,1.,1.,1.,1.,1.,1.,1.,1.,1.,1.,1.,1.,
1.,1.,1.,1.))
REPRESENTATION_ITEM('')
);
#134=(
BOUNDED_CURVE()
B_SPLINE_CURVE(5,(#3025,#3026,#3027,#3028,#3029,#3030,#3031,#3032,#3033,
#3034,#3035,#3036,#3037,#3038,#3039,#3040,#3041,#3042,#3043,#3044),
 .UNSPECIFIED.,.F.,.F.)
B_SPLINE_CURVE_WITH_KNOTS((6,1,1,1,1,1,1,1,1,1,1,1,1,1,1,6),(0.,0.0666666666666667,
0.133333333333333,0.2,0.266666666666667,0.333333333333333,0.4,0.466666666666667,
0.533333333333333,0.6,0.666666666666667,0.733333333333333,0.8,0.866666666666667,
0.933333333333333,1.),.UNSPECIFIED.)
CURVE()
GEOMETRIC_REPRESENTATION_ITEM()
RATIONAL_B_SPLINE_CURVE((1.,1.,1.,1.,1.,1.,1.,1.,1.,1.,1.,1.,1.,1.,1.,1.,
1.,1.,1.,1.))
REPRESENTATION_ITEM('')
);
#135=(
BOUNDED_CURVE()
B_SPLINE_CURVE(5,(#4191,#4192,#4193,#4194,#4195,#4196,#4197,#4198,#4199,
#4200,#4201,#4202,#4203,#4204,#4205),.UNSPECIFIED.,.F.,.F.)
B_SPLINE_CURVE_WITH_KNOTS((6,1,1,1,1,1,1,1,1,1,6),(0.0849520262693244,0.1,
0.2,0.3,0.4,0.5,0.6,0.7,0.8,0.9,1.),.UNSPECIFIED.)
CURVE()
GEOMETRIC_REPRESENTATION_ITEM()
RATIONAL_B_SPLINE_CURVE((1.,1.,1.,1.,1.,1.,1.,1.,1.,1.,1.,1.,1.,1.,1.))
REPRESENTATION_ITEM('')
);
#136=(
BOUNDED_CURVE()
B_SPLINE_CURVE(5,(#4207,#4208,#4209,#4210,#4211,#4212,#4213),
 .UNSPECIFIED.,.F.,.F.)
B_SPLINE_CURVE_WITH_KNOTS((6,1,6),(0.,0.1,0.134101320167996),
 .UNSPECIFIED.)
CURVE()
GEOMETRIC_REPRESENTATION_ITEM()
RATIONAL_B_SPLINE_CURVE((1.,1.,1.,1.,1.,1.,1.))
REPRESENTATION_ITEM('')
);
#137=(
BOUNDED_CURVE()
B_SPLINE_CURVE(5,(#4227,#4228,#4229,#4230,#4231,#4232,#4233),
 .UNSPECIFIED.,.F.,.F.)
B_SPLINE_CURVE_WITH_KNOTS((6,1,6),(-0.149859157769217,-0.1,0.),
 .UNSPECIFIED.)
CURVE()
GEOMETRIC_REPRESENTATION_ITEM()
RATIONAL_B_SPLINE_CURVE((1.,1.,1.,1.,1.,1.,1.))
REPRESENTATION_ITEM('')
);
#138=(
BOUNDED_CURVE()
B_SPLINE_CURVE(5,(#4235,#4236,#4237,#4238,#4239,#4240,#4241,#4242,#4243,
#4244,#4245,#4246,#4247,#4248,#4249),.UNSPECIFIED.,.F.,.F.)
B_SPLINE_CURVE_WITH_KNOTS((6,1,1,1,1,1,1,1,1,1,6),(-1.,-0.9,-0.8,-0.7,-0.6,
-0.5,-0.4,-0.3,-0.2,-0.1,0.),.UNSPECIFIED.)
CURVE()
GEOMETRIC_REPRESENTATION_ITEM()
RATIONAL_B_SPLINE_CURVE((1.,1.,1.,1.,1.,1.,1.,1.,1.,1.,1.,1.,1.,1.,1.))
REPRESENTATION_ITEM('')
);
#139=(
BOUNDED_CURVE()
B_SPLINE_CURVE(5,(#4251,#4252,#4253,#4254,#4255,#4256,#4257),
 .UNSPECIFIED.,.F.,.F.)
B_SPLINE_CURVE_WITH_KNOTS((6,1,6),(-1.,-0.9,-0.894281498706178),
 .UNSPECIFIED.)
CURVE()
GEOMETRIC_REPRESENTATION_ITEM()
RATIONAL_B_SPLINE_CURVE((1.,1.,1.,1.,1.,1.,1.))
REPRESENTATION_ITEM('')
);
#140=(
BOUNDED_CURVE()
B_SPLINE_CURVE(5,(#4322,#4323,#4324,#4325,#4326,#4327,#4328,#4329,#4330,
#4331,#4332,#4333,#4334,#4335,#4336),.UNSPECIFIED.,.F.,.F.)
B_SPLINE_CURVE_WITH_KNOTS((6,1,1,1,1,1,1,1,1,1,6),(-1.,-0.9,-0.8,-0.7,-0.6,
-0.5,-0.4,-0.3,-0.2,-0.1,0.),.UNSPECIFIED.)
CURVE()
GEOMETRIC_REPRESENTATION_ITEM()
RATIONAL_B_SPLINE_CURVE((1.,1.,1.,1.,1.,1.,1.,1.,1.,1.,1.,1.,1.,1.,1.))
REPRESENTATION_ITEM('')
);
#141=(
BOUNDED_CURVE()
B_SPLINE_CURVE(5,(#4469,#4470,#4471,#4472,#4473,#4474,#4475,#4476,#4477,
#4478),.UNSPECIFIED.,.F.,.F.)
B_SPLINE_CURVE_WITH_KNOTS((6,1,1,1,1,6),(-1.,-0.9,-0.8,-0.7,-0.6,-0.543484522772575),
 .UNSPECIFIED.)
CURVE()
GEOMETRIC_REPRESENTATION_ITEM()
RATIONAL_B_SPLINE_CURVE((1.,1.,1.,1.,1.,1.,1.,1.,1.,1.))
REPRESENTATION_ITEM('')
);
#142=(
BOUNDED_CURVE()
B_SPLINE_CURVE(5,(#4515,#4516,#4517,#4518,#4519,#4520,#4521,#4522,#4523,
#4524,#4525,#4526,#4527,#4528,#4529),.UNSPECIFIED.,.F.,.F.)
B_SPLINE_CURVE_WITH_KNOTS((6,1,1,1,1,1,1,1,1,1,6),(-1.,-0.9,-0.8,-0.7,-0.6,
-0.5,-0.4,-0.3,-0.2,-0.1,0.),.UNSPECIFIED.)
CURVE()
GEOMETRIC_REPRESENTATION_ITEM()
RATIONAL_B_SPLINE_CURVE((1.,1.,1.,1.,1.,1.,1.,1.,1.,1.,1.,1.,1.,1.,1.))
REPRESENTATION_ITEM('')
);
#143=(
BOUNDED_CURVE()
B_SPLINE_CURVE(5,(#4593,#4594,#4595,#4596,#4597,#4598,#4599,#4600,#4601,
#4602),.UNSPECIFIED.,.F.,.F.)
B_SPLINE_CURVE_WITH_KNOTS((6,1,1,1,1,6),(-0.491365995735965,-0.4,-0.3,-0.2,
-0.1,0.),.UNSPECIFIED.)
CURVE()
GEOMETRIC_REPRESENTATION_ITEM()
RATIONAL_B_SPLINE_CURVE((1.,1.,1.,1.,1.,1.,1.,1.,1.,1.))
REPRESENTATION_ITEM('')
);
#144=(
BOUNDED_CURVE()
B_SPLINE_CURVE(5,(#4656,#4657,#4658,#4659,#4660,#4661,#4662,#4663,#4664,
#4665,#4666,#4667,#4668,#4669,#4670),.UNSPECIFIED.,.F.,.F.)
B_SPLINE_CURVE_WITH_KNOTS((6,1,1,1,1,1,1,1,1,1,6),(0.0721131621028445,0.1,
0.2,0.3,0.4,0.5,0.6,0.7,0.8,0.9,1.),.UNSPECIFIED.)
CURVE()
GEOMETRIC_REPRESENTATION_ITEM()
RATIONAL_B_SPLINE_CURVE((1.,1.,1.,1.,1.,1.,1.,1.,1.,1.,1.,1.,1.,1.,1.))
REPRESENTATION_ITEM('')
);
#145=(
BOUNDED_CURVE()
B_SPLINE_CURVE(5,(#4712,#4713,#4714,#4715,#4716,#4717,#4718,#4719,#4720,
#4721),.UNSPECIFIED.,.F.,.F.)
B_SPLINE_CURVE_WITH_KNOTS((6,1,1,1,1,6),(0.,0.1,0.2,0.3,0.4,0.457293902677784),
 .UNSPECIFIED.)
CURVE()
GEOMETRIC_REPRESENTATION_ITEM()
RATIONAL_B_SPLINE_CURVE((1.,1.,1.,1.,1.,1.,1.,1.,1.,1.))
REPRESENTATION_ITEM('')
);
#146=(
BOUNDED_CURVE()
B_SPLINE_CURVE(5,(#4832,#4833,#4834,#4835,#4836,#4837,#4838,#4839,#4840,
#4841,#4842,#4843,#4844,#4845,#4846),.UNSPECIFIED.,.F.,.F.)
B_SPLINE_CURVE_WITH_KNOTS((6,1,1,1,1,1,1,1,1,1,6),(0.,0.1,0.2,0.3,0.4,0.5,
0.6,0.7,0.8,0.9,0.90308333335551),.UNSPECIFIED.)
CURVE()
GEOMETRIC_REPRESENTATION_ITEM()
RATIONAL_B_SPLINE_CURVE((1.,1.,1.,1.,1.,1.,1.,1.,1.,1.,1.,1.,1.,1.,1.))
REPRESENTATION_ITEM('')
);
#147=(
BOUNDED_CURVE()
B_SPLINE_CURVE(5,(#4912,#4913,#4914,#4915,#4916,#4917,#4918,#4919,#4920,
#4921),.UNSPECIFIED.,.F.,.F.)
B_SPLINE_CURVE_WITH_KNOTS((6,1,1,1,1,6),(0.558074696991158,0.6,0.7,0.8,
0.9,1.),.UNSPECIFIED.)
CURVE()
GEOMETRIC_REPRESENTATION_ITEM()
RATIONAL_B_SPLINE_CURVE((1.,1.,1.,1.,1.,1.,1.,1.,1.,1.))
REPRESENTATION_ITEM('')
);
#148=(
BOUNDED_CURVE()
B_SPLINE_CURVE(5,(#5033,#5034,#5035,#5036,#5037,#5038,#5039,#5040,#5041,
#5042,#5043,#5044,#5045,#5046,#5047,#5048,#5049,#5050,#5051,#5052,#5053,
#5054,#5055,#5056,#5057,#5058,#5059,#5060,#5061,#5062),.UNSPECIFIED.,.F.,
 .F.)
B_SPLINE_CURVE_WITH_KNOTS((6,1,1,1,1,1,1,1,1,1,1,1,1,1,1,1,1,1,1,1,1,1,
1,1,1,6),(-1.,-0.96,-0.92,-0.88,-0.84,-0.8,-0.76,-0.72,-0.68,-0.64,-0.6,
-0.56,-0.52,-0.48,-0.44,-0.4,-0.36,-0.32,-0.28,-0.24,-0.2,-0.16,-0.12,-0.08,
-0.04,-0.00672288946772212),.UNSPECIFIED.)
CURVE()
GEOMETRIC_REPRESENTATION_ITEM()
RATIONAL_B_SPLINE_CURVE((1.,1.,1.,1.,1.,1.,1.,1.,1.,1.,1.,1.,1.,1.,1.,1.,
1.,1.,1.,1.,1.,1.,1.,1.,1.,1.,1.,1.,1.,1.))
REPRESENTATION_ITEM('')
);
#149=(
BOUNDED_CURVE()
B_SPLINE_CURVE(5,(#5066,#5067,#5068,#5069,#5070,#5071,#5072,#5073,#5074,
#5075,#5076,#5077,#5078,#5079,#5080,#5081,#5082,#5083,#5084,#5085,#5086,
#5087,#5088,#5089,#5090,#5091,#5092,#5093,#5094,#5095),.UNSPECIFIED.,.F.,
 .F.)
B_SPLINE_CURVE_WITH_KNOTS((6,1,1,1,1,1,1,1,1,1,1,1,1,1,1,1,1,1,1,1,1,1,
1,1,1,6),(-1.,-0.96,-0.92,-0.88,-0.84,-0.8,-0.76,-0.72,-0.68,-0.64,-0.6,
-0.56,-0.52,-0.48,-0.44,-0.4,-0.36,-0.32,-0.28,-0.24,-0.2,-0.16,-0.12,-0.08,
-0.04,-0.00672288946772212),.UNSPECIFIED.)
CURVE()
GEOMETRIC_REPRESENTATION_ITEM()
RATIONAL_B_SPLINE_CURVE((1.,1.,1.,1.,1.,1.,1.,1.,1.,1.,1.,1.,1.,1.,1.,1.,
1.,1.,1.,1.,1.,1.,1.,1.,1.,1.,1.,1.,1.,1.))
REPRESENTATION_ITEM('')
);
#150=(
BOUNDED_CURVE()
B_SPLINE_CURVE(5,(#5148,#5149,#5150,#5151,#5152,#5153,#5154,#5155,#5156,
#5157,#5158,#5159,#5160,#5161,#5162,#5163,#5164,#5165,#5166,#5167,#5168,
#5169,#5170,#5171,#5172),.UNSPECIFIED.,.F.,.F.)
B_SPLINE_CURVE_WITH_KNOTS((6,1,1,1,1,1,1,1,1,1,1,1,1,1,1,1,1,1,1,1,6),(-0.992733595585056,
-0.95,-0.9,-0.85,-0.8,-0.75,-0.7,-0.65,-0.6,-0.55,-0.5,-0.45,-0.4,-0.35,
-0.3,-0.25,-0.2,-0.15,-0.1,-0.05,0.),.UNSPECIFIED.)
CURVE()
GEOMETRIC_REPRESENTATION_ITEM()
RATIONAL_B_SPLINE_CURVE((1.,1.,1.,1.,1.,1.,1.,1.,1.,1.,1.,1.,1.,1.,1.,1.,
1.,1.,1.,1.,1.,1.,1.,1.,1.))
REPRESENTATION_ITEM('')
);
#151=(
BOUNDED_CURVE()
B_SPLINE_CURVE(5,(#5175,#5176,#5177,#5178,#5179,#5180,#5181,#5182,#5183,
#5184,#5185,#5186,#5187,#5188,#5189,#5190,#5191,#5192,#5193,#5194,#5195,
#5196,#5197,#5198,#5199),.UNSPECIFIED.,.F.,.F.)
B_SPLINE_CURVE_WITH_KNOTS((6,1,1,1,1,1,1,1,1,1,1,1,1,1,1,1,1,1,1,1,6),(-0.992733595585056,
-0.95,-0.9,-0.85,-0.8,-0.75,-0.7,-0.65,-0.6,-0.55,-0.5,-0.45,-0.4,-0.35,
-0.3,-0.25,-0.2,-0.15,-0.1,-0.05,0.),.UNSPECIFIED.)
CURVE()
GEOMETRIC_REPRESENTATION_ITEM()
RATIONAL_B_SPLINE_CURVE((1.,1.,1.,1.,1.,1.,1.,1.,1.,1.,1.,1.,1.,1.,1.,1.,
1.,1.,1.,1.,1.,1.,1.,1.,1.))
REPRESENTATION_ITEM('')
);
#152=(
BOUNDED_CURVE()
B_SPLINE_CURVE(5,(#5280,#5281,#5282,#5283,#5284,#5285,#5286,#5287,#5288,
#5289,#5290,#5291,#5292,#5293,#5294,#5295,#5296,#5297,#5298,#5299,#5300,
#5301,#5302,#5303,#5304,#5305,#5306,#5307,#5308,#5309,#5310,#5311,#5312,
#5313,#5314,#5315,#5316,#5317,#5318,#5319),.UNSPECIFIED.,.F.,.F.)
B_SPLINE_CURVE_WITH_KNOTS((6,1,1,1,1,1,1,1,1,1,1,1,1,1,1,1,1,1,1,1,1,1,
1,1,1,1,1,1,1,1,1,1,1,1,1,6),(-0.998478966133199,-0.971428571428572,-0.942857142857143,
-0.914285714285714,-0.885714285714286,-0.857142857142857,-0.828571428571429,
-0.8,-0.771428571428572,-0.742857142857143,-0.714285714285714,-0.685714285714286,
-0.657142857142857,-0.628571428571429,-0.6,-0.571428571428572,-0.542857142857143,
-0.514285714285714,-0.485714285714286,-0.457142857142857,-0.428571428571429,
-0.4,-0.371428571428571,-0.342857142857143,-0.314285714285714,-0.285714285714286,
-0.257142857142857,-0.228571428571429,-0.2,-0.171428571428571,-0.142857142857143,
-0.114285714285714,-0.0857142857142857,-0.0571428571428571,-0.0285714285714286,
-0.00522130856330224),.UNSPECIFIED.)
CURVE()
GEOMETRIC_REPRESENTATION_ITEM()
RATIONAL_B_SPLINE_CURVE((1.,1.,1.,1.,1.,1.,1.,1.,1.,1.,1.,1.,1.,1.,1.,1.,
1.,1.,1.,1.,1.,1.,1.,1.,1.,1.,1.,1.,1.,1.,1.,1.,1.,1.,1.,1.,1.,1.,1.,1.))
REPRESENTATION_ITEM('')
);
#153=(
BOUNDED_CURVE()
B_SPLINE_CURVE(5,(#5320,#5321,#5322,#5323,#5324,#5325,#5326,#5327,#5328,
#5329,#5330,#5331,#5332,#5333,#5334,#5335,#5336,#5337,#5338,#5339,#5340,
#5341,#5342,#5343,#5344,#5345,#5346,#5347,#5348,#5349,#5350,#5351,#5352,
#5353,#5354,#5355,#5356,#5357,#5358,#5359),.UNSPECIFIED.,.F.,.F.)
B_SPLINE_CURVE_WITH_KNOTS((6,1,1,1,1,1,1,1,1,1,1,1,1,1,1,1,1,1,1,1,1,1,
1,1,1,1,1,1,1,1,1,1,1,1,1,6),(-0.998478966133199,-0.971428571428572,-0.942857142857143,
-0.914285714285714,-0.885714285714286,-0.857142857142857,-0.828571428571429,
-0.8,-0.771428571428572,-0.742857142857143,-0.714285714285714,-0.685714285714286,
-0.657142857142857,-0.628571428571429,-0.6,-0.571428571428572,-0.542857142857143,
-0.514285714285714,-0.485714285714286,-0.457142857142857,-0.428571428571429,
-0.4,-0.371428571428571,-0.342857142857143,-0.314285714285714,-0.285714285714286,
-0.257142857142857,-0.228571428571429,-0.2,-0.171428571428571,-0.142857142857143,
-0.114285714285714,-0.0857142857142857,-0.0571428571428571,-0.0285714285714286,
-0.00522130856330224),.UNSPECIFIED.)
CURVE()
GEOMETRIC_REPRESENTATION_ITEM()
RATIONAL_B_SPLINE_CURVE((1.,1.,1.,1.,1.,1.,1.,1.,1.,1.,1.,1.,1.,1.,1.,1.,
1.,1.,1.,1.,1.,1.,1.,1.,1.,1.,1.,1.,1.,1.,1.,1.,1.,1.,1.,1.,1.,1.,1.,1.))
REPRESENTATION_ITEM('')
);
#154=(
BOUNDED_CURVE()
B_SPLINE_CURVE(5,(#5413,#5414,#5415,#5416,#5417,#5418,#5419,#5420,#5421,
#5422,#5423,#5424,#5425,#5426,#5427,#5428,#5429,#5430,#5431,#5432,#5433,
#5434,#5435,#5436,#5437),.UNSPECIFIED.,.F.,.F.)
B_SPLINE_CURVE_WITH_KNOTS((6,1,1,1,1,1,1,1,1,1,1,1,1,1,1,1,1,1,1,1,6),(-1.,
-0.95,-0.9,-0.85,-0.8,-0.75,-0.7,-0.65,-0.6,-0.55,-0.5,-0.45,-0.4,-0.35,
-0.3,-0.25,-0.2,-0.15,-0.1,-0.05,-0.00336370639791808),.UNSPECIFIED.)
CURVE()
GEOMETRIC_REPRESENTATION_ITEM()
RATIONAL_B_SPLINE_CURVE((1.,1.,1.,1.,1.,1.,1.,1.,1.,1.,1.,1.,1.,1.,1.,1.,
1.,1.,1.,1.,1.,1.,1.,1.,1.))
REPRESENTATION_ITEM('')
);
#155=(
BOUNDED_CURVE()
B_SPLINE_CURVE(5,(#5441,#5442,#5443,#5444,#5445,#5446,#5447,#5448,#5449,
#5450,#5451,#5452,#5453,#5454,#5455,#5456,#5457,#5458,#5459,#5460,#5461,
#5462,#5463,#5464,#5465),.UNSPECIFIED.,.F.,.F.)
B_SPLINE_CURVE_WITH_KNOTS((6,1,1,1,1,1,1,1,1,1,1,1,1,1,1,1,1,1,1,1,6),(-1.,
-0.95,-0.9,-0.85,-0.8,-0.75,-0.7,-0.65,-0.6,-0.55,-0.5,-0.45,-0.4,-0.35,
-0.3,-0.25,-0.2,-0.15,-0.1,-0.05,-0.00336370639791808),.UNSPECIFIED.)
CURVE()
GEOMETRIC_REPRESENTATION_ITEM()
RATIONAL_B_SPLINE_CURVE((1.,1.,1.,1.,1.,1.,1.,1.,1.,1.,1.,1.,1.,1.,1.,1.,
1.,1.,1.,1.,1.,1.,1.,1.,1.))
REPRESENTATION_ITEM('')
);
#156=(
BOUNDED_CURVE()
B_SPLINE_CURVE(5,(#5508,#5509,#5510,#5511,#5512,#5513,#5514,#5515,#5516,
#5517,#5518,#5519,#5520,#5521,#5522,#5523,#5524,#5525,#5526,#5527),
 .UNSPECIFIED.,.F.,.F.)
B_SPLINE_CURVE_WITH_KNOTS((6,1,1,1,1,1,1,1,1,1,1,1,1,1,1,6),(-1.,-0.933333333333333,
-0.866666666666667,-0.8,-0.733333333333333,-0.666666666666667,-0.6,-0.533333333333333,
-0.466666666666667,-0.4,-0.333333333333333,-0.266666666666667,-0.2,-0.133333333333333,
-0.0666666666666667,0.),.UNSPECIFIED.)
CURVE()
GEOMETRIC_REPRESENTATION_ITEM()
RATIONAL_B_SPLINE_CURVE((1.,1.,1.,1.,1.,1.,1.,1.,1.,1.,1.,1.,1.,1.,1.,1.,
1.,1.,1.,1.))
REPRESENTATION_ITEM('')
);
#157=(
BOUNDED_CURVE()
B_SPLINE_CURVE(5,(#5530,#5531,#5532,#5533,#5534,#5535,#5536,#5537,#5538,
#5539,#5540,#5541,#5542,#5543,#5544,#5545,#5546,#5547,#5548,#5549),
 .UNSPECIFIED.,.F.,.F.)
B_SPLINE_CURVE_WITH_KNOTS((6,1,1,1,1,1,1,1,1,1,1,1,1,1,1,6),(-1.,-0.933333333333333,
-0.866666666666667,-0.8,-0.733333333333333,-0.666666666666667,-0.6,-0.533333333333333,
-0.466666666666667,-0.4,-0.333333333333333,-0.266666666666667,-0.2,-0.133333333333333,
-0.0666666666666667,0.),.UNSPECIFIED.)
CURVE()
GEOMETRIC_REPRESENTATION_ITEM()
RATIONAL_B_SPLINE_CURVE((1.,1.,1.,1.,1.,1.,1.,1.,1.,1.,1.,1.,1.,1.,1.,1.,
1.,1.,1.,1.))
REPRESENTATION_ITEM('')
);
#158=(
BOUNDED_CURVE()
B_SPLINE_CURVE(5,(#5620,#5621,#5622,#5623,#5624,#5625,#5626,#5627,#5628,
#5629,#5630,#5631,#5632,#5633,#5634,#5635,#5636,#5637,#5638,#5639,#5640,
#5641,#5642,#5643,#5644,#5645,#5646,#5647,#5648,#5649,#5650,#5651,#5652,
#5653,#5654),.UNSPECIFIED.,.F.,.F.)
B_SPLINE_CURVE_WITH_KNOTS((6,1,1,1,1,1,1,1,1,1,1,1,1,1,1,1,1,1,1,1,1,1,
1,1,1,1,1,1,1,1,6),(-0.997428879679613,-0.966666666666667,-0.933333333333333,
-0.9,-0.866666666666667,-0.833333333333333,-0.8,-0.766666666666667,-0.733333333333333,
-0.7,-0.666666666666667,-0.633333333333333,-0.6,-0.566666666666667,-0.533333333333333,
-0.5,-0.466666666666667,-0.433333333333333,-0.4,-0.366666666666667,-0.333333333333333,
-0.3,-0.266666666666667,-0.233333333333333,-0.2,-0.166666666666667,-0.133333333333333,
-0.1,-0.0666666666666667,-0.0333333333333333,0.),.UNSPECIFIED.)
CURVE()
GEOMETRIC_REPRESENTATION_ITEM()
RATIONAL_B_SPLINE_CURVE((1.,1.,1.,1.,1.,1.,1.,1.,1.,1.,1.,1.,1.,1.,1.,1.,
1.,1.,1.,1.,1.,1.,1.,1.,1.,1.,1.,1.,1.,1.,1.,1.,1.,1.,1.))
REPRESENTATION_ITEM('')
);
#159=(
BOUNDED_CURVE()
B_SPLINE_CURVE(5,(#5655,#5656,#5657,#5658,#5659,#5660,#5661,#5662,#5663,
#5664,#5665,#5666,#5667,#5668,#5669,#5670,#5671,#5672,#5673,#5674,#5675,
#5676,#5677,#5678,#5679,#5680,#5681,#5682,#5683,#5684,#5685,#5686,#5687,
#5688,#5689),.UNSPECIFIED.,.F.,.F.)
B_SPLINE_CURVE_WITH_KNOTS((6,1,1,1,1,1,1,1,1,1,1,1,1,1,1,1,1,1,1,1,1,1,
1,1,1,1,1,1,1,1,6),(-0.997428879679613,-0.966666666666667,-0.933333333333333,
-0.9,-0.866666666666667,-0.833333333333333,-0.8,-0.766666666666667,-0.733333333333333,
-0.7,-0.666666666666667,-0.633333333333333,-0.6,-0.566666666666667,-0.533333333333333,
-0.5,-0.466666666666667,-0.433333333333333,-0.4,-0.366666666666667,-0.333333333333333,
-0.3,-0.266666666666667,-0.233333333333333,-0.2,-0.166666666666667,-0.133333333333333,
-0.1,-0.0666666666666667,-0.0333333333333333,0.),.UNSPECIFIED.)
CURVE()
GEOMETRIC_REPRESENTATION_ITEM()
RATIONAL_B_SPLINE_CURVE((1.,1.,1.,1.,1.,1.,1.,1.,1.,1.,1.,1.,1.,1.,1.,1.,
1.,1.,1.,1.,1.,1.,1.,1.,1.,1.,1.,1.,1.,1.,1.,1.,1.,1.,1.))
REPRESENTATION_ITEM('')
);
#160=(
BOUNDED_CURVE()
B_SPLINE_CURVE(5,(#5743,#5744,#5745,#5746,#5747,#5748,#5749,#5750,#5751,
#5752,#5753,#5754,#5755,#5756,#5757,#5758,#5759,#5760,#5761,#5762,#5763,
#5764,#5765,#5766,#5767),.UNSPECIFIED.,.F.,.F.)
B_SPLINE_CURVE_WITH_KNOTS((6,1,1,1,1,1,1,1,1,1,1,1,1,1,1,1,1,1,1,1,6),(0.,
0.05,0.1,0.15,0.2,0.25,0.3,0.35,0.4,0.45,0.5,0.55,0.6,0.65,0.7,0.75,0.8,
0.85,0.9,0.95,1.),.UNSPECIFIED.)
CURVE()
GEOMETRIC_REPRESENTATION_ITEM()
RATIONAL_B_SPLINE_CURVE((1.,1.,1.,1.,1.,1.,1.,1.,1.,1.,1.,1.,1.,1.,1.,1.,
1.,1.,1.,1.,1.,1.,1.,1.,1.))
REPRESENTATION_ITEM('')
);
#161=(
BOUNDED_CURVE()
B_SPLINE_CURVE(5,(#5771,#5772,#5773,#5774,#5775,#5776,#5777,#5778,#5779,
#5780,#5781,#5782,#5783,#5784,#5785,#5786,#5787,#5788,#5789,#5790,#5791,
#5792,#5793,#5794,#5795),.UNSPECIFIED.,.F.,.F.)
B_SPLINE_CURVE_WITH_KNOTS((6,1,1,1,1,1,1,1,1,1,1,1,1,1,1,1,1,1,1,1,6),(0.,
0.05,0.1,0.15,0.2,0.25,0.3,0.35,0.4,0.45,0.5,0.55,0.6,0.65,0.7,0.75,0.8,
0.85,0.9,0.95,1.),.UNSPECIFIED.)
CURVE()
GEOMETRIC_REPRESENTATION_ITEM()
RATIONAL_B_SPLINE_CURVE((1.,1.,1.,1.,1.,1.,1.,1.,1.,1.,1.,1.,1.,1.,1.,1.,
1.,1.,1.,1.,1.,1.,1.,1.,1.))
REPRESENTATION_ITEM('')
);
#162=(
BOUNDED_CURVE()
B_SPLINE_CURVE(5,(#5848,#5849,#5850,#5851,#5852,#5853,#5854,#5855,#5856,
#5857,#5858,#5859,#5860,#5861,#5862,#5863,#5864,#5865,#5866,#5867,#5868,
#5869,#5870,#5871,#5872),.UNSPECIFIED.,.F.,.F.)
B_SPLINE_CURVE_WITH_KNOTS((6,1,1,1,1,1,1,1,1,1,1,1,1,1,1,1,1,1,1,1,6),(0.,
0.05,0.1,0.15,0.2,0.25,0.3,0.35,0.4,0.45,0.5,0.55,0.6,0.65,0.7,0.75,0.8,
0.85,0.9,0.95,1.),.UNSPECIFIED.)
CURVE()
GEOMETRIC_REPRESENTATION_ITEM()
RATIONAL_B_SPLINE_CURVE((1.,1.,1.,1.,1.,1.,1.,1.,1.,1.,1.,1.,1.,1.,1.,1.,
1.,1.,1.,1.,1.,1.,1.,1.,1.))
REPRESENTATION_ITEM('')
);
#163=(
BOUNDED_CURVE()
B_SPLINE_CURVE(5,(#5875,#5876,#5877,#5878,#5879,#5880,#5881,#5882,#5883,
#5884,#5885,#5886,#5887,#5888,#5889,#5890,#5891,#5892,#5893,#5894,#5895,
#5896,#5897,#5898,#5899),.UNSPECIFIED.,.F.,.F.)
B_SPLINE_CURVE_WITH_KNOTS((6,1,1,1,1,1,1,1,1,1,1,1,1,1,1,1,1,1,1,1,6),(0.,
0.05,0.1,0.15,0.2,0.25,0.3,0.35,0.4,0.45,0.5,0.55,0.6,0.65,0.7,0.75,0.8,
0.85,0.9,0.95,1.),.UNSPECIFIED.)
CURVE()
GEOMETRIC_REPRESENTATION_ITEM()
RATIONAL_B_SPLINE_CURVE((1.,1.,1.,1.,1.,1.,1.,1.,1.,1.,1.,1.,1.,1.,1.,1.,
1.,1.,1.,1.,1.,1.,1.,1.,1.))
REPRESENTATION_ITEM('')
);
#164=(
BOUNDED_CURVE()
B_SPLINE_CURVE(5,(#5970,#5971,#5972,#5973,#5974,#5975,#5976,#5977,#5978,
#5979,#5980,#5981,#5982,#5983,#5984,#5985,#5986,#5987,#5988,#5989,#5990,
#5991,#5992,#5993,#5994,#5995,#5996,#5997,#5998,#5999,#6000,#6001,#6002,
#6003,#6004),.UNSPECIFIED.,.F.,.F.)
B_SPLINE_CURVE_WITH_KNOTS((6,1,1,1,1,1,1,1,1,1,1,1,1,1,1,1,1,1,1,1,1,1,
1,1,1,1,1,1,1,1,6),(0.,0.0333333333333333,0.0666666666666667,0.1,0.133333333333333,
0.166666666666667,0.2,0.233333333333333,0.266666666666667,0.3,0.333333333333333,
0.366666666666667,0.4,0.433333333333333,0.466666666666667,0.5,0.533333333333333,
0.566666666666667,0.6,0.633333333333333,0.666666666666667,0.7,0.733333333333333,
0.766666666666667,0.8,0.833333333333333,0.866666666666667,0.9,0.933333333333333,
0.966666666666667,1.),.UNSPECIFIED.)
CURVE()
GEOMETRIC_REPRESENTATION_ITEM()
RATIONAL_B_SPLINE_CURVE((1.,1.,1.,1.,1.,1.,1.,1.,1.,1.,1.,1.,1.,1.,1.,1.,
1.,1.,1.,1.,1.,1.,1.,1.,1.,1.,1.,1.,1.,1.,1.,1.,1.,1.,1.))
REPRESENTATION_ITEM('')
);
#165=(
BOUNDED_CURVE()
B_SPLINE_CURVE(5,(#6005,#6006,#6007,#6008,#6009,#6010,#6011,#6012,#6013,
#6014,#6015,#6016,#6017,#6018,#6019,#6020,#6021,#6022,#6023,#6024,#6025,
#6026,#6027,#6028,#6029,#6030,#6031,#6032,#6033,#6034,#6035,#6036,#6037,
#6038,#6039),.UNSPECIFIED.,.F.,.F.)
B_SPLINE_CURVE_WITH_KNOTS((6,1,1,1,1,1,1,1,1,1,1,1,1,1,1,1,1,1,1,1,1,1,
1,1,1,1,1,1,1,1,6),(0.,0.0333333333333333,0.0666666666666667,0.1,0.133333333333333,
0.166666666666667,0.2,0.233333333333333,0.266666666666667,0.3,0.333333333333333,
0.366666666666667,0.4,0.433333333333333,0.466666666666667,0.5,0.533333333333333,
0.566666666666667,0.6,0.633333333333333,0.666666666666667,0.7,0.733333333333333,
0.766666666666667,0.8,0.833333333333333,0.866666666666667,0.9,0.933333333333333,
0.966666666666667,1.),.UNSPECIFIED.)
CURVE()
GEOMETRIC_REPRESENTATION_ITEM()
RATIONAL_B_SPLINE_CURVE((1.,1.,1.,1.,1.,1.,1.,1.,1.,1.,1.,1.,1.,1.,1.,1.,
1.,1.,1.,1.,1.,1.,1.,1.,1.,1.,1.,1.,1.,1.,1.,1.,1.,1.,1.))
REPRESENTATION_ITEM('')
);
#166=(
BOUNDED_CURVE()
B_SPLINE_CURVE(5,(#6093,#6094,#6095,#6096,#6097,#6098,#6099,#6100,#6101,
#6102,#6103,#6104,#6105,#6106,#6107,#6108,#6109,#6110,#6111,#6112,#6113,
#6114,#6115,#6116,#6117),.UNSPECIFIED.,.F.,.F.)
B_SPLINE_CURVE_WITH_KNOTS((6,1,1,1,1,1,1,1,1,1,1,1,1,1,1,1,1,1,1,1,6),(-1.,
-0.95,-0.9,-0.85,-0.8,-0.75,-0.7,-0.65,-0.6,-0.55,-0.5,-0.45,-0.4,-0.35,
-0.3,-0.25,-0.2,-0.15,-0.1,-0.05,0.),.UNSPECIFIED.)
CURVE()
GEOMETRIC_REPRESENTATION_ITEM()
RATIONAL_B_SPLINE_CURVE((1.,1.,1.,1.,1.,1.,1.,1.,1.,1.,1.,1.,1.,1.,1.,1.,
1.,1.,1.,1.,1.,1.,1.,1.,1.))
REPRESENTATION_ITEM('')
);
#167=(
BOUNDED_CURVE()
B_SPLINE_CURVE(5,(#6121,#6122,#6123,#6124,#6125,#6126,#6127,#6128,#6129,
#6130,#6131,#6132,#6133,#6134,#6135,#6136,#6137,#6138,#6139,#6140,#6141,
#6142,#6143,#6144,#6145),.UNSPECIFIED.,.F.,.F.)
B_SPLINE_CURVE_WITH_KNOTS((6,1,1,1,1,1,1,1,1,1,1,1,1,1,1,1,1,1,1,1,6),(-1.,
-0.95,-0.9,-0.85,-0.8,-0.75,-0.7,-0.65,-0.6,-0.55,-0.5,-0.45,-0.4,-0.35,
-0.3,-0.25,-0.2,-0.15,-0.1,-0.05,0.),.UNSPECIFIED.)
CURVE()
GEOMETRIC_REPRESENTATION_ITEM()
RATIONAL_B_SPLINE_CURVE((1.,1.,1.,1.,1.,1.,1.,1.,1.,1.,1.,1.,1.,1.,1.,1.,
1.,1.,1.,1.,1.,1.,1.,1.,1.))
REPRESENTATION_ITEM('')
);
#168=(
BOUNDED_CURVE()
B_SPLINE_CURVE(5,(#6228,#6229,#6230,#6231,#6232,#6233,#6234,#6235,#6236,
#6237,#6238,#6239,#6240,#6241,#6242,#6243,#6244,#6245,#6246,#6247,#6248,
#6249,#6250,#6251,#6252,#6253,#6254,#6255,#6256,#6257,#6258,#6259,#6260,
#6261,#6262,#6263,#6264,#6265,#6266,#6267),.UNSPECIFIED.,.F.,.F.)
B_SPLINE_CURVE_WITH_KNOTS((6,1,1,1,1,1,1,1,1,1,1,1,1,1,1,1,1,1,1,1,1,1,
1,1,1,1,1,1,1,1,1,1,1,1,1,6),(-1.,-0.971428571428572,-0.942857142857143,
-0.914285714285714,-0.885714285714286,-0.857142857142857,-0.828571428571429,
-0.8,-0.771428571428572,-0.742857142857143,-0.714285714285714,-0.685714285714286,
-0.657142857142857,-0.628571428571429,-0.6,-0.571428571428572,-0.542857142857143,
-0.514285714285714,-0.485714285714286,-0.457142857142857,-0.428571428571429,
-0.4,-0.371428571428571,-0.342857142857143,-0.314285714285714,-0.285714285714286,
-0.257142857142857,-0.228571428571429,-0.2,-0.171428571428571,-0.142857142857143,
-0.114285714285714,-0.0857142857142857,-0.0571428571428571,-0.0285714285714286,
0.),.UNSPECIFIED.)
CURVE()
GEOMETRIC_REPRESENTATION_ITEM()
RATIONAL_B_SPLINE_CURVE((1.,1.,1.,1.,1.,1.,1.,1.,1.,1.,1.,1.,1.,1.,1.,1.,
1.,1.,1.,1.,1.,1.,1.,1.,1.,1.,1.,1.,1.,1.,1.,1.,1.,1.,1.,1.,1.,1.,1.,1.))
REPRESENTATION_ITEM('')
);
#169=(
BOUNDED_CURVE()
B_SPLINE_CURVE(5,(#6270,#6271,#6272,#6273,#6274,#6275,#6276,#6277,#6278,
#6279,#6280,#6281,#6282,#6283,#6284,#6285,#6286,#6287,#6288,#6289,#6290,
#6291,#6292,#6293,#6294,#6295,#6296,#6297,#6298,#6299,#6300,#6301,#6302,
#6303,#6304,#6305,#6306,#6307,#6308,#6309),.UNSPECIFIED.,.F.,.F.)
B_SPLINE_CURVE_WITH_KNOTS((6,1,1,1,1,1,1,1,1,1,1,1,1,1,1,1,1,1,1,1,1,1,
1,1,1,1,1,1,1,1,1,1,1,1,1,6),(-1.,-0.971428571428572,-0.942857142857143,
-0.914285714285714,-0.885714285714286,-0.857142857142857,-0.828571428571429,
-0.8,-0.771428571428572,-0.742857142857143,-0.714285714285714,-0.685714285714286,
-0.657142857142857,-0.628571428571429,-0.6,-0.571428571428572,-0.542857142857143,
-0.514285714285714,-0.485714285714286,-0.457142857142857,-0.428571428571429,
-0.4,-0.371428571428571,-0.342857142857143,-0.314285714285714,-0.285714285714286,
-0.257142857142857,-0.228571428571429,-0.2,-0.171428571428571,-0.142857142857143,
-0.114285714285714,-0.0857142857142857,-0.0571428571428571,-0.0285714285714286,
0.),.UNSPECIFIED.)
CURVE()
GEOMETRIC_REPRESENTATION_ITEM()
RATIONAL_B_SPLINE_CURVE((1.,1.,1.,1.,1.,1.,1.,1.,1.,1.,1.,1.,1.,1.,1.,1.,
1.,1.,1.,1.,1.,1.,1.,1.,1.,1.,1.,1.,1.,1.,1.,1.,1.,1.,1.,1.,1.,1.,1.,1.))
REPRESENTATION_ITEM('')
);
#170=(
BOUNDED_CURVE()
B_SPLINE_CURVE(5,(#6340,#6341,#6342,#6343,#6344,#6345,#6346,#6347,#6348,
#6349,#6350,#6351,#6352,#6353,#6354),.UNSPECIFIED.,.F.,.F.)
B_SPLINE_CURVE_WITH_KNOTS((6,1,1,1,1,1,1,1,1,1,6),(-1.,-0.9,-0.8,-0.7,-0.6,
-0.5,-0.4,-0.3,-0.2,-0.1,0.),.UNSPECIFIED.)
CURVE()
GEOMETRIC_REPRESENTATION_ITEM()
RATIONAL_B_SPLINE_CURVE((1.,1.,1.,1.,1.,1.,1.,1.,1.,1.,1.,1.,1.,1.,1.))
REPRESENTATION_ITEM('')
);
#171=(
BOUNDED_CURVE()
B_SPLINE_CURVE(5,(#6355,#6356,#6357,#6358,#6359,#6360,#6361,#6362,#6363,
#6364,#6365,#6366,#6367,#6368,#6369),.UNSPECIFIED.,.F.,.F.)
B_SPLINE_CURVE_WITH_KNOTS((6,1,1,1,1,1,1,1,1,1,6),(-1.,-0.9,-0.8,-0.7,-0.6,
-0.5,-0.4,-0.3,-0.2,-0.1,0.),.UNSPECIFIED.)
CURVE()
GEOMETRIC_REPRESENTATION_ITEM()
RATIONAL_B_SPLINE_CURVE((1.,1.,1.,1.,1.,1.,1.,1.,1.,1.,1.,1.,1.,1.,1.))
REPRESENTATION_ITEM('')
);
#172=(
BOUNDED_CURVE()
B_SPLINE_CURVE(5,(#6403,#6404,#6405,#6406,#6407,#6408,#6409,#6410,#6411,
#6412,#6413,#6414,#6415,#6416,#6417),.UNSPECIFIED.,.F.,.F.)
B_SPLINE_CURVE_WITH_KNOTS((6,1,1,1,1,1,1,1,1,1,6),(0.,0.1,0.2,0.3,0.4,0.5,
0.6,0.7,0.8,0.9,1.),.UNSPECIFIED.)
CURVE()
GEOMETRIC_REPRESENTATION_ITEM()
RATIONAL_B_SPLINE_CURVE((1.,1.,1.,1.,1.,1.,1.,1.,1.,1.,1.,1.,1.,1.,1.))
REPRESENTATION_ITEM('')
);
#173=(
BOUNDED_CURVE()
B_SPLINE_CURVE(5,(#6421,#6422,#6423,#6424,#6425,#6426,#6427,#6428,#6429,
#6430,#6431,#6432,#6433,#6434,#6435),.UNSPECIFIED.,.F.,.F.)
B_SPLINE_CURVE_WITH_KNOTS((6,1,1,1,1,1,1,1,1,1,6),(0.,0.1,0.2,0.3,0.4,0.5,
0.6,0.7,0.8,0.9,1.),.UNSPECIFIED.)
CURVE()
GEOMETRIC_REPRESENTATION_ITEM()
RATIONAL_B_SPLINE_CURVE((1.,1.,1.,1.,1.,1.,1.,1.,1.,1.,1.,1.,1.,1.,1.))
REPRESENTATION_ITEM('')
);
#174=(
BOUNDED_CURVE()
B_SPLINE_CURVE(5,(#6507,#6508,#6509,#6510,#6511,#6512,#6513,#6514,#6515,
#6516,#6517,#6518,#6519,#6520,#6521,#6522,#6523,#6524,#6525,#6526,#6527,
#6528,#6529,#6530,#6531,#6532,#6533,#6534,#6535,#6536,#6537,#6538,#6539,
#6540,#6541),.UNSPECIFIED.,.F.,.F.)
B_SPLINE_CURVE_WITH_KNOTS((6,1,1,1,1,1,1,1,1,1,1,1,1,1,1,1,1,1,1,1,1,1,
1,1,1,1,1,1,1,1,6),(-1.,-0.966666666666667,-0.933333333333333,-0.9,-0.866666666666667,
-0.833333333333333,-0.8,-0.766666666666667,-0.733333333333333,-0.7,-0.666666666666667,
-0.633333333333333,-0.6,-0.566666666666667,-0.533333333333333,-0.5,-0.466666666666667,
-0.433333333333333,-0.4,-0.366666666666667,-0.333333333333333,-0.3,-0.266666666666667,
-0.233333333333333,-0.2,-0.166666666666667,-0.133333333333333,-0.1,-0.0666666666666667,
-0.0333333333333333,0.),.UNSPECIFIED.)
CURVE()
GEOMETRIC_REPRESENTATION_ITEM()
RATIONAL_B_SPLINE_CURVE((1.,1.,1.,1.,1.,1.,1.,1.,1.,1.,1.,1.,1.,1.,1.,1.,
1.,1.,1.,1.,1.,1.,1.,1.,1.,1.,1.,1.,1.,1.,1.,1.,1.,1.,1.))
REPRESENTATION_ITEM('')
);
#175=(
BOUNDED_CURVE()
B_SPLINE_CURVE(5,(#6542,#6543,#6544,#6545,#6546,#6547,#6548,#6549,#6550,
#6551,#6552,#6553,#6554,#6555,#6556,#6557,#6558,#6559,#6560,#6561,#6562,
#6563,#6564,#6565,#6566,#6567,#6568,#6569,#6570,#6571,#6572,#6573,#6574,
#6575,#6576),.UNSPECIFIED.,.F.,.F.)
B_SPLINE_CURVE_WITH_KNOTS((6,1,1,1,1,1,1,1,1,1,1,1,1,1,1,1,1,1,1,1,1,1,
1,1,1,1,1,1,1,1,6),(-1.,-0.966666666666667,-0.933333333333333,-0.9,-0.866666666666667,
-0.833333333333333,-0.8,-0.766666666666667,-0.733333333333333,-0.7,-0.666666666666667,
-0.633333333333333,-0.6,-0.566666666666667,-0.533333333333333,-0.5,-0.466666666666667,
-0.433333333333333,-0.4,-0.366666666666667,-0.333333333333333,-0.3,-0.266666666666667,
-0.233333333333333,-0.2,-0.166666666666667,-0.133333333333333,-0.1,-0.0666666666666667,
-0.0333333333333333,0.),.UNSPECIFIED.)
CURVE()
GEOMETRIC_REPRESENTATION_ITEM()
RATIONAL_B_SPLINE_CURVE((1.,1.,1.,1.,1.,1.,1.,1.,1.,1.,1.,1.,1.,1.,1.,1.,
1.,1.,1.,1.,1.,1.,1.,1.,1.,1.,1.,1.,1.,1.,1.,1.,1.,1.,1.))
REPRESENTATION_ITEM('')
);
#176=(
BOUNDED_CURVE()
B_SPLINE_CURVE(5,(#7014,#7015,#7016,#7017,#7018,#7019,#7020,#7021,#7022,
#7023,#7024,#7025,#7026,#7027,#7028,#7029,#7030,#7031,#7032,#7033),
 .UNSPECIFIED.,.F.,.F.)
B_SPLINE_CURVE_WITH_KNOTS((6,1,1,1,1,1,1,1,1,1,1,1,1,1,1,6),(0.,0.0666666666666667,
0.133333333333333,0.2,0.266666666666667,0.333333333333333,0.4,0.466666666666667,
0.533333333333333,0.6,0.666666666666667,0.733333333333333,0.8,0.866666666666667,
0.933333333333333,1.),.UNSPECIFIED.)
CURVE()
GEOMETRIC_REPRESENTATION_ITEM()
RATIONAL_B_SPLINE_CURVE((1.,1.,1.,1.,1.,1.,1.,1.,1.,1.,1.,1.,1.,1.,1.,1.,
1.,1.,1.,1.))
REPRESENTATION_ITEM('')
);
#177=(
BOUNDED_CURVE()
B_SPLINE_CURVE(5,(#7095,#7096,#7097,#7098,#7099,#7100,#7101,#7102,#7103,
#7104,#7105,#7106,#7107,#7108,#7109),.UNSPECIFIED.,.F.,.F.)
B_SPLINE_CURVE_WITH_KNOTS((6,1,1,1,1,1,1,1,1,1,6),(-1.,-0.9,-0.8,-0.7,-0.6,
-0.5,-0.4,-0.3,-0.2,-0.1,0.),.UNSPECIFIED.)
CURVE()
GEOMETRIC_REPRESENTATION_ITEM()
RATIONAL_B_SPLINE_CURVE((1.,1.,1.,1.,1.,1.,1.,1.,1.,1.,1.,1.,1.,1.,1.))
REPRESENTATION_ITEM('')
);
#178=(
BOUNDED_CURVE()
B_SPLINE_CURVE(5,(#7110,#7111,#7112,#7113,#7114,#7115,#7116,#7117,#7118,
#7119,#7120,#7121,#7122),.UNSPECIFIED.,.F.,.F.)
B_SPLINE_CURVE_WITH_KNOTS((6,1,1,1,1,1,1,1,6),(0.202747353595373,0.3,0.4,
0.5,0.6,0.7,0.8,0.9,1.),.UNSPECIFIED.)
CURVE()
GEOMETRIC_REPRESENTATION_ITEM()
RATIONAL_B_SPLINE_CURVE((1.,1.,1.,1.,1.,1.,1.,1.,1.,1.,1.,1.,1.))
REPRESENTATION_ITEM('')
);
#179=(
BOUNDED_CURVE()
B_SPLINE_CURVE(5,(#7124,#7125,#7126,#7127,#7128,#7129,#7130,#7131,#7132,
#7133,#7134,#7135,#7136,#7137,#7138),.UNSPECIFIED.,.F.,.F.)
B_SPLINE_CURVE_WITH_KNOTS((6,1,1,1,1,1,1,1,1,1,6),(0.,0.1,0.2,0.3,0.4,0.5,
0.6,0.7,0.8,0.9,1.),.UNSPECIFIED.)
CURVE()
GEOMETRIC_REPRESENTATION_ITEM()
RATIONAL_B_SPLINE_CURVE((1.,1.,1.,1.,1.,1.,1.,1.,1.,1.,1.,1.,1.,1.,1.))
REPRESENTATION_ITEM('')
);
#180=(
BOUNDED_CURVE()
B_SPLINE_CURVE(5,(#7140,#7141,#7142,#7143,#7144,#7145,#7146,#7147,#7148,
#7149,#7150,#7151,#7152,#7153,#7154),.UNSPECIFIED.,.F.,.F.)
B_SPLINE_CURVE_WITH_KNOTS((6,1,1,1,1,1,1,1,1,1,6),(0.,0.1,0.2,0.3,0.4,0.5,
0.6,0.7,0.8,0.9,1.),.UNSPECIFIED.)
CURVE()
GEOMETRIC_REPRESENTATION_ITEM()
RATIONAL_B_SPLINE_CURVE((1.,1.,1.,1.,1.,1.,1.,1.,1.,1.,1.,1.,1.,1.,1.))
REPRESENTATION_ITEM('')
);
#181=(
BOUNDED_CURVE()
B_SPLINE_CURVE(5,(#7156,#7157,#7158,#7159,#7160,#7161,#7162,#7163,#7164,
#7165,#7166,#7167,#7168,#7169,#7170,#7171,#7172,#7173,#7174,#7175),
 .UNSPECIFIED.,.F.,.F.)
B_SPLINE_CURVE_WITH_KNOTS((6,1,1,1,1,1,1,1,1,1,1,1,1,1,1,6),(0.,0.0666666666666667,
0.133333333333333,0.2,0.266666666666667,0.333333333333333,0.4,0.466666666666667,
0.533333333333333,0.6,0.666666666666667,0.733333333333333,0.8,0.866666666666667,
0.933333333333333,1.),.UNSPECIFIED.)
CURVE()
GEOMETRIC_REPRESENTATION_ITEM()
RATIONAL_B_SPLINE_CURVE((1.,1.,1.,1.,1.,1.,1.,1.,1.,1.,1.,1.,1.,1.,1.,1.,
1.,1.,1.,1.))
REPRESENTATION_ITEM('')
);
#182=(
BOUNDED_CURVE()
B_SPLINE_CURVE(5,(#7205,#7206,#7207,#7208,#7209,#7210,#7211,#7212,#7213,
#7214,#7215,#7216,#7217,#7218,#7219),.UNSPECIFIED.,.F.,.F.)
B_SPLINE_CURVE_WITH_KNOTS((6,1,1,1,1,1,1,1,1,1,6),(0.0299817024975032,0.1,
0.2,0.3,0.4,0.5,0.6,0.7,0.8,0.9,1.),.UNSPECIFIED.)
CURVE()
GEOMETRIC_REPRESENTATION_ITEM()
RATIONAL_B_SPLINE_CURVE((1.,1.,1.,1.,1.,1.,1.,1.,1.,1.,1.,1.,1.,1.,1.))
REPRESENTATION_ITEM('')
);
#183=(
BOUNDED_CURVE()
B_SPLINE_CURVE(5,(#7221,#7222,#7223,#7224,#7225,#7226,#7227,#7228,#7229,
#7230,#7231,#7232,#7233,#7234,#7235,#7236,#7237,#7238,#7239,#7240),
 .UNSPECIFIED.,.F.,.F.)
B_SPLINE_CURVE_WITH_KNOTS((6,1,1,1,1,1,1,1,1,1,1,1,1,1,1,6),(0.,0.0666666666666667,
0.133333333333333,0.2,0.266666666666667,0.333333333333333,0.4,0.466666666666667,
0.533333333333333,0.6,0.666666666666667,0.733333333333333,0.8,0.866666666666667,
0.933333333333333,1.),.UNSPECIFIED.)
CURVE()
GEOMETRIC_REPRESENTATION_ITEM()
RATIONAL_B_SPLINE_CURVE((1.,1.,1.,1.,1.,1.,1.,1.,1.,1.,1.,1.,1.,1.,1.,1.,
1.,1.,1.,1.))
REPRESENTATION_ITEM('')
);
#184=(
BOUNDED_CURVE()
B_SPLINE_CURVE(5,(#7242,#7243,#7244,#7245,#7246,#7247,#7248,#7249,#7250,
#7251,#7252,#7253,#7254,#7255,#7256),.UNSPECIFIED.,.F.,.F.)
B_SPLINE_CURVE_WITH_KNOTS((6,1,1,1,1,1,1,1,1,1,6),(0.,0.1,0.2,0.3,0.4,0.5,
0.6,0.7,0.8,0.9,1.),.UNSPECIFIED.)
CURVE()
GEOMETRIC_REPRESENTATION_ITEM()
RATIONAL_B_SPLINE_CURVE((1.,1.,1.,1.,1.,1.,1.,1.,1.,1.,1.,1.,1.,1.,1.))
REPRESENTATION_ITEM('')
);
#185=(
BOUNDED_CURVE()
B_SPLINE_CURVE(5,(#7258,#7259,#7260,#7261,#7262,#7263,#7264,#7265,#7266,
#7267,#7268,#7269,#7270,#7271,#7272),.UNSPECIFIED.,.F.,.F.)
B_SPLINE_CURVE_WITH_KNOTS((6,1,1,1,1,1,1,1,1,1,6),(0.,0.1,0.2,0.3,0.4,0.5,
0.6,0.7,0.8,0.9,1.),.UNSPECIFIED.)
CURVE()
GEOMETRIC_REPRESENTATION_ITEM()
RATIONAL_B_SPLINE_CURVE((1.,1.,1.,1.,1.,1.,1.,1.,1.,1.,1.,1.,1.,1.,1.))
REPRESENTATION_ITEM('')
);
#186=(
BOUNDED_CURVE()
B_SPLINE_CURVE(5,(#7274,#7275,#7276,#7277,#7278,#7279,#7280,#7281,#7282,
#7283,#7284,#7285,#7286,#7287,#7288,#7289,#7290,#7291,#7292,#7293,#7294,
#7295,#7296,#7297,#7298),.UNSPECIFIED.,.F.,.F.)
B_SPLINE_CURVE_WITH_KNOTS((6,1,1,1,1,1,1,1,1,1,1,1,1,1,1,1,1,1,1,1,6),(0.,
0.05,0.1,0.15,0.2,0.25,0.3,0.35,0.4,0.45,0.5,0.55,0.6,0.65,0.7,0.75,0.8,
0.85,0.9,0.95,1.),.UNSPECIFIED.)
CURVE()
GEOMETRIC_REPRESENTATION_ITEM()
RATIONAL_B_SPLINE_CURVE((1.,1.,1.,1.,1.,1.,1.,1.,1.,1.,1.,1.,1.,1.,1.,1.,
1.,1.,1.,1.,1.,1.,1.,1.,1.))
REPRESENTATION_ITEM('')
);
#187=(
BOUNDED_CURVE()
B_SPLINE_CURVE(5,(#7300,#7301,#7302,#7303,#7304,#7305,#7306,#7307,#7308,
#7309,#7310,#7311,#7312,#7313,#7314,#7315,#7316,#7317,#7318,#7319),
 .UNSPECIFIED.,.F.,.F.)
B_SPLINE_CURVE_WITH_KNOTS((6,1,1,1,1,1,1,1,1,1,1,1,1,1,1,6),(0.,0.0666666666666667,
0.133333333333333,0.2,0.266666666666667,0.333333333333333,0.4,0.466666666666667,
0.533333333333333,0.6,0.666666666666667,0.733333333333333,0.8,0.866666666666667,
0.933333333333333,1.),.UNSPECIFIED.)
CURVE()
GEOMETRIC_REPRESENTATION_ITEM()
RATIONAL_B_SPLINE_CURVE((1.,1.,1.,1.,1.,1.,1.,1.,1.,1.,1.,1.,1.,1.,1.,1.,
1.,1.,1.,1.))
REPRESENTATION_ITEM('')
);
#188=(
BOUNDED_CURVE()
B_SPLINE_CURVE(5,(#7321,#7322,#7323,#7324,#7325,#7326,#7327,#7328,#7329,
#7330,#7331,#7332,#7333,#7334,#7335),.UNSPECIFIED.,.F.,.F.)
B_SPLINE_CURVE_WITH_KNOTS((6,1,1,1,1,1,1,1,1,1,6),(0.,0.1,0.2,0.3,0.4,0.5,
0.6,0.7,0.8,0.9,1.),.UNSPECIFIED.)
CURVE()
GEOMETRIC_REPRESENTATION_ITEM()
RATIONAL_B_SPLINE_CURVE((1.,1.,1.,1.,1.,1.,1.,1.,1.,1.,1.,1.,1.,1.,1.))
REPRESENTATION_ITEM('')
);
#189=(
BOUNDED_CURVE()
B_SPLINE_CURVE(5,(#7337,#7338,#7339,#7340,#7341,#7342,#7343,#7344,#7345,
#7346,#7347,#7348,#7349,#7350,#7351),.UNSPECIFIED.,.F.,.F.)
B_SPLINE_CURVE_WITH_KNOTS((6,1,1,1,1,1,1,1,1,1,6),(0.,0.1,0.2,0.3,0.4,0.5,
0.6,0.7,0.8,0.9,1.),.UNSPECIFIED.)
CURVE()
GEOMETRIC_REPRESENTATION_ITEM()
RATIONAL_B_SPLINE_CURVE((1.,1.,1.,1.,1.,1.,1.,1.,1.,1.,1.,1.,1.,1.,1.))
REPRESENTATION_ITEM('')
);
#190=(
BOUNDED_CURVE()
B_SPLINE_CURVE(5,(#7353,#7354,#7355,#7356,#7357,#7358,#7359,#7360,#7361,
#7362,#7363,#7364,#7365,#7366,#7367),.UNSPECIFIED.,.F.,.F.)
B_SPLINE_CURVE_WITH_KNOTS((6,1,1,1,1,1,1,1,1,1,6),(0.,0.1,0.2,0.3,0.4,0.5,
0.6,0.7,0.8,0.9,1.),.UNSPECIFIED.)
CURVE()
GEOMETRIC_REPRESENTATION_ITEM()
RATIONAL_B_SPLINE_CURVE((1.,1.,1.,1.,1.,1.,1.,1.,1.,1.,1.,1.,1.,1.,1.))
REPRESENTATION_ITEM('')
);
#191=(
BOUNDED_CURVE()
B_SPLINE_CURVE(5,(#7369,#7370,#7371,#7372,#7373,#7374,#7375,#7376,#7377,
#7378,#7379,#7380,#7381,#7382,#7383),.UNSPECIFIED.,.F.,.F.)
B_SPLINE_CURVE_WITH_KNOTS((6,1,1,1,1,1,1,1,1,1,6),(0.,0.1,0.2,0.3,0.4,0.5,
0.6,0.7,0.8,0.9,1.),.UNSPECIFIED.)
CURVE()
GEOMETRIC_REPRESENTATION_ITEM()
RATIONAL_B_SPLINE_CURVE((1.,1.,1.,1.,1.,1.,1.,1.,1.,1.,1.,1.,1.,1.,1.))
REPRESENTATION_ITEM('')
);
#192=(
BOUNDED_CURVE()
B_SPLINE_CURVE(5,(#7385,#7386,#7387,#7388,#7389,#7390,#7391,#7392,#7393,
#7394,#7395,#7396,#7397,#7398,#7399,#7400,#7401,#7402,#7403,#7404),
 .UNSPECIFIED.,.F.,.F.)
B_SPLINE_CURVE_WITH_KNOTS((6,1,1,1,1,1,1,1,1,1,1,1,1,1,1,6),(0.,0.0666666666666667,
0.133333333333333,0.2,0.266666666666667,0.333333333333333,0.4,0.466666666666667,
0.533333333333333,0.6,0.666666666666667,0.733333333333333,0.8,0.866666666666667,
0.933333333333333,1.),.UNSPECIFIED.)
CURVE()
GEOMETRIC_REPRESENTATION_ITEM()
RATIONAL_B_SPLINE_CURVE((1.,1.,1.,1.,1.,1.,1.,1.,1.,1.,1.,1.,1.,1.,1.,1.,
1.,1.,1.,1.))
REPRESENTATION_ITEM('')
);
#193=(
BOUNDED_CURVE()
B_SPLINE_CURVE(5,(#7405,#7406,#7407,#7408,#7409,#7410,#7411,#7412,#7413,
#7414,#7415,#7416,#7417,#7418,#7419),.UNSPECIFIED.,.F.,.F.)
B_SPLINE_CURVE_WITH_KNOTS((6,1,1,1,1,1,1,1,1,1,6),(0.,0.1,0.2,0.3,0.4,0.5,
0.6,0.7,0.8,0.9,0.979463575912797),.UNSPECIFIED.)
CURVE()
GEOMETRIC_REPRESENTATION_ITEM()
RATIONAL_B_SPLINE_CURVE((1.,1.,1.,1.,1.,1.,1.,1.,1.,1.,1.,1.,1.,1.,1.))
REPRESENTATION_ITEM('')
);
#194=(
BOUNDED_CURVE()
B_SPLINE_CURVE(5,(#7425,#7426,#7427,#7428,#7429,#7430),.UNSPECIFIED.,.F.,
 .F.)
B_SPLINE_CURVE_WITH_KNOTS((6,6),(-0.0625214604722292,-0.0620707516515602),
 .UNSPECIFIED.)
CURVE()
GEOMETRIC_REPRESENTATION_ITEM()
RATIONAL_B_SPLINE_CURVE((1.,1.,1.,1.,1.,1.))
REPRESENTATION_ITEM('')
);
#195=(
BOUNDED_CURVE()
B_SPLINE_CURVE(5,(#7518,#7519,#7520,#7521,#7522,#7523,#7524,#7525,#7526,
#7527,#7528,#7529,#7530,#7531,#7532),.UNSPECIFIED.,.F.,.F.)
B_SPLINE_CURVE_WITH_KNOTS((6,1,1,1,1,1,1,1,1,1,6),(-1.,-0.9,-0.8,-0.7,-0.6,
-0.5,-0.4,-0.3,-0.2,-0.1,0.),.UNSPECIFIED.)
CURVE()
GEOMETRIC_REPRESENTATION_ITEM()
RATIONAL_B_SPLINE_CURVE((1.,1.,1.,1.,1.,1.,1.,1.,1.,1.,1.,1.,1.,1.,1.))
REPRESENTATION_ITEM('')
);
#196=(
BOUNDED_CURVE()
B_SPLINE_CURVE(5,(#8249,#8250,#8251,#8252,#8253,#8254),.UNSPECIFIED.,.F.,
 .F.)
B_SPLINE_CURVE_WITH_KNOTS((6,6),(-0.0625214604722292,-0.0620707516515602),
 .UNSPECIFIED.)
CURVE()
GEOMETRIC_REPRESENTATION_ITEM()
RATIONAL_B_SPLINE_CURVE((1.,1.,1.,1.,1.,1.))
REPRESENTATION_ITEM('')
);
#197=FACE_OUTER_BOUND('',#311,.T.);
#198=FACE_OUTER_BOUND('',#312,.T.);
#199=FACE_OUTER_BOUND('',#313,.T.);
#200=FACE_OUTER_BOUND('',#314,.T.);
#201=FACE_OUTER_BOUND('',#315,.T.);
#202=FACE_OUTER_BOUND('',#321,.T.);
#203=FACE_OUTER_BOUND('',#322,.T.);
#204=FACE_OUTER_BOUND('',#323,.T.);
#205=FACE_OUTER_BOUND('',#324,.T.);
#206=FACE_OUTER_BOUND('',#325,.T.);
#207=FACE_OUTER_BOUND('',#327,.T.);
#208=FACE_OUTER_BOUND('',#328,.T.);
#209=FACE_OUTER_BOUND('',#329,.T.);
#210=FACE_OUTER_BOUND('',#330,.T.);
#211=FACE_OUTER_BOUND('',#331,.T.);
#212=FACE_OUTER_BOUND('',#333,.T.);
#213=FACE_OUTER_BOUND('',#334,.T.);
#214=FACE_OUTER_BOUND('',#335,.T.);
#215=FACE_OUTER_BOUND('',#336,.T.);
#216=FACE_OUTER_BOUND('',#337,.T.);
#217=FACE_OUTER_BOUND('',#338,.T.);
#218=FACE_OUTER_BOUND('',#339,.T.);
#219=FACE_OUTER_BOUND('',#340,.T.);
#220=FACE_OUTER_BOUND('',#341,.T.);
#221=FACE_OUTER_BOUND('',#342,.T.);
#222=FACE_OUTER_BOUND('',#343,.T.);
#223=FACE_OUTER_BOUND('',#344,.T.);
#224=FACE_OUTER_BOUND('',#345,.T.);
#225=FACE_OUTER_BOUND('',#346,.T.);
#226=FACE_OUTER_BOUND('',#347,.T.);
#227=FACE_OUTER_BOUND('',#348,.T.);
#228=FACE_OUTER_BOUND('',#349,.T.);
#229=FACE_OUTER_BOUND('',#350,.T.);
#230=FACE_OUTER_BOUND('',#351,.T.);
#231=FACE_OUTER_BOUND('',#352,.T.);
#232=FACE_OUTER_BOUND('',#353,.T.);
#233=FACE_OUTER_BOUND('',#354,.T.);
#234=FACE_OUTER_BOUND('',#355,.T.);
#235=FACE_OUTER_BOUND('',#356,.T.);
#236=FACE_OUTER_BOUND('',#357,.T.);
#237=FACE_OUTER_BOUND('',#358,.T.);
#238=FACE_OUTER_BOUND('',#359,.T.);
#239=FACE_OUTER_BOUND('',#360,.T.);
#240=FACE_OUTER_BOUND('',#361,.T.);
#241=FACE_OUTER_BOUND('',#371,.T.);
#242=FACE_OUTER_BOUND('',#372,.T.);
#243=FACE_OUTER_BOUND('',#373,.T.);
#244=FACE_OUTER_BOUND('',#374,.T.);
#245=FACE_OUTER_BOUND('',#375,.T.);
#246=FACE_OUTER_BOUND('',#376,.T.);
#247=FACE_OUTER_BOUND('',#377,.T.);
#248=FACE_OUTER_BOUND('',#378,.T.);
#249=FACE_OUTER_BOUND('',#379,.T.);
#250=FACE_OUTER_BOUND('',#380,.T.);
#251=FACE_OUTER_BOUND('',#381,.T.);
#252=FACE_OUTER_BOUND('',#382,.T.);
#253=FACE_OUTER_BOUND('',#383,.T.);
#254=FACE_OUTER_BOUND('',#384,.T.);
#255=FACE_OUTER_BOUND('',#385,.T.);
#256=FACE_OUTER_BOUND('',#386,.T.);
#257=FACE_OUTER_BOUND('',#387,.T.);
#258=FACE_OUTER_BOUND('',#388,.T.);
#259=FACE_OUTER_BOUND('',#389,.T.);
#260=FACE_OUTER_BOUND('',#390,.T.);
#261=FACE_OUTER_BOUND('',#391,.T.);
#262=FACE_OUTER_BOUND('',#392,.T.);
#263=FACE_OUTER_BOUND('',#393,.T.);
#264=FACE_OUTER_BOUND('',#394,.T.);
#265=FACE_OUTER_BOUND('',#395,.T.);
#266=FACE_OUTER_BOUND('',#396,.T.);
#267=FACE_OUTER_BOUND('',#397,.T.);
#268=FACE_OUTER_BOUND('',#398,.T.);
#269=FACE_OUTER_BOUND('',#399,.T.);
#270=FACE_OUTER_BOUND('',#400,.T.);
#271=FACE_OUTER_BOUND('',#401,.T.);
#272=FACE_OUTER_BOUND('',#402,.T.);
#273=FACE_OUTER_BOUND('',#403,.T.);
#274=FACE_OUTER_BOUND('',#404,.T.);
#275=FACE_OUTER_BOUND('',#405,.T.);
#276=FACE_OUTER_BOUND('',#406,.T.);
#277=FACE_OUTER_BOUND('',#407,.T.);
#278=FACE_OUTER_BOUND('',#408,.T.);
#279=FACE_OUTER_BOUND('',#409,.T.);
#280=FACE_OUTER_BOUND('',#410,.T.);
#281=FACE_OUTER_BOUND('',#411,.T.);
#282=FACE_OUTER_BOUND('',#412,.T.);
#283=FACE_OUTER_BOUND('',#413,.T.);
#284=FACE_OUTER_BOUND('',#414,.T.);
#285=FACE_OUTER_BOUND('',#415,.T.);
#286=FACE_OUTER_BOUND('',#416,.T.);
#287=FACE_OUTER_BOUND('',#417,.T.);
#288=FACE_OUTER_BOUND('',#418,.T.);
#289=FACE_OUTER_BOUND('',#419,.T.);
#290=FACE_OUTER_BOUND('',#420,.T.);
#291=FACE_OUTER_BOUND('',#421,.T.);
#292=FACE_OUTER_BOUND('',#422,.T.);
#293=FACE_OUTER_BOUND('',#423,.T.);
#294=FACE_OUTER_BOUND('',#424,.T.);
#295=FACE_OUTER_BOUND('',#425,.T.);
#296=FACE_OUTER_BOUND('',#426,.T.);
#297=FACE_OUTER_BOUND('',#427,.T.);
#298=FACE_OUTER_BOUND('',#428,.T.);
#299=FACE_OUTER_BOUND('',#429,.T.);
#300=FACE_OUTER_BOUND('',#430,.T.);
#301=FACE_OUTER_BOUND('',#431,.T.);
#302=FACE_OUTER_BOUND('',#432,.T.);
#303=FACE_OUTER_BOUND('',#433,.T.);
#304=FACE_OUTER_BOUND('',#434,.T.);
#305=FACE_OUTER_BOUND('',#435,.T.);
#306=FACE_OUTER_BOUND('',#436,.T.);
#307=FACE_OUTER_BOUND('',#437,.T.);
#308=FACE_OUTER_BOUND('',#438,.T.);
#309=FACE_OUTER_BOUND('',#439,.T.);
#310=FACE_OUTER_BOUND('',#440,.T.);
#311=EDGE_LOOP('',(#1356,#1357,#1358,#1359));
#312=EDGE_LOOP('',(#1360,#1361,#1362,#1363,#1364));
#313=EDGE_LOOP('',(#1365,#1366,#1367,#1368,#1369,#1370));
#314=EDGE_LOOP('',(#1371,#1372,#1373,#1374));
#315=EDGE_LOOP('',(#1375,#1376,#1377,#1378,#1379,#1380,#1381,#1382,#1383,
#1384,#1385,#1386,#1387,#1388,#1389));
#316=EDGE_LOOP('',(#1390,#1391,#1392,#1393,#1394,#1395,#1396,#1397,#1398,
#1399,#1400,#1401,#1402,#1403,#1404,#1405,#1406,#1407,#1408,#1409,#1410,
#1411,#1412,#1413,#1414));
#317=EDGE_LOOP('',(#1415));
#318=EDGE_LOOP('',(#1416));
#319=EDGE_LOOP('',(#1417));
#320=EDGE_LOOP('',(#1418));
#321=EDGE_LOOP('',(#1419,#1420,#1421,#1422,#1423,#1424));
#322=EDGE_LOOP('',(#1425,#1426,#1427,#1428));
#323=EDGE_LOOP('',(#1429,#1430,#1431,#1432));
#324=EDGE_LOOP('',(#1433,#1434,#1435,#1436,#1437,#1438));
#325=EDGE_LOOP('',(#1439,#1440,#1441,#1442,#1443,#1444,#1445));
#326=EDGE_LOOP('',(#1446,#1447,#1448,#1449));
#327=EDGE_LOOP('',(#1450,#1451,#1452,#1453,#1454,#1455));
#328=EDGE_LOOP('',(#1456,#1457,#1458,#1459,#1460,#1461));
#329=EDGE_LOOP('',(#1462,#1463,#1464,#1465));
#330=EDGE_LOOP('',(#1466,#1467,#1468,#1469));
#331=EDGE_LOOP('',(#1470,#1471,#1472,#1473,#1474,#1475,#1476,#1477));
#332=EDGE_LOOP('',(#1478,#1479,#1480,#1481));
#333=EDGE_LOOP('',(#1482,#1483,#1484,#1485));
#334=EDGE_LOOP('',(#1486,#1487,#1488,#1489));
#335=EDGE_LOOP('',(#1490,#1491,#1492,#1493));
#336=EDGE_LOOP('',(#1494,#1495,#1496,#1497));
#337=EDGE_LOOP('',(#1498,#1499,#1500,#1501));
#338=EDGE_LOOP('',(#1502,#1503,#1504));
#339=EDGE_LOOP('',(#1505,#1506,#1507,#1508));
#340=EDGE_LOOP('',(#1509,#1510,#1511,#1512));
#341=EDGE_LOOP('',(#1513,#1514,#1515,#1516));
#342=EDGE_LOOP('',(#1517,#1518,#1519,#1520));
#343=EDGE_LOOP('',(#1521,#1522,#1523,#1524));
#344=EDGE_LOOP('',(#1525,#1526,#1527));
#345=EDGE_LOOP('',(#1528,#1529,#1530,#1531));
#346=EDGE_LOOP('',(#1532,#1533,#1534,#1535));
#347=EDGE_LOOP('',(#1536,#1537,#1538,#1539));
#348=EDGE_LOOP('',(#1540,#1541,#1542));
#349=EDGE_LOOP('',(#1543,#1544,#1545,#1546));
#350=EDGE_LOOP('',(#1547,#1548,#1549,#1550));
#351=EDGE_LOOP('',(#1551,#1552,#1553,#1554));
#352=EDGE_LOOP('',(#1555,#1556,#1557));
#353=EDGE_LOOP('',(#1558,#1559,#1560,#1561));
#354=EDGE_LOOP('',(#1562,#1563,#1564,#1565));
#355=EDGE_LOOP('',(#1566,#1567,#1568,#1569));
#356=EDGE_LOOP('',(#1570,#1571,#1572));
#357=EDGE_LOOP('',(#1573,#1574,#1575,#1576));
#358=EDGE_LOOP('',(#1577,#1578,#1579,#1580));
#359=EDGE_LOOP('',(#1581,#1582));
#360=EDGE_LOOP('',(#1583,#1584,#1585,#1586));
#361=EDGE_LOOP('',(#1587,#1588,#1589,#1590,#1591,#1592,#1593,#1594,#1595,
#1596,#1597,#1598,#1599,#1600,#1601,#1602,#1603,#1604,#1605,#1606,#1607,
#1608,#1609));
#362=EDGE_LOOP('',(#1610,#1611,#1612));
#363=EDGE_LOOP('',(#1613,#1614,#1615,#1616,#1617,#1618,#1619,#1620));
#364=EDGE_LOOP('',(#1621,#1622,#1623,#1624,#1625,#1626,#1627,#1628));
#365=EDGE_LOOP('',(#1629,#1630,#1631,#1632));
#366=EDGE_LOOP('',(#1633,#1634,#1635,#1636));
#367=EDGE_LOOP('',(#1637,#1638,#1639,#1640));
#368=EDGE_LOOP('',(#1641,#1642));
#369=EDGE_LOOP('',(#1643,#1644,#1645));
#370=EDGE_LOOP('',(#1646,#1647,#1648));
#371=EDGE_LOOP('',(#1649,#1650,#1651,#1652,#1653));
#372=EDGE_LOOP('',(#1654,#1655,#1656));
#373=EDGE_LOOP('',(#1657,#1658,#1659,#1660));
#374=EDGE_LOOP('',(#1661,#1662,#1663,#1664));
#375=EDGE_LOOP('',(#1665,#1666,#1667,#1668,#1669));
#376=EDGE_LOOP('',(#1670,#1671,#1672,#1673,#1674));
#377=EDGE_LOOP('',(#1675,#1676,#1677,#1678));
#378=EDGE_LOOP('',(#1679,#1680,#1681,#1682));
#379=EDGE_LOOP('',(#1683,#1684,#1685,#1686));
#380=EDGE_LOOP('',(#1687));
#381=EDGE_LOOP('',(#1688,#1689,#1690,#1691));
#382=EDGE_LOOP('',(#1692));
#383=EDGE_LOOP('',(#1693,#1694,#1695,#1696));
#384=EDGE_LOOP('',(#1697));
#385=EDGE_LOOP('',(#1698,#1699,#1700,#1701));
#386=EDGE_LOOP('',(#1702));
#387=EDGE_LOOP('',(#1703,#1704,#1705,#1706));
#388=EDGE_LOOP('',(#1707,#1708,#1709,#1710));
#389=EDGE_LOOP('',(#1711,#1712,#1713,#1714));
#390=EDGE_LOOP('',(#1715,#1716,#1717,#1718));
#391=EDGE_LOOP('',(#1719,#1720,#1721,#1722));
#392=EDGE_LOOP('',(#1723,#1724,#1725,#1726));
#393=EDGE_LOOP('',(#1727,#1728,#1729,#1730));
#394=EDGE_LOOP('',(#1731,#1732,#1733,#1734));
#395=EDGE_LOOP('',(#1735,#1736,#1737,#1738));
#396=EDGE_LOOP('',(#1739,#1740,#1741,#1742));
#397=EDGE_LOOP('',(#1743,#1744,#1745,#1746));
#398=EDGE_LOOP('',(#1747,#1748,#1749,#1750));
#399=EDGE_LOOP('',(#1751,#1752,#1753,#1754,#1755,#1756));
#400=EDGE_LOOP('',(#1757,#1758,#1759,#1760));
#401=EDGE_LOOP('',(#1761,#1762,#1763,#1764,#1765,#1766));
#402=EDGE_LOOP('',(#1767,#1768,#1769,#1770));
#403=EDGE_LOOP('',(#1771,#1772,#1773,#1774));
#404=EDGE_LOOP('',(#1775,#1776,#1777,#1778));
#405=EDGE_LOOP('',(#1779,#1780,#1781,#1782,#1783,#1784));
#406=EDGE_LOOP('',(#1785,#1786,#1787,#1788));
#407=EDGE_LOOP('',(#1789,#1790,#1791,#1792,#1793,#1794));
#408=EDGE_LOOP('',(#1795,#1796,#1797,#1798));
#409=EDGE_LOOP('',(#1799,#1800,#1801,#1802));
#410=EDGE_LOOP('',(#1803,#1804,#1805,#1806));
#411=EDGE_LOOP('',(#1807,#1808,#1809,#1810));
#412=EDGE_LOOP('',(#1811,#1812,#1813,#1814));
#413=EDGE_LOOP('',(#1815,#1816,#1817,#1818));
#414=EDGE_LOOP('',(#1819,#1820,#1821,#1822));
#415=EDGE_LOOP('',(#1823,#1824,#1825,#1826,#1827,#1828));
#416=EDGE_LOOP('',(#1829,#1830,#1831,#1832,#1833));
#417=EDGE_LOOP('',(#1834,#1835,#1836,#1837,#1838,#1839,#1840,#1841));
#418=EDGE_LOOP('',(#1842,#1843,#1844,#1845));
#419=EDGE_LOOP('',(#1846,#1847,#1848,#1849));
#420=EDGE_LOOP('',(#1850,#1851,#1852,#1853));
#421=EDGE_LOOP('',(#1854,#1855,#1856,#1857));
#422=EDGE_LOOP('',(#1858,#1859,#1860,#1861));
#423=EDGE_LOOP('',(#1862,#1863,#1864,#1865));
#424=EDGE_LOOP('',(#1866,#1867,#1868,#1869));
#425=EDGE_LOOP('',(#1870,#1871,#1872,#1873));
#426=EDGE_LOOP('',(#1874,#1875,#1876,#1877));
#427=EDGE_LOOP('',(#1878,#1879,#1880,#1881));
#428=EDGE_LOOP('',(#1882,#1883,#1884,#1885));
#429=EDGE_LOOP('',(#1886,#1887,#1888,#1889));
#430=EDGE_LOOP('',(#1890,#1891,#1892,#1893));
#431=EDGE_LOOP('',(#1894,#1895,#1896,#1897,#1898));
#432=EDGE_LOOP('',(#1899,#1900,#1901,#1902,#1903,#1904));
#433=EDGE_LOOP('',(#1905,#1906,#1907,#1908));
#434=EDGE_LOOP('',(#1909,#1910,#1911,#1912));
#435=EDGE_LOOP('',(#1913,#1914,#1915,#1916));
#436=EDGE_LOOP('',(#1917,#1918,#1919,#1920));
#437=EDGE_LOOP('',(#1921,#1922,#1923,#1924));
#438=EDGE_LOOP('',(#1925,#1926,#1927,#1928));
#439=EDGE_LOOP('',(#1929,#1930,#1931,#1932));
#440=EDGE_LOOP('',(#1933,#1934,#1935,#1936,#1937,#1938,#1939,#1940,#1941,
#1942,#1943,#1944,#1945,#1946,#1947,#1948,#1949,#1950,#1951,#1952,#1953,
#1954,#1955,#1956,#1957,#1958,#1959,#1960,#1961,#1962,#1963,#1964,#1965,
#1966,#1967,#1968,#1969,#1970,#1971));
#441=EDGE_LOOP('',(#1972,#1973,#1974,#1975));
#442=EDGE_LOOP('',(#1976,#1977,#1978));
#443=EDGE_LOOP('',(#1979,#1980,#1981));
#444=B_SPLINE_CURVE_WITH_KNOTS('',3,(#2630,#2631,#2632,#2633,#2634,#2635,
#2636,#2637,#2638,#2639,#2640,#2641,#2642,#2643,#2644,#2645,#2646,#2647,
#2648,#2649,#2650,#2651,#2652,#2653,#2654,#2655,#2656,#2657,#2658,#2659,
#2660),.UNSPECIFIED.,.F.,.F.,(4,3,3,3,3,3,3,3,3,3,4),(-0.876334650803116,
-0.813933312095252,-0.749972346593656,-0.681779091587469,-0.60271570617455,
-0.51179132266252,-0.414226545867696,-0.332617595975504,-0.259431289197198,
-0.192487550639874,-0.142608200380865),.UNSPECIFIED.);
#445=B_SPLINE_CURVE_WITH_KNOTS('',3,(#2663,#2664,#2665,#2666,#2667,#2668,
#2669,#2670,#2671,#2672,#2673,#2674,#2675,#2676,#2677,#2678,#2679,#2680,
#2681,#2682,#2683,#2684,#2685,#2686,#2687,#2688,#2689,#2690,#2691,#2692,
#2693),.UNSPECIFIED.,.F.,.F.,(4,3,3,3,3,3,3,3,3,3,4),(-0.700744972528172,
-0.641148614303138,-0.580062735516234,-0.514934811371838,-0.439425376203948,
-0.352588102463072,-0.259408925406686,-0.181468350527099,-0.111571815512906,
-0.0476372412457762,1.11022302462516E-16),.UNSPECIFIED.);
#446=B_SPLINE_CURVE_WITH_KNOTS('',3,(#2745,#2746,#2747,#2748),
 .UNSPECIFIED.,.F.,.F.,(4,4),(0.,0.100000000000002),.UNSPECIFIED.);
#447=B_SPLINE_CURVE_WITH_KNOTS('',3,(#2772,#2773,#2774,#2775,#2776,#2777,
#2778,#2779,#2780,#2781,#2782,#2783,#2784,#2785,#2786,#2787,#2788,#2789,
#2790,#2791,#2792,#2793,#2794,#2795,#2796,#2797,#2798,#2799,#2800,#2801,
#2802,#2803,#2804,#2805,#2806,#2807,#2808,#2809,#2810,#2811,#2812,#2813,
#2814,#2815,#2816,#2817,#2818,#2819,#2820,#2821,#2822,#2823,#2824,#2825,
#2826,#2827,#2828,#2829,#2830,#2831,#2832,#2833,#2834,#2835,#2836,#2837,
#2838,#2839,#2840,#2841,#2842,#2843,#2844,#2845,#2846,#2847,#2848,#2849,
#2850,#2851,#2852,#2853,#2854,#2855,#2856,#2857,#2858,#2859,#2860,#2861,
#2862,#2863,#2864,#2865,#2866,#2867,#2868,#2869,#2870,#2871,#2872,#2873,
#2874),.UNSPECIFIED.,.F.,.F.,(4,3,3,3,3,3,3,3,3,3,3,3,3,3,3,3,3,3,3,3,3,
3,3,3,3,3,3,3,3,3,3,3,3,3,4),(-1.39197269798409,-1.3399918648787,-1.27095657336715,
-1.22515168933932,-1.18423880340624,-1.14613900518792,-1.11010200011147,
-1.07541131260799,-1.04180470908899,-1.00924831192996,-0.976039825987376,
-0.94182886657242,-0.906292283559277,-0.868889142770178,-0.82886664633598,
-0.785229721164983,-0.733869279785885,-0.670046536537774,-0.624552037112341,
-0.583339445791406,-0.545040406811104,-0.509138100273173,-0.474921619212001,
-0.44146383611376,-0.4082408123904,-0.375190788788931,-0.341462580210103,
-0.306202171991005,-0.267814873659599,-0.227414310835721,-0.184346145173098,
-0.136294301879975,-0.0681471509399875,-0.0137416734060892,0.),
 .UNSPECIFIED.);
#448=B_SPLINE_CURVE_WITH_KNOTS('',3,(#3049,#3050,#3051,#3052,#3053,#3054,
#3055,#3056,#3057,#3058,#3059,#3060,#3061,#3062,#3063,#3064,#3065,#3066,
#3067,#3068,#3069,#3070,#3071,#3072,#3073,#3074,#3075,#3076,#3077,#3078,
#3079,#3080,#3081,#3082,#3083,#3084,#3085,#3086,#3087,#3088,#3089,#3090,
#3091,#3092,#3093,#3094,#3095,#3096,#3097,#3098,#3099,#3100,#3101,#3102,
#3103,#3104,#3105,#3106,#3107,#3108,#3109,#3110,#3111,#3112,#3113,#3114,
#3115,#3116,#3117,#3118),.UNSPECIFIED.,.F.,.F.,(4,3,3,3,3,3,3,3,3,3,3,3,
3,3,3,3,3,3,3,3,3,3,3,4),(-3.44194774940844,-3.30410268181666,-3.16337839296284,
-3.01757566052353,-2.85926450146062,-2.67138368510621,-2.45403098821552,
-2.30065405145205,-2.16613776250513,-2.04456671238806,-1.92477668925922,
-1.80301495649478,-1.67738310904399,-1.54058873335864,-1.38024665827333,
-1.13411495209955,-0.94905007035824,-0.787474387465352,-0.637071832686975,
-0.490654356194514,-0.348013047680449,-0.206338024279012,-0.0652191332676621,
0.),.UNSPECIFIED.);
#449=B_SPLINE_CURVE_WITH_KNOTS('',3,(#3120,#3121,#3122,#3123,#3124,#3125,
#3126,#3127,#3128,#3129,#3130,#3131,#3132,#3133,#3134,#3135,#3136,#3137,
#3138,#3139,#3140,#3141,#3142,#3143,#3144,#3145,#3146,#3147,#3148,#3149,
#3150,#3151,#3152,#3153,#3154,#3155,#3156,#3157,#3158,#3159,#3160,#3161,
#3162,#3163,#3164,#3165,#3166,#3167,#3168,#3169,#3170,#3171,#3172,#3173,
#3174,#3175,#3176,#3177,#3178,#3179,#3180,#3181,#3182,#3183,#3184,#3185,
#3186,#3187,#3188,#3189,#3190,#3191,#3192,#3193,#3194,#3195,#3196,#3197,
#3198,#3199,#3200,#3201,#3202,#3203,#3204,#3205,#3206,#3207,#3208,#3209,
#3210,#3211,#3212,#3213,#3214,#3215,#3216,#3217,#3218,#3219,#3220,#3221,
#3222,#3223,#3224,#3225),.UNSPECIFIED.,.F.,.F.,(4,3,3,3,3,3,3,3,3,3,3,3,
3,3,3,3,3,3,3,3,3,3,3,3,3,3,3,3,3,3,3,3,3,3,3,4),(-11.5677087921054,-11.2062178923521,
-10.8560235832161,-10.5167728462406,-10.1856244983112,-9.8617826185694,
-9.54450156942854,-9.23366467511633,-8.92930580474901,-8.63098035234067,
-8.33065261280201,-8.01675925628444,-7.68330238199303,-7.31628135081145,
-6.88339570754124,-6.45318347581992,-6.08984971121569,-5.77004649438781,
-5.47537038607531,-5.19529517206422,-4.92347020642652,-4.6585662810943,
-4.39244172251627,-4.10654919793936,-3.80370102884604,-3.48439548751317,
-3.14474814127308,-2.77539210544859,-2.33266873421134,-1.88614721285997,
-1.48272667019347,-1.1120450026451,-0.763599143985449,-0.424686479040207,
-0.0957771849653021,0.),.UNSPECIFIED.);
#450=B_SPLINE_CURVE_WITH_KNOTS('',3,(#3227,#3228,#3229,#3230,#3231,#3232,
#3233,#3234,#3235,#3236,#3237,#3238,#3239,#3240,#3241,#3242,#3243,#3244,
#3245,#3246,#3247,#3248,#3249,#3250,#3251,#3252,#3253,#3254,#3255,#3256,
#3257,#3258,#3259,#3260,#3261,#3262,#3263,#3264,#3265,#3266,#3267,#3268,
#3269,#3270,#3271,#3272,#3273,#3274,#3275,#3276,#3277,#3278,#3279,#3280,
#3281),.UNSPECIFIED.,.F.,.F.,(4,3,3,3,3,3,3,3,3,3,3,3,3,3,3,3,3,3,4),(-1.75364557492276,
-1.66687709182946,-1.57836291816273,-1.48532307191973,-1.38104010877892,
-1.20841009518155,-1.11861049710383,-1.03916277808715,-0.962881570339628,
-0.888352567403301,-0.810753395372155,-0.723023459678712,-0.608217098552498,
-0.456162823914373,-0.354736864799496,-0.262643164717424,-0.17277307532854,
-0.0845457177151143,0.),.UNSPECIFIED.);
#451=B_SPLINE_CURVE_WITH_KNOTS('',3,(#3283,#3284,#3285,#3286,#3287,#3288,
#3289,#3290,#3291,#3292,#3293,#3294,#3295,#3296,#3297,#3298,#3299,#3300,
#3301,#3302,#3303,#3304,#3305,#3306,#3307,#3308,#3309,#3310,#3311,#3312,
#3313,#3314,#3315,#3316,#3317,#3318,#3319,#3320,#3321,#3322,#3323,#3324,
#3325,#3326,#3327,#3328,#3329,#3330,#3331,#3332,#3333,#3334),
 .UNSPECIFIED.,.F.,.F.,(4,3,3,3,3,3,3,3,3,3,3,3,3,3,3,3,3,4),(-1.58942679272752,
-1.50491208758369,-1.41862093635682,-1.32275351992025,-1.21665863708997,
-1.06457630745372,-0.980913812460893,-0.904723778023397,-0.831629605618629,
-0.758651129405803,-0.678135887388246,-0.575516644408084,-0.431637483306063,
-0.329387270860622,-0.239311889620469,-0.151756156533964,-0.0659842048018378,
0.),.UNSPECIFIED.);
#452=B_SPLINE_CURVE_WITH_KNOTS('',3,(#3336,#3337,#3338,#3339,#3340,#3341,
#3342,#3343,#3344,#3345,#3346,#3347,#3348,#3349,#3350,#3351,#3352,#3353,
#3354,#3355,#3356,#3357,#3358,#3359,#3360,#3361,#3362,#3363,#3364,#3365,
#3366,#3367,#3368,#3369,#3370,#3371,#3372,#3373,#3374,#3375,#3376,#3377,
#3378,#3379,#3380,#3381,#3382,#3383,#3384,#3385,#3386,#3387),
 .UNSPECIFIED.,.F.,.F.,(4,3,3,3,3,3,3,3,3,3,3,3,3,3,3,3,3,4),(-1.44585020524845,
-1.36912958655507,-1.290783458462,-1.20364219042337,-1.10717916704561,-0.968781771164904,
-0.893061057258437,-0.823995785526712,-0.757585455768082,-0.691276063805024,
-0.618160345608238,-0.524459144210921,-0.39334435815819,-0.300595771953847,
-0.218830908708027,-0.139321922617659,-0.0614218330804029,0.),
 .UNSPECIFIED.);
#453=B_SPLINE_CURVE_WITH_KNOTS('',3,(#3389,#3390,#3391,#3392,#3393,#3394,
#3395,#3396,#3397,#3398,#3399,#3400,#3401,#3402,#3403,#3404,#3405,#3406,
#3407,#3408,#3409,#3410,#3411,#3412,#3413,#3414,#3415,#3416,#3417,#3418,
#3419,#3420,#3421,#3422,#3423,#3424,#3425,#3426,#3427,#3428,#3429,#3430,
#3431,#3432,#3433,#3434,#3435,#3436,#3437,#3438,#3439,#3440,#3441,#3442,
#3443,#3444,#3445,#3446),.UNSPECIFIED.,.F.,.F.,(4,3,3,3,3,3,3,3,3,3,3,3,
3,3,3,3,3,3,3,4),(-2.11570905541503,-2.01569997723332,-1.91338930162844,
-1.80557108729687,-1.683114891565,-1.47272553011938,-1.37179323586005,-1.28212090170683,
-1.19470107594286,-1.10713098120915,-1.01723913205306,-0.917759619875246,
-0.79042629133726,-0.592819718502945,-0.473503975929353,-0.364598956940476,
-0.260110598693647,-0.157183509106772,-0.0550219978305243,0.),
 .UNSPECIFIED.);
#454=B_SPLINE_CURVE_WITH_KNOTS('',3,(#3448,#3449,#3450,#3451,#3452,#3453,
#3454,#3455,#3456,#3457,#3458,#3459,#3460,#3461,#3462,#3463,#3464,#3465,
#3466,#3467,#3468,#3469,#3470,#3471,#3472,#3473,#3474,#3475,#3476,#3477,
#3478,#3479,#3480,#3481,#3482,#3483,#3484,#3485,#3486,#3487,#3488,#3489,
#3490,#3491,#3492,#3493,#3494,#3495,#3496,#3497,#3498,#3499,#3500,#3501,
#3502,#3503,#3504,#3505,#3506,#3507,#3508,#3509,#3510,#3511,#3512,#3513,
#3514,#3515,#3516,#3517,#3518,#3519,#3520,#3521,#3522,#3523,#3524,#3525,
#3526,#3527,#3528,#3529,#3530,#3531,#3532,#3533,#3534,#3535,#3536,#3537,
#3538,#3539,#3540,#3541,#3542,#3543,#3544,#3545,#3546,#3547,#3548,#3549,
#3550,#3551,#3552,#3553,#3554,#3555,#3556,#3557,#3558,#3559,#3560,#3561,
#3562,#3563,#3564,#3565,#3566,#3567,#3568,#3569,#3570,#3571,#3572,#3573,
#3574),.UNSPECIFIED.,.F.,.F.,(4,3,3,3,3,3,3,3,3,3,3,3,3,3,3,3,3,3,3,3,3,
3,3,3,3,3,3,3,3,3,3,3,3,3,3,3,3,3,3,3,3,3,4),(-8.52468481948076,-8.2959977192612,
-8.03107944278159,-7.77756578299297,-7.53451685227444,-7.32747093685791,
-7.13598086334863,-6.95514084131201,-6.7822013706642,-6.61590286247472,
-6.45506230310445,-6.29875299332637,-6.14363920966803,-5.98437798879556,
-5.82003945730447,-5.64949713810967,-5.46755744354399,-5.27530575014528,
-5.06804714401912,-4.83526681279198,-4.51975677992911,-4.23727198118354,
-4.01751947834676,-3.81870013592516,-3.63404727121592,-3.45899144797833,
-3.28975499200157,-3.12326033683059,-2.95921710289987,-2.79713116298136,
-2.6320786058375,-2.45921871237958,-2.28024820705751,-2.09591837435309,
-1.90634195170533,-1.71054344418603,-1.49672551366277,-1.27499565347328,
-1.0377139582867,-0.769701280218793,-0.489327471797149,-0.227532187222641,
0.),.UNSPECIFIED.);
#455=B_SPLINE_CURVE_WITH_KNOTS('',3,(#3576,#3577,#3578,#3579,#3580,#3581,
#3582,#3583,#3584,#3585,#3586,#3587,#3588,#3589,#3590,#3591,#3592,#3593,
#3594,#3595,#3596,#3597,#3598,#3599,#3600,#3601,#3602,#3603,#3604,#3605,
#3606,#3607,#3608,#3609,#3610,#3611,#3612,#3613,#3614,#3615,#3616,#3617,
#3618,#3619,#3620,#3621,#3622,#3623,#3624,#3625,#3626,#3627,#3628,#3629,
#3630,#3631,#3632,#3633,#3634,#3635,#3636,#3637,#3638,#3639,#3640,#3641,
#3642,#3643,#3644,#3645,#3646,#3647,#3648,#3649,#3650,#3651,#3652,#3653,
#3654,#3655,#3656,#3657,#3658,#3659,#3660,#3661,#3662,#3663,#3664,#3665,
#3666,#3667,#3668,#3669,#3670,#3671,#3672,#3673,#3674,#3675,#3676,#3677,
#3678,#3679,#3680,#3681,#3682,#3683,#3684,#3685,#3686,#3687,#3688,#3689,
#3690,#3691,#3692,#3693,#3694,#3695,#3696,#3697,#3698,#3699,#3700,#3701,
#3702,#3703,#3704,#3705,#3706,#3707,#3708,#3709,#3710,#3711,#3712,#3713,
#3714,#3715,#3716,#3717,#3718,#3719,#3720,#3721,#3722,#3723,#3724,#3725,
#3726,#3727,#3728,#3729,#3730,#3731,#3732,#3733,#3734,#3735,#3736,#3737,
#3738,#3739,#3740,#3741,#3742,#3743,#3744,#3745,#3746,#3747,#3748,#3749,
#3750,#3751,#3752,#3753,#3754,#3755,#3756,#3757,#3758,#3759,#3760,#3761,
#3762,#3763,#3764,#3765,#3766,#3767,#3768,#3769,#3770,#3771,#3772,#3773,
#3774,#3775,#3776,#3777,#3778,#3779,#3780,#3781,#3782,#3783,#3784,#3785,
#3786,#3787,#3788,#3789,#3790,#3791,#3792,#3793,#3794,#3795,#3796,#3797,
#3798,#3799,#3800,#3801,#3802,#3803,#3804,#3805,#3806,#3807,#3808,#3809,
#3810,#3811,#3812,#3813,#3814,#3815,#3816,#3817,#3818,#3819,#3820,#3821,
#3822,#3823,#3824,#3825,#3826,#3827,#3828),.UNSPECIFIED.,.F.,.F.,(4,3,3,
3,3,3,3,3,3,3,3,3,3,3,3,3,3,3,3,3,3,3,3,3,3,3,3,3,3,3,3,3,3,3,3,3,3,3,3,
3,3,3,3,3,3,3,3,3,3,3,3,3,3,3,3,3,3,3,3,3,3,3,3,3,3,3,3,3,3,3,3,3,3,3,3,
3,3,3,3,3,3,3,3,3,4),(-3.00187421309892,-2.963477271443,-2.92353411456695,
-2.88158572031996,-2.83494009867757,-2.78526128786763,-2.72351729449982,
-2.65832503991826,-2.60906562726363,-2.56462657526872,-2.52289573372936,
-2.48301381738243,-2.44421672648583,-2.40602584013449,-2.36843168638239,
-2.33142494128266,-2.29714858681756,-2.26372131356075,-2.23072118095185,
-2.19586616249947,-2.16037093911412,-2.12352338091837,-2.08449813738871,
-2.04310585748993,-2.00366524859786,-1.96758045575615,-1.93295496872556,
-1.89834625293588,-1.86378766158622,-1.8293828679878,-1.79599185490733,
-1.76565288551001,-1.73746943594392,-1.71032147600729,-1.68359770294468,
-1.65729148883617,-1.6313963093231,-1.60439730004056,-1.57541281266502,
-1.54416235858649,-1.51244627289716,-1.48277489444847,-1.45531395770861,
-1.42959911009167,-1.40519465149382,-1.38180576733123,-1.35918077359817,
-1.33651911080446,-1.31316053321035,-1.28892916548884,-1.26358912473511,
-1.23675576303665,-1.20770781701349,-1.17621863617023,-1.14335132399528,
-1.10753786721226,-1.06877100573357,-1.0256916901968,-0.982746269142541,
-0.948096221286935,-0.916701414111529,-0.887368529243541,-0.859547744996428,
-0.83268687796529,-0.806665413028875,-0.781457118871722,-0.756914306966839,
-0.731730893893541,-0.704838610529248,-0.675202029220584,-0.64235671067609,
-0.602209416258835,-0.566789018985811,-0.528426896134323,-0.487116218933047,
-0.441467956490411,-0.394684290015216,-0.348482447592669,-0.302812100115013,
-0.255650435109878,-0.205525912291731,-0.147927494274457,-0.0863296822355057,
-0.02007750765346,0.),.UNSPECIFIED.);
#456=B_SPLINE_CURVE_WITH_KNOTS('',3,(#3830,#3831,#3832,#3833,#3834,#3835,
#3836,#3837,#3838,#3839,#3840,#3841,#3842,#3843,#3844,#3845,#3846,#3847,
#3848,#3849,#3850,#3851,#3852,#3853,#3854,#3855,#3856,#3857,#3858,#3859,
#3860,#3861,#3862,#3863,#3864,#3865,#3866,#3867,#3868,#3869,#3870,#3871,
#3872,#3873,#3874,#3875,#3876,#3877,#3878,#3879,#3880,#3881,#3882,#3883,
#3884,#3885,#3886,#3887,#3888,#3889,#3890,#3891,#3892,#3893),
 .UNSPECIFIED.,.F.,.F.,(4,3,3,3,3,3,3,3,3,3,3,3,3,3,3,3,3,3,3,3,3,4),(-1.61882147307758,
-1.5503864988576,-1.48087818532,-1.40928666204023,-1.33299775375275,-1.24797528036625,
-1.09197837032047,-1.02244001340763,-0.958537512569657,-0.898089012246621,
-0.839616623188619,-0.780521926121675,-0.7167082467516,-0.643944649004085,
-0.554014666071679,-0.432370975011541,-0.349981198572426,-0.274796635187731,
-0.20324500650142,-0.133029531394615,-0.0637713577325996,0.),
 .UNSPECIFIED.);
#457=B_SPLINE_CURVE_WITH_KNOTS('',3,(#3895,#3896,#3897,#3898,#3899,#3900,
#3901,#3902,#3903,#3904,#3905,#3906,#3907,#3908,#3909,#3910,#3911,#3912,
#3913,#3914,#3915,#3916,#3917,#3918,#3919,#3920,#3921,#3922,#3923,#3924,
#3925,#3926,#3927,#3928,#3929,#3930,#3931,#3932,#3933,#3934,#3935,#3936,
#3937,#3938,#3939,#3940),.UNSPECIFIED.,.F.,.F.,(4,3,3,3,3,3,3,3,3,3,3,3,
3,3,3,4),(-1.38783399588768,-1.3010943711447,-1.21051252743821,-1.10927065536447,
-0.970611823443913,-0.87822794659686,-0.800348298413664,-0.726233977429285,
-0.652361817999019,-0.567681986829423,-0.447615589888977,-0.335711692416732,
-0.242771654815971,-0.153497297053088,-0.0667894601456956,0.),
 .UNSPECIFIED.);
#458=B_SPLINE_CURVE_WITH_KNOTS('',3,(#3942,#3943,#3944,#3945,#3946,#3947,
#3948,#3949,#3950,#3951,#3952,#3953,#3954,#3955,#3956,#3957,#3958,#3959,
#3960,#3961,#3962,#3963,#3964,#3965,#3966,#3967,#3968,#3969,#3970,#3971,
#3972,#3973,#3974,#3975,#3976,#3977,#3978,#3979,#3980,#3981,#3982,#3983,
#3984,#3985,#3986,#3987,#3988,#3989,#3990,#3991,#3992,#3993,#3994,#3995,
#3996,#3997,#3998,#3999,#4000,#4001,#4002,#4003,#4004,#4005,#4006,#4007,
#4008,#4009,#4010,#4011,#4012,#4013,#4014,#4015,#4016,#4017,#4018,#4019,
#4020,#4021,#4022,#4023,#4024,#4025,#4026,#4027,#4028,#4029,#4030,#4031,
#4032,#4033,#4034,#4035,#4036,#4037,#4038,#4039,#4040,#4041,#4042,#4043,
#4044,#4045,#4046,#4047),.UNSPECIFIED.,.F.,.F.,(4,3,3,3,3,3,3,3,3,3,3,3,
3,3,3,3,3,3,3,3,3,3,3,3,3,3,3,3,3,3,3,3,3,3,3,4),(-6.60292342665337,-6.39658206957045,
-6.19668887989637,-6.00304235239961,-5.81544727888712,-5.63185454221716,
-5.45089747928284,-5.27286958949184,-5.09879360556288,-4.92867353363174,
-4.7594570505139,-4.58746603062767,-4.41172364030623,-4.22587130951373,
-4.02018570213944,-3.7734163095783,-3.53757779022965,-3.33337308317256,
-3.15017087117106,-2.98050325861746,-2.82274786265101,-2.67321019187919,
-2.5266422960673,-2.37699240577499,-2.22147810737504,-2.05954774331408,
-1.88809274176762,-1.70331397129189,-1.50332482729947,-1.26579821348578,
-1.00609194002441,-0.776315888055377,-0.573321454656553,-0.379391980409588,
-0.189695990204794,0.),.UNSPECIFIED.);
#459=B_SPLINE_CURVE_WITH_KNOTS('',3,(#4048,#4049,#4050,#4051,#4052,#4053,
#4054,#4055,#4056,#4057,#4058,#4059,#4060,#4061,#4062,#4063,#4064,#4065,
#4066,#4067,#4068,#4069,#4070,#4071,#4072,#4073,#4074,#4075,#4076,#4077,
#4078,#4079,#4080,#4081,#4082,#4083,#4084,#4085,#4086,#4087,#4088,#4089,
#4090,#4091,#4092,#4093,#4094,#4095,#4096,#4097,#4098,#4099,#4100,#4101,
#4102,#4103,#4104,#4105,#4106,#4107,#4108,#4109,#4110,#4111,#4112,#4113,
#4114),.UNSPECIFIED.,.F.,.F.,(4,3,3,3,3,3,3,3,3,3,3,3,3,3,3,3,3,3,3,3,3,
3,4),(-4.30184984936869,-4.12000821856103,-3.93411539445813,-3.74039043928747,
-3.52763453286451,-3.25005885810293,-3.00909674529699,-2.82102819871593,
-2.64471393629618,-2.47941931527767,-2.31961572409725,-2.15679355633252,
-1.98289201773394,-1.78431086446789,-1.49561614418216,-1.23317149119726,
-1.01546625681622,-0.815520253708475,-0.621986722725901,-0.43370263525649,
-0.246785780716474,-0.0605952034504024,0.),.UNSPECIFIED.);
#460=B_SPLINE_CURVE_WITH_KNOTS('',3,(#4115,#4116,#4117,#4118,#4119,#4120,
#4121,#4122,#4123,#4124,#4125,#4126,#4127,#4128,#4129,#4130,#4131,#4132,
#4133,#4134,#4135,#4136,#4137,#4138,#4139,#4140,#4141,#4142,#4143,#4144,
#4145,#4146,#4147,#4148,#4149,#4150,#4151,#4152,#4153,#4154,#4155,#4156,
#4157,#4158,#4159,#4160,#4161,#4162,#4163,#4164,#4165,#4166,#4167,#4168,
#4169,#4170,#4171,#4172),.UNSPECIFIED.,.F.,.F.,(4,3,3,3,3,3,3,3,3,3,3,3,
3,3,3,3,3,3,3,4),(-3.71387714568621,-3.48643894173941,-3.15421623712297,
-2.95707772230279,-2.77226036465886,-2.60831367144572,-2.45420086094969,
-2.30081330714033,-2.14542653407799,-1.97750154770299,-1.78955219490807,
-1.57135427439725,-1.19978164472043,-0.987412825412372,-0.792291698717683,
-0.604484083897081,-0.424221909203581,-0.245918012086782,-0.0696986507765476,
0.),.UNSPECIFIED.);
#461=B_SPLINE_CURVE_WITH_KNOTS('',3,(#4178,#4179,#4180,#4181,#4182,#4183),
 .UNSPECIFIED.,.F.,.F.,(4,2,4),(-0.00986464917936196,-0.00493428697261027,
0.),.UNSPECIFIED.);
#462=B_SPLINE_CURVE_WITH_KNOTS('',3,(#4265,#4266,#4267,#4268,#4269,#4270),
 .UNSPECIFIED.,.F.,.F.,(4,2,4),(-0.0230750614903,-0.0115345124538259,0.),
 .UNSPECIFIED.);
#463=B_SPLINE_CURVE_WITH_KNOTS('',3,(#4315,#4316,#4317,#4318),
 .UNSPECIFIED.,.F.,.F.,(4,4),(0.,0.200000000000001),.UNSPECIFIED.);
#464=B_SPLINE_CURVE_WITH_KNOTS('',3,(#4339,#4340,#4341,#4342,#4343,#4344,
#4345,#4346,#4347,#4348,#4349,#4350,#4351,#4352,#4353,#4354,#4355,#4356,
#4357,#4358,#4359,#4360,#4361,#4362,#4363,#4364,#4365,#4366,#4367,#4368,
#4369,#4370,#4371,#4372,#4373,#4374,#4375,#4376,#4377,#4378,#4379,#4380,
#4381,#4382,#4383,#4384,#4385,#4386,#4387,#4388,#4389,#4390,#4391,#4392,
#4393,#4394,#4395,#4396,#4397,#4398,#4399,#4400,#4401,#4402,#4403,#4404,
#4405),.UNSPECIFIED.,.F.,.F.,(4,3,3,3,3,3,3,3,3,3,3,3,3,3,3,3,3,3,3,3,3,
3,4),(0.0910529761120746,0.451827033707776,0.822805627551185,1.21053164560102,
1.64238775865462,2.52355257145457,2.91273559235174,3.27392125914564,3.59205814846033,
3.88735765400155,4.18762944194234,4.49310567161186,4.8101004139044,5.14845901293261,
5.52838554836217,6.08261052704557,6.57385187422368,6.985241384224,7.36713889195387,
7.72286076636131,8.07223097280247,8.41589217277987,8.69170626105424),
 .UNSPECIFIED.);
#465=B_SPLINE_CURVE_WITH_KNOTS('',3,(#4437,#4438,#4439,#4440,#4441,#4442,
#4443,#4444,#4445,#4446,#4447,#4448,#4449,#4450,#4451,#4452,#4453,#4454,
#4455,#4456,#4457,#4458,#4459,#4460,#4461,#4462,#4463,#4464,#4465,#4466,
#4467),.UNSPECIFIED.,.F.,.F.,(4,3,3,3,3,3,3,3,3,3,4),(0.,0.126411765458815,
0.254172294842402,0.390358885619736,0.527467369150309,0.673436909287595,
0.848645174485323,1.04569155158903,1.19467828632505,1.31668725329895,1.34366502106107),
 .UNSPECIFIED.);
#466=B_SPLINE_CURVE_WITH_KNOTS('',3,(#4479,#4480,#4481,#4482),
 .UNSPECIFIED.,.F.,.F.,(4,4),(0.0500000000000003,0.15),.UNSPECIFIED.);
#467=B_SPLINE_CURVE_WITH_KNOTS('',3,(#4561,#4562,#4563,#4564),
 .UNSPECIFIED.,.F.,.F.,(4,4),(0.0500000000000005,0.25),.UNSPECIFIED.);
#468=B_SPLINE_CURVE_WITH_KNOTS('',3,(#4566,#4567,#4568,#4569,#4570,#4571,
#4572,#4573,#4574,#4575,#4576,#4577,#4578,#4579,#4580,#4581,#4582,#4583,
#4584,#4585,#4586,#4587),.UNSPECIFIED.,.F.,.F.,(4,3,3,3,3,3,3,4),(1.4893482586882,
1.59122090179293,1.70188138700157,1.82163328890495,1.96034796109145,2.19844406476363,
2.33758027198511,2.43654016843581),.UNSPECIFIED.);
#469=B_SPLINE_CURVE_WITH_KNOTS('',3,(#4589,#4590,#4591,#4592),
 .UNSPECIFIED.,.F.,.F.,(4,4),(0.,0.1),.UNSPECIFIED.);
#470=B_SPLINE_CURVE_WITH_KNOTS('',3,(#4649,#4650,#4651,#4652),
 .UNSPECIFIED.,.F.,.F.,(4,4),(0.,0.0642313376912732),.UNSPECIFIED.);
#471=B_SPLINE_CURVE_WITH_KNOTS('',3,(#4672,#4673,#4674,#4675),
 .UNSPECIFIED.,.F.,.F.,(4,4),(0.0500000000000002,0.25),.UNSPECIFIED.);
#472=B_SPLINE_CURVE_WITH_KNOTS('',3,(#4707,#4708,#4709,#4710),
 .UNSPECIFIED.,.F.,.F.,(4,4),(0.,0.200000000000001),.UNSPECIFIED.);
#473=B_SPLINE_CURVE_WITH_KNOTS('',3,(#4723,#4724,#4725,#4726),
 .UNSPECIFIED.,.F.,.F.,(4,4),(0.0500000000000001,0.150000000000001),
 .UNSPECIFIED.);
#474=B_SPLINE_CURVE_WITH_KNOTS('',3,(#4727,#4728,#4729,#4730,#4731,#4732),
 .UNSPECIFIED.,.F.,.F.,(4,2,4),(0.343472022346981,0.969280775952593,1.08539276089416),
 .UNSPECIFIED.);
#475=B_SPLINE_CURVE_WITH_KNOTS('',3,(#4765,#4766,#4767,#4768,#4769,#4770,
#4771,#4772,#4773,#4774,#4775,#4776,#4777,#4778,#4779,#4780,#4781,#4782,
#4783,#4784,#4785,#4786,#4787,#4788,#4789,#4790,#4791,#4792,#4793,#4794,
#4795,#4796,#4797,#4798,#4799,#4800,#4801,#4802,#4803,#4804,#4805,#4806,
#4807,#4808,#4809,#4810,#4811,#4812,#4813,#4814,#4815,#4816,#4817,#4818,
#4819,#4820,#4821,#4822,#4823,#4824,#4825,#4826,#4827,#4828),
 .UNSPECIFIED.,.F.,.F.,(4,3,3,3,3,3,3,3,3,3,3,3,3,3,3,3,3,3,3,3,3,4),(0.,
0.145370692418552,0.292643134613236,0.442801067541038,0.59988593352248,
0.767142803046427,0.962897130941398,1.21537878924186,1.37187876715428,1.5120580563984,
1.64288072423222,1.7672292694902,1.88965395215936,2.01873034274208,2.15926117312937,
2.32061546969875,2.52439660534645,2.72566474944845,2.89800702204785,3.05897756133652,
3.21215790410487,3.32849816616381),.UNSPECIFIED.);
#476=B_SPLINE_CURVE_WITH_KNOTS('',3,(#4879,#4880,#4881,#4882,#4883,#4884,
#4885,#4886,#4887,#4888,#4889,#4890,#4891,#4892,#4893,#4894,#4895,#4896,
#4897,#4898,#4899,#4900,#4901,#4902,#4903,#4904,#4905,#4906),
 .UNSPECIFIED.,.F.,.F.,(4,3,3,3,3,3,3,3,3,4),(1.29421085630335,1.37368930364594,
1.46836592604214,1.63336425864389,1.72858237870999,1.81510268225586,1.8967529093377,
1.97668075972839,2.05535915351536,2.12835925644914),.UNSPECIFIED.);
#477=B_SPLINE_CURVE_WITH_KNOTS('',3,(#4908,#4909,#4910,#4911),
 .UNSPECIFIED.,.F.,.F.,(4,4),(0.,0.100000000000001),.UNSPECIFIED.);
#478=B_SPLINE_CURVE_WITH_KNOTS('',3,(#6994,#6995,#6996,#6997,#6998,#6999,
#7000,#7001,#7002,#7003,#7004,#7005,#7006,#7007,#7008,#7009,#7010,#7011,
#7012),.UNSPECIFIED.,.F.,.F.,(4,3,3,3,3,3,4),(0.,0.0344068756761488,0.0391688983800734,
0.0783171896874739,0.117407292680388,0.137505352041895,0.157600999093546),
 .UNSPECIFIED.);
#479=B_SPLINE_CURVE_WITH_KNOTS('',3,(#7035,#7036,#7037,#7038,#7039,#7040,
#7041,#7042,#7043,#7044,#7045,#7046,#7047,#7048,#7049,#7050,#7051,#7052),
 .UNSPECIFIED.,.F.,.F.,(4,2,2,2,2,2,2,2,4),(0.,0.0390855810306132,0.0782176450870053,
0.106512602221259,0.121271698812147,0.126866000256512,0.136700424111625,
0.141893970516918,0.146909749323378),.UNSPECIFIED.);
#480=B_SPLINE_CURVE_WITH_KNOTS('',3,(#7053,#7054,#7055,#7056,#7057,#7058,
#7059,#7060,#7061,#7062,#7063,#7064,#7065,#7066,#7067,#7068,#7069,#7070,
#7071,#7072,#7073,#7074,#7075,#7076,#7077,#7078,#7079,#7080,#7081,#7082,
#7083,#7084,#7085,#7086,#7087),.UNSPECIFIED.,.F.,.F.,(4,1,1,1,1,1,1,1,1,
1,1,1,1,1,1,1,1,1,1,1,1,1,1,1,1,1,1,1,1,1,2,4),(-1.11514784512206,-1.11068116538765,
-1.08801420282872,-1.06534724026979,-1.04268027771086,-1.02001331515193,
-1.00867983387246,-0.997346352592994,-0.986012871313528,-0.974679390034062,
-0.969012649394329,-0.963345908754596,-0.95201242747513,-0.940678946195664,
-0.929345464916199,-0.906678502357267,-0.895345021077801,-0.884011539798335,
-0.861344577239404,-0.838677614680472,-0.81601065212154,-0.770676727003677,
-0.748009764444745,-0.725342801885814,-0.634674951650087,-0.54400710141436,
-0.453339251178633,-0.362671400942907,-0.181335700471453,-0.0906678502357267,
0.,0.00545096419978464),.UNSPECIFIED.);
#481=B_SPLINE_CURVE_WITH_KNOTS('',3,(#7090,#7091,#7092,#7093),
 .UNSPECIFIED.,.F.,.F.,(4,4),(1.45859874504298,1.61218151489381),
 .UNSPECIFIED.);
#482=B_SPLINE_CURVE_WITH_KNOTS('',3,(#7177,#7178,#7179,#7180,#7181,#7182,
#7183,#7184,#7185,#7186),.UNSPECIFIED.,.F.,.F.,(4,2,2,2,4),(0.195555135351287,
0.39181157530812,0.587717362962179,0.636693809875694,0.652501946767497),
 .UNSPECIFIED.);
#483=B_SPLINE_CURVE_WITH_KNOTS('',3,(#7188,#7189,#7190,#7191,#7192,#7193,
#7194),.UNSPECIFIED.,.F.,.F.,(4,2,1,4),(-2.61597370697586,-2.44140872642297,
-1.04631802560984,-0.448716526220332),.UNSPECIFIED.);
#484=B_SPLINE_CURVE_WITH_KNOTS('',3,(#7196,#7197,#7198,#7199,#7200,#7201,
#7202,#7203),.UNSPECIFIED.,.F.,.F.,(4,1,1,2,4),(-1.20742285807475,-0.592211633264004,
-0.526889314840172,0.,0.174564980552802),.UNSPECIFIED.);
#485=B_SPLINE_CURVE_WITH_KNOTS('',3,(#7535,#7536,#7537,#7538),
 .UNSPECIFIED.,.F.,.F.,(4,4),(-0.068326646044813,-0.0621230122502039),
 .UNSPECIFIED.);
#486=B_SPLINE_CURVE_WITH_KNOTS('',3,(#7579,#7580,#7581,#7582,#7583,#7584,
#7585,#7586,#7587,#7588,#7589,#7590,#7591,#7592,#7593,#7594,#7595,#7596,
#7597,#7598,#7599,#7600,#7601,#7602,#7603),.UNSPECIFIED.,.F.,.F.,(4,3,3,
3,3,3,3,3,4),(0.,0.0277693183156259,0.0382331240798078,0.0741269391795911,
0.0769217442154009,0.111083180413273,0.116530912478656,0.137869674964083,
0.159247372124322),.UNSPECIFIED.);
#487=B_SPLINE_CURVE_WITH_KNOTS('',3,(#7604,#7605,#7606,#7607,#7608,#7609,
#7610,#7611,#7612,#7613,#7614,#7615,#7616,#7617),.UNSPECIFIED.,.F.,.F.,
(4,2,2,2,2,2,4),(-0.216217333073156,-0.215501460574328,-0.147965381365589,
-0.0825951353762722,-0.0441959612960741,-0.0198821929841607,0.),
 .UNSPECIFIED.);
#488=B_SPLINE_CURVE_WITH_KNOTS('',3,(#7653,#7654,#7655,#7656,#7657,#7658,
#7659,#7660,#7661,#7662,#7663,#7664,#7665,#7666),.UNSPECIFIED.,.F.,.F.,
(4,2,2,2,2,2,4),(-0.521928843147126,-0.511481516226031,-0.499794178482975,
-0.471438753251156,-0.365251488632576,-0.172332313856604,0.),
 .UNSPECIFIED.);
#489=B_SPLINE_CURVE_WITH_KNOTS('',3,(#8170,#8171,#8172,#8173),
 .UNSPECIFIED.,.F.,.F.,(4,4),(1.73092939108655,1.73999004497498),
 .UNSPECIFIED.);
#490=B_SPLINE_CURVE_WITH_KNOTS('',3,(#8224,#8225,#8226,#8227,#8228,#8229),
 .UNSPECIFIED.,.F.,.F.,(4,2,4),(0.,0.0115405490221408,0.0230750614616409),
 .UNSPECIFIED.);
#491=LINE('',#2628,#663);
#492=LINE('',#2662,#664);
#493=LINE('',#2771,#665);
#494=LINE('',#3023,#666);
#495=LINE('',#3045,#667);
#496=LINE('',#4174,#668);
#497=LINE('',#4176,#669);
#498=LINE('',#4185,#670);
#499=LINE('',#4187,#671);
#500=LINE('',#4189,#672);
#501=LINE('',#4215,#673);
#502=LINE('',#4217,#674);
#503=LINE('',#4219,#675);
#504=LINE('',#4221,#676);
#505=LINE('',#4223,#677);
#506=LINE('',#4225,#678);
#507=LINE('',#4259,#679);
#508=LINE('',#4261,#680);
#509=LINE('',#4263,#681);
#510=LINE('',#4272,#682);
#511=LINE('',#4274,#683);
#512=LINE('',#4275,#684);
#513=LINE('',#4320,#685);
#514=LINE('',#4338,#686);
#515=LINE('',#4514,#687);
#516=LINE('',#4605,#688);
#517=LINE('',#4608,#689);
#518=LINE('',#4611,#690);
#519=LINE('',#4613,#691);
#520=LINE('',#4615,#692);
#521=LINE('',#4616,#693);
#522=LINE('',#4654,#694);
#523=LINE('',#4671,#695);
#524=LINE('',#4830,#696);
#525=LINE('',#4847,#697);
#526=LINE('',#4924,#698);
#527=LINE('',#4927,#699);
#528=LINE('',#4928,#700);
#529=LINE('',#4931,#701);
#530=LINE('',#4933,#702);
#531=LINE('',#4935,#703);
#532=LINE('',#4936,#704);
#533=LINE('',#4939,#705);
#534=LINE('',#4940,#706);
#535=LINE('',#4943,#707);
#536=LINE('',#4945,#708);
#537=LINE('',#4946,#709);
#538=LINE('',#4949,#710);
#539=LINE('',#4950,#711);
#540=LINE('',#4953,#712);
#541=LINE('',#4954,#713);
#542=LINE('',#4957,#714);
#543=LINE('',#4958,#715);
#544=LINE('',#4960,#716);
#545=LINE('',#4963,#717);
#546=LINE('',#4965,#718);
#547=LINE('',#4966,#719);
#548=LINE('',#4969,#720);
#549=LINE('',#4970,#721);
#550=LINE('',#5064,#722);
#551=LINE('',#5096,#723);
#552=LINE('',#5174,#724);
#553=LINE('',#5439,#725);
#554=LINE('',#5466,#726);
#555=LINE('',#5529,#727);
#556=LINE('',#5769,#728);
#557=LINE('',#5796,#729);
#558=LINE('',#5874,#730);
#559=LINE('',#6119,#731);
#560=LINE('',#6146,#732);
#561=LINE('',#6269,#733);
#562=LINE('',#6419,#734);
#563=LINE('',#6436,#735);
#564=LINE('',#7422,#736);
#565=LINE('',#7424,#737);
#566=LINE('',#7433,#738);
#567=LINE('',#7437,#739);
#568=LINE('',#7441,#740);
#569=LINE('',#7445,#741);
#570=LINE('',#7449,#742);
#571=LINE('',#7453,#743);
#572=LINE('',#7457,#744);
#573=LINE('',#7461,#745);
#574=LINE('',#7464,#746);
#575=LINE('',#7465,#747);
#576=LINE('',#7467,#748);
#577=LINE('',#7468,#749);
#578=LINE('',#7471,#750);
#579=LINE('',#7473,#751);
#580=LINE('',#7475,#752);
#581=LINE('',#7476,#753);
#582=LINE('',#7533,#754);
#583=LINE('',#7707,#755);
#584=LINE('',#7768,#756);
#585=LINE('',#7799,#757);
#586=LINE('',#7832,#758);
#587=LINE('',#7837,#759);
#588=LINE('',#7842,#760);
#589=LINE('',#7847,#761);
#590=LINE('',#7853,#762);
#591=LINE('',#7854,#763);
#592=LINE('',#7855,#764);
#593=LINE('',#7858,#765);
#594=LINE('',#7859,#766);
#595=LINE('',#7862,#767);
#596=LINE('',#7863,#768);
#597=LINE('',#7865,#769);
#598=LINE('',#7867,#770);
#599=LINE('',#7870,#771);
#600=LINE('',#7874,#772);
#601=LINE('',#7876,#773);
#602=LINE('',#7877,#774);
#603=LINE('',#7880,#775);
#604=LINE('',#7884,#776);
#605=LINE('',#7885,#777);
#606=LINE('',#7888,#778);
#607=LINE('',#7891,#779);
#608=LINE('',#7892,#780);
#609=LINE('',#7894,#781);
#610=LINE('',#7897,#782);
#611=LINE('',#7898,#783);
#612=LINE('',#7903,#784);
#613=LINE('',#7905,#785);
#614=LINE('',#7906,#786);
#615=LINE('',#7909,#787);
#616=LINE('',#7912,#788);
#617=LINE('',#7913,#789);
#618=LINE('',#7915,#790);
#619=LINE('',#7918,#791);
#620=LINE('',#7919,#792);
#621=LINE('',#7922,#793);
#622=LINE('',#7926,#794);
#623=LINE('',#7927,#795);
#624=LINE('',#7960,#796);
#625=LINE('',#7961,#797);
#626=LINE('',#7992,#798);
#627=LINE('',#8023,#799);
#628=LINE('',#8064,#800);
#629=LINE('',#8095,#801);
#630=LINE('',#8124,#802);
#631=LINE('',#8125,#803);
#632=LINE('',#8128,#804);
#633=LINE('',#8129,#805);
#634=LINE('',#8169,#806);
#635=LINE('',#8176,#807);
#636=LINE('',#8177,#808);
#637=LINE('',#8179,#809);
#638=LINE('',#8182,#810);
#639=LINE('',#8183,#811);
#640=LINE('',#8186,#812);
#641=LINE('',#8187,#813);
#642=LINE('',#8190,#814);
#643=LINE('',#8191,#815);
#644=LINE('',#8194,#816);
#645=LINE('',#8195,#817);
#646=LINE('',#8198,#818);
#647=LINE('',#8199,#819);
#648=LINE('',#8202,#820);
#649=LINE('',#8203,#821);
#650=LINE('',#8206,#822);
#651=LINE('',#8207,#823);
#652=LINE('',#8209,#824);
#653=LINE('',#8223,#825);
#654=LINE('',#8231,#826);
#655=LINE('',#8232,#827);
#656=LINE('',#8235,#828);
#657=LINE('',#8236,#829);
#658=LINE('',#8285,#830);
#659=LINE('',#8326,#831);
#660=LINE('',#8377,#832);
#661=LINE('',#8408,#833);
#662=LINE('',#8439,#834);
#663=VECTOR('',#2235,10.);
#664=VECTOR('',#2236,10.);
#665=VECTOR('',#2237,10.);
#666=VECTOR('',#2240,10.);
#667=VECTOR('',#2241,10.);
#668=VECTOR('',#2244,10.);
#669=VECTOR('',#2245,10.);
#670=VECTOR('',#2246,10.);
#671=VECTOR('',#2247,10.);
#672=VECTOR('',#2248,10.);
#673=VECTOR('',#2249,10.);
#674=VECTOR('',#2250,10.);
#675=VECTOR('',#2251,10.);
#676=VECTOR('',#2252,10.);
#677=VECTOR('',#2253,10.);
#678=VECTOR('',#2254,10.);
#679=VECTOR('',#2255,10.);
#680=VECTOR('',#2256,10.);
#681=VECTOR('',#2257,10.);
#682=VECTOR('',#2258,10.);
#683=VECTOR('',#2259,10.);
#684=VECTOR('',#2260,10.);
#685=VECTOR('',#2269,10.);
#686=VECTOR('',#2270,10.);
#687=VECTOR('',#2271,10.);
#688=VECTOR('',#2274,10.);
#689=VECTOR('',#2277,10.);
#690=VECTOR('',#2278,10.);
#691=VECTOR('',#2279,10.);
#692=VECTOR('',#2280,10.);
#693=VECTOR('',#2281,10.);
#694=VECTOR('',#2282,10.);
#695=VECTOR('',#2283,10.);
#696=VECTOR('',#2284,10.);
#697=VECTOR('',#2285,10.);
#698=VECTOR('',#2288,10.);
#699=VECTOR('',#2291,10.);
#700=VECTOR('',#2292,10.);
#701=VECTOR('',#2293,10.);
#702=VECTOR('',#2294,10.);
#703=VECTOR('',#2295,10.);
#704=VECTOR('',#2296,10.);
#705=VECTOR('',#2299,10.);
#706=VECTOR('',#2300,10.);
#707=VECTOR('',#2303,10.);
#708=VECTOR('',#2304,10.);
#709=VECTOR('',#2305,10.);
#710=VECTOR('',#2308,10.);
#711=VECTOR('',#2309,10.);
#712=VECTOR('',#2312,10.);
#713=VECTOR('',#2313,10.);
#714=VECTOR('',#2316,10.);
#715=VECTOR('',#2317,10.);
#716=VECTOR('',#2320,10.);
#717=VECTOR('',#2323,10.);
#718=VECTOR('',#2324,10.);
#719=VECTOR('',#2325,10.);
#720=VECTOR('',#2328,10.);
#721=VECTOR('',#2329,10.);
#722=VECTOR('',#2330,10.);
#723=VECTOR('',#2331,10.);
#724=VECTOR('',#2332,10.);
#725=VECTOR('',#2335,10.);
#726=VECTOR('',#2336,10.);
#727=VECTOR('',#2337,10.);
#728=VECTOR('',#2340,10.);
#729=VECTOR('',#2341,10.);
#730=VECTOR('',#2342,10.);
#731=VECTOR('',#2345,10.);
#732=VECTOR('',#2346,10.);
#733=VECTOR('',#2347,10.);
#734=VECTOR('',#2350,10.);
#735=VECTOR('',#2351,10.);
#736=VECTOR('',#2356,10.);
#737=VECTOR('',#2357,10.);
#738=VECTOR('',#2358,10.);
#739=VECTOR('',#2361,10.);
#740=VECTOR('',#2364,10.);
#741=VECTOR('',#2367,10.);
#742=VECTOR('',#2370,10.);
#743=VECTOR('',#2373,10.);
#744=VECTOR('',#2376,10.);
#745=VECTOR('',#2379,10.);
#746=VECTOR('',#2382,10.);
#747=VECTOR('',#2383,10.);
#748=VECTOR('',#2384,10.);
#749=VECTOR('',#2385,10.);
#750=VECTOR('',#2386,10.);
#751=VECTOR('',#2387,10.);
#752=VECTOR('',#2388,10.);
#753=VECTOR('',#2389,10.);
#754=VECTOR('',#2390,10.);
#755=VECTOR('',#2393,10.);
#756=VECTOR('',#2394,10.);
#757=VECTOR('',#2395,10.);
#758=VECTOR('',#2398,2.35);
#759=VECTOR('',#2405,2.35);
#760=VECTOR('',#2412,2.35);
#761=VECTOR('',#2419,2.35);
#762=VECTOR('',#2426,10.);
#763=VECTOR('',#2427,10.);
#764=VECTOR('',#2428,10.);
#765=VECTOR('',#2431,10.);
#766=VECTOR('',#2432,10.);
#767=VECTOR('',#2435,10.);
#768=VECTOR('',#2436,10.);
#769=VECTOR('',#2439,10.);
#770=VECTOR('',#2442,10.);
#771=VECTOR('',#2447,10.);
#772=VECTOR('',#2452,10.);
#773=VECTOR('',#2453,10.);
#774=VECTOR('',#2454,10.);
#775=VECTOR('',#2457,10.);
#776=VECTOR('',#2462,10.);
#777=VECTOR('',#2463,10.);
#778=VECTOR('',#2466,10.);
#779=VECTOR('',#2471,10.);
#780=VECTOR('',#2472,10.);
#781=VECTOR('',#2475,10.);
#782=VECTOR('',#2478,10.);
#783=VECTOR('',#2479,10.);
#784=VECTOR('',#2486,10.);
#785=VECTOR('',#2487,10.);
#786=VECTOR('',#2488,10.);
#787=VECTOR('',#2491,10.);
#788=VECTOR('',#2496,10.);
#789=VECTOR('',#2497,10.);
#790=VECTOR('',#2500,10.);
#791=VECTOR('',#2503,10.);
#792=VECTOR('',#2504,10.);
#793=VECTOR('',#2507,10.);
#794=VECTOR('',#2512,10.);
#795=VECTOR('',#2513,10.);
#796=VECTOR('',#2518,10.);
#797=VECTOR('',#2519,10.);
#798=VECTOR('',#2520,10.);
#799=VECTOR('',#2521,10.);
#800=VECTOR('',#2522,10.);
#801=VECTOR('',#2523,10.);
#802=VECTOR('',#2526,10.);
#803=VECTOR('',#2527,10.);
#804=VECTOR('',#2530,10.);
#805=VECTOR('',#2531,10.);
#806=VECTOR('',#2532,10.);
#807=VECTOR('',#2535,10.);
#808=VECTOR('',#2536,10.);
#809=VECTOR('',#2539,10.);
#810=VECTOR('',#2542,10.);
#811=VECTOR('',#2543,10.);
#812=VECTOR('',#2546,10.);
#813=VECTOR('',#2547,10.);
#814=VECTOR('',#2550,10.);
#815=VECTOR('',#2551,10.);
#816=VECTOR('',#2554,10.);
#817=VECTOR('',#2555,10.);
#818=VECTOR('',#2558,10.);
#819=VECTOR('',#2559,10.);
#820=VECTOR('',#2562,10.);
#821=VECTOR('',#2563,10.);
#822=VECTOR('',#2566,10.);
#823=VECTOR('',#2567,10.);
#824=VECTOR('',#2570,10.);
#825=VECTOR('',#2571,10.);
#826=VECTOR('',#2574,10.);
#827=VECTOR('',#2575,10.);
#828=VECTOR('',#2578,10.);
#829=VECTOR('',#2579,10.);
#830=VECTOR('',#2580,10.);
#831=VECTOR('',#2581,10.);
#832=VECTOR('',#2582,10.);
#833=VECTOR('',#2583,10.);
#834=VECTOR('',#2584,10.);
#835=VERTEX_POINT('',#2626);
#836=VERTEX_POINT('',#2627);
#837=VERTEX_POINT('',#2629);
#838=VERTEX_POINT('',#2661);
#839=VERTEX_POINT('',#2744);
#840=VERTEX_POINT('',#2749);
#841=VERTEX_POINT('',#2770);
#842=VERTEX_POINT('',#2876);
#843=VERTEX_POINT('',#2877);
#844=VERTEX_POINT('',#2898);
#845=VERTEX_POINT('',#2929);
#846=VERTEX_POINT('',#3000);
#847=VERTEX_POINT('',#3001);
#848=VERTEX_POINT('',#3022);
#849=VERTEX_POINT('',#3024);
#850=VERTEX_POINT('',#3047);
#851=VERTEX_POINT('',#3048);
#852=VERTEX_POINT('',#3119);
#853=VERTEX_POINT('',#3226);
#854=VERTEX_POINT('',#3282);
#855=VERTEX_POINT('',#3335);
#856=VERTEX_POINT('',#3388);
#857=VERTEX_POINT('',#3447);
#858=VERTEX_POINT('',#3575);
#859=VERTEX_POINT('',#3829);
#860=VERTEX_POINT('',#3894);
#861=VERTEX_POINT('',#3941);
#862=VERTEX_POINT('',#4173);
#863=VERTEX_POINT('',#4175);
#864=VERTEX_POINT('',#4177);
#865=VERTEX_POINT('',#4184);
#866=VERTEX_POINT('',#4186);
#867=VERTEX_POINT('',#4188);
#868=VERTEX_POINT('',#4190);
#869=VERTEX_POINT('',#4206);
#870=VERTEX_POINT('',#4214);
#871=VERTEX_POINT('',#4216);
#872=VERTEX_POINT('',#4218);
#873=VERTEX_POINT('',#4220);
#874=VERTEX_POINT('',#4222);
#875=VERTEX_POINT('',#4224);
#876=VERTEX_POINT('',#4226);
#877=VERTEX_POINT('',#4234);
#878=VERTEX_POINT('',#4250);
#879=VERTEX_POINT('',#4258);
#880=VERTEX_POINT('',#4260);
#881=VERTEX_POINT('',#4262);
#882=VERTEX_POINT('',#4264);
#883=VERTEX_POINT('',#4271);
#884=VERTEX_POINT('',#4273);
#885=VERTEX_POINT('',#4276);
#886=VERTEX_POINT('',#4278);
#887=VERTEX_POINT('',#4280);
#888=VERTEX_POINT('',#4282);
#889=VERTEX_POINT('',#4314);
#890=VERTEX_POINT('',#4319);
#891=VERTEX_POINT('',#4321);
#892=VERTEX_POINT('',#4337);
#893=VERTEX_POINT('',#4436);
#894=VERTEX_POINT('',#4468);
#895=VERTEX_POINT('',#4513);
#896=VERTEX_POINT('',#4560);
#897=VERTEX_POINT('',#4565);
#898=VERTEX_POINT('',#4588);
#899=VERTEX_POINT('',#4604);
#900=VERTEX_POINT('',#4606);
#901=VERTEX_POINT('',#4609);
#902=VERTEX_POINT('',#4610);
#903=VERTEX_POINT('',#4612);
#904=VERTEX_POINT('',#4614);
#905=VERTEX_POINT('',#4647);
#906=VERTEX_POINT('',#4648);
#907=VERTEX_POINT('',#4653);
#908=VERTEX_POINT('',#4655);
#909=VERTEX_POINT('',#4706);
#910=VERTEX_POINT('',#4711);
#911=VERTEX_POINT('',#4722);
#912=VERTEX_POINT('',#4763);
#913=VERTEX_POINT('',#4764);
#914=VERTEX_POINT('',#4829);
#915=VERTEX_POINT('',#4831);
#916=VERTEX_POINT('',#4878);
#917=VERTEX_POINT('',#4907);
#918=VERTEX_POINT('',#4923);
#919=VERTEX_POINT('',#4925);
#920=VERTEX_POINT('',#4929);
#921=VERTEX_POINT('',#4930);
#922=VERTEX_POINT('',#4932);
#923=VERTEX_POINT('',#4934);
#924=VERTEX_POINT('',#4938);
#925=VERTEX_POINT('',#4942);
#926=VERTEX_POINT('',#4944);
#927=VERTEX_POINT('',#4948);
#928=VERTEX_POINT('',#4952);
#929=VERTEX_POINT('',#4956);
#930=VERTEX_POINT('',#4962);
#931=VERTEX_POINT('',#4964);
#932=VERTEX_POINT('',#4968);
#933=VERTEX_POINT('',#5031);
#934=VERTEX_POINT('',#5032);
#935=VERTEX_POINT('',#5063);
#936=VERTEX_POINT('',#5065);
#937=VERTEX_POINT('',#5147);
#938=VERTEX_POINT('',#5173);
#939=VERTEX_POINT('',#5411);
#940=VERTEX_POINT('',#5412);
#941=VERTEX_POINT('',#5438);
#942=VERTEX_POINT('',#5440);
#943=VERTEX_POINT('',#5507);
#944=VERTEX_POINT('',#5528);
#945=VERTEX_POINT('',#5741);
#946=VERTEX_POINT('',#5742);
#947=VERTEX_POINT('',#5768);
#948=VERTEX_POINT('',#5770);
#949=VERTEX_POINT('',#5847);
#950=VERTEX_POINT('',#5873);
#951=VERTEX_POINT('',#6091);
#952=VERTEX_POINT('',#6092);
#953=VERTEX_POINT('',#6118);
#954=VERTEX_POINT('',#6120);
#955=VERTEX_POINT('',#6227);
#956=VERTEX_POINT('',#6268);
#957=VERTEX_POINT('',#6401);
#958=VERTEX_POINT('',#6402);
#959=VERTEX_POINT('',#6418);
#960=VERTEX_POINT('',#6420);
#961=VERTEX_POINT('',#6992);
#962=VERTEX_POINT('',#6993);
#963=VERTEX_POINT('',#7013);
#964=VERTEX_POINT('',#7034);
#965=VERTEX_POINT('',#7089);
#966=VERTEX_POINT('',#7094);
#967=VERTEX_POINT('',#7123);
#968=VERTEX_POINT('',#7139);
#969=VERTEX_POINT('',#7155);
#970=VERTEX_POINT('',#7176);
#971=VERTEX_POINT('',#7187);
#972=VERTEX_POINT('',#7195);
#973=VERTEX_POINT('',#7204);
#974=VERTEX_POINT('',#7220);
#975=VERTEX_POINT('',#7241);
#976=VERTEX_POINT('',#7257);
#977=VERTEX_POINT('',#7273);
#978=VERTEX_POINT('',#7299);
#979=VERTEX_POINT('',#7320);
#980=VERTEX_POINT('',#7336);
#981=VERTEX_POINT('',#7352);
#982=VERTEX_POINT('',#7368);
#983=VERTEX_POINT('',#7384);
#984=VERTEX_POINT('',#7420);
#985=VERTEX_POINT('',#7421);
#986=VERTEX_POINT('',#7423);
#987=VERTEX_POINT('',#7431);
#988=VERTEX_POINT('',#7432);
#989=VERTEX_POINT('',#7434);
#990=VERTEX_POINT('',#7436);
#991=VERTEX_POINT('',#7438);
#992=VERTEX_POINT('',#7440);
#993=VERTEX_POINT('',#7442);
#994=VERTEX_POINT('',#7444);
#995=VERTEX_POINT('',#7447);
#996=VERTEX_POINT('',#7448);
#997=VERTEX_POINT('',#7450);
#998=VERTEX_POINT('',#7452);
#999=VERTEX_POINT('',#7454);
#1000=VERTEX_POINT('',#7456);
#1001=VERTEX_POINT('',#7458);
#1002=VERTEX_POINT('',#7460);
#1003=VERTEX_POINT('',#7463);
#1004=VERTEX_POINT('',#7466);
#1005=VERTEX_POINT('',#7469);
#1006=VERTEX_POINT('',#7470);
#1007=VERTEX_POINT('',#7472);
#1008=VERTEX_POINT('',#7474);
#1009=VERTEX_POINT('',#7517);
#1010=VERTEX_POINT('',#7831);
#1011=VERTEX_POINT('',#7836);
#1012=VERTEX_POINT('',#7841);
#1013=VERTEX_POINT('',#7846);
#1014=VERTEX_POINT('',#7851);
#1015=VERTEX_POINT('',#7852);
#1016=VERTEX_POINT('',#7857);
#1017=VERTEX_POINT('',#7861);
#1018=VERTEX_POINT('',#7873);
#1019=VERTEX_POINT('',#7875);
#1020=VERTEX_POINT('',#7879);
#1021=VERTEX_POINT('',#7883);
#1022=VERTEX_POINT('',#7887);
#1023=VERTEX_POINT('',#7896);
#1024=VERTEX_POINT('',#7902);
#1025=VERTEX_POINT('',#7904);
#1026=VERTEX_POINT('',#7908);
#1027=VERTEX_POINT('',#7917);
#1028=VERTEX_POINT('',#7921);
#1029=VERTEX_POINT('',#7925);
#1030=VERTEX_POINT('',#8123);
#1031=VERTEX_POINT('',#8127);
#1032=VERTEX_POINT('',#8168);
#1033=VERTEX_POINT('',#8175);
#1034=VERTEX_POINT('',#8181);
#1035=VERTEX_POINT('',#8185);
#1036=VERTEX_POINT('',#8189);
#1037=VERTEX_POINT('',#8193);
#1038=VERTEX_POINT('',#8197);
#1039=VERTEX_POINT('',#8201);
#1040=VERTEX_POINT('',#8205);
#1041=VERTEX_POINT('',#8222);
#1042=VERTEX_POINT('',#8234);
#1043=EDGE_CURVE('',#835,#836,#491,.T.);
#1044=EDGE_CURVE('',#837,#836,#444,.T.);
#1045=EDGE_CURVE('',#838,#837,#492,.T.);
#1046=EDGE_CURVE('',#838,#835,#445,.T.);
#1047=EDGE_CURVE('',#839,#837,#446,.T.);
#1048=EDGE_CURVE('',#840,#839,#127,.T.);
#1049=EDGE_CURVE('',#841,#840,#493,.T.);
#1050=EDGE_CURVE('',#841,#838,#447,.T.);
#1051=EDGE_CURVE('',#842,#843,#128,.T.);
#1052=EDGE_CURVE('',#844,#842,#129,.T.);
#1053=EDGE_CURVE('',#837,#844,#130,.T.);
#1054=EDGE_CURVE('',#845,#836,#131,.T.);
#1055=EDGE_CURVE('',#843,#845,#132,.T.);
#1056=EDGE_CURVE('',#846,#847,#133,.T.);
#1057=EDGE_CURVE('',#846,#848,#494,.T.);
#1058=EDGE_CURVE('',#848,#849,#134,.T.);
#1059=EDGE_CURVE('',#847,#849,#495,.T.);
#1060=EDGE_CURVE('',#850,#851,#448,.T.);
#1061=EDGE_CURVE('',#852,#850,#449,.T.);
#1062=EDGE_CURVE('',#853,#852,#450,.T.);
#1063=EDGE_CURVE('',#854,#853,#451,.T.);
#1064=EDGE_CURVE('',#855,#854,#452,.T.);
#1065=EDGE_CURVE('',#856,#855,#453,.T.);
#1066=EDGE_CURVE('',#857,#856,#454,.T.);
#1067=EDGE_CURVE('',#858,#857,#455,.T.);
#1068=EDGE_CURVE('',#859,#858,#456,.T.);
#1069=EDGE_CURVE('',#860,#859,#457,.T.);
#1070=EDGE_CURVE('',#861,#860,#458,.T.);
#1071=EDGE_CURVE('',#835,#861,#459,.T.);
#1072=EDGE_CURVE('',#851,#841,#460,.T.);
#1073=EDGE_CURVE('',#862,#847,#496,.T.);
#1074=EDGE_CURVE('',#863,#862,#497,.T.);
#1075=EDGE_CURVE('',#864,#863,#461,.T.);
#1076=EDGE_CURVE('',#865,#864,#498,.T.);
#1077=EDGE_CURVE('',#866,#865,#499,.T.);
#1078=EDGE_CURVE('',#867,#866,#500,.T.);
#1079=EDGE_CURVE('',#867,#868,#135,.T.);
#1080=EDGE_CURVE('',#868,#869,#136,.T.);
#1081=EDGE_CURVE('',#870,#869,#501,.T.);
#1082=EDGE_CURVE('',#871,#870,#502,.T.);
#1083=EDGE_CURVE('',#872,#871,#503,.T.);
#1084=EDGE_CURVE('',#873,#872,#504,.T.);
#1085=EDGE_CURVE('',#874,#873,#505,.T.);
#1086=EDGE_CURVE('',#875,#874,#506,.T.);
#1087=EDGE_CURVE('',#875,#876,#137,.T.);
#1088=EDGE_CURVE('',#876,#877,#138,.T.);
#1089=EDGE_CURVE('',#877,#878,#139,.T.);
#1090=EDGE_CURVE('',#879,#878,#507,.T.);
#1091=EDGE_CURVE('',#880,#879,#508,.T.);
#1092=EDGE_CURVE('',#881,#880,#509,.T.);
#1093=EDGE_CURVE('',#882,#881,#462,.T.);
#1094=EDGE_CURVE('',#883,#882,#510,.T.);
#1095=EDGE_CURVE('',#884,#883,#511,.T.);
#1096=EDGE_CURVE('',#846,#884,#512,.T.);
#1097=EDGE_CURVE('',#885,#885,#30,.T.);
#1098=EDGE_CURVE('',#886,#886,#31,.T.);
#1099=EDGE_CURVE('',#887,#887,#32,.T.);
#1100=EDGE_CURVE('',#888,#888,#33,.T.);
#1101=EDGE_CURVE('',#878,#889,#463,.T.);
#1102=EDGE_CURVE('',#877,#890,#513,.T.);
#1103=EDGE_CURVE('',#890,#891,#140,.T.);
#1104=EDGE_CURVE('',#892,#891,#514,.T.);
#1105=EDGE_CURVE('',#889,#892,#464,.T.);
#1106=EDGE_CURVE('',#892,#893,#465,.T.);
#1107=EDGE_CURVE('',#891,#894,#141,.T.);
#1108=EDGE_CURVE('',#893,#894,#466,.T.);
#1109=EDGE_CURVE('',#876,#895,#515,.T.);
#1110=EDGE_CURVE('',#895,#890,#142,.T.);
#1111=EDGE_CURVE('',#896,#875,#467,.T.);
#1112=EDGE_CURVE('',#897,#896,#468,.T.);
#1113=EDGE_CURVE('',#898,#897,#469,.T.);
#1114=EDGE_CURVE('',#898,#895,#143,.T.);
#1115=EDGE_CURVE('',#899,#898,#516,.T.);
#1116=EDGE_CURVE('',#900,#899,#34,.T.);
#1117=EDGE_CURVE('',#894,#900,#517,.T.);
#1118=EDGE_CURVE('',#901,#902,#518,.T.);
#1119=EDGE_CURVE('',#903,#901,#519,.T.);
#1120=EDGE_CURVE('',#904,#903,#520,.T.);
#1121=EDGE_CURVE('',#902,#904,#521,.T.);
#1122=EDGE_CURVE('',#905,#906,#470,.T.);
#1123=EDGE_CURVE('',#905,#907,#522,.T.);
#1124=EDGE_CURVE('',#907,#908,#144,.T.);
#1125=EDGE_CURVE('',#868,#908,#523,.T.);
#1126=EDGE_CURVE('',#906,#867,#471,.T.);
#1127=EDGE_CURVE('',#869,#909,#472,.T.);
#1128=EDGE_CURVE('',#908,#910,#145,.T.);
#1129=EDGE_CURVE('',#911,#910,#473,.T.);
#1130=EDGE_CURVE('',#909,#911,#474,.T.);
#1131=EDGE_CURVE('',#912,#913,#475,.T.);
#1132=EDGE_CURVE('',#912,#914,#524,.T.);
#1133=EDGE_CURVE('',#914,#915,#146,.T.);
#1134=EDGE_CURVE('',#913,#915,#525,.T.);
#1135=EDGE_CURVE('',#916,#912,#476,.T.);
#1136=EDGE_CURVE('',#917,#916,#477,.T.);
#1137=EDGE_CURVE('',#917,#914,#147,.T.);
#1138=EDGE_CURVE('',#918,#917,#526,.T.);
#1139=EDGE_CURVE('',#919,#918,#35,.T.);
#1140=EDGE_CURVE('',#910,#919,#527,.T.);
#1141=EDGE_CURVE('',#915,#907,#528,.T.);
#1142=EDGE_CURVE('',#920,#921,#529,.T.);
#1143=EDGE_CURVE('',#922,#920,#530,.T.);
#1144=EDGE_CURVE('',#923,#922,#531,.T.);
#1145=EDGE_CURVE('',#921,#923,#532,.T.);
#1146=EDGE_CURVE('',#924,#889,#533,.T.);
#1147=EDGE_CURVE('',#879,#924,#534,.T.);
#1148=EDGE_CURVE('',#925,#903,#535,.T.);
#1149=EDGE_CURVE('',#926,#925,#536,.T.);
#1150=EDGE_CURVE('',#926,#904,#537,.T.);
#1151=EDGE_CURVE('',#927,#901,#538,.T.);
#1152=EDGE_CURVE('',#925,#927,#539,.T.);
#1153=EDGE_CURVE('',#866,#928,#540,.T.);
#1154=EDGE_CURVE('',#906,#928,#541,.T.);
#1155=EDGE_CURVE('',#929,#909,#542,.T.);
#1156=EDGE_CURVE('',#870,#929,#543,.T.);
#1157=EDGE_CURVE('',#928,#905,#544,.T.);
#1158=EDGE_CURVE('',#930,#922,#545,.T.);
#1159=EDGE_CURVE('',#931,#930,#546,.T.);
#1160=EDGE_CURVE('',#931,#923,#547,.T.);
#1161=EDGE_CURVE('',#932,#920,#548,.T.);
#1162=EDGE_CURVE('',#930,#932,#549,.T.);
#1163=EDGE_CURVE('',#933,#934,#148,.T.);
#1164=EDGE_CURVE('',#933,#935,#550,.T.);
#1165=EDGE_CURVE('',#935,#936,#149,.T.);
#1166=EDGE_CURVE('',#934,#936,#551,.T.);
#1167=EDGE_CURVE('',#937,#933,#150,.T.);
#1168=EDGE_CURVE('',#937,#938,#552,.T.);
#1169=EDGE_CURVE('',#938,#935,#151,.T.);
#1170=EDGE_CURVE('',#934,#937,#152,.T.);
#1171=EDGE_CURVE('',#936,#938,#153,.T.);
#1172=EDGE_CURVE('',#939,#940,#154,.T.);
#1173=EDGE_CURVE('',#939,#941,#553,.T.);
#1174=EDGE_CURVE('',#941,#942,#155,.T.);
#1175=EDGE_CURVE('',#940,#942,#554,.T.);
#1176=EDGE_CURVE('',#943,#939,#156,.T.);
#1177=EDGE_CURVE('',#943,#944,#555,.T.);
#1178=EDGE_CURVE('',#944,#941,#157,.T.);
#1179=EDGE_CURVE('',#940,#943,#158,.T.);
#1180=EDGE_CURVE('',#942,#944,#159,.T.);
#1181=EDGE_CURVE('',#945,#946,#160,.T.);
#1182=EDGE_CURVE('',#945,#947,#556,.T.);
#1183=EDGE_CURVE('',#947,#948,#161,.T.);
#1184=EDGE_CURVE('',#946,#948,#557,.T.);
#1185=EDGE_CURVE('',#949,#945,#162,.T.);
#1186=EDGE_CURVE('',#949,#950,#558,.T.);
#1187=EDGE_CURVE('',#950,#947,#163,.T.);
#1188=EDGE_CURVE('',#946,#949,#164,.T.);
#1189=EDGE_CURVE('',#948,#950,#165,.T.);
#1190=EDGE_CURVE('',#951,#952,#166,.T.);
#1191=EDGE_CURVE('',#951,#953,#559,.T.);
#1192=EDGE_CURVE('',#953,#954,#167,.T.);
#1193=EDGE_CURVE('',#952,#954,#560,.T.);
#1194=EDGE_CURVE('',#955,#951,#168,.T.);
#1195=EDGE_CURVE('',#955,#956,#561,.T.);
#1196=EDGE_CURVE('',#956,#953,#169,.T.);
#1197=EDGE_CURVE('',#952,#955,#170,.T.);
#1198=EDGE_CURVE('',#954,#956,#171,.T.);
#1199=EDGE_CURVE('',#957,#958,#172,.T.);
#1200=EDGE_CURVE('',#957,#959,#562,.T.);
#1201=EDGE_CURVE('',#959,#960,#173,.T.);
#1202=EDGE_CURVE('',#958,#960,#563,.T.);
#1203=EDGE_CURVE('',#958,#957,#174,.T.);
#1204=EDGE_CURVE('',#960,#959,#175,.T.);
#1205=EDGE_CURVE('',#961,#962,#478,.T.);
#1206=EDGE_CURVE('',#962,#963,#176,.T.);
#1207=EDGE_CURVE('',#963,#964,#479,.F.);
#1208=EDGE_CURVE('',#964,#961,#480,.T.);
#1209=EDGE_CURVE('',#965,#964,#481,.T.);
#1210=EDGE_CURVE('',#965,#966,#177,.T.);
#1211=EDGE_CURVE('',#966,#840,#178,.T.);
#1212=EDGE_CURVE('',#839,#967,#179,.T.);
#1213=EDGE_CURVE('',#967,#968,#180,.T.);
#1214=EDGE_CURVE('',#968,#969,#181,.T.);
#1215=EDGE_CURVE('',#970,#969,#482,.T.);
#1216=EDGE_CURVE('',#971,#970,#483,.T.);
#1217=EDGE_CURVE('',#972,#971,#484,.T.);
#1218=EDGE_CURVE('',#972,#973,#182,.T.);
#1219=EDGE_CURVE('',#973,#974,#183,.T.);
#1220=EDGE_CURVE('',#974,#975,#184,.T.);
#1221=EDGE_CURVE('',#975,#976,#185,.T.);
#1222=EDGE_CURVE('',#976,#977,#186,.T.);
#1223=EDGE_CURVE('',#977,#978,#187,.T.);
#1224=EDGE_CURVE('',#978,#979,#188,.T.);
#1225=EDGE_CURVE('',#979,#980,#189,.T.);
#1226=EDGE_CURVE('',#980,#981,#190,.T.);
#1227=EDGE_CURVE('',#981,#982,#191,.T.);
#1228=EDGE_CURVE('',#982,#983,#192,.T.);
#1229=EDGE_CURVE('',#983,#961,#193,.T.);
#1230=EDGE_CURVE('',#984,#985,#564,.T.);
#1231=EDGE_CURVE('',#985,#986,#565,.T.);
#1232=EDGE_CURVE('',#986,#984,#194,.T.);
#1233=EDGE_CURVE('',#987,#988,#566,.T.);
#1234=EDGE_CURVE('',#988,#989,#36,.T.);
#1235=EDGE_CURVE('',#989,#990,#567,.T.);
#1236=EDGE_CURVE('',#990,#991,#37,.T.);
#1237=EDGE_CURVE('',#991,#992,#568,.T.);
#1238=EDGE_CURVE('',#992,#993,#38,.T.);
#1239=EDGE_CURVE('',#993,#994,#569,.T.);
#1240=EDGE_CURVE('',#994,#987,#39,.T.);
#1241=EDGE_CURVE('',#995,#996,#570,.T.);
#1242=EDGE_CURVE('',#996,#997,#40,.T.);
#1243=EDGE_CURVE('',#997,#998,#571,.T.);
#1244=EDGE_CURVE('',#998,#999,#41,.T.);
#1245=EDGE_CURVE('',#999,#1000,#572,.T.);
#1246=EDGE_CURVE('',#1000,#1001,#42,.T.);
#1247=EDGE_CURVE('',#1001,#1002,#573,.T.);
#1248=EDGE_CURVE('',#1002,#995,#43,.T.);
#1249=EDGE_CURVE('',#927,#1003,#574,.T.);
#1250=EDGE_CURVE('',#1003,#926,#575,.T.);
#1251=EDGE_CURVE('',#932,#1004,#576,.T.);
#1252=EDGE_CURVE('',#1004,#931,#577,.T.);
#1253=EDGE_CURVE('',#1005,#1006,#578,.T.);
#1254=EDGE_CURVE('',#1006,#1007,#579,.T.);
#1255=EDGE_CURVE('',#1007,#1008,#580,.T.);
#1256=EDGE_CURVE('',#1008,#1005,#581,.T.);
#1257=EDGE_CURVE('',#963,#1009,#195,.T.);
#1258=EDGE_CURVE('',#1009,#966,#582,.T.);
#1259=EDGE_CURVE('',#1009,#962,#485,.T.);
#1260=EDGE_CURVE('',#836,#972,#486,.T.);
#1261=EDGE_CURVE('',#971,#845,#487,.T.);
#1262=EDGE_CURVE('',#970,#843,#488,.F.);
#1263=EDGE_CURVE('',#861,#973,#583,.T.);
#1264=EDGE_CURVE('',#968,#842,#584,.T.);
#1265=EDGE_CURVE('',#967,#844,#585,.T.);
#1266=EDGE_CURVE('',#888,#1010,#586,.T.);
#1267=EDGE_CURVE('',#1010,#1010,#44,.T.);
#1268=EDGE_CURVE('',#887,#1011,#587,.T.);
#1269=EDGE_CURVE('',#1011,#1011,#45,.T.);
#1270=EDGE_CURVE('',#886,#1012,#588,.T.);
#1271=EDGE_CURVE('',#1012,#1012,#46,.T.);
#1272=EDGE_CURVE('',#885,#1013,#589,.T.);
#1273=EDGE_CURVE('',#1013,#1013,#47,.T.);
#1274=EDGE_CURVE('',#1014,#1015,#590,.T.);
#1275=EDGE_CURVE('',#1014,#1006,#591,.T.);
#1276=EDGE_CURVE('',#1015,#1005,#592,.T.);
#1277=EDGE_CURVE('',#1016,#1014,#593,.T.);
#1278=EDGE_CURVE('',#1016,#1007,#594,.T.);
#1279=EDGE_CURVE('',#1017,#1016,#595,.T.);
#1280=EDGE_CURVE('',#1017,#1008,#596,.T.);
#1281=EDGE_CURVE('',#1015,#1017,#597,.T.);
#1282=EDGE_CURVE('',#1004,#921,#598,.T.);
#1283=EDGE_CURVE('',#1003,#902,#599,.T.);
#1284=EDGE_CURVE('',#995,#1018,#600,.T.);
#1285=EDGE_CURVE('',#1019,#1018,#601,.T.);
#1286=EDGE_CURVE('',#996,#1019,#602,.T.);
#1287=EDGE_CURVE('',#1002,#1020,#603,.T.);
#1288=EDGE_CURVE('',#1018,#1020,#48,.T.);
#1289=EDGE_CURVE('',#1001,#1021,#604,.T.);
#1290=EDGE_CURVE('',#1020,#1021,#605,.T.);
#1291=EDGE_CURVE('',#1000,#1022,#606,.T.);
#1292=EDGE_CURVE('',#1021,#1022,#49,.T.);
#1293=EDGE_CURVE('',#1022,#916,#607,.T.);
#1294=EDGE_CURVE('',#999,#918,#608,.T.);
#1295=EDGE_CURVE('',#998,#919,#609,.T.);
#1296=EDGE_CURVE('',#997,#1023,#610,.T.);
#1297=EDGE_CURVE('',#911,#1023,#611,.T.);
#1298=EDGE_CURVE('',#1023,#1019,#50,.T.);
#1299=EDGE_CURVE('',#987,#1024,#612,.T.);
#1300=EDGE_CURVE('',#1025,#1024,#613,.T.);
#1301=EDGE_CURVE('',#988,#1025,#614,.T.);
#1302=EDGE_CURVE('',#994,#1026,#615,.T.);
#1303=EDGE_CURVE('',#1024,#1026,#51,.T.);
#1304=EDGE_CURVE('',#1026,#897,#616,.T.);
#1305=EDGE_CURVE('',#993,#899,#617,.T.);
#1306=EDGE_CURVE('',#992,#900,#618,.T.);
#1307=EDGE_CURVE('',#991,#1027,#619,.T.);
#1308=EDGE_CURVE('',#893,#1027,#620,.T.);
#1309=EDGE_CURVE('',#990,#1028,#621,.T.);
#1310=EDGE_CURVE('',#1027,#1028,#52,.T.);
#1311=EDGE_CURVE('',#989,#1029,#622,.T.);
#1312=EDGE_CURVE('',#1028,#1029,#623,.T.);
#1313=EDGE_CURVE('',#1029,#1025,#53,.T.);
#1314=EDGE_CURVE('',#854,#980,#624,.T.);
#1315=EDGE_CURVE('',#855,#979,#625,.T.);
#1316=EDGE_CURVE('',#853,#981,#626,.T.);
#1317=EDGE_CURVE('',#852,#982,#627,.T.);
#1318=EDGE_CURVE('',#850,#983,#628,.T.);
#1319=EDGE_CURVE('',#851,#1009,#629,.T.);
#1320=EDGE_CURVE('',#865,#1030,#630,.T.);
#1321=EDGE_CURVE('',#913,#1030,#631,.T.);
#1322=EDGE_CURVE('',#864,#1031,#632,.T.);
#1323=EDGE_CURVE('',#1030,#1031,#633,.T.);
#1324=EDGE_CURVE('',#863,#1032,#634,.T.);
#1325=EDGE_CURVE('',#1031,#1032,#489,.T.);
#1326=EDGE_CURVE('',#862,#1033,#635,.T.);
#1327=EDGE_CURVE('',#1032,#1033,#636,.T.);
#1328=EDGE_CURVE('',#1033,#849,#637,.T.);
#1329=EDGE_CURVE('',#884,#1034,#638,.T.);
#1330=EDGE_CURVE('',#848,#1034,#639,.T.);
#1331=EDGE_CURVE('',#883,#1035,#640,.T.);
#1332=EDGE_CURVE('',#1034,#1035,#641,.T.);
#1333=EDGE_CURVE('',#882,#1036,#642,.T.);
#1334=EDGE_CURVE('',#1035,#1036,#643,.T.);
#1335=EDGE_CURVE('',#1037,#929,#644,.T.);
#1336=EDGE_CURVE('',#871,#1037,#645,.T.);
#1337=EDGE_CURVE('',#1038,#1037,#646,.T.);
#1338=EDGE_CURVE('',#872,#1038,#647,.T.);
#1339=EDGE_CURVE('',#1039,#1038,#648,.T.);
#1340=EDGE_CURVE('',#873,#1039,#649,.T.);
#1341=EDGE_CURVE('',#1040,#1039,#650,.T.);
#1342=EDGE_CURVE('',#874,#1040,#651,.T.);
#1343=EDGE_CURVE('',#896,#1040,#652,.T.);
#1344=EDGE_CURVE('',#881,#1041,#653,.T.);
#1345=EDGE_CURVE('',#1036,#1041,#490,.T.);
#1346=EDGE_CURVE('',#880,#985,#654,.T.);
#1347=EDGE_CURVE('',#1041,#984,#655,.T.);
#1348=EDGE_CURVE('',#1042,#924,#656,.T.);
#1349=EDGE_CURVE('',#1042,#986,#657,.T.);
#1350=EDGE_CURVE('',#1042,#1041,#196,.T.);
#1351=EDGE_CURVE('',#856,#978,#658,.T.);
#1352=EDGE_CURVE('',#857,#977,#659,.T.);
#1353=EDGE_CURVE('',#858,#976,#660,.T.);
#1354=EDGE_CURVE('',#859,#975,#661,.T.);
#1355=EDGE_CURVE('',#860,#974,#662,.T.);
#1356=ORIENTED_EDGE('',*,*,#1043,.T.);
#1357=ORIENTED_EDGE('',*,*,#1044,.F.);
#1358=ORIENTED_EDGE('',*,*,#1045,.F.);
#1359=ORIENTED_EDGE('',*,*,#1046,.T.);
#1360=ORIENTED_EDGE('',*,*,#1045,.T.);
#1361=ORIENTED_EDGE('',*,*,#1047,.F.);
#1362=ORIENTED_EDGE('',*,*,#1048,.F.);
#1363=ORIENTED_EDGE('',*,*,#1049,.F.);
#1364=ORIENTED_EDGE('',*,*,#1050,.T.);
#1365=ORIENTED_EDGE('',*,*,#1051,.F.);
#1366=ORIENTED_EDGE('',*,*,#1052,.F.);
#1367=ORIENTED_EDGE('',*,*,#1053,.F.);
#1368=ORIENTED_EDGE('',*,*,#1044,.T.);
#1369=ORIENTED_EDGE('',*,*,#1054,.F.);
#1370=ORIENTED_EDGE('',*,*,#1055,.F.);
#1371=ORIENTED_EDGE('',*,*,#1056,.F.);
#1372=ORIENTED_EDGE('',*,*,#1057,.T.);
#1373=ORIENTED_EDGE('',*,*,#1058,.T.);
#1374=ORIENTED_EDGE('',*,*,#1059,.F.);
#1375=ORIENTED_EDGE('',*,*,#1060,.F.);
#1376=ORIENTED_EDGE('',*,*,#1061,.F.);
#1377=ORIENTED_EDGE('',*,*,#1062,.F.);
#1378=ORIENTED_EDGE('',*,*,#1063,.F.);
#1379=ORIENTED_EDGE('',*,*,#1064,.F.);
#1380=ORIENTED_EDGE('',*,*,#1065,.F.);
#1381=ORIENTED_EDGE('',*,*,#1066,.F.);
#1382=ORIENTED_EDGE('',*,*,#1067,.F.);
#1383=ORIENTED_EDGE('',*,*,#1068,.F.);
#1384=ORIENTED_EDGE('',*,*,#1069,.F.);
#1385=ORIENTED_EDGE('',*,*,#1070,.F.);
#1386=ORIENTED_EDGE('',*,*,#1071,.F.);
#1387=ORIENTED_EDGE('',*,*,#1046,.F.);
#1388=ORIENTED_EDGE('',*,*,#1050,.F.);
#1389=ORIENTED_EDGE('',*,*,#1072,.F.);
#1390=ORIENTED_EDGE('',*,*,#1056,.T.);
#1391=ORIENTED_EDGE('',*,*,#1073,.F.);
#1392=ORIENTED_EDGE('',*,*,#1074,.F.);
#1393=ORIENTED_EDGE('',*,*,#1075,.F.);
#1394=ORIENTED_EDGE('',*,*,#1076,.F.);
#1395=ORIENTED_EDGE('',*,*,#1077,.F.);
#1396=ORIENTED_EDGE('',*,*,#1078,.F.);
#1397=ORIENTED_EDGE('',*,*,#1079,.T.);
#1398=ORIENTED_EDGE('',*,*,#1080,.T.);
#1399=ORIENTED_EDGE('',*,*,#1081,.F.);
#1400=ORIENTED_EDGE('',*,*,#1082,.F.);
#1401=ORIENTED_EDGE('',*,*,#1083,.F.);
#1402=ORIENTED_EDGE('',*,*,#1084,.F.);
#1403=ORIENTED_EDGE('',*,*,#1085,.F.);
#1404=ORIENTED_EDGE('',*,*,#1086,.F.);
#1405=ORIENTED_EDGE('',*,*,#1087,.T.);
#1406=ORIENTED_EDGE('',*,*,#1088,.T.);
#1407=ORIENTED_EDGE('',*,*,#1089,.T.);
#1408=ORIENTED_EDGE('',*,*,#1090,.F.);
#1409=ORIENTED_EDGE('',*,*,#1091,.F.);
#1410=ORIENTED_EDGE('',*,*,#1092,.F.);
#1411=ORIENTED_EDGE('',*,*,#1093,.F.);
#1412=ORIENTED_EDGE('',*,*,#1094,.F.);
#1413=ORIENTED_EDGE('',*,*,#1095,.F.);
#1414=ORIENTED_EDGE('',*,*,#1096,.F.);
#1415=ORIENTED_EDGE('',*,*,#1097,.T.);
#1416=ORIENTED_EDGE('',*,*,#1098,.T.);
#1417=ORIENTED_EDGE('',*,*,#1099,.T.);
#1418=ORIENTED_EDGE('',*,*,#1100,.T.);
#1419=ORIENTED_EDGE('',*,*,#1101,.F.);
#1420=ORIENTED_EDGE('',*,*,#1089,.F.);
#1421=ORIENTED_EDGE('',*,*,#1102,.T.);
#1422=ORIENTED_EDGE('',*,*,#1103,.T.);
#1423=ORIENTED_EDGE('',*,*,#1104,.F.);
#1424=ORIENTED_EDGE('',*,*,#1105,.F.);
#1425=ORIENTED_EDGE('',*,*,#1106,.F.);
#1426=ORIENTED_EDGE('',*,*,#1104,.T.);
#1427=ORIENTED_EDGE('',*,*,#1107,.T.);
#1428=ORIENTED_EDGE('',*,*,#1108,.F.);
#1429=ORIENTED_EDGE('',*,*,#1088,.F.);
#1430=ORIENTED_EDGE('',*,*,#1109,.T.);
#1431=ORIENTED_EDGE('',*,*,#1110,.T.);
#1432=ORIENTED_EDGE('',*,*,#1102,.F.);
#1433=ORIENTED_EDGE('',*,*,#1111,.F.);
#1434=ORIENTED_EDGE('',*,*,#1112,.F.);
#1435=ORIENTED_EDGE('',*,*,#1113,.F.);
#1436=ORIENTED_EDGE('',*,*,#1114,.T.);
#1437=ORIENTED_EDGE('',*,*,#1109,.F.);
#1438=ORIENTED_EDGE('',*,*,#1087,.F.);
#1439=ORIENTED_EDGE('',*,*,#1115,.F.);
#1440=ORIENTED_EDGE('',*,*,#1116,.F.);
#1441=ORIENTED_EDGE('',*,*,#1117,.F.);
#1442=ORIENTED_EDGE('',*,*,#1107,.F.);
#1443=ORIENTED_EDGE('',*,*,#1103,.F.);
#1444=ORIENTED_EDGE('',*,*,#1110,.F.);
#1445=ORIENTED_EDGE('',*,*,#1114,.F.);
#1446=ORIENTED_EDGE('',*,*,#1118,.F.);
#1447=ORIENTED_EDGE('',*,*,#1119,.F.);
#1448=ORIENTED_EDGE('',*,*,#1120,.F.);
#1449=ORIENTED_EDGE('',*,*,#1121,.F.);
#1450=ORIENTED_EDGE('',*,*,#1122,.F.);
#1451=ORIENTED_EDGE('',*,*,#1123,.T.);
#1452=ORIENTED_EDGE('',*,*,#1124,.T.);
#1453=ORIENTED_EDGE('',*,*,#1125,.F.);
#1454=ORIENTED_EDGE('',*,*,#1079,.F.);
#1455=ORIENTED_EDGE('',*,*,#1126,.F.);
#1456=ORIENTED_EDGE('',*,*,#1127,.F.);
#1457=ORIENTED_EDGE('',*,*,#1080,.F.);
#1458=ORIENTED_EDGE('',*,*,#1125,.T.);
#1459=ORIENTED_EDGE('',*,*,#1128,.T.);
#1460=ORIENTED_EDGE('',*,*,#1129,.F.);
#1461=ORIENTED_EDGE('',*,*,#1130,.F.);
#1462=ORIENTED_EDGE('',*,*,#1131,.F.);
#1463=ORIENTED_EDGE('',*,*,#1132,.T.);
#1464=ORIENTED_EDGE('',*,*,#1133,.T.);
#1465=ORIENTED_EDGE('',*,*,#1134,.F.);
#1466=ORIENTED_EDGE('',*,*,#1135,.F.);
#1467=ORIENTED_EDGE('',*,*,#1136,.F.);
#1468=ORIENTED_EDGE('',*,*,#1137,.T.);
#1469=ORIENTED_EDGE('',*,*,#1132,.F.);
#1470=ORIENTED_EDGE('',*,*,#1138,.F.);
#1471=ORIENTED_EDGE('',*,*,#1139,.F.);
#1472=ORIENTED_EDGE('',*,*,#1140,.F.);
#1473=ORIENTED_EDGE('',*,*,#1128,.F.);
#1474=ORIENTED_EDGE('',*,*,#1124,.F.);
#1475=ORIENTED_EDGE('',*,*,#1141,.F.);
#1476=ORIENTED_EDGE('',*,*,#1133,.F.);
#1477=ORIENTED_EDGE('',*,*,#1137,.F.);
#1478=ORIENTED_EDGE('',*,*,#1142,.F.);
#1479=ORIENTED_EDGE('',*,*,#1143,.F.);
#1480=ORIENTED_EDGE('',*,*,#1144,.F.);
#1481=ORIENTED_EDGE('',*,*,#1145,.F.);
#1482=ORIENTED_EDGE('',*,*,#1101,.T.);
#1483=ORIENTED_EDGE('',*,*,#1146,.F.);
#1484=ORIENTED_EDGE('',*,*,#1147,.F.);
#1485=ORIENTED_EDGE('',*,*,#1090,.T.);
#1486=ORIENTED_EDGE('',*,*,#1120,.T.);
#1487=ORIENTED_EDGE('',*,*,#1148,.F.);
#1488=ORIENTED_EDGE('',*,*,#1149,.F.);
#1489=ORIENTED_EDGE('',*,*,#1150,.T.);
#1490=ORIENTED_EDGE('',*,*,#1119,.T.);
#1491=ORIENTED_EDGE('',*,*,#1151,.F.);
#1492=ORIENTED_EDGE('',*,*,#1152,.F.);
#1493=ORIENTED_EDGE('',*,*,#1148,.T.);
#1494=ORIENTED_EDGE('',*,*,#1126,.T.);
#1495=ORIENTED_EDGE('',*,*,#1078,.T.);
#1496=ORIENTED_EDGE('',*,*,#1153,.T.);
#1497=ORIENTED_EDGE('',*,*,#1154,.F.);
#1498=ORIENTED_EDGE('',*,*,#1127,.T.);
#1499=ORIENTED_EDGE('',*,*,#1155,.F.);
#1500=ORIENTED_EDGE('',*,*,#1156,.F.);
#1501=ORIENTED_EDGE('',*,*,#1081,.T.);
#1502=ORIENTED_EDGE('',*,*,#1122,.T.);
#1503=ORIENTED_EDGE('',*,*,#1154,.T.);
#1504=ORIENTED_EDGE('',*,*,#1157,.T.);
#1505=ORIENTED_EDGE('',*,*,#1144,.T.);
#1506=ORIENTED_EDGE('',*,*,#1158,.F.);
#1507=ORIENTED_EDGE('',*,*,#1159,.F.);
#1508=ORIENTED_EDGE('',*,*,#1160,.T.);
#1509=ORIENTED_EDGE('',*,*,#1143,.T.);
#1510=ORIENTED_EDGE('',*,*,#1161,.F.);
#1511=ORIENTED_EDGE('',*,*,#1162,.F.);
#1512=ORIENTED_EDGE('',*,*,#1158,.T.);
#1513=ORIENTED_EDGE('',*,*,#1163,.F.);
#1514=ORIENTED_EDGE('',*,*,#1164,.T.);
#1515=ORIENTED_EDGE('',*,*,#1165,.T.);
#1516=ORIENTED_EDGE('',*,*,#1166,.F.);
#1517=ORIENTED_EDGE('',*,*,#1167,.F.);
#1518=ORIENTED_EDGE('',*,*,#1168,.T.);
#1519=ORIENTED_EDGE('',*,*,#1169,.T.);
#1520=ORIENTED_EDGE('',*,*,#1164,.F.);
#1521=ORIENTED_EDGE('',*,*,#1170,.F.);
#1522=ORIENTED_EDGE('',*,*,#1166,.T.);
#1523=ORIENTED_EDGE('',*,*,#1171,.T.);
#1524=ORIENTED_EDGE('',*,*,#1168,.F.);
#1525=ORIENTED_EDGE('',*,*,#1171,.F.);
#1526=ORIENTED_EDGE('',*,*,#1165,.F.);
#1527=ORIENTED_EDGE('',*,*,#1169,.F.);
#1528=ORIENTED_EDGE('',*,*,#1172,.F.);
#1529=ORIENTED_EDGE('',*,*,#1173,.T.);
#1530=ORIENTED_EDGE('',*,*,#1174,.T.);
#1531=ORIENTED_EDGE('',*,*,#1175,.F.);
#1532=ORIENTED_EDGE('',*,*,#1176,.F.);
#1533=ORIENTED_EDGE('',*,*,#1177,.T.);
#1534=ORIENTED_EDGE('',*,*,#1178,.T.);
#1535=ORIENTED_EDGE('',*,*,#1173,.F.);
#1536=ORIENTED_EDGE('',*,*,#1179,.F.);
#1537=ORIENTED_EDGE('',*,*,#1175,.T.);
#1538=ORIENTED_EDGE('',*,*,#1180,.T.);
#1539=ORIENTED_EDGE('',*,*,#1177,.F.);
#1540=ORIENTED_EDGE('',*,*,#1180,.F.);
#1541=ORIENTED_EDGE('',*,*,#1174,.F.);
#1542=ORIENTED_EDGE('',*,*,#1178,.F.);
#1543=ORIENTED_EDGE('',*,*,#1181,.F.);
#1544=ORIENTED_EDGE('',*,*,#1182,.T.);
#1545=ORIENTED_EDGE('',*,*,#1183,.T.);
#1546=ORIENTED_EDGE('',*,*,#1184,.F.);
#1547=ORIENTED_EDGE('',*,*,#1185,.F.);
#1548=ORIENTED_EDGE('',*,*,#1186,.T.);
#1549=ORIENTED_EDGE('',*,*,#1187,.T.);
#1550=ORIENTED_EDGE('',*,*,#1182,.F.);
#1551=ORIENTED_EDGE('',*,*,#1188,.F.);
#1552=ORIENTED_EDGE('',*,*,#1184,.T.);
#1553=ORIENTED_EDGE('',*,*,#1189,.T.);
#1554=ORIENTED_EDGE('',*,*,#1186,.F.);
#1555=ORIENTED_EDGE('',*,*,#1189,.F.);
#1556=ORIENTED_EDGE('',*,*,#1183,.F.);
#1557=ORIENTED_EDGE('',*,*,#1187,.F.);
#1558=ORIENTED_EDGE('',*,*,#1190,.F.);
#1559=ORIENTED_EDGE('',*,*,#1191,.T.);
#1560=ORIENTED_EDGE('',*,*,#1192,.T.);
#1561=ORIENTED_EDGE('',*,*,#1193,.F.);
#1562=ORIENTED_EDGE('',*,*,#1194,.F.);
#1563=ORIENTED_EDGE('',*,*,#1195,.T.);
#1564=ORIENTED_EDGE('',*,*,#1196,.T.);
#1565=ORIENTED_EDGE('',*,*,#1191,.F.);
#1566=ORIENTED_EDGE('',*,*,#1197,.F.);
#1567=ORIENTED_EDGE('',*,*,#1193,.T.);
#1568=ORIENTED_EDGE('',*,*,#1198,.T.);
#1569=ORIENTED_EDGE('',*,*,#1195,.F.);
#1570=ORIENTED_EDGE('',*,*,#1198,.F.);
#1571=ORIENTED_EDGE('',*,*,#1192,.F.);
#1572=ORIENTED_EDGE('',*,*,#1196,.F.);
#1573=ORIENTED_EDGE('',*,*,#1199,.F.);
#1574=ORIENTED_EDGE('',*,*,#1200,.T.);
#1575=ORIENTED_EDGE('',*,*,#1201,.T.);
#1576=ORIENTED_EDGE('',*,*,#1202,.F.);
#1577=ORIENTED_EDGE('',*,*,#1203,.F.);
#1578=ORIENTED_EDGE('',*,*,#1202,.T.);
#1579=ORIENTED_EDGE('',*,*,#1204,.T.);
#1580=ORIENTED_EDGE('',*,*,#1200,.F.);
#1581=ORIENTED_EDGE('',*,*,#1204,.F.);
#1582=ORIENTED_EDGE('',*,*,#1201,.F.);
#1583=ORIENTED_EDGE('',*,*,#1205,.T.);
#1584=ORIENTED_EDGE('',*,*,#1206,.T.);
#1585=ORIENTED_EDGE('',*,*,#1207,.T.);
#1586=ORIENTED_EDGE('',*,*,#1208,.T.);
#1587=ORIENTED_EDGE('',*,*,#1208,.F.);
#1588=ORIENTED_EDGE('',*,*,#1209,.F.);
#1589=ORIENTED_EDGE('',*,*,#1210,.T.);
#1590=ORIENTED_EDGE('',*,*,#1211,.T.);
#1591=ORIENTED_EDGE('',*,*,#1048,.T.);
#1592=ORIENTED_EDGE('',*,*,#1212,.T.);
#1593=ORIENTED_EDGE('',*,*,#1213,.T.);
#1594=ORIENTED_EDGE('',*,*,#1214,.T.);
#1595=ORIENTED_EDGE('',*,*,#1215,.F.);
#1596=ORIENTED_EDGE('',*,*,#1216,.F.);
#1597=ORIENTED_EDGE('',*,*,#1217,.F.);
#1598=ORIENTED_EDGE('',*,*,#1218,.T.);
#1599=ORIENTED_EDGE('',*,*,#1219,.T.);
#1600=ORIENTED_EDGE('',*,*,#1220,.T.);
#1601=ORIENTED_EDGE('',*,*,#1221,.T.);
#1602=ORIENTED_EDGE('',*,*,#1222,.T.);
#1603=ORIENTED_EDGE('',*,*,#1223,.T.);
#1604=ORIENTED_EDGE('',*,*,#1224,.T.);
#1605=ORIENTED_EDGE('',*,*,#1225,.T.);
#1606=ORIENTED_EDGE('',*,*,#1226,.T.);
#1607=ORIENTED_EDGE('',*,*,#1227,.T.);
#1608=ORIENTED_EDGE('',*,*,#1228,.T.);
#1609=ORIENTED_EDGE('',*,*,#1229,.T.);
#1610=ORIENTED_EDGE('',*,*,#1230,.T.);
#1611=ORIENTED_EDGE('',*,*,#1231,.T.);
#1612=ORIENTED_EDGE('',*,*,#1232,.T.);
#1613=ORIENTED_EDGE('',*,*,#1233,.T.);
#1614=ORIENTED_EDGE('',*,*,#1234,.T.);
#1615=ORIENTED_EDGE('',*,*,#1235,.T.);
#1616=ORIENTED_EDGE('',*,*,#1236,.T.);
#1617=ORIENTED_EDGE('',*,*,#1237,.T.);
#1618=ORIENTED_EDGE('',*,*,#1238,.T.);
#1619=ORIENTED_EDGE('',*,*,#1239,.T.);
#1620=ORIENTED_EDGE('',*,*,#1240,.T.);
#1621=ORIENTED_EDGE('',*,*,#1241,.T.);
#1622=ORIENTED_EDGE('',*,*,#1242,.T.);
#1623=ORIENTED_EDGE('',*,*,#1243,.T.);
#1624=ORIENTED_EDGE('',*,*,#1244,.T.);
#1625=ORIENTED_EDGE('',*,*,#1245,.T.);
#1626=ORIENTED_EDGE('',*,*,#1246,.T.);
#1627=ORIENTED_EDGE('',*,*,#1247,.T.);
#1628=ORIENTED_EDGE('',*,*,#1248,.T.);
#1629=ORIENTED_EDGE('',*,*,#1249,.T.);
#1630=ORIENTED_EDGE('',*,*,#1250,.T.);
#1631=ORIENTED_EDGE('',*,*,#1149,.T.);
#1632=ORIENTED_EDGE('',*,*,#1152,.T.);
#1633=ORIENTED_EDGE('',*,*,#1251,.T.);
#1634=ORIENTED_EDGE('',*,*,#1252,.T.);
#1635=ORIENTED_EDGE('',*,*,#1159,.T.);
#1636=ORIENTED_EDGE('',*,*,#1162,.T.);
#1637=ORIENTED_EDGE('',*,*,#1253,.T.);
#1638=ORIENTED_EDGE('',*,*,#1254,.T.);
#1639=ORIENTED_EDGE('',*,*,#1255,.T.);
#1640=ORIENTED_EDGE('',*,*,#1256,.T.);
#1641=ORIENTED_EDGE('',*,*,#1199,.T.);
#1642=ORIENTED_EDGE('',*,*,#1203,.T.);
#1643=ORIENTED_EDGE('',*,*,#1190,.T.);
#1644=ORIENTED_EDGE('',*,*,#1197,.T.);
#1645=ORIENTED_EDGE('',*,*,#1194,.T.);
#1646=ORIENTED_EDGE('',*,*,#1181,.T.);
#1647=ORIENTED_EDGE('',*,*,#1188,.T.);
#1648=ORIENTED_EDGE('',*,*,#1185,.T.);
#1649=ORIENTED_EDGE('',*,*,#1210,.F.);
#1650=ORIENTED_EDGE('',*,*,#1209,.T.);
#1651=ORIENTED_EDGE('',*,*,#1207,.F.);
#1652=ORIENTED_EDGE('',*,*,#1257,.T.);
#1653=ORIENTED_EDGE('',*,*,#1258,.T.);
#1654=ORIENTED_EDGE('',*,*,#1257,.F.);
#1655=ORIENTED_EDGE('',*,*,#1206,.F.);
#1656=ORIENTED_EDGE('',*,*,#1259,.F.);
#1657=ORIENTED_EDGE('',*,*,#1054,.T.);
#1658=ORIENTED_EDGE('',*,*,#1260,.T.);
#1659=ORIENTED_EDGE('',*,*,#1217,.T.);
#1660=ORIENTED_EDGE('',*,*,#1261,.T.);
#1661=ORIENTED_EDGE('',*,*,#1216,.T.);
#1662=ORIENTED_EDGE('',*,*,#1262,.T.);
#1663=ORIENTED_EDGE('',*,*,#1055,.T.);
#1664=ORIENTED_EDGE('',*,*,#1261,.F.);
#1665=ORIENTED_EDGE('',*,*,#1043,.F.);
#1666=ORIENTED_EDGE('',*,*,#1071,.T.);
#1667=ORIENTED_EDGE('',*,*,#1263,.T.);
#1668=ORIENTED_EDGE('',*,*,#1218,.F.);
#1669=ORIENTED_EDGE('',*,*,#1260,.F.);
#1670=ORIENTED_EDGE('',*,*,#1214,.F.);
#1671=ORIENTED_EDGE('',*,*,#1264,.T.);
#1672=ORIENTED_EDGE('',*,*,#1051,.T.);
#1673=ORIENTED_EDGE('',*,*,#1262,.F.);
#1674=ORIENTED_EDGE('',*,*,#1215,.T.);
#1675=ORIENTED_EDGE('',*,*,#1213,.F.);
#1676=ORIENTED_EDGE('',*,*,#1265,.T.);
#1677=ORIENTED_EDGE('',*,*,#1052,.T.);
#1678=ORIENTED_EDGE('',*,*,#1264,.F.);
#1679=ORIENTED_EDGE('',*,*,#1212,.F.);
#1680=ORIENTED_EDGE('',*,*,#1047,.T.);
#1681=ORIENTED_EDGE('',*,*,#1053,.T.);
#1682=ORIENTED_EDGE('',*,*,#1265,.F.);
#1683=ORIENTED_EDGE('',*,*,#1100,.F.);
#1684=ORIENTED_EDGE('',*,*,#1266,.T.);
#1685=ORIENTED_EDGE('',*,*,#1267,.T.);
#1686=ORIENTED_EDGE('',*,*,#1266,.F.);
#1687=ORIENTED_EDGE('',*,*,#1267,.F.);
#1688=ORIENTED_EDGE('',*,*,#1099,.F.);
#1689=ORIENTED_EDGE('',*,*,#1268,.T.);
#1690=ORIENTED_EDGE('',*,*,#1269,.T.);
#1691=ORIENTED_EDGE('',*,*,#1268,.F.);
#1692=ORIENTED_EDGE('',*,*,#1269,.F.);
#1693=ORIENTED_EDGE('',*,*,#1098,.F.);
#1694=ORIENTED_EDGE('',*,*,#1270,.T.);
#1695=ORIENTED_EDGE('',*,*,#1271,.T.);
#1696=ORIENTED_EDGE('',*,*,#1270,.F.);
#1697=ORIENTED_EDGE('',*,*,#1271,.F.);
#1698=ORIENTED_EDGE('',*,*,#1097,.F.);
#1699=ORIENTED_EDGE('',*,*,#1272,.T.);
#1700=ORIENTED_EDGE('',*,*,#1273,.T.);
#1701=ORIENTED_EDGE('',*,*,#1272,.F.);
#1702=ORIENTED_EDGE('',*,*,#1273,.F.);
#1703=ORIENTED_EDGE('',*,*,#1274,.F.);
#1704=ORIENTED_EDGE('',*,*,#1275,.T.);
#1705=ORIENTED_EDGE('',*,*,#1253,.F.);
#1706=ORIENTED_EDGE('',*,*,#1276,.F.);
#1707=ORIENTED_EDGE('',*,*,#1277,.F.);
#1708=ORIENTED_EDGE('',*,*,#1278,.T.);
#1709=ORIENTED_EDGE('',*,*,#1254,.F.);
#1710=ORIENTED_EDGE('',*,*,#1275,.F.);
#1711=ORIENTED_EDGE('',*,*,#1279,.F.);
#1712=ORIENTED_EDGE('',*,*,#1280,.T.);
#1713=ORIENTED_EDGE('',*,*,#1255,.F.);
#1714=ORIENTED_EDGE('',*,*,#1278,.F.);
#1715=ORIENTED_EDGE('',*,*,#1281,.F.);
#1716=ORIENTED_EDGE('',*,*,#1276,.T.);
#1717=ORIENTED_EDGE('',*,*,#1256,.F.);
#1718=ORIENTED_EDGE('',*,*,#1280,.F.);
#1719=ORIENTED_EDGE('',*,*,#1142,.T.);
#1720=ORIENTED_EDGE('',*,*,#1282,.F.);
#1721=ORIENTED_EDGE('',*,*,#1251,.F.);
#1722=ORIENTED_EDGE('',*,*,#1161,.T.);
#1723=ORIENTED_EDGE('',*,*,#1145,.T.);
#1724=ORIENTED_EDGE('',*,*,#1160,.F.);
#1725=ORIENTED_EDGE('',*,*,#1252,.F.);
#1726=ORIENTED_EDGE('',*,*,#1282,.T.);
#1727=ORIENTED_EDGE('',*,*,#1118,.T.);
#1728=ORIENTED_EDGE('',*,*,#1283,.F.);
#1729=ORIENTED_EDGE('',*,*,#1249,.F.);
#1730=ORIENTED_EDGE('',*,*,#1151,.T.);
#1731=ORIENTED_EDGE('',*,*,#1121,.T.);
#1732=ORIENTED_EDGE('',*,*,#1150,.F.);
#1733=ORIENTED_EDGE('',*,*,#1250,.F.);
#1734=ORIENTED_EDGE('',*,*,#1283,.T.);
#1735=ORIENTED_EDGE('',*,*,#1241,.F.);
#1736=ORIENTED_EDGE('',*,*,#1284,.T.);
#1737=ORIENTED_EDGE('',*,*,#1285,.F.);
#1738=ORIENTED_EDGE('',*,*,#1286,.F.);
#1739=ORIENTED_EDGE('',*,*,#1248,.F.);
#1740=ORIENTED_EDGE('',*,*,#1287,.T.);
#1741=ORIENTED_EDGE('',*,*,#1288,.F.);
#1742=ORIENTED_EDGE('',*,*,#1284,.F.);
#1743=ORIENTED_EDGE('',*,*,#1247,.F.);
#1744=ORIENTED_EDGE('',*,*,#1289,.T.);
#1745=ORIENTED_EDGE('',*,*,#1290,.F.);
#1746=ORIENTED_EDGE('',*,*,#1287,.F.);
#1747=ORIENTED_EDGE('',*,*,#1246,.F.);
#1748=ORIENTED_EDGE('',*,*,#1291,.T.);
#1749=ORIENTED_EDGE('',*,*,#1292,.F.);
#1750=ORIENTED_EDGE('',*,*,#1289,.F.);
#1751=ORIENTED_EDGE('',*,*,#1136,.T.);
#1752=ORIENTED_EDGE('',*,*,#1293,.F.);
#1753=ORIENTED_EDGE('',*,*,#1291,.F.);
#1754=ORIENTED_EDGE('',*,*,#1245,.F.);
#1755=ORIENTED_EDGE('',*,*,#1294,.T.);
#1756=ORIENTED_EDGE('',*,*,#1138,.T.);
#1757=ORIENTED_EDGE('',*,*,#1139,.T.);
#1758=ORIENTED_EDGE('',*,*,#1294,.F.);
#1759=ORIENTED_EDGE('',*,*,#1244,.F.);
#1760=ORIENTED_EDGE('',*,*,#1295,.T.);
#1761=ORIENTED_EDGE('',*,*,#1140,.T.);
#1762=ORIENTED_EDGE('',*,*,#1295,.F.);
#1763=ORIENTED_EDGE('',*,*,#1243,.F.);
#1764=ORIENTED_EDGE('',*,*,#1296,.T.);
#1765=ORIENTED_EDGE('',*,*,#1297,.F.);
#1766=ORIENTED_EDGE('',*,*,#1129,.T.);
#1767=ORIENTED_EDGE('',*,*,#1242,.F.);
#1768=ORIENTED_EDGE('',*,*,#1286,.T.);
#1769=ORIENTED_EDGE('',*,*,#1298,.F.);
#1770=ORIENTED_EDGE('',*,*,#1296,.F.);
#1771=ORIENTED_EDGE('',*,*,#1233,.F.);
#1772=ORIENTED_EDGE('',*,*,#1299,.T.);
#1773=ORIENTED_EDGE('',*,*,#1300,.F.);
#1774=ORIENTED_EDGE('',*,*,#1301,.F.);
#1775=ORIENTED_EDGE('',*,*,#1240,.F.);
#1776=ORIENTED_EDGE('',*,*,#1302,.T.);
#1777=ORIENTED_EDGE('',*,*,#1303,.F.);
#1778=ORIENTED_EDGE('',*,*,#1299,.F.);
#1779=ORIENTED_EDGE('',*,*,#1113,.T.);
#1780=ORIENTED_EDGE('',*,*,#1304,.F.);
#1781=ORIENTED_EDGE('',*,*,#1302,.F.);
#1782=ORIENTED_EDGE('',*,*,#1239,.F.);
#1783=ORIENTED_EDGE('',*,*,#1305,.T.);
#1784=ORIENTED_EDGE('',*,*,#1115,.T.);
#1785=ORIENTED_EDGE('',*,*,#1116,.T.);
#1786=ORIENTED_EDGE('',*,*,#1305,.F.);
#1787=ORIENTED_EDGE('',*,*,#1238,.F.);
#1788=ORIENTED_EDGE('',*,*,#1306,.T.);
#1789=ORIENTED_EDGE('',*,*,#1117,.T.);
#1790=ORIENTED_EDGE('',*,*,#1306,.F.);
#1791=ORIENTED_EDGE('',*,*,#1237,.F.);
#1792=ORIENTED_EDGE('',*,*,#1307,.T.);
#1793=ORIENTED_EDGE('',*,*,#1308,.F.);
#1794=ORIENTED_EDGE('',*,*,#1108,.T.);
#1795=ORIENTED_EDGE('',*,*,#1236,.F.);
#1796=ORIENTED_EDGE('',*,*,#1309,.T.);
#1797=ORIENTED_EDGE('',*,*,#1310,.F.);
#1798=ORIENTED_EDGE('',*,*,#1307,.F.);
#1799=ORIENTED_EDGE('',*,*,#1235,.F.);
#1800=ORIENTED_EDGE('',*,*,#1311,.T.);
#1801=ORIENTED_EDGE('',*,*,#1312,.F.);
#1802=ORIENTED_EDGE('',*,*,#1309,.F.);
#1803=ORIENTED_EDGE('',*,*,#1234,.F.);
#1804=ORIENTED_EDGE('',*,*,#1301,.T.);
#1805=ORIENTED_EDGE('',*,*,#1313,.F.);
#1806=ORIENTED_EDGE('',*,*,#1311,.F.);
#1807=ORIENTED_EDGE('',*,*,#1064,.T.);
#1808=ORIENTED_EDGE('',*,*,#1314,.T.);
#1809=ORIENTED_EDGE('',*,*,#1225,.F.);
#1810=ORIENTED_EDGE('',*,*,#1315,.F.);
#1811=ORIENTED_EDGE('',*,*,#1063,.T.);
#1812=ORIENTED_EDGE('',*,*,#1316,.T.);
#1813=ORIENTED_EDGE('',*,*,#1226,.F.);
#1814=ORIENTED_EDGE('',*,*,#1314,.F.);
#1815=ORIENTED_EDGE('',*,*,#1062,.T.);
#1816=ORIENTED_EDGE('',*,*,#1317,.T.);
#1817=ORIENTED_EDGE('',*,*,#1227,.F.);
#1818=ORIENTED_EDGE('',*,*,#1316,.F.);
#1819=ORIENTED_EDGE('',*,*,#1061,.T.);
#1820=ORIENTED_EDGE('',*,*,#1318,.T.);
#1821=ORIENTED_EDGE('',*,*,#1228,.F.);
#1822=ORIENTED_EDGE('',*,*,#1317,.F.);
#1823=ORIENTED_EDGE('',*,*,#1205,.F.);
#1824=ORIENTED_EDGE('',*,*,#1229,.F.);
#1825=ORIENTED_EDGE('',*,*,#1318,.F.);
#1826=ORIENTED_EDGE('',*,*,#1060,.T.);
#1827=ORIENTED_EDGE('',*,*,#1319,.T.);
#1828=ORIENTED_EDGE('',*,*,#1259,.T.);
#1829=ORIENTED_EDGE('',*,*,#1072,.T.);
#1830=ORIENTED_EDGE('',*,*,#1049,.T.);
#1831=ORIENTED_EDGE('',*,*,#1211,.F.);
#1832=ORIENTED_EDGE('',*,*,#1258,.F.);
#1833=ORIENTED_EDGE('',*,*,#1319,.F.);
#1834=ORIENTED_EDGE('',*,*,#1077,.T.);
#1835=ORIENTED_EDGE('',*,*,#1320,.T.);
#1836=ORIENTED_EDGE('',*,*,#1321,.F.);
#1837=ORIENTED_EDGE('',*,*,#1134,.T.);
#1838=ORIENTED_EDGE('',*,*,#1141,.T.);
#1839=ORIENTED_EDGE('',*,*,#1123,.F.);
#1840=ORIENTED_EDGE('',*,*,#1157,.F.);
#1841=ORIENTED_EDGE('',*,*,#1153,.F.);
#1842=ORIENTED_EDGE('',*,*,#1076,.T.);
#1843=ORIENTED_EDGE('',*,*,#1322,.T.);
#1844=ORIENTED_EDGE('',*,*,#1323,.F.);
#1845=ORIENTED_EDGE('',*,*,#1320,.F.);
#1846=ORIENTED_EDGE('',*,*,#1075,.T.);
#1847=ORIENTED_EDGE('',*,*,#1324,.T.);
#1848=ORIENTED_EDGE('',*,*,#1325,.F.);
#1849=ORIENTED_EDGE('',*,*,#1322,.F.);
#1850=ORIENTED_EDGE('',*,*,#1074,.T.);
#1851=ORIENTED_EDGE('',*,*,#1326,.T.);
#1852=ORIENTED_EDGE('',*,*,#1327,.F.);
#1853=ORIENTED_EDGE('',*,*,#1324,.F.);
#1854=ORIENTED_EDGE('',*,*,#1073,.T.);
#1855=ORIENTED_EDGE('',*,*,#1059,.T.);
#1856=ORIENTED_EDGE('',*,*,#1328,.F.);
#1857=ORIENTED_EDGE('',*,*,#1326,.F.);
#1858=ORIENTED_EDGE('',*,*,#1096,.T.);
#1859=ORIENTED_EDGE('',*,*,#1329,.T.);
#1860=ORIENTED_EDGE('',*,*,#1330,.F.);
#1861=ORIENTED_EDGE('',*,*,#1057,.F.);
#1862=ORIENTED_EDGE('',*,*,#1095,.T.);
#1863=ORIENTED_EDGE('',*,*,#1331,.T.);
#1864=ORIENTED_EDGE('',*,*,#1332,.F.);
#1865=ORIENTED_EDGE('',*,*,#1329,.F.);
#1866=ORIENTED_EDGE('',*,*,#1094,.T.);
#1867=ORIENTED_EDGE('',*,*,#1333,.T.);
#1868=ORIENTED_EDGE('',*,*,#1334,.F.);
#1869=ORIENTED_EDGE('',*,*,#1331,.F.);
#1870=ORIENTED_EDGE('',*,*,#1082,.T.);
#1871=ORIENTED_EDGE('',*,*,#1156,.T.);
#1872=ORIENTED_EDGE('',*,*,#1335,.F.);
#1873=ORIENTED_EDGE('',*,*,#1336,.F.);
#1874=ORIENTED_EDGE('',*,*,#1083,.T.);
#1875=ORIENTED_EDGE('',*,*,#1336,.T.);
#1876=ORIENTED_EDGE('',*,*,#1337,.F.);
#1877=ORIENTED_EDGE('',*,*,#1338,.F.);
#1878=ORIENTED_EDGE('',*,*,#1084,.T.);
#1879=ORIENTED_EDGE('',*,*,#1338,.T.);
#1880=ORIENTED_EDGE('',*,*,#1339,.F.);
#1881=ORIENTED_EDGE('',*,*,#1340,.F.);
#1882=ORIENTED_EDGE('',*,*,#1085,.T.);
#1883=ORIENTED_EDGE('',*,*,#1340,.T.);
#1884=ORIENTED_EDGE('',*,*,#1341,.F.);
#1885=ORIENTED_EDGE('',*,*,#1342,.F.);
#1886=ORIENTED_EDGE('',*,*,#1111,.T.);
#1887=ORIENTED_EDGE('',*,*,#1086,.T.);
#1888=ORIENTED_EDGE('',*,*,#1342,.T.);
#1889=ORIENTED_EDGE('',*,*,#1343,.F.);
#1890=ORIENTED_EDGE('',*,*,#1093,.T.);
#1891=ORIENTED_EDGE('',*,*,#1344,.T.);
#1892=ORIENTED_EDGE('',*,*,#1345,.F.);
#1893=ORIENTED_EDGE('',*,*,#1333,.F.);
#1894=ORIENTED_EDGE('',*,*,#1092,.T.);
#1895=ORIENTED_EDGE('',*,*,#1346,.T.);
#1896=ORIENTED_EDGE('',*,*,#1230,.F.);
#1897=ORIENTED_EDGE('',*,*,#1347,.F.);
#1898=ORIENTED_EDGE('',*,*,#1344,.F.);
#1899=ORIENTED_EDGE('',*,*,#1091,.T.);
#1900=ORIENTED_EDGE('',*,*,#1147,.T.);
#1901=ORIENTED_EDGE('',*,*,#1348,.F.);
#1902=ORIENTED_EDGE('',*,*,#1349,.T.);
#1903=ORIENTED_EDGE('',*,*,#1231,.F.);
#1904=ORIENTED_EDGE('',*,*,#1346,.F.);
#1905=ORIENTED_EDGE('',*,*,#1350,.T.);
#1906=ORIENTED_EDGE('',*,*,#1347,.T.);
#1907=ORIENTED_EDGE('',*,*,#1232,.F.);
#1908=ORIENTED_EDGE('',*,*,#1349,.F.);
#1909=ORIENTED_EDGE('',*,*,#1065,.T.);
#1910=ORIENTED_EDGE('',*,*,#1315,.T.);
#1911=ORIENTED_EDGE('',*,*,#1224,.F.);
#1912=ORIENTED_EDGE('',*,*,#1351,.F.);
#1913=ORIENTED_EDGE('',*,*,#1066,.T.);
#1914=ORIENTED_EDGE('',*,*,#1351,.T.);
#1915=ORIENTED_EDGE('',*,*,#1223,.F.);
#1916=ORIENTED_EDGE('',*,*,#1352,.F.);
#1917=ORIENTED_EDGE('',*,*,#1067,.T.);
#1918=ORIENTED_EDGE('',*,*,#1352,.T.);
#1919=ORIENTED_EDGE('',*,*,#1222,.F.);
#1920=ORIENTED_EDGE('',*,*,#1353,.F.);
#1921=ORIENTED_EDGE('',*,*,#1068,.T.);
#1922=ORIENTED_EDGE('',*,*,#1353,.T.);
#1923=ORIENTED_EDGE('',*,*,#1221,.F.);
#1924=ORIENTED_EDGE('',*,*,#1354,.F.);
#1925=ORIENTED_EDGE('',*,*,#1069,.T.);
#1926=ORIENTED_EDGE('',*,*,#1354,.T.);
#1927=ORIENTED_EDGE('',*,*,#1220,.F.);
#1928=ORIENTED_EDGE('',*,*,#1355,.F.);
#1929=ORIENTED_EDGE('',*,*,#1070,.T.);
#1930=ORIENTED_EDGE('',*,*,#1355,.T.);
#1931=ORIENTED_EDGE('',*,*,#1219,.F.);
#1932=ORIENTED_EDGE('',*,*,#1263,.F.);
#1933=ORIENTED_EDGE('',*,*,#1112,.T.);
#1934=ORIENTED_EDGE('',*,*,#1343,.T.);
#1935=ORIENTED_EDGE('',*,*,#1341,.T.);
#1936=ORIENTED_EDGE('',*,*,#1339,.T.);
#1937=ORIENTED_EDGE('',*,*,#1337,.T.);
#1938=ORIENTED_EDGE('',*,*,#1335,.T.);
#1939=ORIENTED_EDGE('',*,*,#1155,.T.);
#1940=ORIENTED_EDGE('',*,*,#1130,.T.);
#1941=ORIENTED_EDGE('',*,*,#1297,.T.);
#1942=ORIENTED_EDGE('',*,*,#1298,.T.);
#1943=ORIENTED_EDGE('',*,*,#1285,.T.);
#1944=ORIENTED_EDGE('',*,*,#1288,.T.);
#1945=ORIENTED_EDGE('',*,*,#1290,.T.);
#1946=ORIENTED_EDGE('',*,*,#1292,.T.);
#1947=ORIENTED_EDGE('',*,*,#1293,.T.);
#1948=ORIENTED_EDGE('',*,*,#1135,.T.);
#1949=ORIENTED_EDGE('',*,*,#1131,.T.);
#1950=ORIENTED_EDGE('',*,*,#1321,.T.);
#1951=ORIENTED_EDGE('',*,*,#1323,.T.);
#1952=ORIENTED_EDGE('',*,*,#1325,.T.);
#1953=ORIENTED_EDGE('',*,*,#1327,.T.);
#1954=ORIENTED_EDGE('',*,*,#1328,.T.);
#1955=ORIENTED_EDGE('',*,*,#1058,.F.);
#1956=ORIENTED_EDGE('',*,*,#1330,.T.);
#1957=ORIENTED_EDGE('',*,*,#1332,.T.);
#1958=ORIENTED_EDGE('',*,*,#1334,.T.);
#1959=ORIENTED_EDGE('',*,*,#1345,.T.);
#1960=ORIENTED_EDGE('',*,*,#1350,.F.);
#1961=ORIENTED_EDGE('',*,*,#1348,.T.);
#1962=ORIENTED_EDGE('',*,*,#1146,.T.);
#1963=ORIENTED_EDGE('',*,*,#1105,.T.);
#1964=ORIENTED_EDGE('',*,*,#1106,.T.);
#1965=ORIENTED_EDGE('',*,*,#1308,.T.);
#1966=ORIENTED_EDGE('',*,*,#1310,.T.);
#1967=ORIENTED_EDGE('',*,*,#1312,.T.);
#1968=ORIENTED_EDGE('',*,*,#1313,.T.);
#1969=ORIENTED_EDGE('',*,*,#1300,.T.);
#1970=ORIENTED_EDGE('',*,*,#1303,.T.);
#1971=ORIENTED_EDGE('',*,*,#1304,.T.);
#1972=ORIENTED_EDGE('',*,*,#1274,.T.);
#1973=ORIENTED_EDGE('',*,*,#1281,.T.);
#1974=ORIENTED_EDGE('',*,*,#1279,.T.);
#1975=ORIENTED_EDGE('',*,*,#1277,.T.);
#1976=ORIENTED_EDGE('',*,*,#1172,.T.);
#1977=ORIENTED_EDGE('',*,*,#1179,.T.);
#1978=ORIENTED_EDGE('',*,*,#1176,.T.);
#1979=ORIENTED_EDGE('',*,*,#1163,.T.);
#1980=ORIENTED_EDGE('',*,*,#1170,.T.);
#1981=ORIENTED_EDGE('',*,*,#1167,.T.);
#1982=(
BOUNDED_SURFACE()
B_SPLINE_SURFACE(5,1,((#2588,#2589),(#2590,#2591),(#2592,#2593),(#2594,
#2595),(#2596,#2597),(#2598,#2599),(#2600,#2601),(#2602,#2603),(#2604,#2605),
(#2606,#2607),(#2608,#2609),(#2610,#2611),(#2612,#2613),(#2614,#2615),(#2616,
#2617),(#2618,#2619),(#2620,#2621),(#2622,#2623),(#2624,#2625)),
 .UNSPECIFIED.,.F.,.F.,.F.)
B_SPLINE_SURFACE_WITH_KNOTS((6,1,1,1,1,1,1,1,1,1,1,1,1,1,6),(2,2),(0.,0.0666666666666667,
0.133333333333333,0.2,0.266666666666667,0.333333333333333,0.4,0.466666666666667,
0.533333333333333,0.6,0.666666666666667,0.733333333333333,0.8,0.866666666666667,
0.884783491851915),(1.1,2.1),.UNSPECIFIED.)
GEOMETRIC_REPRESENTATION_ITEM()
RATIONAL_B_SPLINE_SURFACE(((1.,1.),(1.,1.),(1.,1.),(1.,1.),(1.,1.),(1.,
1.),(1.,1.),(1.,1.),(1.,1.),(1.,1.),(1.,1.),(1.,1.),(1.,1.),(1.,1.),(1.,
1.),(1.,1.),(1.,1.),(1.,1.),(1.,1.)))
REPRESENTATION_ITEM('')
SURFACE()
);
#1983=(
BOUNDED_SURFACE()
B_SPLINE_SURFACE(5,1,((#2694,#2695),(#2696,#2697),(#2698,#2699),(#2700,
#2701),(#2702,#2703),(#2704,#2705),(#2706,#2707),(#2708,#2709),(#2710,#2711),
(#2712,#2713),(#2714,#2715),(#2716,#2717),(#2718,#2719),(#2720,#2721),(#2722,
#2723),(#2724,#2725),(#2726,#2727),(#2728,#2729),(#2730,#2731),(#2732,#2733),
(#2734,#2735),(#2736,#2737),(#2738,#2739),(#2740,#2741),(#2742,#2743)),
 .UNSPECIFIED.,.F.,.F.,.F.)
B_SPLINE_SURFACE_WITH_KNOTS((6,1,1,1,1,1,1,1,1,1,1,1,1,1,1,5,6),(2,2),(0.,
0.0666666666666667,0.133333333333333,0.2,0.266666666666667,0.333333333333333,
0.4,0.466666666666667,0.533333333333333,0.6,0.666666666666667,0.733333333333333,
0.8,0.866666666666667,0.933333333333333,1.,4.33665017960746),(-0.200000000000139,
0.3),.UNSPECIFIED.)
GEOMETRIC_REPRESENTATION_ITEM()
RATIONAL_B_SPLINE_SURFACE(((1.,1.),(1.,1.),(1.,1.),(1.,1.),(1.,1.),(1.,
1.),(1.,1.),(1.,1.),(1.,1.),(1.,1.),(1.,1.),(1.,1.),(1.,1.),(1.,1.),(1.,
1.),(1.,1.),(1.,1.),(1.,1.),(1.,1.),(1.,1.),(1.,1.),(1.,1.),(1.,1.),(1.,
1.),(1.,1.)))
REPRESENTATION_ITEM('')
SURFACE()
);
#1984=(
BOUNDED_SURFACE()
B_SPLINE_SURFACE(5,1,((#2960,#2961),(#2962,#2963),(#2964,#2965),(#2966,
#2967),(#2968,#2969),(#2970,#2971),(#2972,#2973),(#2974,#2975),(#2976,#2977),
(#2978,#2979),(#2980,#2981),(#2982,#2983),(#2984,#2985),(#2986,#2987),(#2988,
#2989),(#2990,#2991),(#2992,#2993),(#2994,#2995),(#2996,#2997),(#2998,#2999)),
 .UNSPECIFIED.,.F.,.F.,.F.)
B_SPLINE_SURFACE_WITH_KNOTS((6,1,1,1,1,1,1,1,1,1,1,1,1,1,1,6),(2,2),(0.,
0.0666666666666667,0.133333333333333,0.2,0.266666666666667,0.333333333333333,
0.4,0.466666666666667,0.533333333333333,0.6,0.666666666666667,0.733333333333333,
0.8,0.866666666666667,0.933333333333333,1.),(0.,0.2),.UNSPECIFIED.)
GEOMETRIC_REPRESENTATION_ITEM()
RATIONAL_B_SPLINE_SURFACE(((1.,1.),(1.,1.),(1.,1.),(1.,1.),(1.,1.),(1.,
1.),(1.,1.),(1.,1.),(1.,1.),(1.,1.),(1.,1.),(1.,1.),(1.,1.),(1.,1.),(1.,
1.),(1.,1.),(1.,1.),(1.,1.),(1.,1.),(1.,1.)))
REPRESENTATION_ITEM('')
SURFACE()
);
#1985=(
BOUNDED_SURFACE()
B_SPLINE_SURFACE(5,1,((#4284,#4285),(#4286,#4287),(#4288,#4289),(#4290,
#4291),(#4292,#4293),(#4294,#4295),(#4296,#4297),(#4298,#4299),(#4300,#4301),
(#4302,#4303),(#4304,#4305),(#4306,#4307),(#4308,#4309),(#4310,#4311),(#4312,
#4313)),.UNSPECIFIED.,.F.,.F.,.F.)
B_SPLINE_SURFACE_WITH_KNOTS((6,1,1,1,1,1,1,1,1,1,6),(2,2),(-1.,-0.9,-0.8,
-0.7,-0.6,-0.5,-0.4,-0.3,-0.2,-0.1,0.),(0.,0.3),.UNSPECIFIED.)
GEOMETRIC_REPRESENTATION_ITEM()
RATIONAL_B_SPLINE_SURFACE(((1.,1.),(1.,1.),(1.,1.),(1.,1.),(1.,1.),(1.,
1.),(1.,1.),(1.,1.),(1.,1.),(1.,1.),(1.,1.),(1.,1.),(1.,1.),(1.,1.),(1.,
1.)))
REPRESENTATION_ITEM('')
SURFACE()
);
#1986=(
BOUNDED_SURFACE()
B_SPLINE_SURFACE(5,1,((#4406,#4407),(#4408,#4409),(#4410,#4411),(#4412,
#4413),(#4414,#4415),(#4416,#4417),(#4418,#4419),(#4420,#4421),(#4422,#4423),
(#4424,#4425),(#4426,#4427),(#4428,#4429),(#4430,#4431),(#4432,#4433),(#4434,
#4435)),.UNSPECIFIED.,.F.,.F.,.F.)
B_SPLINE_SURFACE_WITH_KNOTS((6,1,1,1,1,1,1,1,1,1,6),(2,2),(-1.,-0.9,-0.8,
-0.7,-0.6,-0.5,-0.4,-0.3,-0.2,-0.1,0.),(0.,0.3),.UNSPECIFIED.)
GEOMETRIC_REPRESENTATION_ITEM()
RATIONAL_B_SPLINE_SURFACE(((1.,1.),(1.,1.),(1.,1.),(1.,1.),(1.,1.),(1.,
1.),(1.,1.),(1.,1.),(1.,1.),(1.,1.),(1.,1.),(1.,1.),(1.,1.),(1.,1.),(1.,
1.)))
REPRESENTATION_ITEM('')
SURFACE()
);
#1987=(
BOUNDED_SURFACE()
B_SPLINE_SURFACE(5,1,((#4483,#4484),(#4485,#4486),(#4487,#4488),(#4489,
#4490),(#4491,#4492),(#4493,#4494),(#4495,#4496),(#4497,#4498),(#4499,#4500),
(#4501,#4502),(#4503,#4504),(#4505,#4506),(#4507,#4508),(#4509,#4510),(#4511,
#4512)),.UNSPECIFIED.,.F.,.F.,.F.)
B_SPLINE_SURFACE_WITH_KNOTS((6,1,1,1,1,1,1,1,1,1,6),(2,2),(-1.,-0.9,-0.8,
-0.7,-0.6,-0.5,-0.4,-0.3,-0.2,-0.1,0.),(0.,0.3),.UNSPECIFIED.)
GEOMETRIC_REPRESENTATION_ITEM()
RATIONAL_B_SPLINE_SURFACE(((1.,1.),(1.,1.),(1.,1.),(1.,1.),(1.,1.),(1.,
1.),(1.,1.),(1.,1.),(1.,1.),(1.,1.),(1.,1.),(1.,1.),(1.,1.),(1.,1.),(1.,
1.)))
REPRESENTATION_ITEM('')
SURFACE()
);
#1988=(
BOUNDED_SURFACE()
B_SPLINE_SURFACE(5,1,((#4530,#4531),(#4532,#4533),(#4534,#4535),(#4536,
#4537),(#4538,#4539),(#4540,#4541),(#4542,#4543),(#4544,#4545),(#4546,#4547),
(#4548,#4549),(#4550,#4551),(#4552,#4553),(#4554,#4555),(#4556,#4557),(#4558,
#4559)),.UNSPECIFIED.,.F.,.F.,.F.)
B_SPLINE_SURFACE_WITH_KNOTS((6,1,1,1,1,1,1,1,1,1,6),(2,2),(-1.,-0.9,-0.8,
-0.7,-0.6,-0.5,-0.4,-0.3,-0.2,-0.1,0.),(0.,0.3),.UNSPECIFIED.)
GEOMETRIC_REPRESENTATION_ITEM()
RATIONAL_B_SPLINE_SURFACE(((1.,1.),(1.,1.),(1.,1.),(1.,1.),(1.,1.),(1.,
1.),(1.,1.),(1.,1.),(1.,1.),(1.,1.),(1.,1.),(1.,1.),(1.,1.),(1.,1.),(1.,
1.)))
REPRESENTATION_ITEM('')
SURFACE()
);
#1989=(
BOUNDED_SURFACE()
B_SPLINE_SURFACE(5,1,((#4617,#4618),(#4619,#4620),(#4621,#4622),(#4623,
#4624),(#4625,#4626),(#4627,#4628),(#4629,#4630),(#4631,#4632),(#4633,#4634),
(#4635,#4636),(#4637,#4638),(#4639,#4640),(#4641,#4642),(#4643,#4644),(#4645,
#4646)),.UNSPECIFIED.,.F.,.F.,.F.)
B_SPLINE_SURFACE_WITH_KNOTS((6,1,1,1,1,1,1,1,1,1,6),(2,2),(0.0721131621028445,
0.1,0.2,0.3,0.4,0.5,0.6,0.7,0.8,0.9,1.),(0.,0.3),.UNSPECIFIED.)
GEOMETRIC_REPRESENTATION_ITEM()
RATIONAL_B_SPLINE_SURFACE(((1.,1.),(1.,1.),(1.,1.),(1.,1.),(1.,1.),(1.,
1.),(1.,1.),(1.,1.),(1.,1.),(1.,1.),(1.,1.),(1.,1.),(1.,1.),(1.,1.),(1.,
1.)))
REPRESENTATION_ITEM('')
SURFACE()
);
#1990=(
BOUNDED_SURFACE()
B_SPLINE_SURFACE(5,1,((#4676,#4677),(#4678,#4679),(#4680,#4681),(#4682,
#4683),(#4684,#4685),(#4686,#4687),(#4688,#4689),(#4690,#4691),(#4692,#4693),
(#4694,#4695),(#4696,#4697),(#4698,#4699),(#4700,#4701),(#4702,#4703),(#4704,
#4705)),.UNSPECIFIED.,.F.,.F.,.F.)
B_SPLINE_SURFACE_WITH_KNOTS((6,1,1,1,1,1,1,1,1,1,6),(2,2),(0.,0.1,0.2,0.3,
0.4,0.5,0.6,0.7,0.8,0.9,1.),(0.,0.3),.UNSPECIFIED.)
GEOMETRIC_REPRESENTATION_ITEM()
RATIONAL_B_SPLINE_SURFACE(((1.,1.),(1.,1.),(1.,1.),(1.,1.),(1.,1.),(1.,
1.),(1.,1.),(1.,1.),(1.,1.),(1.,1.),(1.,1.),(1.,1.),(1.,1.),(1.,1.),(1.,
1.)))
REPRESENTATION_ITEM('')
SURFACE()
);
#1991=(
BOUNDED_SURFACE()
B_SPLINE_SURFACE(5,1,((#4733,#4734),(#4735,#4736),(#4737,#4738),(#4739,
#4740),(#4741,#4742),(#4743,#4744),(#4745,#4746),(#4747,#4748),(#4749,#4750),
(#4751,#4752),(#4753,#4754),(#4755,#4756),(#4757,#4758),(#4759,#4760),(#4761,
#4762)),.UNSPECIFIED.,.F.,.F.,.F.)
B_SPLINE_SURFACE_WITH_KNOTS((6,1,1,1,1,1,1,1,1,1,6),(2,2),(0.,0.1,0.2,0.3,
0.4,0.5,0.6,0.7,0.8,0.9,0.90308333335551),(0.,0.3),.UNSPECIFIED.)
GEOMETRIC_REPRESENTATION_ITEM()
RATIONAL_B_SPLINE_SURFACE(((1.,1.),(1.,1.),(1.,1.),(1.,1.),(1.,1.),(1.,
1.),(1.,1.),(1.,1.),(1.,1.),(1.,1.),(1.,1.),(1.,1.),(1.,1.),(1.,1.),(1.,
1.)))
REPRESENTATION_ITEM('')
SURFACE()
);
#1992=(
BOUNDED_SURFACE()
B_SPLINE_SURFACE(5,1,((#4848,#4849),(#4850,#4851),(#4852,#4853),(#4854,
#4855),(#4856,#4857),(#4858,#4859),(#4860,#4861),(#4862,#4863),(#4864,#4865),
(#4866,#4867),(#4868,#4869),(#4870,#4871),(#4872,#4873),(#4874,#4875),(#4876,
#4877)),.UNSPECIFIED.,.F.,.F.,.F.)
B_SPLINE_SURFACE_WITH_KNOTS((6,1,1,1,1,1,1,1,1,1,6),(2,2),(0.,0.1,0.2,0.3,
0.4,0.5,0.6,0.7,0.8,0.9,1.),(0.,0.3),.UNSPECIFIED.)
GEOMETRIC_REPRESENTATION_ITEM()
RATIONAL_B_SPLINE_SURFACE(((1.,1.),(1.,1.),(1.,1.),(1.,1.),(1.,1.),(1.,
1.),(1.,1.),(1.,1.),(1.,1.),(1.,1.),(1.,1.),(1.,1.),(1.,1.),(1.,1.),(1.,
1.)))
REPRESENTATION_ITEM('')
SURFACE()
);
#1993=(
BOUNDED_SURFACE()
B_SPLINE_SURFACE(5,1,((#4971,#4972),(#4973,#4974),(#4975,#4976),(#4977,
#4978),(#4979,#4980),(#4981,#4982),(#4983,#4984),(#4985,#4986),(#4987,#4988),
(#4989,#4990),(#4991,#4992),(#4993,#4994),(#4995,#4996),(#4997,#4998),(#4999,
#5000),(#5001,#5002),(#5003,#5004),(#5005,#5006),(#5007,#5008),(#5009,#5010),
(#5011,#5012),(#5013,#5014),(#5015,#5016),(#5017,#5018),(#5019,#5020),(#5021,
#5022),(#5023,#5024),(#5025,#5026),(#5027,#5028),(#5029,#5030)),
 .UNSPECIFIED.,.F.,.F.,.F.)
B_SPLINE_SURFACE_WITH_KNOTS((6,1,1,1,1,1,1,1,1,1,1,1,1,1,1,1,1,1,1,1,1,
1,1,1,1,6),(2,2),(-1.,-0.96,-0.92,-0.88,-0.84,-0.8,-0.76,-0.72,-0.68,-0.64,
-0.6,-0.56,-0.52,-0.48,-0.44,-0.4,-0.36,-0.32,-0.28,-0.24,-0.2,-0.16,-0.12,
-0.08,-0.04,-0.00672288946772212),(0.,0.1),.UNSPECIFIED.)
GEOMETRIC_REPRESENTATION_ITEM()
RATIONAL_B_SPLINE_SURFACE(((1.,1.),(1.,1.),(1.,1.),(1.,1.),(1.,1.),(1.,
1.),(1.,1.),(1.,1.),(1.,1.),(1.,1.),(1.,1.),(1.,1.),(1.,1.),(1.,1.),(1.,
1.),(1.,1.),(1.,1.),(1.,1.),(1.,1.),(1.,1.),(1.,1.),(1.,1.),(1.,1.),(1.,
1.),(1.,1.),(1.,1.),(1.,1.),(1.,1.),(1.,1.),(1.,1.)))
REPRESENTATION_ITEM('')
SURFACE()
);
#1994=(
BOUNDED_SURFACE()
B_SPLINE_SURFACE(5,1,((#5097,#5098),(#5099,#5100),(#5101,#5102),(#5103,
#5104),(#5105,#5106),(#5107,#5108),(#5109,#5110),(#5111,#5112),(#5113,#5114),
(#5115,#5116),(#5117,#5118),(#5119,#5120),(#5121,#5122),(#5123,#5124),(#5125,
#5126),(#5127,#5128),(#5129,#5130),(#5131,#5132),(#5133,#5134),(#5135,#5136),
(#5137,#5138),(#5139,#5140),(#5141,#5142),(#5143,#5144),(#5145,#5146)),
 .UNSPECIFIED.,.F.,.F.,.F.)
B_SPLINE_SURFACE_WITH_KNOTS((6,1,1,1,1,1,1,1,1,1,1,1,1,1,1,1,1,1,1,1,6),
(2,2),(-0.992733595585056,-0.95,-0.9,-0.85,-0.8,-0.75,-0.7,-0.65,-0.6,-0.55,
-0.5,-0.45,-0.4,-0.35,-0.3,-0.25,-0.2,-0.15,-0.1,-0.05,0.),(0.,0.1),
 .UNSPECIFIED.)
GEOMETRIC_REPRESENTATION_ITEM()
RATIONAL_B_SPLINE_SURFACE(((1.,1.),(1.,1.),(1.,1.),(1.,1.),(1.,1.),(1.,
1.),(1.,1.),(1.,1.),(1.,1.),(1.,1.),(1.,1.),(1.,1.),(1.,1.),(1.,1.),(1.,
1.),(1.,1.),(1.,1.),(1.,1.),(1.,1.),(1.,1.),(1.,1.),(1.,1.),(1.,1.),(1.,
1.),(1.,1.)))
REPRESENTATION_ITEM('')
SURFACE()
);
#1995=(
BOUNDED_SURFACE()
B_SPLINE_SURFACE(5,1,((#5200,#5201),(#5202,#5203),(#5204,#5205),(#5206,
#5207),(#5208,#5209),(#5210,#5211),(#5212,#5213),(#5214,#5215),(#5216,#5217),
(#5218,#5219),(#5220,#5221),(#5222,#5223),(#5224,#5225),(#5226,#5227),(#5228,
#5229),(#5230,#5231),(#5232,#5233),(#5234,#5235),(#5236,#5237),(#5238,#5239),
(#5240,#5241),(#5242,#5243),(#5244,#5245),(#5246,#5247),(#5248,#5249),(#5250,
#5251),(#5252,#5253),(#5254,#5255),(#5256,#5257),(#5258,#5259),(#5260,#5261),
(#5262,#5263),(#5264,#5265),(#5266,#5267),(#5268,#5269),(#5270,#5271),(#5272,
#5273),(#5274,#5275),(#5276,#5277),(#5278,#5279)),.UNSPECIFIED.,.F.,.F.,
 .F.)
B_SPLINE_SURFACE_WITH_KNOTS((6,1,1,1,1,1,1,1,1,1,1,1,1,1,1,1,1,1,1,1,1,
1,1,1,1,1,1,1,1,1,1,1,1,1,1,6),(2,2),(-0.998478966133199,-0.971428571428572,
-0.942857142857143,-0.914285714285714,-0.885714285714286,-0.857142857142857,
-0.828571428571429,-0.8,-0.771428571428572,-0.742857142857143,-0.714285714285714,
-0.685714285714286,-0.657142857142857,-0.628571428571429,-0.6,-0.571428571428572,
-0.542857142857143,-0.514285714285714,-0.485714285714286,-0.457142857142857,
-0.428571428571429,-0.4,-0.371428571428571,-0.342857142857143,-0.314285714285714,
-0.285714285714286,-0.257142857142857,-0.228571428571429,-0.2,-0.171428571428571,
-0.142857142857143,-0.114285714285714,-0.0857142857142857,-0.0571428571428571,
-0.0285714285714286,-0.00522130856330224),(0.,0.1),.UNSPECIFIED.)
GEOMETRIC_REPRESENTATION_ITEM()
RATIONAL_B_SPLINE_SURFACE(((1.,1.),(1.,1.),(1.,1.),(1.,1.),(1.,1.),(1.,
1.),(1.,1.),(1.,1.),(1.,1.),(1.,1.),(1.,1.),(1.,1.),(1.,1.),(1.,1.),(1.,
1.),(1.,1.),(1.,1.),(1.,1.),(1.,1.),(1.,1.),(1.,1.),(1.,1.),(1.,1.),(1.,
1.),(1.,1.),(1.,1.),(1.,1.),(1.,1.),(1.,1.),(1.,1.),(1.,1.),(1.,1.),(1.,
1.),(1.,1.),(1.,1.),(1.,1.),(1.,1.),(1.,1.),(1.,1.),(1.,1.)))
REPRESENTATION_ITEM('')
SURFACE()
);
#1996=(
BOUNDED_SURFACE()
B_SPLINE_SURFACE(5,1,((#5361,#5362),(#5363,#5364),(#5365,#5366),(#5367,
#5368),(#5369,#5370),(#5371,#5372),(#5373,#5374),(#5375,#5376),(#5377,#5378),
(#5379,#5380),(#5381,#5382),(#5383,#5384),(#5385,#5386),(#5387,#5388),(#5389,
#5390),(#5391,#5392),(#5393,#5394),(#5395,#5396),(#5397,#5398),(#5399,#5400),
(#5401,#5402),(#5403,#5404),(#5405,#5406),(#5407,#5408),(#5409,#5410)),
 .UNSPECIFIED.,.F.,.F.,.F.)
B_SPLINE_SURFACE_WITH_KNOTS((6,1,1,1,1,1,1,1,1,1,1,1,1,1,1,1,1,1,1,1,6),
(2,2),(-1.,-0.95,-0.9,-0.85,-0.8,-0.75,-0.7,-0.65,-0.6,-0.55,-0.5,-0.45,
-0.4,-0.35,-0.3,-0.25,-0.2,-0.15,-0.1,-0.05,-0.00336370639791808),(0.,0.1),
 .UNSPECIFIED.)
GEOMETRIC_REPRESENTATION_ITEM()
RATIONAL_B_SPLINE_SURFACE(((1.,1.),(1.,1.),(1.,1.),(1.,1.),(1.,1.),(1.,
1.),(1.,1.),(1.,1.),(1.,1.),(1.,1.),(1.,1.),(1.,1.),(1.,1.),(1.,1.),(1.,
1.),(1.,1.),(1.,1.),(1.,1.),(1.,1.),(1.,1.),(1.,1.),(1.,1.),(1.,1.),(1.,
1.),(1.,1.)))
REPRESENTATION_ITEM('')
SURFACE()
);
#1997=(
BOUNDED_SURFACE()
B_SPLINE_SURFACE(5,1,((#5467,#5468),(#5469,#5470),(#5471,#5472),(#5473,
#5474),(#5475,#5476),(#5477,#5478),(#5479,#5480),(#5481,#5482),(#5483,#5484),
(#5485,#5486),(#5487,#5488),(#5489,#5490),(#5491,#5492),(#5493,#5494),(#5495,
#5496),(#5497,#5498),(#5499,#5500),(#5501,#5502),(#5503,#5504),(#5505,#5506)),
 .UNSPECIFIED.,.F.,.F.,.F.)
B_SPLINE_SURFACE_WITH_KNOTS((6,1,1,1,1,1,1,1,1,1,1,1,1,1,1,6),(2,2),(-1.,
-0.933333333333333,-0.866666666666667,-0.8,-0.733333333333333,-0.666666666666667,
-0.6,-0.533333333333333,-0.466666666666667,-0.4,-0.333333333333333,-0.266666666666667,
-0.2,-0.133333333333333,-0.0666666666666667,0.),(0.,0.1),.UNSPECIFIED.)
GEOMETRIC_REPRESENTATION_ITEM()
RATIONAL_B_SPLINE_SURFACE(((1.,1.),(1.,1.),(1.,1.),(1.,1.),(1.,1.),(1.,
1.),(1.,1.),(1.,1.),(1.,1.),(1.,1.),(1.,1.),(1.,1.),(1.,1.),(1.,1.),(1.,
1.),(1.,1.),(1.,1.),(1.,1.),(1.,1.),(1.,1.)))
REPRESENTATION_ITEM('')
SURFACE()
);
#1998=(
BOUNDED_SURFACE()
B_SPLINE_SURFACE(5,1,((#5550,#5551),(#5552,#5553),(#5554,#5555),(#5556,
#5557),(#5558,#5559),(#5560,#5561),(#5562,#5563),(#5564,#5565),(#5566,#5567),
(#5568,#5569),(#5570,#5571),(#5572,#5573),(#5574,#5575),(#5576,#5577),(#5578,
#5579),(#5580,#5581),(#5582,#5583),(#5584,#5585),(#5586,#5587),(#5588,#5589),
(#5590,#5591),(#5592,#5593),(#5594,#5595),(#5596,#5597),(#5598,#5599),(#5600,
#5601),(#5602,#5603),(#5604,#5605),(#5606,#5607),(#5608,#5609),(#5610,#5611),
(#5612,#5613),(#5614,#5615),(#5616,#5617),(#5618,#5619)),.UNSPECIFIED.,
 .F.,.F.,.F.)
B_SPLINE_SURFACE_WITH_KNOTS((6,1,1,1,1,1,1,1,1,1,1,1,1,1,1,1,1,1,1,1,1,
1,1,1,1,1,1,1,1,1,6),(2,2),(-0.997428879679613,-0.966666666666667,-0.933333333333333,
-0.9,-0.866666666666667,-0.833333333333333,-0.8,-0.766666666666667,-0.733333333333333,
-0.7,-0.666666666666667,-0.633333333333333,-0.6,-0.566666666666667,-0.533333333333333,
-0.5,-0.466666666666667,-0.433333333333333,-0.4,-0.366666666666667,-0.333333333333333,
-0.3,-0.266666666666667,-0.233333333333333,-0.2,-0.166666666666667,-0.133333333333333,
-0.1,-0.0666666666666667,-0.0333333333333333,0.),(0.,0.1),.UNSPECIFIED.)
GEOMETRIC_REPRESENTATION_ITEM()
RATIONAL_B_SPLINE_SURFACE(((1.,1.),(1.,1.),(1.,1.),(1.,1.),(1.,1.),(1.,
1.),(1.,1.),(1.,1.),(1.,1.),(1.,1.),(1.,1.),(1.,1.),(1.,1.),(1.,1.),(1.,
1.),(1.,1.),(1.,1.),(1.,1.),(1.,1.),(1.,1.),(1.,1.),(1.,1.),(1.,1.),(1.,
1.),(1.,1.),(1.,1.),(1.,1.),(1.,1.),(1.,1.),(1.,1.),(1.,1.),(1.,1.),(1.,
1.),(1.,1.),(1.,1.)))
REPRESENTATION_ITEM('')
SURFACE()
);
#1999=(
BOUNDED_SURFACE()
B_SPLINE_SURFACE(5,1,((#5691,#5692),(#5693,#5694),(#5695,#5696),(#5697,
#5698),(#5699,#5700),(#5701,#5702),(#5703,#5704),(#5705,#5706),(#5707,#5708),
(#5709,#5710),(#5711,#5712),(#5713,#5714),(#5715,#5716),(#5717,#5718),(#5719,
#5720),(#5721,#5722),(#5723,#5724),(#5725,#5726),(#5727,#5728),(#5729,#5730),
(#5731,#5732),(#5733,#5734),(#5735,#5736),(#5737,#5738),(#5739,#5740)),
 .UNSPECIFIED.,.F.,.F.,.F.)
B_SPLINE_SURFACE_WITH_KNOTS((6,1,1,1,1,1,1,1,1,1,1,1,1,1,1,1,1,1,1,1,6),
(2,2),(0.,0.05,0.1,0.15,0.2,0.25,0.3,0.35,0.4,0.45,0.5,0.55,0.6,0.65,0.7,
0.75,0.8,0.85,0.9,0.95,1.),(0.,0.1),.UNSPECIFIED.)
GEOMETRIC_REPRESENTATION_ITEM()
RATIONAL_B_SPLINE_SURFACE(((1.,1.),(1.,1.),(1.,1.),(1.,1.),(1.,1.),(1.,
1.),(1.,1.),(1.,1.),(1.,1.),(1.,1.),(1.,1.),(1.,1.),(1.,1.),(1.,1.),(1.,
1.),(1.,1.),(1.,1.),(1.,1.),(1.,1.),(1.,1.),(1.,1.),(1.,1.),(1.,1.),(1.,
1.),(1.,1.)))
REPRESENTATION_ITEM('')
SURFACE()
);
#2000=(
BOUNDED_SURFACE()
B_SPLINE_SURFACE(5,1,((#5797,#5798),(#5799,#5800),(#5801,#5802),(#5803,
#5804),(#5805,#5806),(#5807,#5808),(#5809,#5810),(#5811,#5812),(#5813,#5814),
(#5815,#5816),(#5817,#5818),(#5819,#5820),(#5821,#5822),(#5823,#5824),(#5825,
#5826),(#5827,#5828),(#5829,#5830),(#5831,#5832),(#5833,#5834),(#5835,#5836),
(#5837,#5838),(#5839,#5840),(#5841,#5842),(#5843,#5844),(#5845,#5846)),
 .UNSPECIFIED.,.F.,.F.,.F.)
B_SPLINE_SURFACE_WITH_KNOTS((6,1,1,1,1,1,1,1,1,1,1,1,1,1,1,1,1,1,1,1,6),
(2,2),(0.,0.05,0.1,0.15,0.2,0.25,0.3,0.35,0.4,0.45,0.5,0.55,0.6,0.65,0.7,
0.75,0.8,0.85,0.9,0.95,1.),(0.,0.1),.UNSPECIFIED.)
GEOMETRIC_REPRESENTATION_ITEM()
RATIONAL_B_SPLINE_SURFACE(((1.,1.),(1.,1.),(1.,1.),(1.,1.),(1.,1.),(1.,
1.),(1.,1.),(1.,1.),(1.,1.),(1.,1.),(1.,1.),(1.,1.),(1.,1.),(1.,1.),(1.,
1.),(1.,1.),(1.,1.),(1.,1.),(1.,1.),(1.,1.),(1.,1.),(1.,1.),(1.,1.),(1.,
1.),(1.,1.)))
REPRESENTATION_ITEM('')
SURFACE()
);
#2001=(
BOUNDED_SURFACE()
B_SPLINE_SURFACE(5,1,((#5900,#5901),(#5902,#5903),(#5904,#5905),(#5906,
#5907),(#5908,#5909),(#5910,#5911),(#5912,#5913),(#5914,#5915),(#5916,#5917),
(#5918,#5919),(#5920,#5921),(#5922,#5923),(#5924,#5925),(#5926,#5927),(#5928,
#5929),(#5930,#5931),(#5932,#5933),(#5934,#5935),(#5936,#5937),(#5938,#5939),
(#5940,#5941),(#5942,#5943),(#5944,#5945),(#5946,#5947),(#5948,#5949),(#5950,
#5951),(#5952,#5953),(#5954,#5955),(#5956,#5957),(#5958,#5959),(#5960,#5961),
(#5962,#5963),(#5964,#5965),(#5966,#5967),(#5968,#5969)),.UNSPECIFIED.,
 .F.,.F.,.F.)
B_SPLINE_SURFACE_WITH_KNOTS((6,1,1,1,1,1,1,1,1,1,1,1,1,1,1,1,1,1,1,1,1,
1,1,1,1,1,1,1,1,1,6),(2,2),(0.,0.0333333333333333,0.0666666666666667,0.1,
0.133333333333333,0.166666666666667,0.2,0.233333333333333,0.266666666666667,
0.3,0.333333333333333,0.366666666666667,0.4,0.433333333333333,0.466666666666667,
0.5,0.533333333333333,0.566666666666667,0.6,0.633333333333333,0.666666666666667,
0.7,0.733333333333333,0.766666666666667,0.8,0.833333333333333,0.866666666666667,
0.9,0.933333333333333,0.966666666666667,1.),(0.,0.1),.UNSPECIFIED.)
GEOMETRIC_REPRESENTATION_ITEM()
RATIONAL_B_SPLINE_SURFACE(((1.,1.),(1.,1.),(1.,1.),(1.,1.),(1.,1.),(1.,
1.),(1.,1.),(1.,1.),(1.,1.),(1.,1.),(1.,1.),(1.,1.),(1.,1.),(1.,1.),(1.,
1.),(1.,1.),(1.,1.),(1.,1.),(1.,1.),(1.,1.),(1.,1.),(1.,1.),(1.,1.),(1.,
1.),(1.,1.),(1.,1.),(1.,1.),(1.,1.),(1.,1.),(1.,1.),(1.,1.),(1.,1.),(1.,
1.),(1.,1.),(1.,1.)))
REPRESENTATION_ITEM('')
SURFACE()
);
#2002=(
BOUNDED_SURFACE()
B_SPLINE_SURFACE(5,1,((#6041,#6042),(#6043,#6044),(#6045,#6046),(#6047,
#6048),(#6049,#6050),(#6051,#6052),(#6053,#6054),(#6055,#6056),(#6057,#6058),
(#6059,#6060),(#6061,#6062),(#6063,#6064),(#6065,#6066),(#6067,#6068),(#6069,
#6070),(#6071,#6072),(#6073,#6074),(#6075,#6076),(#6077,#6078),(#6079,#6080),
(#6081,#6082),(#6083,#6084),(#6085,#6086),(#6087,#6088),(#6089,#6090)),
 .UNSPECIFIED.,.F.,.F.,.F.)
B_SPLINE_SURFACE_WITH_KNOTS((6,1,1,1,1,1,1,1,1,1,1,1,1,1,1,1,1,1,1,1,6),
(2,2),(-1.,-0.95,-0.9,-0.85,-0.8,-0.75,-0.7,-0.65,-0.6,-0.55,-0.5,-0.45,
-0.4,-0.35,-0.3,-0.25,-0.2,-0.15,-0.1,-0.05,0.),(0.,0.1),.UNSPECIFIED.)
GEOMETRIC_REPRESENTATION_ITEM()
RATIONAL_B_SPLINE_SURFACE(((1.,1.),(1.,1.),(1.,1.),(1.,1.),(1.,1.),(1.,
1.),(1.,1.),(1.,1.),(1.,1.),(1.,1.),(1.,1.),(1.,1.),(1.,1.),(1.,1.),(1.,
1.),(1.,1.),(1.,1.),(1.,1.),(1.,1.),(1.,1.),(1.,1.),(1.,1.),(1.,1.),(1.,
1.),(1.,1.)))
REPRESENTATION_ITEM('')
SURFACE()
);
#2003=(
BOUNDED_SURFACE()
B_SPLINE_SURFACE(5,1,((#6147,#6148),(#6149,#6150),(#6151,#6152),(#6153,
#6154),(#6155,#6156),(#6157,#6158),(#6159,#6160),(#6161,#6162),(#6163,#6164),
(#6165,#6166),(#6167,#6168),(#6169,#6170),(#6171,#6172),(#6173,#6174),(#6175,
#6176),(#6177,#6178),(#6179,#6180),(#6181,#6182),(#6183,#6184),(#6185,#6186),
(#6187,#6188),(#6189,#6190),(#6191,#6192),(#6193,#6194),(#6195,#6196),(#6197,
#6198),(#6199,#6200),(#6201,#6202),(#6203,#6204),(#6205,#6206),(#6207,#6208),
(#6209,#6210),(#6211,#6212),(#6213,#6214),(#6215,#6216),(#6217,#6218),(#6219,
#6220),(#6221,#6222),(#6223,#6224),(#6225,#6226)),.UNSPECIFIED.,.F.,.F.,
 .F.)
B_SPLINE_SURFACE_WITH_KNOTS((6,1,1,1,1,1,1,1,1,1,1,1,1,1,1,1,1,1,1,1,1,
1,1,1,1,1,1,1,1,1,1,1,1,1,1,6),(2,2),(-1.,-0.971428571428572,-0.942857142857143,
-0.914285714285714,-0.885714285714286,-0.857142857142857,-0.828571428571429,
-0.8,-0.771428571428572,-0.742857142857143,-0.714285714285714,-0.685714285714286,
-0.657142857142857,-0.628571428571429,-0.6,-0.571428571428572,-0.542857142857143,
-0.514285714285714,-0.485714285714286,-0.457142857142857,-0.428571428571429,
-0.4,-0.371428571428571,-0.342857142857143,-0.314285714285714,-0.285714285714286,
-0.257142857142857,-0.228571428571429,-0.2,-0.171428571428571,-0.142857142857143,
-0.114285714285714,-0.0857142857142857,-0.0571428571428571,-0.0285714285714286,
0.),(0.,0.1),.UNSPECIFIED.)
GEOMETRIC_REPRESENTATION_ITEM()
RATIONAL_B_SPLINE_SURFACE(((1.,1.),(1.,1.),(1.,1.),(1.,1.),(1.,1.),(1.,
1.),(1.,1.),(1.,1.),(1.,1.),(1.,1.),(1.,1.),(1.,1.),(1.,1.),(1.,1.),(1.,
1.),(1.,1.),(1.,1.),(1.,1.),(1.,1.),(1.,1.),(1.,1.),(1.,1.),(1.,1.),(1.,
1.),(1.,1.),(1.,1.),(1.,1.),(1.,1.),(1.,1.),(1.,1.),(1.,1.),(1.,1.),(1.,
1.),(1.,1.),(1.,1.),(1.,1.),(1.,1.),(1.,1.),(1.,1.),(1.,1.)))
REPRESENTATION_ITEM('')
SURFACE()
);
#2004=(
BOUNDED_SURFACE()
B_SPLINE_SURFACE(5,1,((#6310,#6311),(#6312,#6313),(#6314,#6315),(#6316,
#6317),(#6318,#6319),(#6320,#6321),(#6322,#6323),(#6324,#6325),(#6326,#6327),
(#6328,#6329),(#6330,#6331),(#6332,#6333),(#6334,#6335),(#6336,#6337),(#6338,
#6339)),.UNSPECIFIED.,.F.,.F.,.F.)
B_SPLINE_SURFACE_WITH_KNOTS((6,1,1,1,1,1,1,1,1,1,6),(2,2),(-1.,-0.9,-0.8,
-0.7,-0.6,-0.5,-0.4,-0.3,-0.2,-0.1,0.),(0.,0.1),.UNSPECIFIED.)
GEOMETRIC_REPRESENTATION_ITEM()
RATIONAL_B_SPLINE_SURFACE(((1.,1.),(1.,1.),(1.,1.),(1.,1.),(1.,1.),(1.,
1.),(1.,1.),(1.,1.),(1.,1.),(1.,1.),(1.,1.),(1.,1.),(1.,1.),(1.,1.),(1.,
1.)))
REPRESENTATION_ITEM('')
SURFACE()
);
#2005=(
BOUNDED_SURFACE()
B_SPLINE_SURFACE(5,1,((#6371,#6372),(#6373,#6374),(#6375,#6376),(#6377,
#6378),(#6379,#6380),(#6381,#6382),(#6383,#6384),(#6385,#6386),(#6387,#6388),
(#6389,#6390),(#6391,#6392),(#6393,#6394),(#6395,#6396),(#6397,#6398),(#6399,
#6400)),.UNSPECIFIED.,.F.,.F.,.F.)
B_SPLINE_SURFACE_WITH_KNOTS((6,1,1,1,1,1,1,1,1,1,6),(2,2),(0.,0.1,0.2,0.3,
0.4,0.5,0.6,0.7,0.8,0.9,1.),(0.,0.2),.UNSPECIFIED.)
GEOMETRIC_REPRESENTATION_ITEM()
RATIONAL_B_SPLINE_SURFACE(((1.,1.),(1.,1.),(1.,1.),(1.,1.),(1.,1.),(1.,
1.),(1.,1.),(1.,1.),(1.,1.),(1.,1.),(1.,1.),(1.,1.),(1.,1.),(1.,1.),(1.,
1.)))
REPRESENTATION_ITEM('')
SURFACE()
);
#2006=(
BOUNDED_SURFACE()
B_SPLINE_SURFACE(5,1,((#6437,#6438),(#6439,#6440),(#6441,#6442),(#6443,
#6444),(#6445,#6446),(#6447,#6448),(#6449,#6450),(#6451,#6452),(#6453,#6454),
(#6455,#6456),(#6457,#6458),(#6459,#6460),(#6461,#6462),(#6463,#6464),(#6465,
#6466),(#6467,#6468),(#6469,#6470),(#6471,#6472),(#6473,#6474),(#6475,#6476),
(#6477,#6478),(#6479,#6480),(#6481,#6482),(#6483,#6484),(#6485,#6486),(#6487,
#6488),(#6489,#6490),(#6491,#6492),(#6493,#6494),(#6495,#6496),(#6497,#6498),
(#6499,#6500),(#6501,#6502),(#6503,#6504),(#6505,#6506)),.UNSPECIFIED.,
 .F.,.F.,.F.)
B_SPLINE_SURFACE_WITH_KNOTS((6,1,1,1,1,1,1,1,1,1,1,1,1,1,1,1,1,1,1,1,1,
1,1,1,1,1,1,1,1,1,6),(2,2),(-1.,-0.966666666666667,-0.933333333333333,-0.9,
-0.866666666666667,-0.833333333333333,-0.8,-0.766666666666667,-0.733333333333333,
-0.7,-0.666666666666667,-0.633333333333333,-0.6,-0.566666666666667,-0.533333333333333,
-0.5,-0.466666666666667,-0.433333333333333,-0.4,-0.366666666666667,-0.333333333333333,
-0.3,-0.266666666666667,-0.233333333333333,-0.2,-0.166666666666667,-0.133333333333333,
-0.1,-0.0666666666666667,-0.0333333333333333,0.),(0.,0.2),.UNSPECIFIED.)
GEOMETRIC_REPRESENTATION_ITEM()
RATIONAL_B_SPLINE_SURFACE(((1.,1.),(1.,1.),(1.,1.),(1.,1.),(1.,1.),(1.,
1.),(1.,1.),(1.,1.),(1.,1.),(1.,1.),(1.,1.),(1.,1.),(1.,1.),(1.,1.),(1.,
1.),(1.,1.),(1.,1.),(1.,1.),(1.,1.),(1.,1.),(1.,1.),(1.,1.),(1.,1.),(1.,
1.),(1.,1.),(1.,1.),(1.,1.),(1.,1.),(1.,1.),(1.,1.),(1.,1.),(1.,1.),(1.,
1.),(1.,1.),(1.,1.)))
REPRESENTATION_ITEM('')
SURFACE()
);
#2007=(
BOUNDED_SURFACE()
B_SPLINE_SURFACE(5,1,((#7477,#7478),(#7479,#7480),(#7481,#7482),(#7483,
#7484),(#7485,#7486),(#7487,#7488),(#7489,#7490),(#7491,#7492),(#7493,#7494),
(#7495,#7496),(#7497,#7498),(#7499,#7500),(#7501,#7502),(#7503,#7504),(#7505,
#7506),(#7507,#7508),(#7509,#7510),(#7511,#7512),(#7513,#7514),(#7515,#7516)),
 .UNSPECIFIED.,.F.,.F.,.F.)
B_SPLINE_SURFACE_WITH_KNOTS((6,5,1,1,1,1,1,1,1,1,1,6),(2,2),(-1.3225555698934,
-1.,-0.9,-0.8,-0.7,-0.6,-0.5,-0.4,-0.3,-0.2,-0.1,0.),(-0.24,0.24),
 .UNSPECIFIED.)
GEOMETRIC_REPRESENTATION_ITEM()
RATIONAL_B_SPLINE_SURFACE(((1.,1.),(1.,1.),(1.,1.),(1.,1.),(1.,1.),(1.,
1.),(1.,1.),(1.,1.),(1.,1.),(1.,1.),(1.,1.),(1.,1.),(1.,1.),(1.,1.),(1.,
1.),(1.,1.),(1.,1.),(1.,1.),(1.,1.),(1.,1.)))
REPRESENTATION_ITEM('')
SURFACE()
);
#2008=(
BOUNDED_SURFACE()
B_SPLINE_SURFACE(5,1,((#7667,#7668),(#7669,#7670),(#7671,#7672),(#7673,
#7674),(#7675,#7676),(#7677,#7678),(#7679,#7680),(#7681,#7682),(#7683,#7684),
(#7685,#7686),(#7687,#7688),(#7689,#7690),(#7691,#7692),(#7693,#7694),(#7695,
#7696),(#7697,#7698),(#7699,#7700),(#7701,#7702),(#7703,#7704),(#7705,#7706)),
 .UNSPECIFIED.,.F.,.F.,.F.)
B_SPLINE_SURFACE_WITH_KNOTS((6,5,1,1,1,1,1,1,1,1,1,6),(2,2),(-0.821826267506849,
0.,0.1,0.2,0.3,0.4,0.5,0.6,0.7,0.8,0.9,1.),(-0.200000000000001,0.301),
 .UNSPECIFIED.)
GEOMETRIC_REPRESENTATION_ITEM()
RATIONAL_B_SPLINE_SURFACE(((1.,1.),(1.,1.),(1.,1.),(1.,1.),(1.,1.),(1.,
1.),(1.,1.),(1.,1.),(1.,1.),(1.,1.),(1.,1.),(1.,1.),(1.,1.),(1.,1.),(1.,
1.),(1.,1.),(1.,1.),(1.,1.),(1.,1.),(1.,1.)))
REPRESENTATION_ITEM('')
SURFACE()
);
#2009=(
BOUNDED_SURFACE()
B_SPLINE_SURFACE(5,1,((#7708,#7709),(#7710,#7711),(#7712,#7713),(#7714,
#7715),(#7716,#7717),(#7718,#7719),(#7720,#7721),(#7722,#7723),(#7724,#7725),
(#7726,#7727),(#7728,#7729),(#7730,#7731),(#7732,#7733),(#7734,#7735),(#7736,
#7737),(#7738,#7739),(#7740,#7741),(#7742,#7743),(#7744,#7745),(#7746,#7747),
(#7748,#7749),(#7750,#7751),(#7752,#7753),(#7754,#7755),(#7756,#7757),(#7758,
#7759),(#7760,#7761),(#7762,#7763),(#7764,#7765),(#7766,#7767)),
 .UNSPECIFIED.,.F.,.F.,.F.)
B_SPLINE_SURFACE_WITH_KNOTS((6,5,1,1,1,1,1,1,1,1,1,1,1,1,1,1,5,6),(2,2),
(-4.6787444430625,0.,0.0666666666666667,0.133333333333333,0.2,0.266666666666667,
0.333333333333333,0.4,0.466666666666667,0.533333333333333,0.6,0.666666666666667,
0.733333333333333,0.8,0.866666666666667,0.933333333333333,1.,3.3139346030954),
(-0.260000000000001,0.34),.UNSPECIFIED.)
GEOMETRIC_REPRESENTATION_ITEM()
RATIONAL_B_SPLINE_SURFACE(((1.,1.),(1.,1.),(1.,1.),(1.,1.),(1.,1.),(1.,
1.),(1.,1.),(1.,1.),(1.,1.),(1.,1.),(1.,1.),(1.,1.),(1.,1.),(1.,1.),(1.,
1.),(1.,1.),(1.,1.),(1.,1.),(1.,1.),(1.,1.),(1.,1.),(1.,1.),(1.,1.),(1.,
1.),(1.,1.),(1.,1.),(1.,1.),(1.,1.),(1.,1.),(1.,1.)))
REPRESENTATION_ITEM('')
SURFACE()
);
#2010=(
BOUNDED_SURFACE()
B_SPLINE_SURFACE(5,1,((#7769,#7770),(#7771,#7772),(#7773,#7774),(#7775,
#7776),(#7777,#7778),(#7779,#7780),(#7781,#7782),(#7783,#7784),(#7785,#7786),
(#7787,#7788),(#7789,#7790),(#7791,#7792),(#7793,#7794),(#7795,#7796),(#7797,
#7798)),.UNSPECIFIED.,.F.,.F.,.F.)
B_SPLINE_SURFACE_WITH_KNOTS((6,1,1,1,1,1,1,1,1,1,6),(2,2),(0.,0.1,0.2,0.3,
0.4,0.5,0.6,0.7,0.8,0.9,1.),(0.,0.1),.UNSPECIFIED.)
GEOMETRIC_REPRESENTATION_ITEM()
RATIONAL_B_SPLINE_SURFACE(((1.,1.),(1.,1.),(1.,1.),(1.,1.),(1.,1.),(1.,
1.),(1.,1.),(1.,1.),(1.,1.),(1.,1.),(1.,1.),(1.,1.),(1.,1.),(1.,1.),(1.,
1.)))
REPRESENTATION_ITEM('')
SURFACE()
);
#2011=(
BOUNDED_SURFACE()
B_SPLINE_SURFACE(5,1,((#7800,#7801),(#7802,#7803),(#7804,#7805),(#7806,
#7807),(#7808,#7809),(#7810,#7811),(#7812,#7813),(#7814,#7815),(#7816,#7817),
(#7818,#7819),(#7820,#7821),(#7822,#7823),(#7824,#7825),(#7826,#7827),(#7828,
#7829)),.UNSPECIFIED.,.F.,.F.,.F.)
B_SPLINE_SURFACE_WITH_KNOTS((6,1,1,1,1,1,1,1,1,1,6),(2,2),(0.,0.1,0.2,0.3,
0.4,0.5,0.6,0.7,0.8,0.9,1.),(0.,0.1),.UNSPECIFIED.)
GEOMETRIC_REPRESENTATION_ITEM()
RATIONAL_B_SPLINE_SURFACE(((1.,1.),(1.,1.),(1.,1.),(1.,1.),(1.,1.),(1.,
1.),(1.,1.),(1.,1.),(1.,1.),(1.,1.),(1.,1.),(1.,1.),(1.,1.),(1.,1.),(1.,
1.)))
REPRESENTATION_ITEM('')
SURFACE()
);
#2012=(
BOUNDED_SURFACE()
B_SPLINE_SURFACE(5,1,((#7930,#7931),(#7932,#7933),(#7934,#7935),(#7936,
#7937),(#7938,#7939),(#7940,#7941),(#7942,#7943),(#7944,#7945),(#7946,#7947),
(#7948,#7949),(#7950,#7951),(#7952,#7953),(#7954,#7955),(#7956,#7957),(#7958,
#7959)),.UNSPECIFIED.,.F.,.F.,.F.)
B_SPLINE_SURFACE_WITH_KNOTS((6,1,1,1,1,1,1,1,1,1,6),(2,2),(0.,0.1,0.2,0.3,
0.4,0.5,0.6,0.7,0.8,0.9,1.),(-1.3,0.3),.UNSPECIFIED.)
GEOMETRIC_REPRESENTATION_ITEM()
RATIONAL_B_SPLINE_SURFACE(((1.,1.),(1.,1.),(1.,1.),(1.,1.),(1.,1.),(1.,
1.),(1.,1.),(1.,1.),(1.,1.),(1.,1.),(1.,1.),(1.,1.),(1.,1.),(1.,1.),(1.,
1.)))
REPRESENTATION_ITEM('')
SURFACE()
);
#2013=(
BOUNDED_SURFACE()
B_SPLINE_SURFACE(5,1,((#7962,#7963),(#7964,#7965),(#7966,#7967),(#7968,
#7969),(#7970,#7971),(#7972,#7973),(#7974,#7975),(#7976,#7977),(#7978,#7979),
(#7980,#7981),(#7982,#7983),(#7984,#7985),(#7986,#7987),(#7988,#7989),(#7990,
#7991)),.UNSPECIFIED.,.F.,.F.,.F.)
B_SPLINE_SURFACE_WITH_KNOTS((6,1,1,1,1,1,1,1,1,1,6),(2,2),(0.,0.1,0.2,0.3,
0.4,0.5,0.6,0.7,0.8,0.9,1.),(-1.3,0.3),.UNSPECIFIED.)
GEOMETRIC_REPRESENTATION_ITEM()
RATIONAL_B_SPLINE_SURFACE(((1.,1.),(1.,1.),(1.,1.),(1.,1.),(1.,1.),(1.,
1.),(1.,1.),(1.,1.),(1.,1.),(1.,1.),(1.,1.),(1.,1.),(1.,1.),(1.,1.),(1.,
1.)))
REPRESENTATION_ITEM('')
SURFACE()
);
#2014=(
BOUNDED_SURFACE()
B_SPLINE_SURFACE(5,1,((#7993,#7994),(#7995,#7996),(#7997,#7998),(#7999,
#8000),(#8001,#8002),(#8003,#8004),(#8005,#8006),(#8007,#8008),(#8009,#8010),
(#8011,#8012),(#8013,#8014),(#8015,#8016),(#8017,#8018),(#8019,#8020),(#8021,
#8022)),.UNSPECIFIED.,.F.,.F.,.F.)
B_SPLINE_SURFACE_WITH_KNOTS((6,1,1,1,1,1,1,1,1,1,6),(2,2),(0.,0.1,0.2,0.3,
0.4,0.5,0.6,0.7,0.8,0.9,1.),(-1.3,0.3),.UNSPECIFIED.)
GEOMETRIC_REPRESENTATION_ITEM()
RATIONAL_B_SPLINE_SURFACE(((1.,1.),(1.,1.),(1.,1.),(1.,1.),(1.,1.),(1.,
1.),(1.,1.),(1.,1.),(1.,1.),(1.,1.),(1.,1.),(1.,1.),(1.,1.),(1.,1.),(1.,
1.)))
REPRESENTATION_ITEM('')
SURFACE()
);
#2015=(
BOUNDED_SURFACE()
B_SPLINE_SURFACE(5,1,((#8024,#8025),(#8026,#8027),(#8028,#8029),(#8030,
#8031),(#8032,#8033),(#8034,#8035),(#8036,#8037),(#8038,#8039),(#8040,#8041),
(#8042,#8043),(#8044,#8045),(#8046,#8047),(#8048,#8049),(#8050,#8051),(#8052,
#8053),(#8054,#8055),(#8056,#8057),(#8058,#8059),(#8060,#8061),(#8062,#8063)),
 .UNSPECIFIED.,.F.,.F.,.F.)
B_SPLINE_SURFACE_WITH_KNOTS((6,1,1,1,1,1,1,1,1,1,1,1,1,1,1,6),(2,2),(0.,
0.0666666666666667,0.133333333333333,0.2,0.266666666666667,0.333333333333333,
0.4,0.466666666666667,0.533333333333333,0.6,0.666666666666667,0.733333333333333,
0.8,0.866666666666667,0.933333333333333,1.),(-1.3,0.3),.UNSPECIFIED.)
GEOMETRIC_REPRESENTATION_ITEM()
RATIONAL_B_SPLINE_SURFACE(((1.,1.),(1.,1.),(1.,1.),(1.,1.),(1.,1.),(1.,
1.),(1.,1.),(1.,1.),(1.,1.),(1.,1.),(1.,1.),(1.,1.),(1.,1.),(1.,1.),(1.,
1.),(1.,1.),(1.,1.),(1.,1.),(1.,1.),(1.,1.)))
REPRESENTATION_ITEM('')
SURFACE()
);
#2016=(
BOUNDED_SURFACE()
B_SPLINE_SURFACE(5,1,((#8065,#8066),(#8067,#8068),(#8069,#8070),(#8071,
#8072),(#8073,#8074),(#8075,#8076),(#8077,#8078),(#8079,#8080),(#8081,#8082),
(#8083,#8084),(#8085,#8086),(#8087,#8088),(#8089,#8090),(#8091,#8092),(#8093,
#8094)),.UNSPECIFIED.,.F.,.F.,.F.)
B_SPLINE_SURFACE_WITH_KNOTS((6,1,1,1,1,1,1,1,1,1,6),(2,2),(0.,0.1,0.2,0.3,
0.4,0.5,0.6,0.7,0.8,0.9,1.),(-1.3,0.3),.UNSPECIFIED.)
GEOMETRIC_REPRESENTATION_ITEM()
RATIONAL_B_SPLINE_SURFACE(((1.,1.),(1.,1.),(1.,1.),(1.,1.),(1.,1.),(1.,
1.),(1.,1.),(1.,1.),(1.,1.),(1.,1.),(1.,1.),(1.,1.),(1.,1.),(1.,1.),(1.,
1.)))
REPRESENTATION_ITEM('')
SURFACE()
);
#2017=(
BOUNDED_SURFACE()
B_SPLINE_SURFACE(5,1,((#8096,#8097),(#8098,#8099),(#8100,#8101),(#8102,
#8103),(#8104,#8105),(#8106,#8107),(#8108,#8109),(#8110,#8111),(#8112,#8113),
(#8114,#8115),(#8116,#8117),(#8118,#8119),(#8120,#8121)),.UNSPECIFIED.,
 .F.,.F.,.F.)
B_SPLINE_SURFACE_WITH_KNOTS((6,1,1,1,1,1,1,1,6),(2,2),(0.202747353595373,
0.3,0.4,0.5,0.6,0.7,0.8,0.9,1.),(-1.3,0.3),.UNSPECIFIED.)
GEOMETRIC_REPRESENTATION_ITEM()
RATIONAL_B_SPLINE_SURFACE(((1.,1.),(1.,1.),(1.,1.),(1.,1.),(1.,1.),(1.,
1.),(1.,1.),(1.,1.),(1.,1.),(1.,1.),(1.,1.),(1.,1.),(1.,1.)))
REPRESENTATION_ITEM('')
SURFACE()
);
#2018=(
BOUNDED_SURFACE()
B_SPLINE_SURFACE(5,1,((#8130,#8131),(#8132,#8133),(#8134,#8135),(#8136,
#8137),(#8138,#8139),(#8140,#8141),(#8142,#8143),(#8144,#8145),(#8146,#8147),
(#8148,#8149),(#8150,#8151),(#8152,#8153),(#8154,#8155),(#8156,#8157),(#8158,
#8159),(#8160,#8161),(#8162,#8163),(#8164,#8165),(#8166,#8167)),
 .UNSPECIFIED.,.F.,.F.,.F.)
B_SPLINE_SURFACE_WITH_KNOTS((6,1,1,1,1,1,1,1,1,1,1,1,1,1,6),(2,2),(0.,0.0666666666666667,
0.133333333333333,0.2,0.266666666666667,0.333333333333333,0.4,0.466666666666667,
0.533333333333333,0.6,0.666666666666667,0.733333333333333,0.8,0.866666666666667,
0.884783491851915),(0.,1.5),.UNSPECIFIED.)
GEOMETRIC_REPRESENTATION_ITEM()
RATIONAL_B_SPLINE_SURFACE(((1.,1.),(1.,1.),(1.,1.),(1.,1.),(1.,1.),(1.,
1.),(1.,1.),(1.,1.),(1.,1.),(1.,1.),(1.,1.),(1.,1.),(1.,1.),(1.,1.),(1.,
1.),(1.,1.),(1.,1.),(1.,1.),(1.,1.)))
REPRESENTATION_ITEM('')
SURFACE()
);
#2019=(
BOUNDED_SURFACE()
B_SPLINE_SURFACE(5,1,((#8210,#8211),(#8212,#8213),(#8214,#8215),(#8216,
#8217),(#8218,#8219),(#8220,#8221)),.UNSPECIFIED.,.F.,.F.,.F.)
B_SPLINE_SURFACE_WITH_KNOTS((6,6),(2,2),(0.0568111795019299,0.0620707516513729),
(0.,1.5),.UNSPECIFIED.)
GEOMETRIC_REPRESENTATION_ITEM()
RATIONAL_B_SPLINE_SURFACE(((1.,1.),(1.,1.),(1.,1.),(1.,1.),(1.,1.),(1.,
1.)))
REPRESENTATION_ITEM('')
SURFACE()
);
#2020=(
BOUNDED_SURFACE()
B_SPLINE_SURFACE(5,1,((#8237,#8238),(#8239,#8240),(#8241,#8242),(#8243,
#8244),(#8245,#8246),(#8247,#8248)),.UNSPECIFIED.,.F.,.F.,.F.)
B_SPLINE_SURFACE_WITH_KNOTS((6,6),(2,2),(-0.0625214604722292,-0.0620707516515602),
(0.,0.3),.UNSPECIFIED.)
GEOMETRIC_REPRESENTATION_ITEM()
RATIONAL_B_SPLINE_SURFACE(((1.,1.),(1.,1.),(1.,1.),(1.,1.),(1.,1.),(1.,
1.)))
REPRESENTATION_ITEM('')
SURFACE()
);
#2021=(
BOUNDED_SURFACE()
B_SPLINE_SURFACE(5,1,((#8255,#8256),(#8257,#8258),(#8259,#8260),(#8261,
#8262),(#8263,#8264),(#8265,#8266),(#8267,#8268),(#8269,#8270),(#8271,#8272),
(#8273,#8274),(#8275,#8276),(#8277,#8278),(#8279,#8280),(#8281,#8282),(#8283,
#8284)),.UNSPECIFIED.,.F.,.F.,.F.)
B_SPLINE_SURFACE_WITH_KNOTS((6,1,1,1,1,1,1,1,1,1,6),(2,2),(0.,0.1,0.2,0.3,
0.4,0.5,0.6,0.7,0.8,0.9,1.),(-1.3,0.3),.UNSPECIFIED.)
GEOMETRIC_REPRESENTATION_ITEM()
RATIONAL_B_SPLINE_SURFACE(((1.,1.),(1.,1.),(1.,1.),(1.,1.),(1.,1.),(1.,
1.),(1.,1.),(1.,1.),(1.,1.),(1.,1.),(1.,1.),(1.,1.),(1.,1.),(1.,1.),(1.,
1.)))
REPRESENTATION_ITEM('')
SURFACE()
);
#2022=(
BOUNDED_SURFACE()
B_SPLINE_SURFACE(5,1,((#8286,#8287),(#8288,#8289),(#8290,#8291),(#8292,
#8293),(#8294,#8295),(#8296,#8297),(#8298,#8299),(#8300,#8301),(#8302,#8303),
(#8304,#8305),(#8306,#8307),(#8308,#8309),(#8310,#8311),(#8312,#8313),(#8314,
#8315),(#8316,#8317),(#8318,#8319),(#8320,#8321),(#8322,#8323),(#8324,#8325)),
 .UNSPECIFIED.,.F.,.F.,.F.)
B_SPLINE_SURFACE_WITH_KNOTS((6,1,1,1,1,1,1,1,1,1,1,1,1,1,1,6),(2,2),(0.,
0.0666666666666667,0.133333333333333,0.2,0.266666666666667,0.333333333333333,
0.4,0.466666666666667,0.533333333333333,0.6,0.666666666666667,0.733333333333333,
0.8,0.866666666666667,0.933333333333333,1.),(-1.3,0.3),.UNSPECIFIED.)
GEOMETRIC_REPRESENTATION_ITEM()
RATIONAL_B_SPLINE_SURFACE(((1.,1.),(1.,1.),(1.,1.),(1.,1.),(1.,1.),(1.,
1.),(1.,1.),(1.,1.),(1.,1.),(1.,1.),(1.,1.),(1.,1.),(1.,1.),(1.,1.),(1.,
1.),(1.,1.),(1.,1.),(1.,1.),(1.,1.),(1.,1.)))
REPRESENTATION_ITEM('')
SURFACE()
);
#2023=(
BOUNDED_SURFACE()
B_SPLINE_SURFACE(5,1,((#8327,#8328),(#8329,#8330),(#8331,#8332),(#8333,
#8334),(#8335,#8336),(#8337,#8338),(#8339,#8340),(#8341,#8342),(#8343,#8344),
(#8345,#8346),(#8347,#8348),(#8349,#8350),(#8351,#8352),(#8353,#8354),(#8355,
#8356),(#8357,#8358),(#8359,#8360),(#8361,#8362),(#8363,#8364),(#8365,#8366),
(#8367,#8368),(#8369,#8370),(#8371,#8372),(#8373,#8374),(#8375,#8376)),
 .UNSPECIFIED.,.F.,.F.,.F.)
B_SPLINE_SURFACE_WITH_KNOTS((6,1,1,1,1,1,1,1,1,1,1,1,1,1,1,1,1,1,1,1,6),
(2,2),(0.,0.05,0.1,0.15,0.2,0.25,0.3,0.35,0.4,0.45,0.5,0.55,0.6,0.65,0.7,
0.75,0.8,0.85,0.9,0.95,1.),(-1.3,0.3),.UNSPECIFIED.)
GEOMETRIC_REPRESENTATION_ITEM()
RATIONAL_B_SPLINE_SURFACE(((1.,1.),(1.,1.),(1.,1.),(1.,1.),(1.,1.),(1.,
1.),(1.,1.),(1.,1.),(1.,1.),(1.,1.),(1.,1.),(1.,1.),(1.,1.),(1.,1.),(1.,
1.),(1.,1.),(1.,1.),(1.,1.),(1.,1.),(1.,1.),(1.,1.),(1.,1.),(1.,1.),(1.,
1.),(1.,1.)))
REPRESENTATION_ITEM('')
SURFACE()
);
#2024=(
BOUNDED_SURFACE()
B_SPLINE_SURFACE(5,1,((#8378,#8379),(#8380,#8381),(#8382,#8383),(#8384,
#8385),(#8386,#8387),(#8388,#8389),(#8390,#8391),(#8392,#8393),(#8394,#8395),
(#8396,#8397),(#8398,#8399),(#8400,#8401),(#8402,#8403),(#8404,#8405),(#8406,
#8407)),.UNSPECIFIED.,.F.,.F.,.F.)
B_SPLINE_SURFACE_WITH_KNOTS((6,1,1,1,1,1,1,1,1,1,6),(2,2),(0.,0.1,0.2,0.3,
0.4,0.5,0.6,0.7,0.8,0.9,1.),(-1.3,0.3),.UNSPECIFIED.)
GEOMETRIC_REPRESENTATION_ITEM()
RATIONAL_B_SPLINE_SURFACE(((1.,1.),(1.,1.),(1.,1.),(1.,1.),(1.,1.),(1.,
1.),(1.,1.),(1.,1.),(1.,1.),(1.,1.),(1.,1.),(1.,1.),(1.,1.),(1.,1.),(1.,
1.)))
REPRESENTATION_ITEM('')
SURFACE()
);
#2025=(
BOUNDED_SURFACE()
B_SPLINE_SURFACE(5,1,((#8409,#8410),(#8411,#8412),(#8413,#8414),(#8415,
#8416),(#8417,#8418),(#8419,#8420),(#8421,#8422),(#8423,#8424),(#8425,#8426),
(#8427,#8428),(#8429,#8430),(#8431,#8432),(#8433,#8434),(#8435,#8436),(#8437,
#8438)),.UNSPECIFIED.,.F.,.F.,.F.)
B_SPLINE_SURFACE_WITH_KNOTS((6,1,1,1,1,1,1,1,1,1,6),(2,2),(0.,0.1,0.2,0.3,
0.4,0.5,0.6,0.7,0.8,0.9,1.),(-1.3,0.3),.UNSPECIFIED.)
GEOMETRIC_REPRESENTATION_ITEM()
RATIONAL_B_SPLINE_SURFACE(((1.,1.),(1.,1.),(1.,1.),(1.,1.),(1.,1.),(1.,
1.),(1.,1.),(1.,1.),(1.,1.),(1.,1.),(1.,1.),(1.,1.),(1.,1.),(1.,1.),(1.,
1.)))
REPRESENTATION_ITEM('')
SURFACE()
);
#2026=(
BOUNDED_SURFACE()
B_SPLINE_SURFACE(5,1,((#8440,#8441),(#8442,#8443),(#8444,#8445),(#8446,
#8447),(#8448,#8449),(#8450,#8451),(#8452,#8453),(#8454,#8455),(#8456,#8457),
(#8458,#8459),(#8460,#8461),(#8462,#8463),(#8464,#8465),(#8466,#8467),(#8468,
#8469),(#8470,#8471),(#8472,#8473),(#8474,#8475),(#8476,#8477),(#8478,#8479)),
 .UNSPECIFIED.,.F.,.F.,.F.)
B_SPLINE_SURFACE_WITH_KNOTS((6,1,1,1,1,1,1,1,1,1,1,1,1,1,1,6),(2,2),(0.,
0.0666666666666667,0.133333333333333,0.2,0.266666666666667,0.333333333333333,
0.4,0.466666666666667,0.533333333333333,0.6,0.666666666666667,0.733333333333333,
0.8,0.866666666666667,0.933333333333333,1.),(-1.3,0.3),.UNSPECIFIED.)
GEOMETRIC_REPRESENTATION_ITEM()
RATIONAL_B_SPLINE_SURFACE(((1.,1.),(1.,1.),(1.,1.),(1.,1.),(1.,1.),(1.,
1.),(1.,1.),(1.,1.),(1.,1.),(1.,1.),(1.,1.),(1.,1.),(1.,1.),(1.,1.),(1.,
1.),(1.,1.),(1.,1.),(1.,1.),(1.,1.),(1.,1.)))
REPRESENTATION_ITEM('')
SURFACE()
);
#2027=ADVANCED_FACE('',(#197),#1982,.T.);
#2028=ADVANCED_FACE('',(#198),#1983,.T.);
#2029=ADVANCED_FACE('',(#199),#73,.T.);
#2030=ADVANCED_FACE('',(#200),#1984,.F.);
#2031=ADVANCED_FACE('',(#201,#54,#55,#56,#57,#58),#74,.F.);
#2032=ADVANCED_FACE('',(#202),#1985,.F.);
#2033=ADVANCED_FACE('',(#203),#1986,.F.);
#2034=ADVANCED_FACE('',(#204),#1987,.F.);
#2035=ADVANCED_FACE('',(#205),#1988,.F.);
#2036=ADVANCED_FACE('',(#206,#59),#75,.T.);
#2037=ADVANCED_FACE('',(#207),#1989,.F.);
#2038=ADVANCED_FACE('',(#208),#1990,.F.);
#2039=ADVANCED_FACE('',(#209),#1991,.F.);
#2040=ADVANCED_FACE('',(#210),#1992,.F.);
#2041=ADVANCED_FACE('',(#211,#60),#76,.T.);
#2042=ADVANCED_FACE('',(#212),#77,.T.);
#2043=ADVANCED_FACE('',(#213),#78,.F.);
#2044=ADVANCED_FACE('',(#214),#79,.F.);
#2045=ADVANCED_FACE('',(#215),#80,.T.);
#2046=ADVANCED_FACE('',(#216),#81,.T.);
#2047=ADVANCED_FACE('',(#217),#82,.F.);
#2048=ADVANCED_FACE('',(#218),#83,.F.);
#2049=ADVANCED_FACE('',(#219),#84,.F.);
#2050=ADVANCED_FACE('',(#220),#1993,.F.);
#2051=ADVANCED_FACE('',(#221),#1994,.F.);
#2052=ADVANCED_FACE('',(#222),#1995,.F.);
#2053=ADVANCED_FACE('',(#223),#85,.T.);
#2054=ADVANCED_FACE('',(#224),#1996,.F.);
#2055=ADVANCED_FACE('',(#225),#1997,.F.);
#2056=ADVANCED_FACE('',(#226),#1998,.F.);
#2057=ADVANCED_FACE('',(#227),#86,.T.);
#2058=ADVANCED_FACE('',(#228),#1999,.F.);
#2059=ADVANCED_FACE('',(#229),#2000,.F.);
#2060=ADVANCED_FACE('',(#230),#2001,.F.);
#2061=ADVANCED_FACE('',(#231),#87,.T.);
#2062=ADVANCED_FACE('',(#232),#2002,.F.);
#2063=ADVANCED_FACE('',(#233),#2003,.F.);
#2064=ADVANCED_FACE('',(#234),#2004,.F.);
#2065=ADVANCED_FACE('',(#235),#88,.T.);
#2066=ADVANCED_FACE('',(#236),#2005,.F.);
#2067=ADVANCED_FACE('',(#237),#2006,.F.);
#2068=ADVANCED_FACE('',(#238),#89,.T.);
#2069=ADVANCED_FACE('',(#239),#27,.F.);
#2070=ADVANCED_FACE('',(#240,#61,#62,#63,#64,#65,#66,#67,#68,#69),#90,.T.);
#2071=ADVANCED_FACE('',(#241),#2007,.F.);
#2072=ADVANCED_FACE('',(#242),#91,.T.);
#2073=ADVANCED_FACE('',(#243),#28,.F.);
#2074=ADVANCED_FACE('',(#244),#29,.F.);
#2075=ADVANCED_FACE('',(#245),#2008,.T.);
#2076=ADVANCED_FACE('',(#246),#2009,.F.);
#2077=ADVANCED_FACE('',(#247),#2010,.F.);
#2078=ADVANCED_FACE('',(#248),#2011,.F.);
#2079=ADVANCED_FACE('',(#249),#15,.F.);
#2080=ADVANCED_FACE('',(#250),#92,.F.);
#2081=ADVANCED_FACE('',(#251),#16,.F.);
#2082=ADVANCED_FACE('',(#252),#93,.F.);
#2083=ADVANCED_FACE('',(#253),#17,.F.);
#2084=ADVANCED_FACE('',(#254),#94,.F.);
#2085=ADVANCED_FACE('',(#255),#18,.F.);
#2086=ADVANCED_FACE('',(#256),#95,.F.);
#2087=ADVANCED_FACE('',(#257),#96,.F.);
#2088=ADVANCED_FACE('',(#258),#97,.F.);
#2089=ADVANCED_FACE('',(#259),#98,.F.);
#2090=ADVANCED_FACE('',(#260),#99,.F.);
#2091=ADVANCED_FACE('',(#261),#100,.F.);
#2092=ADVANCED_FACE('',(#262),#101,.F.);
#2093=ADVANCED_FACE('',(#263),#102,.F.);
#2094=ADVANCED_FACE('',(#264),#103,.F.);
#2095=ADVANCED_FACE('',(#265),#104,.F.);
#2096=ADVANCED_FACE('',(#266),#19,.F.);
#2097=ADVANCED_FACE('',(#267),#105,.F.);
#2098=ADVANCED_FACE('',(#268),#20,.F.);
#2099=ADVANCED_FACE('',(#269),#106,.F.);
#2100=ADVANCED_FACE('',(#270),#21,.F.);
#2101=ADVANCED_FACE('',(#271),#107,.F.);
#2102=ADVANCED_FACE('',(#272),#22,.F.);
#2103=ADVANCED_FACE('',(#273),#108,.F.);
#2104=ADVANCED_FACE('',(#274),#23,.F.);
#2105=ADVANCED_FACE('',(#275),#109,.F.);
#2106=ADVANCED_FACE('',(#276),#24,.F.);
#2107=ADVANCED_FACE('',(#277),#110,.F.);
#2108=ADVANCED_FACE('',(#278),#25,.F.);
#2109=ADVANCED_FACE('',(#279),#111,.F.);
#2110=ADVANCED_FACE('',(#280),#26,.F.);
#2111=ADVANCED_FACE('',(#281),#2012,.T.);
#2112=ADVANCED_FACE('',(#282),#2013,.T.);
#2113=ADVANCED_FACE('',(#283),#2014,.T.);
#2114=ADVANCED_FACE('',(#284),#2015,.T.);
#2115=ADVANCED_FACE('',(#285),#2016,.T.);
#2116=ADVANCED_FACE('',(#286),#2017,.T.);
#2117=ADVANCED_FACE('',(#287),#112,.T.);
#2118=ADVANCED_FACE('',(#288),#113,.T.);
#2119=ADVANCED_FACE('',(#289),#2018,.T.);
#2120=ADVANCED_FACE('',(#290),#114,.T.);
#2121=ADVANCED_FACE('',(#291),#115,.T.);
#2122=ADVANCED_FACE('',(#292),#116,.T.);
#2123=ADVANCED_FACE('',(#293),#117,.T.);
#2124=ADVANCED_FACE('',(#294),#118,.T.);
#2125=ADVANCED_FACE('',(#295),#119,.T.);
#2126=ADVANCED_FACE('',(#296),#120,.T.);
#2127=ADVANCED_FACE('',(#297),#121,.T.);
#2128=ADVANCED_FACE('',(#298),#122,.T.);
#2129=ADVANCED_FACE('',(#299),#123,.T.);
#2130=ADVANCED_FACE('',(#300),#2019,.T.);
#2131=ADVANCED_FACE('',(#301),#124,.T.);
#2132=ADVANCED_FACE('',(#302),#125,.T.);
#2133=ADVANCED_FACE('',(#303),#2020,.T.);
#2134=ADVANCED_FACE('',(#304),#2021,.T.);
#2135=ADVANCED_FACE('',(#305),#2022,.T.);
#2136=ADVANCED_FACE('',(#306),#2023,.T.);
#2137=ADVANCED_FACE('',(#307),#2024,.T.);
#2138=ADVANCED_FACE('',(#308),#2025,.T.);
#2139=ADVANCED_FACE('',(#309),#2026,.T.);
#2140=ADVANCED_FACE('',(#310,#70,#71,#72),#126,.F.);
#2141=CLOSED_SHELL('',(#2027,#2028,#2029,#2030,#2031,#2032,#2033,#2034,
#2035,#2036,#2037,#2038,#2039,#2040,#2041,#2042,#2043,#2044,#2045,#2046,
#2047,#2048,#2049,#2050,#2051,#2052,#2053,#2054,#2055,#2056,#2057,#2058,
#2059,#2060,#2061,#2062,#2063,#2064,#2065,#2066,#2067,#2068,#2069,#2070,
#2071,#2072,#2073,#2074,#2075,#2076,#2077,#2078,#2079,#2080,#2081,#2082,
#2083,#2084,#2085,#2086,#2087,#2088,#2089,#2090,#2091,#2092,#2093,#2094,
#2095,#2096,#2097,#2098,#2099,#2100,#2101,#2102,#2103,#2104,#2105,#2106,
#2107,#2108,#2109,#2110,#2111,#2112,#2113,#2114,#2115,#2116,#2117,#2118,
#2119,#2120,#2121,#2122,#2123,#2124,#2125,#2126,#2127,#2128,#2129,#2130,
#2131,#2132,#2133,#2134,#2135,#2136,#2137,#2138,#2139,#2140));
#2142=AXIS2_PLACEMENT_3D('',#2587,#2233,#2234);
#2143=AXIS2_PLACEMENT_3D('',#2875,#2238,#2239);
#2144=AXIS2_PLACEMENT_3D('',#3046,#2242,#2243);
#2145=AXIS2_PLACEMENT_3D('',#4277,#2261,#2262);
#2146=AXIS2_PLACEMENT_3D('',#4279,#2263,#2264);
#2147=AXIS2_PLACEMENT_3D('',#4281,#2265,#2266);
#2148=AXIS2_PLACEMENT_3D('',#4283,#2267,#2268);
#2149=AXIS2_PLACEMENT_3D('',#4603,#2272,#2273);
#2150=AXIS2_PLACEMENT_3D('',#4607,#2275,#2276);
#2151=AXIS2_PLACEMENT_3D('',#4922,#2286,#2287);
#2152=AXIS2_PLACEMENT_3D('',#4926,#2289,#2290);
#2153=AXIS2_PLACEMENT_3D('',#4937,#2297,#2298);
#2154=AXIS2_PLACEMENT_3D('',#4941,#2301,#2302);
#2155=AXIS2_PLACEMENT_3D('',#4947,#2306,#2307);
#2156=AXIS2_PLACEMENT_3D('',#4951,#2310,#2311);
#2157=AXIS2_PLACEMENT_3D('',#4955,#2314,#2315);
#2158=AXIS2_PLACEMENT_3D('',#4959,#2318,#2319);
#2159=AXIS2_PLACEMENT_3D('',#4961,#2321,#2322);
#2160=AXIS2_PLACEMENT_3D('',#4967,#2326,#2327);
#2161=AXIS2_PLACEMENT_3D('',#5360,#2333,#2334);
#2162=AXIS2_PLACEMENT_3D('',#5690,#2338,#2339);
#2163=AXIS2_PLACEMENT_3D('',#6040,#2343,#2344);
#2164=AXIS2_PLACEMENT_3D('',#6370,#2348,#2349);
#2165=AXIS2_PLACEMENT_3D('',#6577,#2352,#2353);
#2166=AXIS2_PLACEMENT_3D('',#7088,#2354,#2355);
#2167=AXIS2_PLACEMENT_3D('',#7435,#2359,#2360);
#2168=AXIS2_PLACEMENT_3D('',#7439,#2362,#2363);
#2169=AXIS2_PLACEMENT_3D('',#7443,#2365,#2366);
#2170=AXIS2_PLACEMENT_3D('',#7446,#2368,#2369);
#2171=AXIS2_PLACEMENT_3D('',#7451,#2371,#2372);
#2172=AXIS2_PLACEMENT_3D('',#7455,#2374,#2375);
#2173=AXIS2_PLACEMENT_3D('',#7459,#2377,#2378);
#2174=AXIS2_PLACEMENT_3D('',#7462,#2380,#2381);
#2175=AXIS2_PLACEMENT_3D('',#7534,#2391,#2392);
#2176=AXIS2_PLACEMENT_3D('',#7830,#2396,#2397);
#2177=AXIS2_PLACEMENT_3D('',#7833,#2399,#2400);
#2178=AXIS2_PLACEMENT_3D('',#7834,#2401,#2402);
#2179=AXIS2_PLACEMENT_3D('',#7835,#2403,#2404);
#2180=AXIS2_PLACEMENT_3D('',#7838,#2406,#2407);
#2181=AXIS2_PLACEMENT_3D('',#7839,#2408,#2409);
#2182=AXIS2_PLACEMENT_3D('',#7840,#2410,#2411);
#2183=AXIS2_PLACEMENT_3D('',#7843,#2413,#2414);
#2184=AXIS2_PLACEMENT_3D('',#7844,#2415,#2416);
#2185=AXIS2_PLACEMENT_3D('',#7845,#2417,#2418);
#2186=AXIS2_PLACEMENT_3D('',#7848,#2420,#2421);
#2187=AXIS2_PLACEMENT_3D('',#7849,#2422,#2423);
#2188=AXIS2_PLACEMENT_3D('',#7850,#2424,#2425);
#2189=AXIS2_PLACEMENT_3D('',#7856,#2429,#2430);
#2190=AXIS2_PLACEMENT_3D('',#7860,#2433,#2434);
#2191=AXIS2_PLACEMENT_3D('',#7864,#2437,#2438);
#2192=AXIS2_PLACEMENT_3D('',#7866,#2440,#2441);
#2193=AXIS2_PLACEMENT_3D('',#7868,#2443,#2444);
#2194=AXIS2_PLACEMENT_3D('',#7869,#2445,#2446);
#2195=AXIS2_PLACEMENT_3D('',#7871,#2448,#2449);
#2196=AXIS2_PLACEMENT_3D('',#7872,#2450,#2451);
#2197=AXIS2_PLACEMENT_3D('',#7878,#2455,#2456);
#2198=AXIS2_PLACEMENT_3D('',#7881,#2458,#2459);
#2199=AXIS2_PLACEMENT_3D('',#7882,#2460,#2461);
#2200=AXIS2_PLACEMENT_3D('',#7886,#2464,#2465);
#2201=AXIS2_PLACEMENT_3D('',#7889,#2467,#2468);
#2202=AXIS2_PLACEMENT_3D('',#7890,#2469,#2470);
#2203=AXIS2_PLACEMENT_3D('',#7893,#2473,#2474);
#2204=AXIS2_PLACEMENT_3D('',#7895,#2476,#2477);
#2205=AXIS2_PLACEMENT_3D('',#7899,#2480,#2481);
#2206=AXIS2_PLACEMENT_3D('',#7900,#2482,#2483);
#2207=AXIS2_PLACEMENT_3D('',#7901,#2484,#2485);
#2208=AXIS2_PLACEMENT_3D('',#7907,#2489,#2490);
#2209=AXIS2_PLACEMENT_3D('',#7910,#2492,#2493);
#2210=AXIS2_PLACEMENT_3D('',#7911,#2494,#2495);
#2211=AXIS2_PLACEMENT_3D('',#7914,#2498,#2499);
#2212=AXIS2_PLACEMENT_3D('',#7916,#2501,#2502);
#2213=AXIS2_PLACEMENT_3D('',#7920,#2505,#2506);
#2214=AXIS2_PLACEMENT_3D('',#7923,#2508,#2509);
#2215=AXIS2_PLACEMENT_3D('',#7924,#2510,#2511);
#2216=AXIS2_PLACEMENT_3D('',#7928,#2514,#2515);
#2217=AXIS2_PLACEMENT_3D('',#7929,#2516,#2517);
#2218=AXIS2_PLACEMENT_3D('',#8122,#2524,#2525);
#2219=AXIS2_PLACEMENT_3D('',#8126,#2528,#2529);
#2220=AXIS2_PLACEMENT_3D('',#8174,#2533,#2534);
#2221=AXIS2_PLACEMENT_3D('',#8178,#2537,#2538);
#2222=AXIS2_PLACEMENT_3D('',#8180,#2540,#2541);
#2223=AXIS2_PLACEMENT_3D('',#8184,#2544,#2545);
#2224=AXIS2_PLACEMENT_3D('',#8188,#2548,#2549);
#2225=AXIS2_PLACEMENT_3D('',#8192,#2552,#2553);
#2226=AXIS2_PLACEMENT_3D('',#8196,#2556,#2557);
#2227=AXIS2_PLACEMENT_3D('',#8200,#2560,#2561);
#2228=AXIS2_PLACEMENT_3D('',#8204,#2564,#2565);
#2229=AXIS2_PLACEMENT_3D('',#8208,#2568,#2569);
#2230=AXIS2_PLACEMENT_3D('',#8230,#2572,#2573);
#2231=AXIS2_PLACEMENT_3D('',#8233,#2576,#2577);
#2232=AXIS2_PLACEMENT_3D('',#8480,#2585,#2586);
#2233=DIRECTION('axis',(0.,0.,1.));
#2234=DIRECTION('refdir',(1.,0.,0.));
#2235=DIRECTION('',(0.,1.,0.));
#2236=DIRECTION('',(0.,1.,0.));
#2237=DIRECTION('',(0.,1.,0.));
#2238=DIRECTION('center_axis',(0.,1.,0.));
#2239=DIRECTION('ref_axis',(-1.,0.,0.));
#2240=DIRECTION('',(0.,1.,0.));
#2241=DIRECTION('',(0.,1.,0.));
#2242=DIRECTION('center_axis',(0.,1.,0.));
#2243=DIRECTION('ref_axis',(1.,0.,0.));
#2244=DIRECTION('',(0.894427190999911,0.,0.447213595499967));
#2245=DIRECTION('',(0.0384331221011932,0.,0.999261174631315));
#2246=DIRECTION('',(-0.707106781186555,0.,0.70710678118654));
#2247=DIRECTION('',(0.,0.,1.));
#2248=DIRECTION('',(1.,0.,3.18858665361348E-16));
#2249=DIRECTION('',(0.875034042417755,0.,-0.484061385167257));
#2250=DIRECTION('',(0.999997638915001,0.,0.00217305416929618));
#2251=DIRECTION('',(0.403640206576305,0.,-0.914917801572927));
#2252=DIRECTION('',(0.,0.,-1.));
#2253=DIRECTION('',(-0.376377046955928,0.,-0.926466577122313));
#2254=DIRECTION('',(-0.989949493661165,0.,-0.141421356237321));
#2255=DIRECTION('',(7.77697811052904E-15,0.,1.));
#2256=DIRECTION('',(0.687199853876075,0.,0.726468416954723));
#2257=DIRECTION('',(0.,0.,-1.));
#2258=DIRECTION('',(0.687199853876075,0.,0.726468416954723));
#2259=DIRECTION('',(-1.09716157727662E-14,0.,1.));
#2260=DIRECTION('',(-0.825307261249839,0.,0.56468391559198));
#2261=DIRECTION('center_axis',(0.,1.,0.));
#2262=DIRECTION('ref_axis',(-1.,0.,0.));
#2263=DIRECTION('center_axis',(0.,1.,0.));
#2264=DIRECTION('ref_axis',(-1.,0.,0.));
#2265=DIRECTION('center_axis',(0.,1.,0.));
#2266=DIRECTION('ref_axis',(-1.,0.,0.));
#2267=DIRECTION('center_axis',(0.,1.,0.));
#2268=DIRECTION('ref_axis',(-1.,0.,0.));
#2269=DIRECTION('',(0.,1.,0.));
#2270=DIRECTION('',(0.,1.,0.));
#2271=DIRECTION('',(0.,1.,0.));
#2272=DIRECTION('center_axis',(0.,-1.,0.));
#2273=DIRECTION('ref_axis',(1.,0.,0.));
#2274=DIRECTION('',(-1.,0.,0.));
#2275=DIRECTION('center_axis',(0.,-1.,0.));
#2276=DIRECTION('ref_axis',(0.,0.,1.));
#2277=DIRECTION('',(0.,0.,1.));
#2278=DIRECTION('',(1.,0.,0.));
#2279=DIRECTION('',(7.10542735760101E-16,0.,-1.));
#2280=DIRECTION('',(-1.,0.,0.));
#2281=DIRECTION('',(0.,0.,1.));
#2282=DIRECTION('',(0.,1.,0.));
#2283=DIRECTION('',(0.,1.,0.));
#2284=DIRECTION('',(0.,1.,0.));
#2285=DIRECTION('',(0.,1.,0.));
#2286=DIRECTION('center_axis',(0.,-1.,0.));
#2287=DIRECTION('ref_axis',(1.,0.,0.));
#2288=DIRECTION('',(0.,0.,1.));
#2289=DIRECTION('center_axis',(0.,-1.,0.));
#2290=DIRECTION('ref_axis',(1.,0.,0.));
#2291=DIRECTION('',(1.,0.,0.));
#2292=DIRECTION('',(0.,0.,-1.));
#2293=DIRECTION('',(1.,0.,0.));
#2294=DIRECTION('',(0.,0.,-1.));
#2295=DIRECTION('',(-1.,0.,0.));
#2296=DIRECTION('',(0.,0.,1.));
#2297=DIRECTION('center_axis',(-1.,0.,7.77697811052904E-15));
#2298=DIRECTION('ref_axis',(7.77697811052904E-15,0.,1.));
#2299=DIRECTION('',(7.77697811052904E-15,0.,1.));
#2300=DIRECTION('',(0.,1.,0.));
#2301=DIRECTION('center_axis',(0.,0.,1.));
#2302=DIRECTION('ref_axis',(-1.,0.,0.));
#2303=DIRECTION('',(0.,-1.,0.));
#2304=DIRECTION('',(-1.,0.,0.));
#2305=DIRECTION('',(0.,-1.,0.));
#2306=DIRECTION('center_axis',(-1.,0.,-7.105427357601E-16));
#2307=DIRECTION('ref_axis',(7.10542735760101E-16,0.,-1.));
#2308=DIRECTION('',(0.,-1.,0.));
#2309=DIRECTION('',(7.10542735760101E-16,0.,-1.));
#2310=DIRECTION('center_axis',(-3.18858665361348E-16,0.,1.));
#2311=DIRECTION('ref_axis',(1.,0.,3.18858665361348E-16));
#2312=DIRECTION('',(0.,1.,0.));
#2313=DIRECTION('',(1.,0.,3.18858665361348E-16));
#2314=DIRECTION('center_axis',(0.484061385167257,0.,0.875034042417755));
#2315=DIRECTION('ref_axis',(0.875034042417755,0.,-0.484061385167257));
#2316=DIRECTION('',(0.875034042417755,0.,-0.484061385167257));
#2317=DIRECTION('',(0.,1.,0.));
#2318=DIRECTION('center_axis',(0.,1.,0.));
#2319=DIRECTION('ref_axis',(1.,0.,0.));
#2320=DIRECTION('',(0.,0.,1.));
#2321=DIRECTION('center_axis',(0.,0.,1.));
#2322=DIRECTION('ref_axis',(-1.,0.,0.));
#2323=DIRECTION('',(0.,-1.,0.));
#2324=DIRECTION('',(-1.,0.,0.));
#2325=DIRECTION('',(0.,-1.,0.));
#2326=DIRECTION('center_axis',(-1.,0.,0.));
#2327=DIRECTION('ref_axis',(0.,0.,-1.));
#2328=DIRECTION('',(0.,-1.,0.));
#2329=DIRECTION('',(0.,0.,-1.));
#2330=DIRECTION('',(0.,1.,0.));
#2331=DIRECTION('',(0.,1.,0.));
#2332=DIRECTION('',(0.,1.,0.));
#2333=DIRECTION('center_axis',(0.,-1.,0.));
#2334=DIRECTION('ref_axis',(1.,0.,0.));
#2335=DIRECTION('',(0.,1.,0.));
#2336=DIRECTION('',(0.,1.,0.));
#2337=DIRECTION('',(0.,1.,0.));
#2338=DIRECTION('center_axis',(0.,-1.,0.));
#2339=DIRECTION('ref_axis',(1.,0.,0.));
#2340=DIRECTION('',(0.,-1.,0.));
#2341=DIRECTION('',(0.,-1.,0.));
#2342=DIRECTION('',(0.,-1.,0.));
#2343=DIRECTION('center_axis',(0.,1.,0.));
#2344=DIRECTION('ref_axis',(-1.,0.,0.));
#2345=DIRECTION('',(0.,-1.,0.));
#2346=DIRECTION('',(0.,-1.,0.));
#2347=DIRECTION('',(0.,-1.,0.));
#2348=DIRECTION('center_axis',(0.,1.,0.));
#2349=DIRECTION('ref_axis',(-1.,0.,0.));
#2350=DIRECTION('',(0.,-1.,0.));
#2351=DIRECTION('',(0.,-1.,0.));
#2352=DIRECTION('center_axis',(0.,1.,0.));
#2353=DIRECTION('ref_axis',(-1.,0.,0.));
#2354=DIRECTION('center_axis',(0.,1.,0.));
#2355=DIRECTION('ref_axis',(1.,0.,0.));
#2356=DIRECTION('',(0.,0.,-1.));
#2357=DIRECTION('',(0.687199853876075,0.,0.726468416954723));
#2358=DIRECTION('',(0.,0.,-1.));
#2359=DIRECTION('center_axis',(0.,-1.,0.));
#2360=DIRECTION('ref_axis',(0.,0.,-1.));
#2361=DIRECTION('',(1.,0.,0.));
#2362=DIRECTION('center_axis',(0.,-1.,0.));
#2363=DIRECTION('ref_axis',(1.,0.,0.));
#2364=DIRECTION('',(0.,0.,1.));
#2365=DIRECTION('center_axis',(0.,-1.,0.));
#2366=DIRECTION('ref_axis',(0.,0.,1.));
#2367=DIRECTION('',(-1.,0.,0.));
#2368=DIRECTION('center_axis',(0.,-1.,0.));
#2369=DIRECTION('ref_axis',(-1.,0.,0.));
#2370=DIRECTION('',(0.,0.,-1.));
#2371=DIRECTION('center_axis',(0.,-1.,0.));
#2372=DIRECTION('ref_axis',(0.,0.,-1.));
#2373=DIRECTION('',(1.,0.,0.));
#2374=DIRECTION('center_axis',(0.,-1.,0.));
#2375=DIRECTION('ref_axis',(1.,0.,0.));
#2376=DIRECTION('',(0.,0.,1.));
#2377=DIRECTION('center_axis',(0.,-1.,0.));
#2378=DIRECTION('ref_axis',(0.,0.,1.));
#2379=DIRECTION('',(-1.,0.,0.));
#2380=DIRECTION('center_axis',(0.,-1.,0.));
#2381=DIRECTION('ref_axis',(-1.,0.,0.));
#2382=DIRECTION('',(1.,0.,0.));
#2383=DIRECTION('',(0.,0.,1.));
#2384=DIRECTION('',(1.,0.,0.));
#2385=DIRECTION('',(0.,0.,1.));
#2386=DIRECTION('',(0.,0.,-1.));
#2387=DIRECTION('',(1.,0.,0.));
#2388=DIRECTION('',(0.,0.,1.));
#2389=DIRECTION('',(-1.,0.,0.));
#2390=DIRECTION('',(0.,1.,0.));
#2391=DIRECTION('center_axis',(0.,1.,0.));
#2392=DIRECTION('ref_axis',(-1.,0.,0.));
#2393=DIRECTION('',(0.,1.,0.));
#2394=DIRECTION('',(0.,-1.,0.));
#2395=DIRECTION('',(0.,-1.,0.));
#2396=DIRECTION('center_axis',(0.,1.,0.));
#2397=DIRECTION('ref_axis',(-1.,0.,0.));
#2398=DIRECTION('',(0.,1.,0.));
#2399=DIRECTION('center_axis',(0.,1.,0.));
#2400=DIRECTION('ref_axis',(-1.,0.,0.));
#2401=DIRECTION('center_axis',(0.,1.,0.));
#2402=DIRECTION('ref_axis',(-1.,0.,0.));
#2403=DIRECTION('center_axis',(0.,1.,0.));
#2404=DIRECTION('ref_axis',(-1.,0.,0.));
#2405=DIRECTION('',(0.,1.,0.));
#2406=DIRECTION('center_axis',(0.,1.,0.));
#2407=DIRECTION('ref_axis',(-1.,0.,0.));
#2408=DIRECTION('center_axis',(0.,1.,0.));
#2409=DIRECTION('ref_axis',(-1.,0.,0.));
#2410=DIRECTION('center_axis',(0.,1.,0.));
#2411=DIRECTION('ref_axis',(-1.,0.,0.));
#2412=DIRECTION('',(0.,1.,0.));
#2413=DIRECTION('center_axis',(0.,1.,0.));
#2414=DIRECTION('ref_axis',(-1.,0.,0.));
#2415=DIRECTION('center_axis',(0.,1.,0.));
#2416=DIRECTION('ref_axis',(-1.,0.,0.));
#2417=DIRECTION('center_axis',(0.,1.,0.));
#2418=DIRECTION('ref_axis',(-1.,0.,0.));
#2419=DIRECTION('',(0.,1.,0.));
#2420=DIRECTION('center_axis',(0.,1.,0.));
#2421=DIRECTION('ref_axis',(-1.,0.,0.));
#2422=DIRECTION('center_axis',(0.,1.,0.));
#2423=DIRECTION('ref_axis',(-1.,0.,0.));
#2424=DIRECTION('center_axis',(-1.,0.,0.));
#2425=DIRECTION('ref_axis',(0.,0.,1.));
#2426=DIRECTION('',(0.,0.,1.));
#2427=DIRECTION('',(0.,1.,0.));
#2428=DIRECTION('',(0.,1.,0.));
#2429=DIRECTION('center_axis',(0.,0.,-1.));
#2430=DIRECTION('ref_axis',(-1.,0.,0.));
#2431=DIRECTION('',(-1.,0.,0.));
#2432=DIRECTION('',(0.,1.,0.));
#2433=DIRECTION('center_axis',(1.,0.,0.));
#2434=DIRECTION('ref_axis',(0.,0.,-1.));
#2435=DIRECTION('',(0.,0.,-1.));
#2436=DIRECTION('',(0.,1.,0.));
#2437=DIRECTION('center_axis',(0.,0.,1.));
#2438=DIRECTION('ref_axis',(1.,0.,0.));
#2439=DIRECTION('',(1.,0.,0.));
#2440=DIRECTION('center_axis',(0.,0.,-1.));
#2441=DIRECTION('ref_axis',(1.,0.,0.));
#2442=DIRECTION('',(0.,-1.,0.));
#2443=DIRECTION('center_axis',(1.,0.,0.));
#2444=DIRECTION('ref_axis',(0.,0.,1.));
#2445=DIRECTION('center_axis',(0.,0.,-1.));
#2446=DIRECTION('ref_axis',(1.,0.,0.));
#2447=DIRECTION('',(0.,-1.,0.));
#2448=DIRECTION('center_axis',(1.,0.,0.));
#2449=DIRECTION('ref_axis',(0.,0.,1.));
#2450=DIRECTION('center_axis',(-1.,0.,0.));
#2451=DIRECTION('ref_axis',(0.,-1.66533453693773E-16,-1.));
#2452=DIRECTION('',(0.,-1.,0.));
#2453=DIRECTION('',(0.,0.,1.));
#2454=DIRECTION('',(0.,-1.,0.));
#2455=DIRECTION('center_axis',(0.,-1.,0.));
#2456=DIRECTION('ref_axis',(-1.,0.,0.));
#2457=DIRECTION('',(0.,-1.,0.));
#2458=DIRECTION('center_axis',(0.,1.,0.));
#2459=DIRECTION('ref_axis',(-1.,0.,0.));
#2460=DIRECTION('center_axis',(0.,0.,1.));
#2461=DIRECTION('ref_axis',(-1.,0.,0.));
#2462=DIRECTION('',(0.,-1.,0.));
#2463=DIRECTION('',(1.,0.,0.));
#2464=DIRECTION('center_axis',(0.,-1.,0.));
#2465=DIRECTION('ref_axis',(0.,0.,1.));
#2466=DIRECTION('',(0.,-1.,0.));
#2467=DIRECTION('center_axis',(0.,1.,0.));
#2468=DIRECTION('ref_axis',(0.,0.,1.));
#2469=DIRECTION('center_axis',(1.,0.,0.));
#2470=DIRECTION('ref_axis',(0.,1.66533453693773E-16,1.));
#2471=DIRECTION('',(0.,0.,-1.));
#2472=DIRECTION('',(0.,-1.,0.));
#2473=DIRECTION('center_axis',(0.,-1.,0.));
#2474=DIRECTION('ref_axis',(1.,0.,0.));
#2475=DIRECTION('',(0.,-1.,0.));
#2476=DIRECTION('center_axis',(0.,0.,-1.));
#2477=DIRECTION('ref_axis',(1.,0.,0.));
#2478=DIRECTION('',(0.,-1.,0.));
#2479=DIRECTION('',(-1.,0.,0.));
#2480=DIRECTION('center_axis',(0.,-1.,0.));
#2481=DIRECTION('ref_axis',(0.,0.,-1.));
#2482=DIRECTION('center_axis',(0.,1.,0.));
#2483=DIRECTION('ref_axis',(0.,0.,-1.));
#2484=DIRECTION('center_axis',(-1.,0.,0.));
#2485=DIRECTION('ref_axis',(0.,0.,-1.));
#2486=DIRECTION('',(0.,-1.,0.));
#2487=DIRECTION('',(0.,0.,1.));
#2488=DIRECTION('',(0.,-1.,0.));
#2489=DIRECTION('center_axis',(0.,-1.,0.));
#2490=DIRECTION('ref_axis',(-1.,0.,0.));
#2491=DIRECTION('',(0.,-1.,0.));
#2492=DIRECTION('center_axis',(0.,1.,0.));
#2493=DIRECTION('ref_axis',(-1.,0.,0.));
#2494=DIRECTION('center_axis',(0.,0.,1.));
#2495=DIRECTION('ref_axis',(-1.,0.,0.));
#2496=DIRECTION('',(1.,0.,0.));
#2497=DIRECTION('',(0.,-1.,0.));
#2498=DIRECTION('center_axis',(0.,-1.,0.));
#2499=DIRECTION('ref_axis',(0.,0.,1.));
#2500=DIRECTION('',(0.,-1.,0.));
#2501=DIRECTION('center_axis',(1.,0.,0.));
#2502=DIRECTION('ref_axis',(0.,0.,1.));
#2503=DIRECTION('',(0.,-1.,0.));
#2504=DIRECTION('',(0.,0.,-1.));
#2505=DIRECTION('center_axis',(0.,-1.,0.));
#2506=DIRECTION('ref_axis',(1.,0.,0.));
#2507=DIRECTION('',(0.,-1.,0.));
#2508=DIRECTION('center_axis',(0.,1.,0.));
#2509=DIRECTION('ref_axis',(1.,0.,0.));
#2510=DIRECTION('center_axis',(0.,0.,-1.));
#2511=DIRECTION('ref_axis',(1.,0.,0.));
#2512=DIRECTION('',(0.,-1.,0.));
#2513=DIRECTION('',(-1.,0.,0.));
#2514=DIRECTION('center_axis',(0.,-1.,0.));
#2515=DIRECTION('ref_axis',(0.,0.,-1.));
#2516=DIRECTION('center_axis',(0.,1.,0.));
#2517=DIRECTION('ref_axis',(0.,0.,-1.));
#2518=DIRECTION('',(0.,1.,0.));
#2519=DIRECTION('',(0.,1.,0.));
#2520=DIRECTION('',(0.,1.,0.));
#2521=DIRECTION('',(0.,1.,0.));
#2522=DIRECTION('',(0.,1.,0.));
#2523=DIRECTION('',(0.,1.,0.));
#2524=DIRECTION('center_axis',(-1.,0.,0.));
#2525=DIRECTION('ref_axis',(0.,0.,1.));
#2526=DIRECTION('',(0.,1.,0.));
#2527=DIRECTION('',(0.,0.,1.));
#2528=DIRECTION('center_axis',(-0.70710678118654,0.,-0.707106781186555));
#2529=DIRECTION('ref_axis',(-0.707106781186555,0.,0.70710678118654));
#2530=DIRECTION('',(0.,1.,0.));
#2531=DIRECTION('',(-0.707106781186555,0.,0.70710678118654));
#2532=DIRECTION('',(0.,1.,0.));
#2533=DIRECTION('center_axis',(-0.999261174631315,0.,0.0384331221011932));
#2534=DIRECTION('ref_axis',(0.0384331221011932,0.,0.999261174631315));
#2535=DIRECTION('',(0.,1.,0.));
#2536=DIRECTION('',(0.0384331221011932,0.,0.999261174631315));
#2537=DIRECTION('center_axis',(-0.447213595499967,0.,0.894427190999911));
#2538=DIRECTION('ref_axis',(0.894427190999911,0.,0.447213595499967));
#2539=DIRECTION('',(0.894427190999911,0.,0.447213595499967));
#2540=DIRECTION('center_axis',(-0.56468391559198,0.,-0.825307261249839));
#2541=DIRECTION('ref_axis',(-0.825307261249839,0.,0.56468391559198));
#2542=DIRECTION('',(0.,1.,0.));
#2543=DIRECTION('',(-0.825307261249839,0.,0.56468391559198));
#2544=DIRECTION('center_axis',(-1.,0.,-1.09716157727662E-14));
#2545=DIRECTION('ref_axis',(-1.09716157727662E-14,0.,1.));
#2546=DIRECTION('',(0.,1.,0.));
#2547=DIRECTION('',(-1.09716157727662E-14,0.,1.));
#2548=DIRECTION('center_axis',(-0.726468416954723,0.,0.687199853876075));
#2549=DIRECTION('ref_axis',(0.687199853876075,0.,0.726468416954723));
#2550=DIRECTION('',(0.,1.,0.));
#2551=DIRECTION('',(0.687199853876075,0.,0.726468416954723));
#2552=DIRECTION('center_axis',(-0.00217305416929618,0.,0.999997638915001));
#2553=DIRECTION('ref_axis',(0.999997638915001,0.,0.00217305416929618));
#2554=DIRECTION('',(0.999997638915001,0.,0.00217305416929618));
#2555=DIRECTION('',(0.,1.,0.));
#2556=DIRECTION('center_axis',(0.914917801572927,0.,0.403640206576305));
#2557=DIRECTION('ref_axis',(0.403640206576305,0.,-0.914917801572927));
#2558=DIRECTION('',(0.403640206576305,0.,-0.914917801572927));
#2559=DIRECTION('',(0.,1.,0.));
#2560=DIRECTION('center_axis',(1.,0.,0.));
#2561=DIRECTION('ref_axis',(0.,0.,-1.));
#2562=DIRECTION('',(0.,0.,-1.));
#2563=DIRECTION('',(0.,1.,0.));
#2564=DIRECTION('center_axis',(0.926466577122314,0.,-0.376377046955928));
#2565=DIRECTION('ref_axis',(-0.376377046955928,0.,-0.926466577122313));
#2566=DIRECTION('',(-0.376377046955928,0.,-0.926466577122313));
#2567=DIRECTION('',(0.,1.,0.));
#2568=DIRECTION('center_axis',(0.141421356237321,0.,-0.989949493661165));
#2569=DIRECTION('ref_axis',(-0.989949493661165,0.,-0.141421356237321));
#2570=DIRECTION('',(-0.989949493661165,0.,-0.141421356237321));
#2571=DIRECTION('',(0.,1.,0.));
#2572=DIRECTION('center_axis',(1.,0.,0.));
#2573=DIRECTION('ref_axis',(0.,0.,-1.));
#2574=DIRECTION('',(0.,1.,0.));
#2575=DIRECTION('',(0.,1.,0.));
#2576=DIRECTION('center_axis',(-0.726468416954723,0.,0.687199853876075));
#2577=DIRECTION('ref_axis',(0.687199853876075,0.,0.726468416954723));
#2578=DIRECTION('',(0.687199853876075,0.,0.726468416954723));
#2579=DIRECTION('',(0.,1.,0.));
#2580=DIRECTION('',(0.,1.,0.));
#2581=DIRECTION('',(0.,1.,0.));
#2582=DIRECTION('',(0.,1.,0.));
#2583=DIRECTION('',(0.,1.,0.));
#2584=DIRECTION('',(0.,1.,0.));
#2585=DIRECTION('center_axis',(0.,1.,0.));
#2586=DIRECTION('ref_axis',(1.,0.,0.));
#2587=CARTESIAN_POINT('',(0.,0.,0.));
#2588=CARTESIAN_POINT('Ctrl Pts',(25.7559273320896,13.,-2.83945731947792));
#2589=CARTESIAN_POINT('Ctrl Pts',(25.7559273320896,23.,-2.83945731947792));
#2590=CARTESIAN_POINT('Ctrl Pts',(25.7489617315344,13.,-2.94498379286902));
#2591=CARTESIAN_POINT('Ctrl Pts',(25.7489617315344,23.,-2.94498379286902));
#2592=CARTESIAN_POINT('Ctrl Pts',(25.7292693881428,13.,-3.17052778251671));
#2593=CARTESIAN_POINT('Ctrl Pts',(25.7292693881428,23.,-3.17052778251671));
#2594=CARTESIAN_POINT('Ctrl Pts',(25.6824470112662,13.,-3.5523133211853));
#2595=CARTESIAN_POINT('Ctrl Pts',(25.6824470112662,23.,-3.5523133211853));
#2596=CARTESIAN_POINT('Ctrl Pts',(25.5852020292579,13.,-4.14896298783093));
#2597=CARTESIAN_POINT('Ctrl Pts',(25.5852020292579,23.,-4.14896298783093));
#2598=CARTESIAN_POINT('Ctrl Pts',(25.4031211530658,13.,-5.04193464838292));
#2599=CARTESIAN_POINT('Ctrl Pts',(25.4031211530658,23.,-5.04193464838292));
#2600=CARTESIAN_POINT('Ctrl Pts',(25.1557284591429,13.,-6.07936792793886));
#2601=CARTESIAN_POINT('Ctrl Pts',(25.1557284591429,23.,-6.07936792793886));
#2602=CARTESIAN_POINT('Ctrl Pts',(24.8353727304912,13.,-7.24924350148408));
#2603=CARTESIAN_POINT('Ctrl Pts',(24.8353727304912,23.,-7.24924350148408));
#2604=CARTESIAN_POINT('Ctrl Pts',(24.4321870933918,13.,-8.53122347485732));
#2605=CARTESIAN_POINT('Ctrl Pts',(24.4321870933918,23.,-8.53122347485732));
#2606=CARTESIAN_POINT('Ctrl Pts',(23.9354308998217,13.,-9.90103813051754));
#2607=CARTESIAN_POINT('Ctrl Pts',(23.9354308998217,23.,-9.90103813051754));
#2608=CARTESIAN_POINT('Ctrl Pts',(23.3349642271817,13.,-11.3334247720467));
#2609=CARTESIAN_POINT('Ctrl Pts',(23.3349642271817,23.,-11.3334247720467));
#2610=CARTESIAN_POINT('Ctrl Pts',(22.62272712984,13.,-12.8050430918804));
#2611=CARTESIAN_POINT('Ctrl Pts',(22.62272712984,23.,-12.8050430918804));
#2612=CARTESIAN_POINT('Ctrl Pts',(21.7952689275525,13.,-14.2977655274579));
#2613=CARTESIAN_POINT('Ctrl Pts',(21.7952689275525,23.,-14.2977655274579));
#2614=CARTESIAN_POINT('Ctrl Pts',(20.8535970642158,13.,-15.7993149046887));
#2615=CARTESIAN_POINT('Ctrl Pts',(20.8535970642158,23.,-15.7993149046887));
#2616=CARTESIAN_POINT('Ctrl Pts',(19.9542342467697,13.,-17.0828761981297));
#2617=CARTESIAN_POINT('Ctrl Pts',(19.9542342467697,23.,-17.0828761981297));
#2618=CARTESIAN_POINT('Ctrl Pts',(19.2082232812419,13.,-18.0639714335917));
#2619=CARTESIAN_POINT('Ctrl Pts',(19.2082232812419,23.,-18.0639714335917));
#2620=CARTESIAN_POINT('Ctrl Pts',(18.6634230359337,13.,-18.7438194997831));
#2621=CARTESIAN_POINT('Ctrl Pts',(18.6634230359337,23.,-18.7438194997831));
#2622=CARTESIAN_POINT('Ctrl Pts',(18.3501480098059,13.,-19.1239339600071));
#2623=CARTESIAN_POINT('Ctrl Pts',(18.3501480098059,23.,-19.1239339600071));
#2624=CARTESIAN_POINT('Ctrl Pts',(18.282828842138,13.,-19.2051362251814));
#2625=CARTESIAN_POINT('Ctrl Pts',(18.282828842138,23.,-19.2051362251814));
#2626=CARTESIAN_POINT('',(23.0000003427267,13.,-12.0000001788139));
#2627=CARTESIAN_POINT('',(23.0000003427269,17.,-12.0000001788136));
#2628=CARTESIAN_POINT('',(23.0000003427267,2.,-12.0000001788139));
#2629=CARTESIAN_POINT('',(25.3028937457461,17.,-5.4431987792877));
#2630=CARTESIAN_POINT('Ctrl Pts',(25.3028937457457,17.,-5.4431987792894));
#2631=CARTESIAN_POINT('Ctrl Pts',(25.2683264216345,17.,-5.58966208736428));
#2632=CARTESIAN_POINT('Ctrl Pts',(25.2316350901214,17.,-5.74047437118618));
#2633=CARTESIAN_POINT('Ctrl Pts',(25.1927150844805,17.,-5.89546567557071));
#2634=CARTESIAN_POINT('Ctrl Pts',(25.1528223323429,17.,-6.0543307524755));
#2635=CARTESIAN_POINT('Ctrl Pts',(25.1105880410402,17.,-6.21758634395758));
#2636=CARTESIAN_POINT('Ctrl Pts',(25.0658846821002,17.,-6.38499562233928));
#2637=CARTESIAN_POINT('Ctrl Pts',(25.0182233071988,17.,-6.56348235282492));
#2638=CARTESIAN_POINT('Ctrl Pts',(24.9677551409511,17.,-6.7466902393721));
#2639=CARTESIAN_POINT('Ctrl Pts',(24.9143105676805,17.,-6.93427442294151));
#2640=CARTESIAN_POINT('Ctrl Pts',(24.8523468310275,17.,-7.15175987075553));
#2641=CARTESIAN_POINT('Ctrl Pts',(24.7863819657296,17.,-7.37512771599949));
#2642=CARTESIAN_POINT('Ctrl Pts',(24.7161345550259,17.,-7.60376951364879));
#2643=CARTESIAN_POINT('Ctrl Pts',(24.6353487086041,17.,-7.86671189067669));
#2644=CARTESIAN_POINT('Ctrl Pts',(24.5488979300515,17.,-8.13662823504747));
#2645=CARTESIAN_POINT('Ctrl Pts',(24.4563432302001,17.,-8.4125173059663));
#2646=CARTESIAN_POINT('Ctrl Pts',(24.3570290717365,17.,-8.70855511875791));
#2647=CARTESIAN_POINT('Ctrl Pts',(24.2506846129365,17.,-9.0114662629494));
#2648=CARTESIAN_POINT('Ctrl Pts',(24.1367830653755,17.,-9.3199711900339));
#2649=CARTESIAN_POINT('Ctrl Pts',(24.0415090741575,17.,-9.57802295792632));
#2650=CARTESIAN_POINT('Ctrl Pts',(23.9409472521337,17.,-9.83998636774553));
#2651=CARTESIAN_POINT('Ctrl Pts',(23.8348153269431,17.,-10.1051232109048));
#2652=CARTESIAN_POINT('Ctrl Pts',(23.7396369960586,17.,-10.3428959842014));
#2653=CARTESIAN_POINT('Ctrl Pts',(23.6399785237719,17.,-10.583220062546));
#2654=CARTESIAN_POINT('Ctrl Pts',(23.5356643880155,17.,-10.8255900130476));
#2655=CARTESIAN_POINT('Ctrl Pts',(23.440247929127,17.,-11.0472865477515));
#2656=CARTESIAN_POINT('Ctrl Pts',(23.3409359330275,17.,-11.2706944297816));
#2657=CARTESIAN_POINT('Ctrl Pts',(23.2376236356689,17.,-11.4954589926277));
#2658=CARTESIAN_POINT('Ctrl Pts',(23.1606463054949,17.,-11.6629296268889));
#2659=CARTESIAN_POINT('Ctrl Pts',(23.0814488072692,17.,-11.8311541350668));
#2660=CARTESIAN_POINT('Ctrl Pts',(23.0000003427269,17.,-12.0000001788136));
#2661=CARTESIAN_POINT('',(25.3028937457461,13.,-5.44319877928769));
#2662=CARTESIAN_POINT('',(25.3028937457461,2.,-5.44319877928769));
#2663=CARTESIAN_POINT('Ctrl Pts',(25.3028937457461,13.,-5.44319877928769));
#2664=CARTESIAN_POINT('Ctrl Pts',(25.2683264216349,13.,-5.58966208736254));
#2665=CARTESIAN_POINT('Ctrl Pts',(25.2316350901219,13.,-5.7404743711844));
#2666=CARTESIAN_POINT('Ctrl Pts',(25.1927150844809,13.,-5.89546567556891));
#2667=CARTESIAN_POINT('Ctrl Pts',(25.1528223323434,13.,-6.05433075247354));
#2668=CARTESIAN_POINT('Ctrl Pts',(25.1105880410408,13.,-6.21758634395546));
#2669=CARTESIAN_POINT('Ctrl Pts',(25.0658846821008,13.,-6.38499562233699));
#2670=CARTESIAN_POINT('Ctrl Pts',(25.0182233071995,13.,-6.56348235282236));
#2671=CARTESIAN_POINT('Ctrl Pts',(24.9677551409519,13.,-6.74669023936925));
#2672=CARTESIAN_POINT('Ctrl Pts',(24.9143105676814,13.,-6.93427442293837));
#2673=CARTESIAN_POINT('Ctrl Pts',(24.8523468310285,13.,-7.15175987075228));
#2674=CARTESIAN_POINT('Ctrl Pts',(24.7863819657306,13.,-7.37512771599613));
#2675=CARTESIAN_POINT('Ctrl Pts',(24.716134555027,13.,-7.60376951364532));
#2676=CARTESIAN_POINT('Ctrl Pts',(24.6353487086053,13.,-7.86671189067308));
#2677=CARTESIAN_POINT('Ctrl Pts',(24.5488979300527,13.,-8.13662823504374));
#2678=CARTESIAN_POINT('Ctrl Pts',(24.4563432302014,13.,-8.41251730596245));
#2679=CARTESIAN_POINT('Ctrl Pts',(24.3570290717378,13.,-8.70855511875429));
#2680=CARTESIAN_POINT('Ctrl Pts',(24.2506846129377,13.,-9.01146626294605));
#2681=CARTESIAN_POINT('Ctrl Pts',(24.1367830653767,13.,-9.31997119003083));
#2682=CARTESIAN_POINT('Ctrl Pts',(24.0415090741586,13.,-9.57802295792337));
#2683=CARTESIAN_POINT('Ctrl Pts',(23.9409472521348,13.,-9.83998636774271));
#2684=CARTESIAN_POINT('Ctrl Pts',(23.8348153269441,13.,-10.1051232109022));
#2685=CARTESIAN_POINT('Ctrl Pts',(23.7396369960597,13.,-10.3428959841987));
#2686=CARTESIAN_POINT('Ctrl Pts',(23.6399785237731,13.,-10.5832200625432));
#2687=CARTESIAN_POINT('Ctrl Pts',(23.5356643880167,13.,-10.8255900130448));
#2688=CARTESIAN_POINT('Ctrl Pts',(23.4402479291283,13.,-11.0472865477488));
#2689=CARTESIAN_POINT('Ctrl Pts',(23.3409359330287,13.,-11.2706944297789));
#2690=CARTESIAN_POINT('Ctrl Pts',(23.2376236356701,13.,-11.495458992625));
#2691=CARTESIAN_POINT('Ctrl Pts',(23.1606463054957,13.,-11.6629296268873));
#2692=CARTESIAN_POINT('Ctrl Pts',(23.0814488072695,13.,-11.8311541350662));
#2693=CARTESIAN_POINT('Ctrl Pts',(23.0000003427267,13.,-12.0000001788139));
#2694=CARTESIAN_POINT('Ctrl Pts',(41.3458130974312,12.9999999999986,-10.9849516880246));
#2695=CARTESIAN_POINT('Ctrl Pts',(41.3458130974312,18.,-10.9849516880246));
#2696=CARTESIAN_POINT('Ctrl Pts',(41.2571672620366,12.9999999999986,-11.0212801831766));
#2697=CARTESIAN_POINT('Ctrl Pts',(41.2571672620366,18.,-11.0212801831766));
#2698=CARTESIAN_POINT('Ctrl Pts',(41.0605513263768,12.9999999999986,-11.0830313703314));
#2699=CARTESIAN_POINT('Ctrl Pts',(41.0605513263768,18.,-11.0830313703314));
#2700=CARTESIAN_POINT('Ctrl Pts',(40.7076539076519,12.9999999999986,-11.142940488851));
#2701=CARTESIAN_POINT('Ctrl Pts',(40.7076539076519,18.,-11.142940488851));
#2702=CARTESIAN_POINT('Ctrl Pts',(40.1203401573482,12.9999999999986,-11.156910445149));
#2703=CARTESIAN_POINT('Ctrl Pts',(40.1203401573482,18.,-11.156910445149));
#2704=CARTESIAN_POINT('Ctrl Pts',(39.1903140405706,12.9999999999986,-11.0629795289095));
#2705=CARTESIAN_POINT('Ctrl Pts',(39.1903140405706,18.,-11.0629795289095));
#2706=CARTESIAN_POINT('Ctrl Pts',(38.0697951648749,12.9999999999986,-10.8581255868056));
#2707=CARTESIAN_POINT('Ctrl Pts',(38.0697951648749,18.,-10.8581255868056));
#2708=CARTESIAN_POINT('Ctrl Pts',(36.7767206563009,12.9999999999986,-10.5473188165857));
#2709=CARTESIAN_POINT('Ctrl Pts',(36.7767206563009,18.,-10.5473188165857));
#2710=CARTESIAN_POINT('Ctrl Pts',(35.3494872111237,12.9999999999986,-10.1434159309658));
#2711=CARTESIAN_POINT('Ctrl Pts',(35.3494872111237,18.,-10.1434159309658));
#2712=CARTESIAN_POINT('Ctrl Pts',(33.8412325142184,12.9999999999986,-9.6648909683395));
#2713=CARTESIAN_POINT('Ctrl Pts',(33.8412325142184,18.,-9.6648909683395));
#2714=CARTESIAN_POINT('Ctrl Pts',(32.3130452978688,12.9999999999986,-9.13320516476966));
#2715=CARTESIAN_POINT('Ctrl Pts',(32.3130452978688,18.,-9.13320516476966));
#2716=CARTESIAN_POINT('Ctrl Pts',(30.8282984370596,12.9999999999986,-8.57071859706461));
#2717=CARTESIAN_POINT('Ctrl Pts',(30.8282984370596,18.,-8.57071859706461));
#2718=CARTESIAN_POINT('Ctrl Pts',(29.4464464711058,12.9999999999986,-7.9985389082016));
#2719=CARTESIAN_POINT('Ctrl Pts',(29.4464464711058,18.,-7.9985389082016));
#2720=CARTESIAN_POINT('Ctrl Pts',(28.2176386240744,12.9999999999986,-7.43471997636299));
#2721=CARTESIAN_POINT('Ctrl Pts',(28.2176386240744,18.,-7.43471997636299));
#2722=CARTESIAN_POINT('Ctrl Pts',(27.1746510222193,12.9999999999986,-6.89178007097171));
#2723=CARTESIAN_POINT('Ctrl Pts',(27.1746510222193,18.,-6.89178007097171));
#2724=CARTESIAN_POINT('Ctrl Pts',(26.3314858471293,12.9999999999986,-6.37619161736919));
#2725=CARTESIAN_POINT('Ctrl Pts',(26.3314858471293,18.,-6.37619161736919));
#2726=CARTESIAN_POINT('Ctrl Pts',(25.8196090976272,12.9999999999986,-5.98778384841698));
#2727=CARTESIAN_POINT('Ctrl Pts',(25.8196090976272,18.,-5.98778384841698));
#2728=CARTESIAN_POINT('Ctrl Pts',(25.5262770747773,12.9999999999986,-5.71019426179319));
#2729=CARTESIAN_POINT('Ctrl Pts',(25.5262770747773,18.,-5.71019426179319));
#2730=CARTESIAN_POINT('Ctrl Pts',(25.3706932625749,12.9999999999986,-5.53118836904626));
#2731=CARTESIAN_POINT('Ctrl Pts',(25.3706932625749,18.,-5.53118836904626));
#2732=CARTESIAN_POINT('Ctrl Pts',(25.3028937457461,12.9999999999986,-5.44319877928769));
#2733=CARTESIAN_POINT('Ctrl Pts',(25.3028937457461,18.,-5.44319877928769));
#2734=CARTESIAN_POINT('Ctrl Pts',(21.9095446956842,12.9999999999986,-1.03934157221512));
#2735=CARTESIAN_POINT('Ctrl Pts',(21.9095446956842,18.,-1.03934157221512));
#2736=CARTESIAN_POINT('Ctrl Pts',(18.5161956456223,12.9999999999986,3.36451563485746));
#2737=CARTESIAN_POINT('Ctrl Pts',(18.5161956456223,18.,3.36451563485746));
#2738=CARTESIAN_POINT('Ctrl Pts',(15.1228465955604,12.9999999999986,7.76837284193005));
#2739=CARTESIAN_POINT('Ctrl Pts',(15.1228465955604,18.,7.76837284193005));
#2740=CARTESIAN_POINT('Ctrl Pts',(11.7294975454985,12.9999999999986,12.1722300490026));
#2741=CARTESIAN_POINT('Ctrl Pts',(11.7294975454985,18.,12.1722300490026));
#2742=CARTESIAN_POINT('Ctrl Pts',(8.33614849543661,12.9999999999986,16.5760872560752));
#2743=CARTESIAN_POINT('Ctrl Pts',(8.33614849543661,18.,16.5760872560752));
#2744=CARTESIAN_POINT('',(25.3028937457461,18.,-5.44319877928769));
#2745=CARTESIAN_POINT('Ctrl Pts',(25.3028937457461,18.,-5.4431987792877));
#2746=CARTESIAN_POINT('Ctrl Pts',(25.3028937457461,17.6666666666667,-5.4431987792877));
#2747=CARTESIAN_POINT('Ctrl Pts',(25.3028937457461,17.3333333333333,-5.4431987792877));
#2748=CARTESIAN_POINT('Ctrl Pts',(25.3028937457461,17.,-5.4431987792877));
#2749=CARTESIAN_POINT('',(41.3458130974312,18.,-10.9849516880246));
#2750=CARTESIAN_POINT('Ctrl Pts',(41.3458130974312,18.,-10.9849516880246));
#2751=CARTESIAN_POINT('Ctrl Pts',(41.2571672620366,18.,-11.0212801831766));
#2752=CARTESIAN_POINT('Ctrl Pts',(41.0605513263768,18.,-11.0830313703314));
#2753=CARTESIAN_POINT('Ctrl Pts',(40.7076539076519,18.,-11.142940488851));
#2754=CARTESIAN_POINT('Ctrl Pts',(40.1203401573482,18.,-11.156910445149));
#2755=CARTESIAN_POINT('Ctrl Pts',(39.1903140405706,18.,-11.0629795289095));
#2756=CARTESIAN_POINT('Ctrl Pts',(38.0697951648749,18.,-10.8581255868056));
#2757=CARTESIAN_POINT('Ctrl Pts',(36.7767206563009,18.,-10.5473188165857));
#2758=CARTESIAN_POINT('Ctrl Pts',(35.3494872111237,18.,-10.1434159309658));
#2759=CARTESIAN_POINT('Ctrl Pts',(33.8412325142184,18.,-9.6648909683395));
#2760=CARTESIAN_POINT('Ctrl Pts',(32.3130452978688,18.,-9.13320516476966));
#2761=CARTESIAN_POINT('Ctrl Pts',(30.8282984370596,18.,-8.57071859706461));
#2762=CARTESIAN_POINT('Ctrl Pts',(29.4464464711058,18.,-7.9985389082016));
#2763=CARTESIAN_POINT('Ctrl Pts',(28.2176386240744,18.,-7.43471997636299));
#2764=CARTESIAN_POINT('Ctrl Pts',(27.1746510222193,18.,-6.89178007097171));
#2765=CARTESIAN_POINT('Ctrl Pts',(26.3314858471293,18.,-6.37619161736919));
#2766=CARTESIAN_POINT('Ctrl Pts',(25.8196090976272,18.,-5.98778384841698));
#2767=CARTESIAN_POINT('Ctrl Pts',(25.5262770747773,18.,-5.71019426179319));
#2768=CARTESIAN_POINT('Ctrl Pts',(25.3706932625749,18.,-5.53118836904626));
#2769=CARTESIAN_POINT('Ctrl Pts',(25.3028937457461,18.,-5.44319877928769));
#2770=CARTESIAN_POINT('',(41.3458130974312,13.,-10.9849516880246));
#2771=CARTESIAN_POINT('',(41.3458130974312,15.,-10.9849516880246));
#2772=CARTESIAN_POINT('Ctrl Pts',(41.3458130974312,13.,-10.9849516880246));
#2773=CARTESIAN_POINT('Ctrl Pts',(41.2630549301589,13.,-11.0188673216825));
#2774=CARTESIAN_POINT('Ctrl Pts',(41.1701953927108,13.,-11.0470824337849));
#2775=CARTESIAN_POINT('Ctrl Pts',(41.0672069825364,13.,-11.0695803257148));
#2776=CARTESIAN_POINT('Ctrl Pts',(40.9304289723748,13.,-11.0994595799512));
#2777=CARTESIAN_POINT('Ctrl Pts',(40.7757787777564,13.,-11.1192532974455));
#2778=CARTESIAN_POINT('Ctrl Pts',(40.6031437122299,13.,-11.1288718271565));
#2779=CARTESIAN_POINT('Ctrl Pts',(40.4886004259999,13.,-11.1352537171766));
#2780=CARTESIAN_POINT('Ctrl Pts',(40.366138281635,13.,-11.1371548762148));
#2781=CARTESIAN_POINT('Ctrl Pts',(40.2357515140843,13.,-11.1345514831692));
#2782=CARTESIAN_POINT('Ctrl Pts',(40.1192901571525,13.,-11.1322261345743));
#2783=CARTESIAN_POINT('Ctrl Pts',(39.9965059355936,13.,-11.1263067066412));
#2784=CARTESIAN_POINT('Ctrl Pts',(39.8674306024602,13.,-11.1167862200991));
#2785=CARTESIAN_POINT('Ctrl Pts',(39.7472302295169,13.,-11.1079203430551));
#2786=CARTESIAN_POINT('Ctrl Pts',(39.6215737606506,13.,-11.0959313838318));
#2787=CARTESIAN_POINT('Ctrl Pts',(39.4905260843467,13.,-11.0808264049958));
#2788=CARTESIAN_POINT('Ctrl Pts',(39.3665735702374,13.,-11.0665392374924));
#2789=CARTESIAN_POINT('Ctrl Pts',(39.2377975817868,13.,-11.0494641993408));
#2790=CARTESIAN_POINT('Ctrl Pts',(39.1042937040027,13.,-11.0296213482721));
#2791=CARTESIAN_POINT('Ctrl Pts',(38.9757774387113,13.,-11.0105198123886));
#2792=CARTESIAN_POINT('Ctrl Pts',(38.8428796109521,13.,-10.9888532469089));
#2793=CARTESIAN_POINT('Ctrl Pts',(38.7057282658818,13.,-10.9646549735576));
#2794=CARTESIAN_POINT('Ctrl Pts',(38.572862900345,13.,-10.9412128962486));
#2795=CARTESIAN_POINT('Ctrl Pts',(38.4360053808759,13.,-10.9153947166171));
#2796=CARTESIAN_POINT('Ctrl Pts',(38.2953180661425,13.,-10.8872478600127));
#2797=CARTESIAN_POINT('Ctrl Pts',(38.1590272299945,13.,-10.8599805926771));
#2798=CARTESIAN_POINT('Ctrl Pts',(38.0191420000295,13.,-10.8305278099696));
#2799=CARTESIAN_POINT('Ctrl Pts',(37.8758577654628,13.,-10.7989508470997));
#2800=CARTESIAN_POINT('Ctrl Pts',(37.7297036174421,13.,-10.7667414130383));
#2801=CARTESIAN_POINT('Ctrl Pts',(37.5800130160516,13.,-10.7323218841069));
#2802=CARTESIAN_POINT('Ctrl Pts',(37.4270463317566,13.,-10.6957777523368));
#2803=CARTESIAN_POINT('Ctrl Pts',(37.2694620011337,13.,-10.6581304530591));
#2804=CARTESIAN_POINT('Ctrl Pts',(37.1084009621805,13.,-10.6182284066792));
#2805=CARTESIAN_POINT('Ctrl Pts',(36.9442015280266,13.,-10.5761856662088));
#2806=CARTESIAN_POINT('Ctrl Pts',(36.7736396109594,13.,-10.5325138323178));
#2807=CARTESIAN_POINT('Ctrl Pts',(36.599691535133,13.,-10.4865322626338));
#2808=CARTESIAN_POINT('Ctrl Pts',(36.4227912106251,13.,-10.4383896906347));
#2809=CARTESIAN_POINT('Ctrl Pts',(36.2365992027789,13.,-10.3877184317304));
#2810=CARTESIAN_POINT('Ctrl Pts',(36.0471369416402,13.,-10.3346533049196));
#2811=CARTESIAN_POINT('Ctrl Pts',(35.8549665973204,13.,-10.2793891178055));
#2812=CARTESIAN_POINT('Ctrl Pts',(35.6493384934224,13.,-10.2202547594322));
#2813=CARTESIAN_POINT('Ctrl Pts',(35.4406101175009,13.,-10.1586027100868));
#2814=CARTESIAN_POINT('Ctrl Pts',(35.2295279951283,13.,-10.0946935039589));
#2815=CARTESIAN_POINT('Ctrl Pts',(34.9993830616644,13.,-10.0250126620822));
#2816=CARTESIAN_POINT('Ctrl Pts',(34.7664405868662,13.,-9.95264876595454));
#2817=CARTESIAN_POINT('Ctrl Pts',(34.5317270492992,13.,-9.87796168202341));
#2818=CARTESIAN_POINT('Ctrl Pts',(34.2554703964794,13.,-9.79005536000395));
#2819=CARTESIAN_POINT('Ctrl Pts',(33.9767611216711,13.,-9.6989309828349));
#2820=CARTESIAN_POINT('Ctrl Pts',(33.6973417387144,13.,-9.60520150747443));
#2821=CARTESIAN_POINT('Ctrl Pts',(33.3501229248151,13.,-9.4887291392454));
#2822=CARTESIAN_POINT('Ctrl Pts',(33.0018136308859,13.,-9.36823608448623));
#2823=CARTESIAN_POINT('Ctrl Pts',(32.6558060533138,13.,-9.24491911478059));
#2824=CARTESIAN_POINT('Ctrl Pts',(32.4091629173731,13.,-9.15701559446951));
#2825=CARTESIAN_POINT('Ctrl Pts',(32.1636910002869,13.,-9.06767784478956));
#2826=CARTESIAN_POINT('Ctrl Pts',(31.9205937742972,13.,-8.97733184132323));
#2827=CARTESIAN_POINT('Ctrl Pts',(31.7003766765712,13.,-8.8954891358234));
#2828=CARTESIAN_POINT('Ctrl Pts',(31.4821088837184,13.,-8.81281924069406));
#2829=CARTESIAN_POINT('Ctrl Pts',(31.266648933732,13.,-8.72962714319166));
#2830=CARTESIAN_POINT('Ctrl Pts',(31.0664210723251,13.,-8.65231636794131));
#2831=CARTESIAN_POINT('Ctrl Pts',(30.868618396284,13.,-8.57455472373221));
#2832=CARTESIAN_POINT('Ctrl Pts',(30.6738912011722,13.,-8.49657432032032));
#2833=CARTESIAN_POINT('Ctrl Pts',(30.4913499250379,13.,-8.42347388694691));
#2834=CARTESIAN_POINT('Ctrl Pts',(30.3115116141611,13.,-8.35018132391038));
#2835=CARTESIAN_POINT('Ctrl Pts',(30.1348721690296,13.,-8.27687486668332));
#2836=CARTESIAN_POINT('Ctrl Pts',(29.9665269897967,13.,-8.20701058086868));
#2837=CARTESIAN_POINT('Ctrl Pts',(29.8010876278213,13.,-8.13713376539483));
#2838=CARTESIAN_POINT('Ctrl Pts',(29.6389410465128,13.,-8.06738508957842));
#2839=CARTESIAN_POINT('Ctrl Pts',(29.4803898168337,13.,-7.99918298362009));
#2840=CARTESIAN_POINT('Ctrl Pts',(29.3249872812939,13.,-7.93110349469337));
#2841=CARTESIAN_POINT('Ctrl Pts',(29.1730487634012,13.,-7.86326329910617));
#2842=CARTESIAN_POINT('Ctrl Pts',(29.0221763350153,13.,-7.79589911000932));
#2843=CARTESIAN_POINT('Ctrl Pts',(28.8747195239701,13.,-7.72877088488202));
#2844=CARTESIAN_POINT('Ctrl Pts',(28.7309384105295,13.,-7.66197731625285));
#2845=CARTESIAN_POINT('Ctrl Pts',(28.5879059992649,13.,-7.59553155749223));
#2846=CARTESIAN_POINT('Ctrl Pts',(28.4485111519935,13.,-7.52941699807252));
#2847=CARTESIAN_POINT('Ctrl Pts',(28.3129609387849,13.,-7.46371509084736));
#2848=CARTESIAN_POINT('Ctrl Pts',(28.1746292413818,13.,-7.39666498348166));
#2849=CARTESIAN_POINT('Ctrl Pts',(28.0403016144358,13.,-7.33004465986616));
#2850=CARTESIAN_POINT('Ctrl Pts',(27.9101452478403,13.,-7.26392363374152));
#2851=CARTESIAN_POINT('Ctrl Pts',(27.7740761587352,13.,-7.19479887226563));
#2852=CARTESIAN_POINT('Ctrl Pts',(27.6425656356575,13.,-7.12621974356823));
#2853=CARTESIAN_POINT('Ctrl Pts',(27.515750042082,13.,-7.05824766838679));
#2854=CARTESIAN_POINT('Ctrl Pts',(27.3776884520571,13.,-6.98424783514659));
#2855=CARTESIAN_POINT('Ctrl Pts',(27.2451912451819,13.,-6.91096750403103));
#2856=CARTESIAN_POINT('Ctrl Pts',(27.1183739779193,13.,-6.83846527434712));
#2857=CARTESIAN_POINT('Ctrl Pts',(26.9849056382366,13.,-6.7621605847092));
#2858=CARTESIAN_POINT('Ctrl Pts',(26.8577282270398,13.,-6.68671767255717));
#2859=CARTESIAN_POINT('Ctrl Pts',(26.7369182354759,13.,-6.61218388157171));
#2860=CARTESIAN_POINT('Ctrl Pts',(26.6081312986934,13.,-6.5327287098302));
#2861=CARTESIAN_POINT('Ctrl Pts',(26.4865799256923,13.,-6.45430659867263));
#2862=CARTESIAN_POINT('Ctrl Pts',(26.3722988380463,13.,-6.3769527761137));
#2863=CARTESIAN_POINT('Ctrl Pts',(26.2447935953584,13.,-6.29064787543967));
#2864=CARTESIAN_POINT('Ctrl Pts',(26.1263377687966,13.,-6.20567271095586));
#2865=CARTESIAN_POINT('Ctrl Pts',(26.016918825321,13.,-6.12205045710349));
#2866=CARTESIAN_POINT('Ctrl Pts',(25.8617408186992,13.,-6.00345733008322));
#2867=CARTESIAN_POINT('Ctrl Pts',(25.724735331533,13.,-5.88758572788646));
#2868=CARTESIAN_POINT('Ctrl Pts',(25.6057717025067,13.,-5.7744452062149));
#2869=CARTESIAN_POINT('Ctrl Pts',(25.5107967408677,13.,-5.68411913938642));
#2870=CARTESIAN_POINT('Ctrl Pts',(25.4273168984669,13.,-5.59553185425113));
#2871=CARTESIAN_POINT('Ctrl Pts',(25.3552841731058,13.,-5.50867870018086));
#2872=CARTESIAN_POINT('Ctrl Pts',(25.3370902295668,13.,-5.48674142967755));
#2873=CARTESIAN_POINT('Ctrl Pts',(25.319626811321,13.,-5.46491479798815));
#2874=CARTESIAN_POINT('Ctrl Pts',(25.3028937457461,13.,-5.44319877928769));
#2875=CARTESIAN_POINT('Origin',(20.1811038878602,17.,-9.44563270264498));
#2876=CARTESIAN_POINT('',(16.0994013164031,17.,-20.7602249320398));
#2877=CARTESIAN_POINT('',(15.8682572411576,17.,2.44549331491103));
#2878=CARTESIAN_POINT('Ctrl Pts',(16.0994013164031,17.,-20.7602249320398));
#2879=CARTESIAN_POINT('Ctrl Pts',(16.0134182805185,17.,-20.3794322454719));
#2880=CARTESIAN_POINT('Ctrl Pts',(15.8488593123884,17.,-19.614552269349));
#2881=CARTESIAN_POINT('Ctrl Pts',(15.6242419579712,17.,-18.4573486831829));
#2882=CARTESIAN_POINT('Ctrl Pts',(15.3695192567933,17.,-16.8944979079024));
#2883=CARTESIAN_POINT('Ctrl Pts',(15.1274869721978,17.,-14.9083852372225));
#2884=CARTESIAN_POINT('Ctrl Pts',(14.9637130565534,17.,-12.8931624701149));
#2885=CARTESIAN_POINT('Ctrl Pts',(14.879169554077,17.,-10.8570686930033));
#2886=CARTESIAN_POINT('Ctrl Pts',(14.8727379780153,17.,-8.81518447049121));
#2887=CARTESIAN_POINT('Ctrl Pts',(14.9396082184963,17.,-6.79197461841203));
#2888=CARTESIAN_POINT('Ctrl Pts',(15.0698369510239,17.,-4.82333734197386));
#2889=CARTESIAN_POINT('Ctrl Pts',(15.245548267588,17.,-2.96060238358552));
#2890=CARTESIAN_POINT('Ctrl Pts',(15.442258819316,17.,-1.26741983108551));
#2891=CARTESIAN_POINT('Ctrl Pts',(15.63294256459,17.,0.188255584284747));
#2892=CARTESIAN_POINT('Ctrl Pts',(15.7911061750882,17.,1.34107057058481));
#2893=CARTESIAN_POINT('Ctrl Pts',(15.8942383253241,17.,2.13636541984645));
#2894=CARTESIAN_POINT('Ctrl Pts',(15.9206999841208,17.,2.45857622894883));
#2895=CARTESIAN_POINT('Ctrl Pts',(15.9073113076205,17.,2.5211708057303));
#2896=CARTESIAN_POINT('Ctrl Pts',(15.8837195322176,17.,2.4838877952039));
#2897=CARTESIAN_POINT('Ctrl Pts',(15.8682572411576,17.,2.44549331491103));
#2898=CARTESIAN_POINT('',(25.5999994277954,17.,-0.199999995529652));
#2899=CARTESIAN_POINT('Ctrl Pts',(25.5999994277954,17.,-0.199999995529652));
#2900=CARTESIAN_POINT('Ctrl Pts',(25.5717487684706,17.,-0.665644228283285));
#2901=CARTESIAN_POINT('Ctrl Pts',(25.5010100987957,17.,-1.59214120417571));
#2902=CARTESIAN_POINT('Ctrl Pts',(25.3521907704141,17.,-2.96751244457948));
#2903=CARTESIAN_POINT('Ctrl Pts',(25.0669306927787,17.,-4.77211723351531));
#2904=CARTESIAN_POINT('Ctrl Pts',(24.5559065289466,17.,-6.97589437205655));
#2905=CARTESIAN_POINT('Ctrl Pts',(23.8770116652483,17.,-9.12317569802076));
#2906=CARTESIAN_POINT('Ctrl Pts',(23.0171386336096,17.,-11.2095499766863));
#2907=CARTESIAN_POINT('Ctrl Pts',(21.9702282189497,17.,-13.2329780178904));
#2908=CARTESIAN_POINT('Ctrl Pts',(20.7449372378483,17.,-15.1963732179985));
#2909=CARTESIAN_POINT('Ctrl Pts',(19.3552546002702,17.,-17.1044434553727));
#2910=CARTESIAN_POINT('Ctrl Pts',(18.1230489011119,17.,-18.5903597394119));
#2911=CARTESIAN_POINT('Ctrl Pts',(17.1354821237178,17.,-19.683455879287));
#2912=CARTESIAN_POINT('Ctrl Pts',(16.4493821384455,17.,-20.4028569320554));
#2913=CARTESIAN_POINT('Ctrl Pts',(16.0994013164031,17.,-20.7602249320398));
#2914=CARTESIAN_POINT('Ctrl Pts',(25.3028937457461,17.,-5.4431987792877));
#2915=CARTESIAN_POINT('Ctrl Pts',(25.3298493114867,17.,-5.30971769184881));
#2916=CARTESIAN_POINT('Ctrl Pts',(25.3819942518007,17.,-5.0451607995407));
#2917=CARTESIAN_POINT('Ctrl Pts',(25.4549134405893,17.,-4.65554082966326));
#2918=CARTESIAN_POINT('Ctrl Pts',(25.5413652111489,17.,-4.15071982604177));
#2919=CARTESIAN_POINT('Ctrl Pts',(25.6301938700379,17.,-3.54589013901207));
#2920=CARTESIAN_POINT('Ctrl Pts',(25.6978558314372,17.,-2.96988626055996));
#2921=CARTESIAN_POINT('Ctrl Pts',(25.7422568903298,17.,-2.42556017800219));
#2922=CARTESIAN_POINT('Ctrl Pts',(25.7616855340726,17.,-1.91524271010299));
#2923=CARTESIAN_POINT('Ctrl Pts',(25.7561548569965,17.,-1.43891602437872));
#2924=CARTESIAN_POINT('Ctrl Pts',(25.7271420501546,17.,-0.994568412266456));
#2925=CARTESIAN_POINT('Ctrl Pts',(25.6864843631242,17.,-0.662851072703388));
#2926=CARTESIAN_POINT('Ctrl Pts',(25.6467702258318,17.,-0.426620487138732));
#2927=CARTESIAN_POINT('Ctrl Pts',(25.6162617378956,17.,-0.274624938013086));
#2928=CARTESIAN_POINT('Ctrl Pts',(25.5999994277954,17.,-0.199999995529652));
#2929=CARTESIAN_POINT('',(15.8682572411576,17.,-21.4124362110203));
#2930=CARTESIAN_POINT('Ctrl Pts',(15.8682572411576,17.,-21.4124362110203));
#2931=CARTESIAN_POINT('Ctrl Pts',(16.051654970979,17.,-21.2491211147234));
#2932=CARTESIAN_POINT('Ctrl Pts',(16.4149032017591,17.,-20.9203211711593));
#2933=CARTESIAN_POINT('Ctrl Pts',(16.949134248195,17.,-20.4206122395308));
#2934=CARTESIAN_POINT('Ctrl Pts',(17.6398062265903,17.,-19.7410994141291));
#2935=CARTESIAN_POINT('Ctrl Pts',(18.464627819221,17.,-18.8681476547207));
#2936=CARTESIAN_POINT('Ctrl Pts',(19.2474464333729,17.,-17.9695037263445));
#2937=CARTESIAN_POINT('Ctrl Pts',(19.9847676849656,17.,-17.0430302018596));
#2938=CARTESIAN_POINT('Ctrl Pts',(20.6745637476961,17.,-16.0874867107526));
#2939=CARTESIAN_POINT('Ctrl Pts',(21.3185626865705,17.,-15.1039302670676));
#2940=CARTESIAN_POINT('Ctrl Pts',(21.9201574109407,17.,-14.0944362283996));
#2941=CARTESIAN_POINT('Ctrl Pts',(22.3702609763115,17.,-13.2677737355399));
#2942=CARTESIAN_POINT('Ctrl Pts',(22.6914140033347,17.,-12.6377303210716));
#2943=CARTESIAN_POINT('Ctrl Pts',(22.8983350822509,17.,-12.2133089776646));
#2944=CARTESIAN_POINT('Ctrl Pts',(23.0000003427269,17.,-12.0000001788136));
#2945=CARTESIAN_POINT('Ctrl Pts',(15.8682572411576,17.,2.44549331491103));
#2946=CARTESIAN_POINT('Ctrl Pts',(15.7743269041658,17.,1.96292468969898));
#2947=CARTESIAN_POINT('Ctrl Pts',(15.5946501901867,17.,0.998258804639708));
#2948=CARTESIAN_POINT('Ctrl Pts',(15.3496861543587,17.,-0.44732597551617));
#2949=CARTESIAN_POINT('Ctrl Pts',(15.0729846370317,17.,-2.37189730594677));
#2950=CARTESIAN_POINT('Ctrl Pts',(14.8159657934817,17.,-4.77249357879501));
#2951=CARTESIAN_POINT('Ctrl Pts',(14.6558099521958,17.,-7.16751090644138));
#2952=CARTESIAN_POINT('Ctrl Pts',(14.6005222416479,17.,-9.55648822354627));
#2953=CARTESIAN_POINT('Ctrl Pts',(14.654654524558,17.,-11.9391633599106));
#2954=CARTESIAN_POINT('Ctrl Pts',(14.8141055375891,17.,-14.3157725329037));
#2955=CARTESIAN_POINT('Ctrl Pts',(15.0710226340558,17.,-16.686768025489));
#2956=CARTESIAN_POINT('Ctrl Pts',(15.3481801180196,17.,-18.5794391572451));
#2957=CARTESIAN_POINT('Ctrl Pts',(15.5937831094323,17.,-19.9967691187654));
#2958=CARTESIAN_POINT('Ctrl Pts',(15.7740161684684,17.,-20.9407055524008));
#2959=CARTESIAN_POINT('Ctrl Pts',(15.8682572411576,17.,-21.4124362110203));
#2960=CARTESIAN_POINT('Ctrl Pts',(32.5339595183057,13.,9.82906727081776));
#2961=CARTESIAN_POINT('Ctrl Pts',(32.5339595183057,15.,9.82906727081776));
#2962=CARTESIAN_POINT('Ctrl Pts',(32.7063429659339,13.,9.49892434127796));
#2963=CARTESIAN_POINT('Ctrl Pts',(32.7063429659339,15.,9.49892434127796));
#2964=CARTESIAN_POINT('Ctrl Pts',(33.0525543916427,13.,8.82751245201204));
#2965=CARTESIAN_POINT('Ctrl Pts',(33.0525543916427,15.,8.82751245201204));
#2966=CARTESIAN_POINT('Ctrl Pts',(33.5762041977585,13.,7.78701790328256));
#2967=CARTESIAN_POINT('Ctrl Pts',(33.5762041977585,15.,7.78701790328256));
#2968=CARTESIAN_POINT('Ctrl Pts',(34.2831406835219,13.,6.33244077920615));
#2969=CARTESIAN_POINT('Ctrl Pts',(34.2831406835219,15.,6.33244077920615));
#2970=CARTESIAN_POINT('Ctrl Pts',(35.1760901309563,13.,4.40573361678966));
#2971=CARTESIAN_POINT('Ctrl Pts',(35.1760901309563,15.,4.40573361678966));
#2972=CARTESIAN_POINT('Ctrl Pts',(36.0618329935752,13.,2.38639354863747));
#2973=CARTESIAN_POINT('Ctrl Pts',(36.0618329935752,15.,2.38639354863747));
#2974=CARTESIAN_POINT('Ctrl Pts',(36.9062534495244,13.,0.311021477498643));
#2975=CARTESIAN_POINT('Ctrl Pts',(36.9062534495244,15.,0.311021477498643));
#2976=CARTESIAN_POINT('Ctrl Pts',(37.6517644439491,13.,-1.7551015501388));
#2977=CARTESIAN_POINT('Ctrl Pts',(37.6517644439491,15.,-1.7551015501388));
#2978=CARTESIAN_POINT('Ctrl Pts',(38.2086233882675,13.,-3.70614334402325));
#2979=CARTESIAN_POINT('Ctrl Pts',(38.2086233882675,15.,-3.70614334402325));
#2980=CARTESIAN_POINT('Ctrl Pts',(38.4682305917381,13.,-5.41204824857615));
#2981=CARTESIAN_POINT('Ctrl Pts',(38.4682305917381,15.,-5.41204824857615));
#2982=CARTESIAN_POINT('Ctrl Pts',(38.321378139508,13.,-6.74078949822404));
#2983=CARTESIAN_POINT('Ctrl Pts',(38.321378139508,15.,-6.74078949822404));
#2984=CARTESIAN_POINT('Ctrl Pts',(37.6733813602028,13.,-7.57659004048984));
#2985=CARTESIAN_POINT('Ctrl Pts',(37.6733813602028,15.,-7.57659004048984));
#2986=CARTESIAN_POINT('Ctrl Pts',(36.4672982730624,13.,-7.84726785963421));
#2987=CARTESIAN_POINT('Ctrl Pts',(36.4672982730624,15.,-7.84726785963421));
#2988=CARTESIAN_POINT('Ctrl Pts',(34.6823611589884,13.,-7.52293983485624));
#2989=CARTESIAN_POINT('Ctrl Pts',(34.6823611589884,15.,-7.52293983485624));
#2990=CARTESIAN_POINT('Ctrl Pts',(32.3179604478149,13.,-6.59801439228006));
#2991=CARTESIAN_POINT('Ctrl Pts',(32.3179604478149,15.,-6.59801439228006));
#2992=CARTESIAN_POINT('Ctrl Pts',(29.9711899231078,13.,-5.38432782353497));
#2993=CARTESIAN_POINT('Ctrl Pts',(29.9711899231078,15.,-5.38432782353497));
#2994=CARTESIAN_POINT('Ctrl Pts',(27.9603615874695,13.,-4.21276636379916));
#2995=CARTESIAN_POINT('Ctrl Pts',(27.9603615874695,15.,-4.21276636379916));
#2996=CARTESIAN_POINT('Ctrl Pts',(26.509177697299,13.,-3.31644137605325));
#2997=CARTESIAN_POINT('Ctrl Pts',(26.509177697299,15.,-3.31644137605325));
#2998=CARTESIAN_POINT('Ctrl Pts',(25.7559273320896,13.,-2.83945731947792));
#2999=CARTESIAN_POINT('Ctrl Pts',(25.7559273320896,15.,-2.83945731947792));
#3000=CARTESIAN_POINT('',(32.5339595183057,13.,9.82906727081776));
#3001=CARTESIAN_POINT('',(25.7559273320896,13.,-2.83945731947792));
#3002=CARTESIAN_POINT('Ctrl Pts',(32.5339595183057,13.,9.82906727081776));
#3003=CARTESIAN_POINT('Ctrl Pts',(32.7063429659339,13.,9.49892434127796));
#3004=CARTESIAN_POINT('Ctrl Pts',(33.0525543916427,13.,8.82751245201204));
#3005=CARTESIAN_POINT('Ctrl Pts',(33.5762041977585,13.,7.78701790328256));
#3006=CARTESIAN_POINT('Ctrl Pts',(34.2831406835219,13.,6.33244077920615));
#3007=CARTESIAN_POINT('Ctrl Pts',(35.1760901309563,13.,4.40573361678966));
#3008=CARTESIAN_POINT('Ctrl Pts',(36.0618329935752,13.,2.38639354863747));
#3009=CARTESIAN_POINT('Ctrl Pts',(36.9062534495244,13.,0.311021477498643));
#3010=CARTESIAN_POINT('Ctrl Pts',(37.6517644439491,13.,-1.7551015501388));
#3011=CARTESIAN_POINT('Ctrl Pts',(38.2086233882675,13.,-3.70614334402325));
#3012=CARTESIAN_POINT('Ctrl Pts',(38.4682305917381,13.,-5.41204824857615));
#3013=CARTESIAN_POINT('Ctrl Pts',(38.321378139508,13.,-6.74078949822404));
#3014=CARTESIAN_POINT('Ctrl Pts',(37.6733813602028,13.,-7.57659004048984));
#3015=CARTESIAN_POINT('Ctrl Pts',(36.4672982730624,13.,-7.84726785963421));
#3016=CARTESIAN_POINT('Ctrl Pts',(34.6823611589884,13.,-7.52293983485624));
#3017=CARTESIAN_POINT('Ctrl Pts',(32.3179604478149,13.,-6.59801439228006));
#3018=CARTESIAN_POINT('Ctrl Pts',(29.9711899231078,13.,-5.38432782353497));
#3019=CARTESIAN_POINT('Ctrl Pts',(27.9603615874695,13.,-4.21276636379916));
#3020=CARTESIAN_POINT('Ctrl Pts',(26.509177697299,13.,-3.31644137605325));
#3021=CARTESIAN_POINT('Ctrl Pts',(25.7559273320896,13.,-2.83945731947792));
#3022=CARTESIAN_POINT('',(32.5339595183057,15.,9.82906727081776));
#3023=CARTESIAN_POINT('',(32.5339595183057,2.,9.82906727081776));
#3024=CARTESIAN_POINT('',(25.7559273320896,15.,-2.83945731947792));
#3025=CARTESIAN_POINT('Ctrl Pts',(32.5339595183057,15.,9.82906727081776));
#3026=CARTESIAN_POINT('Ctrl Pts',(32.7063429659339,15.,9.49892434127796));
#3027=CARTESIAN_POINT('Ctrl Pts',(33.0525543916427,15.,8.82751245201204));
#3028=CARTESIAN_POINT('Ctrl Pts',(33.5762041977585,15.,7.78701790328256));
#3029=CARTESIAN_POINT('Ctrl Pts',(34.2831406835219,15.,6.33244077920615));
#3030=CARTESIAN_POINT('Ctrl Pts',(35.1760901309563,15.,4.40573361678966));
#3031=CARTESIAN_POINT('Ctrl Pts',(36.0618329935752,15.,2.38639354863747));
#3032=CARTESIAN_POINT('Ctrl Pts',(36.9062534495244,15.,0.311021477498643));
#3033=CARTESIAN_POINT('Ctrl Pts',(37.6517644439491,15.,-1.7551015501388));
#3034=CARTESIAN_POINT('Ctrl Pts',(38.2086233882675,15.,-3.70614334402325));
#3035=CARTESIAN_POINT('Ctrl Pts',(38.4682305917381,15.,-5.41204824857615));
#3036=CARTESIAN_POINT('Ctrl Pts',(38.321378139508,15.,-6.74078949822404));
#3037=CARTESIAN_POINT('Ctrl Pts',(37.6733813602028,15.,-7.57659004048984));
#3038=CARTESIAN_POINT('Ctrl Pts',(36.4672982730624,15.,-7.84726785963421));
#3039=CARTESIAN_POINT('Ctrl Pts',(34.6823611589884,15.,-7.52293983485624));
#3040=CARTESIAN_POINT('Ctrl Pts',(32.3179604478149,15.,-6.59801439228006));
#3041=CARTESIAN_POINT('Ctrl Pts',(29.9711899231078,15.,-5.38432782353497));
#3042=CARTESIAN_POINT('Ctrl Pts',(27.9603615874695,15.,-4.21276636379916));
#3043=CARTESIAN_POINT('Ctrl Pts',(26.509177697299,15.,-3.31644137605325));
#3044=CARTESIAN_POINT('Ctrl Pts',(25.7559273320896,15.,-2.83945731947792));
#3045=CARTESIAN_POINT('',(25.7559273320896,2.,-2.83945731947792));
#3046=CARTESIAN_POINT('Origin',(3.91218570533376,13.,1.85069997904916));
#3047=CARTESIAN_POINT('',(56.2499987427145,13.,50.499998871237));
#3048=CARTESIAN_POINT('',(27.6995097200631,13.,20.5655673566621));
#3049=CARTESIAN_POINT('Ctrl Pts',(56.2499987427145,13.,50.499998871237));
#3050=CARTESIAN_POINT('Ctrl Pts',(56.0611488484983,13.,50.1125784949593));
#3051=CARTESIAN_POINT('Ctrl Pts',(55.8651999108347,13.,49.7247080738488));
#3052=CARTESIAN_POINT('Ctrl Pts',(55.6621245449182,13.,49.3363858718419));
#3053=CARTESIAN_POINT('Ctrl Pts',(55.454807468206,13.,48.9399526393857));
#3054=CARTESIAN_POINT('Ctrl Pts',(55.2400630310797,13.,48.5430485483975));
#3055=CARTESIAN_POINT('Ctrl Pts',(55.017807201466,13.,48.1456682716525));
#3056=CARTESIAN_POINT('Ctrl Pts',(54.787530626454,13.,47.7339473765688));
#3057=CARTESIAN_POINT('Ctrl Pts',(54.5491906621215,13.,47.3217153018134));
#3058=CARTESIAN_POINT('Ctrl Pts',(54.3026365988038,13.,46.9089624931264));
#3059=CARTESIAN_POINT('Ctrl Pts',(54.0349306451328,13.,46.4607995920853));
#3060=CARTESIAN_POINT('Ctrl Pts',(53.7575402365389,13.,46.0120227436963));
#3061=CARTESIAN_POINT('Ctrl Pts',(53.4702097517506,13.,45.5626157428136));
#3062=CARTESIAN_POINT('Ctrl Pts',(53.1292111363335,13.,45.0292676535126));
#3063=CARTESIAN_POINT('Ctrl Pts',(52.774211504171,13.,44.4950319678347));
#3064=CARTESIAN_POINT('Ctrl Pts',(52.4047082071729,13.,43.959876820335));
#3065=CARTESIAN_POINT('Ctrl Pts',(51.9772428614771,13.,43.3407746851571));
#3066=CARTESIAN_POINT('Ctrl Pts',(51.5303608284092,13.,42.7204416264197));
#3067=CARTESIAN_POINT('Ctrl Pts',(51.0632442690717,13.,42.0988257971134));
#3068=CARTESIAN_POINT('Ctrl Pts',(50.7336191574095,13.,41.660176849543));
#3069=CARTESIAN_POINT('Ctrl Pts',(50.3939165971456,13.,41.2208890407359));
#3070=CARTESIAN_POINT('Ctrl Pts',(50.0438709204063,13.,40.7809455286406));
#3071=CARTESIAN_POINT('Ctrl Pts',(49.7368701001363,13.,40.3951015429533));
#3072=CARTESIAN_POINT('Ctrl Pts',(49.4219122240363,13.,40.0087531186198));
#3073=CARTESIAN_POINT('Ctrl Pts',(49.0988569604264,13.,39.621891359294));
#3074=CARTESIAN_POINT('Ctrl Pts',(48.8068910732438,13.,39.272259424756));
#3075=CARTESIAN_POINT('Ctrl Pts',(48.5083108365534,13.,38.9222081726234));
#3076=CARTESIAN_POINT('Ctrl Pts',(48.2030575744982,13.,38.5717338831321));
#3077=CARTESIAN_POINT('Ctrl Pts',(47.9022763006131,13.,38.2263940739932));
#3078=CARTESIAN_POINT('Ctrl Pts',(47.5950160089332,13.,37.8806435266321));
#3079=CARTESIAN_POINT('Ctrl Pts',(47.2812727317364,13.,37.5344819895144));
#3080=CARTESIAN_POINT('Ctrl Pts',(46.9623653296267,13.,37.1826227321661));
#3081=CARTESIAN_POINT('Ctrl Pts',(46.636759777954,13.,36.8303388447069));
#3082=CARTESIAN_POINT('Ctrl Pts',(46.3045059038489,13.,36.4776334859347));
#3083=CARTESIAN_POINT('Ctrl Pts',(45.961691564082,13.,36.1137176248319));
#3084=CARTESIAN_POINT('Ctrl Pts',(45.6117994524509,13.,35.7493530674103));
#3085=CARTESIAN_POINT('Ctrl Pts',(45.2549423394457,13.,35.3845469627705));
#3086=CARTESIAN_POINT('Ctrl Pts',(44.8663780782893,13.,34.9873274333041));
#3087=CARTESIAN_POINT('Ctrl Pts',(44.4695565853229,13.,34.5895844354937));
#3088=CARTESIAN_POINT('Ctrl Pts',(44.0646913403929,13.,34.1913315029235));
#3089=CARTESIAN_POINT('Ctrl Pts',(43.5901328420866,13.,33.7245235563453));
#3090=CARTESIAN_POINT('Ctrl Pts',(43.1045241091687,13.,33.2570150786272));
#3091=CARTESIAN_POINT('Ctrl Pts',(42.6082868693662,13.,32.788832805256));
#3092=CARTESIAN_POINT('Ctrl Pts',(41.8465422154159,13.,32.0701536832361));
#3093=CARTESIAN_POINT('Ctrl Pts',(41.0597571471193,13.,31.3498871207114));
#3094=CARTESIAN_POINT('Ctrl Pts',(40.2495875263552,13.,30.6281380912726));
#3095=CARTESIAN_POINT('Ctrl Pts',(39.6404260843455,13.,30.0854595357284));
#3096=CARTESIAN_POINT('Ctrl Pts',(39.0180488064218,13.,29.5419431604522));
#3097=CARTESIAN_POINT('Ctrl Pts',(38.3831466210016,13.,28.9976327669455));
#3098=CARTESIAN_POINT('Ctrl Pts',(37.8288288422086,13.,28.5224084958196));
#3099=CARTESIAN_POINT('Ctrl Pts',(37.2649646890509,13.,28.0465790309801));
#3100=CARTESIAN_POINT('Ctrl Pts',(36.6919762082849,13.,27.5701711281391));
#3101=CARTESIAN_POINT('Ctrl Pts',(36.1586104825593,13.,27.1267073319725));
#3102=CARTESIAN_POINT('Ctrl Pts',(35.6173392685714,13.,26.6827423662921));
#3103=CARTESIAN_POINT('Ctrl Pts',(35.0684583873445,13.,26.2382949847122));
#3104=CARTESIAN_POINT('Ctrl Pts',(34.5341206984494,13.,25.80562371699));
#3105=CARTESIAN_POINT('Ctrl Pts',(33.992571437894,13.,25.3724952706922));
#3106=CARTESIAN_POINT('Ctrl Pts',(33.4440337306719,13.,24.9389237908584));
#3107=CARTESIAN_POINT('Ctrl Pts',(32.9096430404219,13.,24.5165343008916));
#3108=CARTESIAN_POINT('Ctrl Pts',(32.368619792426,13.,24.0937243390158));
#3109=CARTESIAN_POINT('Ctrl Pts',(31.8211208897263,13.,23.6705038521208));
#3110=CARTESIAN_POINT('Ctrl Pts',(31.2773308708301,13.,23.2501503583858));
#3111=CARTESIAN_POINT('Ctrl Pts',(30.72715274371,13.,22.8293918896527));
#3112=CARTESIAN_POINT('Ctrl Pts',(30.1706890377273,13.,22.4082349457846));
#3113=CARTESIAN_POINT('Ctrl Pts',(29.6164096792984,13.,21.9887312151093));
#3114=CARTESIAN_POINT('Ctrl Pts',(29.0558940068862,13.,21.5688321324527));
#3115=CARTESIAN_POINT('Ctrl Pts',(28.4891917533688,13.,21.1485408506374));
#3116=CARTESIAN_POINT('Ctrl Pts',(28.2272861393836,13.,20.9543001439291));
#3117=CARTESIAN_POINT('Ctrl Pts',(27.9640584118746,13.,20.7599756216523));
#3118=CARTESIAN_POINT('Ctrl Pts',(27.6995097200631,13.,20.5655673566621));
#3119=CARTESIAN_POINT('',(-11.3287692839103,13.,47.4962744797385));
#3120=CARTESIAN_POINT('Ctrl Pts',(-11.3287692839103,13.,47.4962744797385));
#3121=CARTESIAN_POINT('Ctrl Pts',(-10.9212111214527,13.,47.861185164689));
#3122=CARTESIAN_POINT('Ctrl Pts',(-10.5049702022927,13.,48.2198597656871));
#3123=CARTESIAN_POINT('Ctrl Pts',(-10.0800264193003,13.,48.5722816262445));
#3124=CARTESIAN_POINT('Ctrl Pts',(-9.66836212952647,13.,48.9136903036594));
#3125=CARTESIAN_POINT('Ctrl Pts',(-9.24852994116143,13.,49.2492313951003));
#3126=CARTESIAN_POINT('Ctrl Pts',(-8.8204784858126,13.,49.578852897337));
#3127=CARTESIAN_POINT('Ctrl Pts',(-8.40580363844342,13.,49.8981737276287));
#3128=CARTESIAN_POINT('Ctrl Pts',(-7.98341479085567,13.,50.2119394970852));
#3129=CARTESIAN_POINT('Ctrl Pts',(-7.55323988795218,13.,50.520062023973));
#3130=CARTESIAN_POINT('Ctrl Pts',(-7.13333893302076,13.,50.8208256027006));
#3131=CARTESIAN_POINT('Ctrl Pts',(-6.70601901127299,13.,51.1162125603064));
#3132=CARTESIAN_POINT('Ctrl Pts',(-6.27119441984103,13.,51.4060968067661));
#3133=CARTESIAN_POINT('Ctrl Pts',(-5.84596381268944,13.,51.6895850375485));
#3134=CARTESIAN_POINT('Ctrl Pts',(-5.4135557235277,13.,51.9678109372686));
#3135=CARTESIAN_POINT('Ctrl Pts',(-4.97387702846881,13.,52.2406101182842));
#3136=CARTESIAN_POINT('Ctrl Pts',(-4.54310594424586,13.,52.5078825613246));
#3137=CARTESIAN_POINT('Ctrl Pts',(-4.10535553313153,13.,52.7699460992799));
#3138=CARTESIAN_POINT('Ctrl Pts',(-3.66053043895106,13.,53.026598175933));
#3139=CARTESIAN_POINT('Ctrl Pts',(-3.22473999019404,13.,53.2780375059581));
#3140=CARTESIAN_POINT('Ctrl Pts',(-2.78215903207493,13.,53.5242830828668));
#3141=CARTESIAN_POINT('Ctrl Pts',(-2.33269491063423,13.,53.7650959255519));
#3142=CARTESIAN_POINT('Ctrl Pts',(-1.89259788619629,13.,54.0008900867688));
#3143=CARTESIAN_POINT('Ctrl Pts',(-1.44590130532155,13.,54.2314756920316));
#3144=CARTESIAN_POINT('Ctrl Pts',(-0.992519465749316,13.,54.4565798490181));
#3145=CARTESIAN_POINT('Ctrl Pts',(-0.548125181328177,13.,54.6772216834124));
#3146=CARTESIAN_POINT('Ctrl Pts',(-0.09730776549791,13.,54.8925973200866));
#3147=CARTESIAN_POINT('Ctrl Pts',(0.360007761791198,13.,55.1024013165997));
#3148=CARTESIAN_POINT('Ctrl Pts',(0.820392678525284,13.,55.3136134659832));
#3149=CARTESIAN_POINT('Ctrl Pts',(1.28736352730085,13.,55.5191791873054));
#3150=CARTESIAN_POINT('Ctrl Pts',(1.76098637318203,13.,55.7187342046524));
#3151=CARTESIAN_POINT('Ctrl Pts',(2.25600246808358,13.,55.9273029978686));
#3152=CARTESIAN_POINT('Ctrl Pts',(2.75828509545331,13.,56.1293055805744));
#3153=CARTESIAN_POINT('Ctrl Pts',(3.26789548520949,13.,56.3242678033031));
#3154=CARTESIAN_POINT('Ctrl Pts',(3.80926752812184,13.,56.5313811175741));
#3155=CARTESIAN_POINT('Ctrl Pts',(4.35890924114381,13.,56.7305487789183));
#3156=CARTESIAN_POINT('Ctrl Pts',(4.91687788091856,13.,56.9211427227893));
#3157=CARTESIAN_POINT('Ctrl Pts',(5.53100894650922,13.,57.1309209316361));
#3158=CARTESIAN_POINT('Ctrl Pts',(6.15522780586901,13.,57.3303119064168));
#3159=CARTESIAN_POINT('Ctrl Pts',(6.7895899926573,13.,57.518415081084));
#3160=CARTESIAN_POINT('Ctrl Pts',(7.53779311990066,13.,57.7402747481032));
#3161=CARTESIAN_POINT('Ctrl Pts',(8.30010762544217,13.,57.9464297379317));
#3162=CARTESIAN_POINT('Ctrl Pts',(9.07658802493842,13.,58.1353385857571));
#3163=CARTESIAN_POINT('Ctrl Pts',(9.84827304325315,13.,58.3230807718941));
#3164=CARTESIAN_POINT('Ctrl Pts',(10.6339495650484,13.,58.4937847266118));
#3165=CARTESIAN_POINT('Ctrl Pts',(11.4336334324434,13.,58.6459336420747));
#3166=CARTESIAN_POINT('Ctrl Pts',(12.1090027702034,13.,58.7744303099039));
#3167=CARTESIAN_POINT('Ctrl Pts',(12.7943623780467,13.,58.8896910216897));
#3168=CARTESIAN_POINT('Ctrl Pts',(13.4896995992194,13.,58.9908349597862));
#3169=CARTESIAN_POINT('Ctrl Pts',(14.1017293684686,13.,59.0798609736529));
#3170=CARTESIAN_POINT('Ctrl Pts',(14.7214890261721,13.,59.1579495436367));
#3171=CARTESIAN_POINT('Ctrl Pts',(15.3489553289901,13.,59.2245395631079));
#3172=CARTESIAN_POINT('Ctrl Pts',(15.9271212713018,13.,59.2858975693996));
#3173=CARTESIAN_POINT('Ctrl Pts',(16.5118303806628,13.,59.3374925082582));
#3174=CARTESIAN_POINT('Ctrl Pts',(17.1030519791114,13.,59.3789287903769));
#3175=CARTESIAN_POINT('Ctrl Pts',(17.6649791630345,13.,59.4183119478669));
#3176=CARTESIAN_POINT('Ctrl Pts',(18.2327894535918,13.,59.4485178939998));
#3177=CARTESIAN_POINT('Ctrl Pts',(18.8064447832545,13.,59.4692533066338));
#3178=CARTESIAN_POINT('Ctrl Pts',(19.3632017987726,13.,59.4893779108285));
#3179=CARTESIAN_POINT('Ctrl Pts',(19.9254645642139,13.,59.5005815509188));
#3180=CARTESIAN_POINT('Ctrl Pts',(20.4931869641987,13.,59.502644072023));
#3181=CARTESIAN_POINT('Ctrl Pts',(21.0464543651609,13.,59.5046540784818));
#3182=CARTESIAN_POINT('Ctrl Pts',(21.6049069196987,13.,59.4979823877181));
#3183=CARTESIAN_POINT('Ctrl Pts',(22.16849105911,13.,59.4824737745687));
#3184=CARTESIAN_POINT('Ctrl Pts',(22.7346721005359,13.,59.4668937003083));
#3185=CARTESIAN_POINT('Ctrl Pts',(23.3060320973062,13.,59.4423950130306));
#3186=CARTESIAN_POINT('Ctrl Pts',(23.8825054704345,13.,59.4088729372601));
#3187=CARTESIAN_POINT('Ctrl Pts',(24.5017997921449,13.,59.3728608122526));
#3188=CARTESIAN_POINT('Ctrl Pts',(25.1269952467968,13.,59.3264350018564));
#3189=CARTESIAN_POINT('Ctrl Pts',(25.7579987755416,13.,59.2695261616811));
#3190=CARTESIAN_POINT('Ctrl Pts',(26.4264257085459,13.,59.2092421858135));
#3191=CARTESIAN_POINT('Ctrl Pts',(27.1013698320079,13.,59.1371952563755));
#3192=CARTESIAN_POINT('Ctrl Pts',(27.7827106091341,13.,59.0533650812636));
#3193=CARTESIAN_POINT('Ctrl Pts',(28.5010768000995,13.,58.9649794075966));
#3194=CARTESIAN_POINT('Ctrl Pts',(29.226553497742,13.,58.8634954235517));
#3195=CARTESIAN_POINT('Ctrl Pts',(29.9589929676649,13.,58.7489492049703));
#3196=CARTESIAN_POINT('Ctrl Pts',(30.7380935156928,13.,58.6271056597546));
#3197=CARTESIAN_POINT('Ctrl Pts',(31.525071927174,13.,58.4904829663444));
#3198=CARTESIAN_POINT('Ctrl Pts',(32.3197475685652,13.,58.3391850323246));
#3199=CARTESIAN_POINT('Ctrl Pts',(33.1839328711144,13.,58.1746531855235));
#3200=CARTESIAN_POINT('Ctrl Pts',(34.0572203044038,13.,57.992767192796));
#3201=CARTESIAN_POINT('Ctrl Pts',(34.9393811689188,13.,57.7937222059862));
#3202=CARTESIAN_POINT('Ctrl Pts',(35.9967707714464,13.,57.5551397569635));
#3203=CARTESIAN_POINT('Ctrl Pts',(37.0669075148963,13.,57.2919055925609));
#3204=CARTESIAN_POINT('Ctrl Pts',(38.1494197572754,13.,57.0044290001551));
#3205=CARTESIAN_POINT('Ctrl Pts',(39.2412189365186,13.,56.7144861289776));
#3206=CARTESIAN_POINT('Ctrl Pts',(40.345605741735,13.,56.3998866950089));
#3207=CARTESIAN_POINT('Ctrl Pts',(41.4622410837339,13.,56.0610757349072));
#3208=CARTESIAN_POINT('Ctrl Pts',(42.4710919768923,13.,55.7549688736479));
#3209=CARTESIAN_POINT('Ctrl Pts',(43.4899410382765,13.,55.4291008580218));
#3210=CARTESIAN_POINT('Ctrl Pts',(44.5185771627013,13.,55.0837844452094));
#3211=CARTESIAN_POINT('Ctrl Pts',(45.4637361558007,13.,54.7664915704165));
#3212=CARTESIAN_POINT('Ctrl Pts',(46.4171583614824,13.,54.4327795647457));
#3213=CARTESIAN_POINT('Ctrl Pts',(47.3787126974453,13.,54.0828603070564));
#3214=CARTESIAN_POINT('Ctrl Pts',(48.282586979814,13.,53.7539313988276));
#3215=CARTESIAN_POINT('Ctrl Pts',(49.1936471496389,13.,53.4106817527357));
#3216=CARTESIAN_POINT('Ctrl Pts',(50.1118122503796,13.,53.0532514204787));
#3217=CARTESIAN_POINT('Ctrl Pts',(51.0048571048908,13.,52.7056000897857));
#3218=CARTESIAN_POINT('Ctrl Pts',(51.9046234658473,13.,52.344533766423));
#3219=CARTESIAN_POINT('Ctrl Pts',(52.8110633307416,13.,51.9701402396134));
#3220=CARTESIAN_POINT('Ctrl Pts',(53.6907486506511,13.,51.6067973393737));
#3221=CARTESIAN_POINT('Ctrl Pts',(54.576719412579,13.,51.2309025441844));
#3222=CARTESIAN_POINT('Ctrl Pts',(55.468956147774,13.,50.8424932231561));
#3223=CARTESIAN_POINT('Ctrl Pts',(55.7287722258206,13.,50.729389847689));
#3224=CARTESIAN_POINT('Ctrl Pts',(55.9891197870247,13.,50.6152250050034));
#3225=CARTESIAN_POINT('Ctrl Pts',(56.2499987427145,13.,50.499998871237));
#3226=CARTESIAN_POINT('',(-10.5108973320244,13.,60.7014008074645));
#3227=CARTESIAN_POINT('Ctrl Pts',(-10.5108973320244,13.,60.7014008074645));
#3228=CARTESIAN_POINT('Ctrl Pts',(-10.4287976560012,13.,60.5203218313122));
#3229=CARTESIAN_POINT('Ctrl Pts',(-10.3509624189391,13.,60.3376050116952));
#3230=CARTESIAN_POINT('Ctrl Pts',(-10.2774167461213,13.,60.1532406987438));
#3231=CARTESIAN_POINT('Ctrl Pts',(-10.2023914117585,13.,59.9651671698221));
#3232=CARTESIAN_POINT('Ctrl Pts',(-10.1318300874099,13.,59.775379148163));
#3233=CARTESIAN_POINT('Ctrl Pts',(-10.065810091792,13.,59.5838469379599));
#3234=CARTESIAN_POINT('Ctrl Pts',(-9.99641453640456,13.,59.3825218094559));
#3235=CARTESIAN_POINT('Ctrl Pts',(-9.93203681845071,13.,59.1792694796665));
#3236=CARTESIAN_POINT('Ctrl Pts',(-9.87282094912067,13.,58.9740346382005));
#3237=CARTESIAN_POINT('Ctrl Pts',(-9.80644931838338,13.,58.743998817291));
#3238=CARTESIAN_POINT('Ctrl Pts',(-9.74656300019994,13.,58.5114721817914));
#3239=CARTESIAN_POINT('Ctrl Pts',(-9.69342507497269,13.,58.2763536903873));
#3240=CARTESIAN_POINT('Ctrl Pts',(-9.60546055537872,13.,57.8871385478019));
#3241=CARTESIAN_POINT('Ctrl Pts',(-9.53599286357024,13.,57.4908193268648));
#3242=CARTESIAN_POINT('Ctrl Pts',(-9.48637895131905,13.,57.0868748629839));
#3243=CARTESIAN_POINT('Ctrl Pts',(-9.4605705227244,13.,56.8767488846194));
#3244=CARTESIAN_POINT('Ctrl Pts',(-9.44013694126817,13.,56.6645585882193));
#3245=CARTESIAN_POINT('Ctrl Pts',(-9.42525101411017,13.,56.4502376037218));
#3246=CARTESIAN_POINT('Ctrl Pts',(-9.41208110039711,13.,56.2606230205808));
#3247=CARTESIAN_POINT('Ctrl Pts',(-9.40325438435152,13.,56.0693403451115));
#3248=CARTESIAN_POINT('Ctrl Pts',(-9.39885577585944,13.,55.8763569659662));
#3249=CARTESIAN_POINT('Ctrl Pts',(-9.394632480687,13.,55.6910652367812));
#3250=CARTESIAN_POINT('Ctrl Pts',(-9.39449169847152,13.,55.5042055364687));
#3251=CARTESIAN_POINT('Ctrl Pts',(-9.39846501656609,13.,55.3157657332711));
#3252=CARTESIAN_POINT('Ctrl Pts',(-9.40234706621739,13.,55.1316544552704));
#3253=CARTESIAN_POINT('Ctrl Pts',(-9.41015656451332,13.,54.9460347617068));
#3254=CARTESIAN_POINT('Ctrl Pts',(-9.42187734031524,13.,54.7589128634311));
#3255=CARTESIAN_POINT('Ctrl Pts',(-9.43408094511281,13.,54.5640826120793));
#3256=CARTESIAN_POINT('Ctrl Pts',(-9.45052492477906,13.,54.3676237595609));
#3257=CARTESIAN_POINT('Ctrl Pts',(-9.47113523364888,13.,54.1695647446013));
#3258=CARTESIAN_POINT('Ctrl Pts',(-9.49443626927133,13.,53.9456486358194));
#3259=CARTESIAN_POINT('Ctrl Pts',(-9.52306166622816,13.,53.7196875990891));
#3260=CARTESIAN_POINT('Ctrl Pts',(-9.55683951404394,13.,53.4917476600826));
#3261=CARTESIAN_POINT('Ctrl Pts',(-9.60104234815925,13.,53.1934577463168));
#3262=CARTESIAN_POINT('Ctrl Pts',(-9.65406687072598,13.,52.8917796858542));
#3263=CARTESIAN_POINT('Ctrl Pts',(-9.71544546704491,13.,52.5868930755154));
#3264=CARTESIAN_POINT('Ctrl Pts',(-9.79673780877605,13.,52.1830886876123));
#3265=CARTESIAN_POINT('Ctrl Pts',(-9.89267518302104,13.,51.7736595807212));
#3266=CARTESIAN_POINT('Ctrl Pts',(-10.0021295062291,13.,51.3590390179946));
#3267=CARTESIAN_POINT('Ctrl Pts',(-10.075139684582,13.,51.0824714019682));
#3268=CARTESIAN_POINT('Ctrl Pts',(-10.1541632970334,13.,50.8035942057527));
#3269=CARTESIAN_POINT('Ctrl Pts',(-10.2389009795489,13.,50.5225224061202));
#3270=CARTESIAN_POINT('Ctrl Pts',(-10.3158419006636,13.,50.2673121794408));
#3271=CARTESIAN_POINT('Ctrl Pts',(-10.3974934451763,13.,50.0102927431981));
#3272=CARTESIAN_POINT('Ctrl Pts',(-10.483673215174,13.,49.7515341509752));
#3273=CARTESIAN_POINT('Ctrl Pts',(-10.5677721668538,13.,49.4990233082955));
#3274=CARTESIAN_POINT('Ctrl Pts',(-10.656183075452,13.,49.2448563719239));
#3275=CARTESIAN_POINT('Ctrl Pts',(-10.7487813047924,13.,48.989081210888));
#3276=CARTESIAN_POINT('Ctrl Pts',(-10.8396869347961,13.,48.7379813538077));
#3277=CARTESIAN_POINT('Ctrl Pts',(-10.9346281002468,13.,48.4853315682555));
#3278=CARTESIAN_POINT('Ctrl Pts',(-11.0335335800928,13.,48.2311592081073));
#3279=CARTESIAN_POINT('Ctrl Pts',(-11.1283118326182,13.,47.9875932077943));
#3280=CARTESIAN_POINT('Ctrl Pts',(-11.2267306439982,13.,47.7426289777058));
#3281=CARTESIAN_POINT('Ctrl Pts',(-11.3287692839103,13.,47.4962744797385));
#3282=CARTESIAN_POINT('',(-24.2793571346299,13.,49.560834346442));
#3283=CARTESIAN_POINT('Ctrl Pts',(-24.2793571346299,13.,49.560834346442));
#3284=CARTESIAN_POINT('Ctrl Pts',(-24.1144456503566,13.,49.781672226046));
#3285=CARTESIAN_POINT('Ctrl Pts',(-23.9457581375649,13.,50.001394438148));
#3286=CARTESIAN_POINT('Ctrl Pts',(-23.7732689044341,13.,50.2199933918283));
#3287=CARTESIAN_POINT('Ctrl Pts',(-23.5971540558314,13.,50.4431871583801));
#3288=CARTESIAN_POINT('Ctrl Pts',(-23.4170758757053,13.,50.6652099167791));
#3289=CARTESIAN_POINT('Ctrl Pts',(-23.2329550688661,13.,50.886038238424));
#3290=CARTESIAN_POINT('Ctrl Pts',(-23.0284012320829,13.,51.1313732510078));
#3291=CARTESIAN_POINT('Ctrl Pts',(-22.8188577634457,13.,51.3752340241678));
#3292=CARTESIAN_POINT('Ctrl Pts',(-22.6041499999761,13.,51.6175689518824));
#3293=CARTESIAN_POINT('Ctrl Pts',(-22.3665364723066,13.,51.8857570048959));
#3294=CARTESIAN_POINT('Ctrl Pts',(-22.1225968428871,13.,52.152075944341));
#3295=CARTESIAN_POINT('Ctrl Pts',(-21.8720265802831,13.,52.4164357931889));
#3296=CARTESIAN_POINT('Ctrl Pts',(-21.5128451734347,13.,52.7953839630021));
#3297=CARTESIAN_POINT('Ctrl Pts',(-21.1400312156062,13.,53.1703042516615));
#3298=CARTESIAN_POINT('Ctrl Pts',(-20.7526070056591,13.,53.5409077870397));
#3299=CARTESIAN_POINT('Ctrl Pts',(-20.5394798389308,13.,53.7447816788789));
#3300=CARTESIAN_POINT('Ctrl Pts',(-20.321929813485,13.,53.9473487904019));
#3301=CARTESIAN_POINT('Ctrl Pts',(-20.0998208731446,13.,54.1485689223743));
#3302=CARTESIAN_POINT('Ctrl Pts',(-19.8975499772687,13.,54.3318167299589));
#3303=CARTESIAN_POINT('Ctrl Pts',(-19.6914974036407,13.,54.5139472009147));
#3304=CARTESIAN_POINT('Ctrl Pts',(-19.4816002545157,13.,54.6949417514387));
#3305=CARTESIAN_POINT('Ctrl Pts',(-19.2802319454097,13.,54.8685818735097));
#3306=CARTESIAN_POINT('Ctrl Pts',(-19.0753249109475,13.,55.0411764418029));
#3307=CARTESIAN_POINT('Ctrl Pts',(-18.8668684638975,13.,55.2127222986628));
#3308=CARTESIAN_POINT('Ctrl Pts',(-18.6587419695142,13.,55.3839966263196));
#3309=CARTESIAN_POINT('Ctrl Pts',(-18.4470768865579,13.,55.5542254406125));
#3310=CARTESIAN_POINT('Ctrl Pts',(-18.2319137049676,13.,55.7234207047214));
#3311=CARTESIAN_POINT('Ctrl Pts',(-17.9945298003147,13.,55.9100894095904));
#3312=CARTESIAN_POINT('Ctrl Pts',(-17.7528886174878,13.,56.0955002566628));
#3313=CARTESIAN_POINT('Ctrl Pts',(-17.5071081591486,13.,56.2796881110711));
#3314=CARTESIAN_POINT('Ctrl Pts',(-17.193853128895,13.,56.5144414038875));
#3315=CARTESIAN_POINT('Ctrl Pts',(-16.8738757077286,13.,56.747208495315));
#3316=CARTESIAN_POINT('Ctrl Pts',(-16.5475035225138,13.,56.9780861861703));
#3317=CARTESIAN_POINT('Ctrl Pts',(-16.0899075117459,13.,57.3017924181863));
#3318=CARTESIAN_POINT('Ctrl Pts',(-15.6197472071988,13.,57.6217863969159));
#3319=CARTESIAN_POINT('Ctrl Pts',(-15.1380068764291,13.,57.9383589346026));
#3320=CARTESIAN_POINT('Ctrl Pts',(-14.7956497846344,13.,58.1633366797112));
#3321=CARTESIAN_POINT('Ctrl Pts',(-14.4474467507631,13.,58.3865871794948));
#3322=CARTESIAN_POINT('Ctrl Pts',(-14.093721059147,13.,58.6082059517233));
#3323=CARTESIAN_POINT('Ctrl Pts',(-13.7821131341879,13.,58.8034367969316));
#3324=CARTESIAN_POINT('Ctrl Pts',(-13.4662198066206,13.,58.9974014746814));
#3325=CARTESIAN_POINT('Ctrl Pts',(-13.1462203993897,13.,59.1901529678303));
#3326=CARTESIAN_POINT('Ctrl Pts',(-12.8351722272743,13.,59.3775126886976));
#3327=CARTESIAN_POINT('Ctrl Pts',(-12.5202447588621,13.,59.5637262305047));
#3328=CARTESIAN_POINT('Ctrl Pts',(-12.2015568286314,13.,59.7488287041533));
#3329=CARTESIAN_POINT('Ctrl Pts',(-11.8893615581933,13.,59.9301600673389));
#3330=CARTESIAN_POINT('Ctrl Pts',(-11.5735575980579,13.,60.1104252050419));
#3331=CARTESIAN_POINT('Ctrl Pts',(-11.2542087134441,13.,60.2896429573697));
#3332=CARTESIAN_POINT('Ctrl Pts',(-11.0085342035366,13.,60.427514844798));
#3333=CARTESIAN_POINT('Ctrl Pts',(-10.760760791894,13.,60.5647665895421));
#3334=CARTESIAN_POINT('Ctrl Pts',(-10.5108973320244,13.,60.7014008074645));
#3335=CARTESIAN_POINT('',(-37.1771092498079,13.,58.2838286481392));
#3336=CARTESIAN_POINT('Ctrl Pts',(-37.1771092498079,13.,58.2838286481392));
#3337=CARTESIAN_POINT('Ctrl Pts',(-36.9462131388854,13.,58.2125171529936));
#3338=CARTESIAN_POINT('Ctrl Pts',(-36.7154489266182,13.,58.1372496333706));
#3339=CARTESIAN_POINT('Ctrl Pts',(-36.4848175063298,13.,58.0579992958997));
#3340=CARTESIAN_POINT('Ctrl Pts',(-36.249299609004,13.,57.9770698508997));
#3341=CARTESIAN_POINT('Ctrl Pts',(-36.0139201942234,13.,57.8919869114062));
#3342=CARTESIAN_POINT('Ctrl Pts',(-35.7786820190811,13.,57.8026677841768));
#3343=CARTESIAN_POINT('Ctrl Pts',(-35.5170359955705,13.,57.7033216876138));
#3344=CARTESIAN_POINT('Ctrl Pts',(-35.2555647007645,13.,57.5987349687676));
#3345=CARTESIAN_POINT('Ctrl Pts',(-34.9942742275929,13.,57.4887248829484));
#3346=CARTESIAN_POINT('Ctrl Pts',(-34.7050327512034,13.,57.3669466977209));
#3347=CARTESIAN_POINT('Ctrl Pts',(-34.4160128923297,13.,57.238521558325));
#3348=CARTESIAN_POINT('Ctrl Pts',(-34.1272252728444,13.,57.1031308838929));
#3349=CARTESIAN_POINT('Ctrl Pts',(-33.7128959982702,13.,56.9088832218167));
#3350=CARTESIAN_POINT('Ctrl Pts',(-33.2990450521678,13.,56.7002890970165));
#3351=CARTESIAN_POINT('Ctrl Pts',(-32.885706566072,13.,56.4763248054525));
#3352=CARTESIAN_POINT('Ctrl Pts',(-32.6595586313292,13.,56.3537882798275));
#3353=CARTESIAN_POINT('Ctrl Pts',(-32.4335641473213,13.,56.2266493201513));
#3354=CARTESIAN_POINT('Ctrl Pts',(-32.2077277716053,13.,56.0947682327295));
#3355=CARTESIAN_POINT('Ctrl Pts',(-32.0017411947356,13.,55.9744787812815));
#3356=CARTESIAN_POINT('Ctrl Pts',(-31.7958861809005,13.,55.8502433715982));
#3357=CARTESIAN_POINT('Ctrl Pts',(-31.5901648755232,13.,55.7219976561965));
#3358=CARTESIAN_POINT('Ctrl Pts',(-31.3923517143508,13.,55.5986818415126));
#3359=CARTESIAN_POINT('Ctrl Pts',(-31.1946621872928,13.,55.4716578799841));
#3360=CARTESIAN_POINT('Ctrl Pts',(-30.9970966344162,13.,55.3409155720145));
#3361=CARTESIAN_POINT('Ctrl Pts',(-30.799831363611,13.,55.2103719807264));
#3362=CARTESIAN_POINT('Ctrl Pts',(-30.602689703936,13.,55.0761209319547));
#3363=CARTESIAN_POINT('Ctrl Pts',(-30.4056702192084,13.,54.9382055010034));
#3364=CARTESIAN_POINT('Ctrl Pts',(-30.1884276733464,13.,54.786133743355));
#3365=CARTESIAN_POINT('Ctrl Pts',(-29.9713336485774,13.,54.629607405955));
#3366=CARTESIAN_POINT('Ctrl Pts',(-29.7543840084184,13.,54.4687505539622));
#3367=CARTESIAN_POINT('Ctrl Pts',(-29.4763529307382,13.,54.2626049992656));
#3368=CARTESIAN_POINT('Ctrl Pts',(-29.198558930361,13.,54.0493488063962));
#3369=CARTESIAN_POINT('Ctrl Pts',(-28.9209903503952,13.,53.8293315994466));
#3370=CARTESIAN_POINT('Ctrl Pts',(-28.5325925024011,13.,53.5214645861433));
#3371=CARTESIAN_POINT('Ctrl Pts',(-28.1446357962231,13.,53.2003664461168));
#3372=CARTESIAN_POINT('Ctrl Pts',(-27.7570854813669,13.,52.8670794477944));
#3373=CARTESIAN_POINT('Ctrl Pts',(-27.4829383400102,13.,52.6313173432652));
#3374=CARTESIAN_POINT('Ctrl Pts',(-27.208994468379,13.,52.3894585881798));
#3375=CARTESIAN_POINT('Ctrl Pts',(-26.9352426152637,13.,52.1418406390446));
#3376=CARTESIAN_POINT('Ctrl Pts',(-26.6939097416396,13.,51.9235467698137));
#3377=CARTESIAN_POINT('Ctrl Pts',(-26.4527260860386,13.,51.7007774178635));
#3378=CARTESIAN_POINT('Ctrl Pts',(-26.2116853879821,13.,51.4737203531598));
#3379=CARTESIAN_POINT('Ctrl Pts',(-25.9772949573227,13.,51.2529277500466));
#3380=CARTESIAN_POINT('Ctrl Pts',(-25.7430396951015,13.,51.0280810521463));
#3381=CARTESIAN_POINT('Ctrl Pts',(-25.5089154389246,13.,50.7993051017556));
#3382=CARTESIAN_POINT('Ctrl Pts',(-25.2795287819461,13.,50.5751585254284));
#3383=CARTESIAN_POINT('Ctrl Pts',(-25.0502678788984,13.,50.3472402227821));
#3384=CARTESIAN_POINT('Ctrl Pts',(-24.821130481135,13.,50.1156176372676));
#3385=CARTESIAN_POINT('Ctrl Pts',(-24.6404626657127,13.,49.9329903274708));
#3386=CARTESIAN_POINT('Ctrl Pts',(-24.4598716633371,13.,49.7480591708801));
#3387=CARTESIAN_POINT('Ctrl Pts',(-24.2793571346299,13.,49.560834346442));
#3388=CARTESIAN_POINT('',(-38.9716334118433,13.,38.9688754510102));
#3389=CARTESIAN_POINT('Ctrl Pts',(-38.9716334118433,13.,38.9688754510102));
#3390=CARTESIAN_POINT('Ctrl Pts',(-39.0374898023741,13.,39.2032352270644));
#3391=CARTESIAN_POINT('Ctrl Pts',(-39.0992693227566,13.,39.4406257617258));
#3392=CARTESIAN_POINT('Ctrl Pts',(-39.1569501484128,13.,39.6810632794569));
#3393=CARTESIAN_POINT('Ctrl Pts',(-39.2159584339568,13.,39.9270341985683));
#3394=CARTESIAN_POINT('Ctrl Pts',(-39.2706770944404,13.,40.1761940389846));
#3395=CARTESIAN_POINT('Ctrl Pts',(-39.3210388600806,13.,40.4285928092824));
#3396=CARTESIAN_POINT('Ctrl Pts',(-39.374111675892,13.,40.6945785879132));
#3397=CARTESIAN_POINT('Ctrl Pts',(-39.4223457025304,13.,40.9641615382467));
#3398=CARTESIAN_POINT('Ctrl Pts',(-39.4656150600794,13.,41.237435239825));
#3399=CARTESIAN_POINT('Ctrl Pts',(-39.5147588986233,13.,41.5478100507631));
#3400=CARTESIAN_POINT('Ctrl Pts',(-39.5574979305825,13.,41.8629462158716));
#3401=CARTESIAN_POINT('Ctrl Pts',(-39.5935941425799,13.,42.1830206750737));
#3402=CARTESIAN_POINT('Ctrl Pts',(-39.6556102696312,13.,42.7329337332422));
#3403=CARTESIAN_POINT('Ctrl Pts',(-39.6980122751662,13.,43.2974279935193));
#3404=CARTESIAN_POINT('Ctrl Pts',(-39.7194493394687,13.,43.8775076597007));
#3405=CARTESIAN_POINT('Ctrl Pts',(-39.7297335670901,13.,44.1557953599844));
#3406=CARTESIAN_POINT('Ctrl Pts',(-39.735191452788,13.,44.4376709786446));
#3407=CARTESIAN_POINT('Ctrl Pts',(-39.7356911977908,13.,44.7232324953192));
#3408=CARTESIAN_POINT('Ctrl Pts',(-39.7361351914721,13.,44.9769369011534));
#3409=CARTESIAN_POINT('Ctrl Pts',(-39.7326648718096,13.,45.2335512203338));
#3410=CARTESIAN_POINT('Ctrl Pts',(-39.7252165936203,13.,45.4931227668978));
#3411=CARTESIAN_POINT('Ctrl Pts',(-39.7179554111419,13.,45.7461740517582));
#3412=CARTESIAN_POINT('Ctrl Pts',(-39.7069130938073,13.,46.0020362446415));
#3413=CARTESIAN_POINT('Ctrl Pts',(-39.6920697354826,13.,46.2607241438326));
#3414=CARTESIAN_POINT('Ctrl Pts',(-39.6772008623946,13.,46.5198567106234));
#3415=CARTESIAN_POINT('Ctrl Pts',(-39.6585178775646,13.,46.7818247005617));
#3416=CARTESIAN_POINT('Ctrl Pts',(-39.6360428448288,13.,47.0466117113194));
#3417=CARTESIAN_POINT('Ctrl Pts',(-39.6129719293684,13.,47.3184190457971));
#3418=CARTESIAN_POINT('Ctrl Pts',(-39.5859050869966,13.,47.593196965414));
#3419=CARTESIAN_POINT('Ctrl Pts',(-39.554911864397,13.,47.8708937689378));
#3420=CARTESIAN_POINT('Ctrl Pts',(-39.5206129741865,13.,48.1782090907076));
#3421=CARTESIAN_POINT('Ctrl Pts',(-39.4815060087389,13.,48.4890987513389));
#3422=CARTESIAN_POINT('Ctrl Pts',(-39.4377399201707,13.,48.8034520193407));
#3423=CARTESIAN_POINT('Ctrl Pts',(-39.3817195234833,13.,49.2058227897151));
#3424=CARTESIAN_POINT('Ctrl Pts',(-39.3180671707713,13.,49.6138671811669));
#3425=CARTESIAN_POINT('Ctrl Pts',(-39.2471677381174,13.,50.0272990755565));
#3426=CARTESIAN_POINT('Ctrl Pts',(-39.1371400331678,13.,50.6688974747247));
#3427=CARTESIAN_POINT('Ctrl Pts',(-39.0096678512518,13.,51.3234641551398));
#3428=CARTESIAN_POINT('Ctrl Pts',(-38.8662604716204,13.,51.9898771136677));
#3429=CARTESIAN_POINT('Ctrl Pts',(-38.7796704470791,13.,52.392260272623));
#3430=CARTESIAN_POINT('Ctrl Pts',(-38.6872713610252,13.,52.7989619069109));
#3431=CARTESIAN_POINT('Ctrl Pts',(-38.5893658469508,13.,53.2097570378028));
#3432=CARTESIAN_POINT('Ctrl Pts',(-38.5000029377537,13.,53.5847088301259));
#3433=CARTESIAN_POINT('Ctrl Pts',(-38.4060531000995,13.,53.9630705600696));
#3434=CARTESIAN_POINT('Ctrl Pts',(-38.3077101995581,13.,54.3446981073348));
#3435=CARTESIAN_POINT('Ctrl Pts',(-38.2133556113288,13.,54.7108486874066));
#3436=CARTESIAN_POINT('Ctrl Pts',(-38.1149571177689,13.,55.0800055199301));
#3437=CARTESIAN_POINT('Ctrl Pts',(-38.012647219138,13.,55.4520701037788));
#3438=CARTESIAN_POINT('Ctrl Pts',(-37.9118660385481,13.,55.8185752857573));
#3439=CARTESIAN_POINT('Ctrl Pts',(-37.8072896288761,13.,56.1879018534509));
#3440=CARTESIAN_POINT('Ctrl Pts',(-37.6990044672239,13.,56.5599855194988));
#3441=CARTESIAN_POINT('Ctrl Pts',(-37.5915247375669,13.,56.9293016033135));
#3442=CARTESIAN_POINT('Ctrl Pts',(-37.4803912433791,13.,57.3013339076327));
#3443=CARTESIAN_POINT('Ctrl Pts',(-37.365647312805,13.,57.6760502221722));
#3444=CARTESIAN_POINT('Ctrl Pts',(-37.3038486939295,13.,57.8778643886629));
#3445=CARTESIAN_POINT('Ctrl Pts',(-37.2410020960299,13.,58.0804576261883));
#3446=CARTESIAN_POINT('Ctrl Pts',(-37.1771092498079,13.,58.2838286481392));
#3447=CARTESIAN_POINT('',(-39.6667701416206,13.,-36.8023734717377));
#3448=CARTESIAN_POINT('Ctrl Pts',(-39.6667701416206,13.,-36.8023734717377));
#3449=CARTESIAN_POINT('Ctrl Pts',(-39.9694143512763,13.,-36.4846872190027));
#3450=CARTESIAN_POINT('Ctrl Pts',(-40.2646482572933,13.,-36.1497136025916));
#3451=CARTESIAN_POINT('Ctrl Pts',(-40.552459063852,13.,-35.7974261107022));
#3452=CARTESIAN_POINT('Ctrl Pts',(-40.8858680875902,13.,-35.3893252817221));
#3453=CARTESIAN_POINT('Ctrl Pts',(-41.2093162821745,13.,-34.9579880896505));
#3454=CARTESIAN_POINT('Ctrl Pts',(-41.522743184367,13.,-34.5033178553277));
#3455=CARTESIAN_POINT('Ctrl Pts',(-41.8226771946094,13.,-34.0682209770306));
#3456=CARTESIAN_POINT('Ctrl Pts',(-42.1134336478226,13.,-33.6117534425528));
#3457=CARTESIAN_POINT('Ctrl Pts',(-42.3949257475849,13.,-33.1338255594726));
#3458=CARTESIAN_POINT('Ctrl Pts',(-42.6647982030177,13.,-32.6756259459289));
#3459=CARTESIAN_POINT('Ctrl Pts',(-42.9261548953152,13.,-32.1976985337051));
#3460=CARTESIAN_POINT('Ctrl Pts',(-43.1788946619806,13.,-31.7000017938899));
#3461=CARTESIAN_POINT('Ctrl Pts',(-43.3941959027501,13.,-31.276029234989));
#3462=CARTESIAN_POINT('Ctrl Pts',(-43.603243509974,13.,-30.8377101521503));
#3463=CARTESIAN_POINT('Ctrl Pts',(-43.8059633771009,13.,-30.385062257125));
#3464=CARTESIAN_POINT('Ctrl Pts',(-43.9934524284054,13.,-29.9664228528274));
#3465=CARTESIAN_POINT('Ctrl Pts',(-44.1755286459739,13.,-29.5355264635337));
#3466=CARTESIAN_POINT('Ctrl Pts',(-44.3521269021245,13.,-29.0924322277607));
#3467=CARTESIAN_POINT('Ctrl Pts',(-44.5189033409687,13.,-28.6739814439002));
#3468=CARTESIAN_POINT('Ctrl Pts',(-44.6807940761073,13.,-28.2446515977909));
#3469=CARTESIAN_POINT('Ctrl Pts',(-44.8377405351901,13.,-27.804539322576));
#3470=CARTESIAN_POINT('Ctrl Pts',(-44.9878303065148,13.,-27.3836547028769));
#3471=CARTESIAN_POINT('Ctrl Pts',(-45.1333982879035,13.,-26.9529089740866));
#3472=CARTESIAN_POINT('Ctrl Pts',(-45.2743912724407,13.,-26.5124344618878));
#3473=CARTESIAN_POINT('Ctrl Pts',(-45.4099700556178,13.,-26.0888743919989));
#3474=CARTESIAN_POINT('Ctrl Pts',(-45.5413183828248,13.,-25.6563181731184));
#3475=CARTESIAN_POINT('Ctrl Pts',(-45.6683882250466,13.,-25.2149316843015));
#3476=CARTESIAN_POINT('Ctrl Pts',(-45.791287610763,13.,-24.7880315843986));
#3477=CARTESIAN_POINT('Ctrl Pts',(-45.9101846817565,13.,-24.3528711527649));
#3478=CARTESIAN_POINT('Ctrl Pts',(-46.025036309357,13.,-23.9096492265594));
#3479=CARTESIAN_POINT('Ctrl Pts',(-46.1366523016627,13.,-23.4789138844607));
#3480=CARTESIAN_POINT('Ctrl Pts',(-46.244447528793,13.,-23.0405647232733));
#3481=CARTESIAN_POINT('Ctrl Pts',(-46.3483835262066,13.,-22.5948334261881));
#3482=CARTESIAN_POINT('Ctrl Pts',(-46.4515245728916,13.,-22.1525112888568));
#3483=CARTESIAN_POINT('Ctrl Pts',(-46.5508651607386,13.,-21.7029193381748));
#3484=CARTESIAN_POINT('Ctrl Pts',(-46.6463695129201,13.,-21.246336150135));
#3485=CARTESIAN_POINT('Ctrl Pts',(-46.7444274634667,13.,-20.7775448264881));
#3486=CARTESIAN_POINT('Ctrl Pts',(-46.8384412975868,13.,-20.3013835576989));
#3487=CARTESIAN_POINT('Ctrl Pts',(-46.928374380299,13.,-19.8182089243869));
#3488=CARTESIAN_POINT('Ctrl Pts',(-47.0211745652055,13.,-19.3196304929441));
#3489=CARTESIAN_POINT('Ctrl Pts',(-47.1096296700233,13.,-18.8135845709393));
#3490=CARTESIAN_POINT('Ctrl Pts',(-47.1937014882006,13.,-18.3005182544891));
#3491=CARTESIAN_POINT('Ctrl Pts',(-47.2809470216784,13.,-17.7680836591801));
#3492=CARTESIAN_POINT('Ctrl Pts',(-47.3634720968215,13.,-17.2280888414074));
#3493=CARTESIAN_POINT('Ctrl Pts',(-47.4412359982941,13.,-16.6810891075108));
#3494=CARTESIAN_POINT('Ctrl Pts',(-47.5241968759751,13.,-16.0975332781863));
#3495=CARTESIAN_POINT('Ctrl Pts',(-47.601738926918,13.,-15.506005005385));
#3496=CARTESIAN_POINT('Ctrl Pts',(-47.6738148517687,13.,-14.9072389036812));
#3497=CARTESIAN_POINT('Ctrl Pts',(-47.7499759041377,13.,-14.2745358683314));
#3498=CARTESIAN_POINT('Ctrl Pts',(-47.8200336393593,13.,-13.6337516030108));
#3499=CARTESIAN_POINT('Ctrl Pts',(-47.8839347428877,13.,-12.9858154399542));
#3500=CARTESIAN_POINT('Ctrl Pts',(-47.9528238819797,13.,-12.2873022376005));
#3501=CARTESIAN_POINT('Ctrl Pts',(-48.0145576954612,13.,-11.5804774558577));
#3502=CARTESIAN_POINT('Ctrl Pts',(-48.0690725023912,13.,-10.8665708129501));
#3503=CARTESIAN_POINT('Ctrl Pts',(-48.1303002364339,13.,-10.0647540493069));
#3504=CARTESIAN_POINT('Ctrl Pts',(-48.1824214577005,13.,-9.25400465774538));
#3505=CARTESIAN_POINT('Ctrl Pts',(-48.2253509619464,13.,-8.43613578780457));
#3506=CARTESIAN_POINT('Ctrl Pts',(-48.2835375330542,13.,-7.32759782554546));
#3507=CARTESIAN_POINT('Ctrl Pts',(-48.3248367929542,13.,-6.20598314444171));
#3508=CARTESIAN_POINT('Ctrl Pts',(-48.3490565378692,13.,-5.07591344097429));
#3509=CARTESIAN_POINT('Ctrl Pts',(-48.3707411407514,13.,-4.06413099508546));
#3510=CARTESIAN_POINT('Ctrl Pts',(-48.3787345960952,13.,-3.04557761562044));
#3511=CARTESIAN_POINT('Ctrl Pts',(-48.3729191419805,13.,-2.02355689972197));
#3512=CARTESIAN_POINT('Ctrl Pts',(-48.3683951442202,13.,-1.22849956825823));
#3513=CARTESIAN_POINT('Ctrl Pts',(-48.3555147250997,13.,-0.431344382819649));
#3514=CARTESIAN_POINT('Ctrl Pts',(-48.3342327874566,13.,0.366393111610045));
#3515=CARTESIAN_POINT('Ctrl Pts',(-48.3149781223536,13.,1.08813981310434));
#3516=CARTESIAN_POINT('Ctrl Pts',(-48.2888463471053,13.,1.81036271905906));
#3517=CARTESIAN_POINT('Ctrl Pts',(-48.2558118671248,13.,2.53198194791279));
#3518=CARTESIAN_POINT('Ctrl Pts',(-48.2251311934626,13.,3.20218363057686));
#3519=CARTESIAN_POINT('Ctrl Pts',(-48.1884964015049,13.,3.87186422425307));
#3520=CARTESIAN_POINT('Ctrl Pts',(-48.1458944704322,13.,4.54020323123805));
#3521=CARTESIAN_POINT('Ctrl Pts',(-48.1055067075498,13.,5.17380637221165));
#3522=CARTESIAN_POINT('Ctrl Pts',(-48.0597559163615,13.,5.80620347746836));
#3523=CARTESIAN_POINT('Ctrl Pts',(-48.0086385680009,13.,6.43674168802744));
#3524=CARTESIAN_POINT('Ctrl Pts',(-47.9592205097182,13.,7.04631896537464));
#3525=CARTESIAN_POINT('Ctrl Pts',(-47.9047867335543,13.,7.65415864436681));
#3526=CARTESIAN_POINT('Ctrl Pts',(-47.8453418514981,13.,8.25971928810621));
#3527=CARTESIAN_POINT('Ctrl Pts',(-47.7868600363211,13.,8.85546924034084));
#3528=CARTESIAN_POINT('Ctrl Pts',(-47.7235281698935,13.,9.44901331504314));
#3529=CARTESIAN_POINT('Ctrl Pts',(-47.6553584939565,13.,10.0398858394835));
#3530=CARTESIAN_POINT('Ctrl Pts',(-47.5881925294681,13.,10.6220585203451));
#3531=CARTESIAN_POINT('Ctrl Pts',(-47.5163301674085,13.,11.2016376592247));
#3532=CARTESIAN_POINT('Ctrl Pts',(-47.4397908040691,13.,11.7782279381192));
#3533=CARTESIAN_POINT('Ctrl Pts',(-47.3641646758201,13.,12.3479385873372));
#3534=CARTESIAN_POINT('Ctrl Pts',(-47.2839724861038,13.,12.9147311850133));
#3535=CARTESIAN_POINT('Ctrl Pts',(-47.1992405348435,13.,13.4782749790159));
#3536=CARTESIAN_POINT('Ctrl Pts',(-47.1129577564956,13.,14.0521331699821));
#3537=CARTESIAN_POINT('Ctrl Pts',(-47.0219675806645,13.,14.6226226499019));
#3538=CARTESIAN_POINT('Ctrl Pts',(-46.9263054557012,13.,15.1894479763534));
#3539=CARTESIAN_POINT('Ctrl Pts',(-46.8261183091626,13.,15.7830853439603));
#3540=CARTESIAN_POINT('Ctrl Pts',(-46.7208068573617,13.,16.3727037402296));
#3541=CARTESIAN_POINT('Ctrl Pts',(-46.6104189689657,13.,16.9580212136215));
#3542=CARTESIAN_POINT('Ctrl Pts',(-46.496128859372,13.,17.5640297092375));
#3543=CARTESIAN_POINT('Ctrl Pts',(-46.3763971979089,13.,18.1654280543466));
#3544=CARTESIAN_POINT('Ctrl Pts',(-46.2512828869353,13.,18.7619614160617));
#3545=CARTESIAN_POINT('Ctrl Pts',(-46.1224219890506,13.,19.3763581546174));
#3546=CARTESIAN_POINT('Ctrl Pts',(-45.9878513799631,13.,19.9855944270719));
#3547=CARTESIAN_POINT('Ctrl Pts',(-45.8476392029163,13.,20.5894482309652));
#3548=CARTESIAN_POINT('Ctrl Pts',(-45.7034361591322,13.,21.21048955816));
#3549=CARTESIAN_POINT('Ctrl Pts',(-45.5532659375158,13.,21.8258378259784));
#3550=CARTESIAN_POINT('Ctrl Pts',(-45.3972048185228,13.,22.4353074663477));
#3551=CARTESIAN_POINT('Ctrl Pts',(-45.2360216199275,13.,23.0647805004727));
#3552=CARTESIAN_POINT('Ctrl Pts',(-45.0685546302746,13.,23.6879828966125));
#3553=CARTESIAN_POINT('Ctrl Pts',(-44.8948881745462,13.,24.3047661690828));
#3554=CARTESIAN_POINT('Ctrl Pts',(-44.7052391183015,13.,24.978312278151));
#3555=CARTESIAN_POINT('Ctrl Pts',(-44.5081972473313,13.,25.6442032150594));
#3556=CARTESIAN_POINT('Ctrl Pts',(-44.3038696633614,13.,26.3023119051336));
#3557=CARTESIAN_POINT('Ctrl Pts',(-44.0919813221187,13.,26.9847726673464));
#3558=CARTESIAN_POINT('Ctrl Pts',(-43.8722583947883,13.,27.6588652473417));
#3559=CARTESIAN_POINT('Ctrl Pts',(-43.6448133754023,13.,28.3245114947608));
#3560=CARTESIAN_POINT('Ctrl Pts',(-43.4014156674187,13.,29.0368452771717));
#3561=CARTESIAN_POINT('Ctrl Pts',(-43.1491751288311,13.,29.7395070556492));
#3562=CARTESIAN_POINT('Ctrl Pts',(-42.888215604555,13.,30.4324622106647));
#3563=CARTESIAN_POINT('Ctrl Pts',(-42.5934585188323,13.,31.2151638292225));
#3564=CARTESIAN_POINT('Ctrl Pts',(-42.2875787074347,13.,31.9854824606886));
#3565=CARTESIAN_POINT('Ctrl Pts',(-41.9707251540177,13.,32.7434325223162));
#3566=CARTESIAN_POINT('Ctrl Pts',(-41.639257858799,13.,33.5363403313941));
#3567=CARTESIAN_POINT('Ctrl Pts',(-41.2957820644203,13.,34.3157147106064));
#3568=CARTESIAN_POINT('Ctrl Pts',(-40.9404241165202,13.,35.0816128033174));
#3569=CARTESIAN_POINT('Ctrl Pts',(-40.608613397038,13.,35.796759878806));
#3570=CARTESIAN_POINT('Ctrl Pts',(-40.2664429077245,13.,36.5001596685909));
#3571=CARTESIAN_POINT('Ctrl Pts',(-39.9139741947786,13.,37.1918591713538));
#3572=CARTESIAN_POINT('Ctrl Pts',(-39.6076356856093,13.,37.7930308120892));
#3573=CARTESIAN_POINT('Ctrl Pts',(-39.2935176620434,13.,38.3853651341438));
#3574=CARTESIAN_POINT('Ctrl Pts',(-38.9716334118433,13.,38.9688754510102));
#3575=CARTESIAN_POINT('',(-25.000000372529,13.,-45.0000006705523));
#3576=CARTESIAN_POINT('Ctrl Pts',(-25.000000372529,13.,-45.0000006705523));
#3577=CARTESIAN_POINT('Ctrl Pts',(-25.1227873260075,13.,-45.018719560444));
#3578=CARTESIAN_POINT('Ctrl Pts',(-25.2450798185625,13.,-45.0387333396218));
#3579=CARTESIAN_POINT('Ctrl Pts',(-25.3669042441888,13.,-45.0600483283916));
#3580=CARTESIAN_POINT('Ctrl Pts',(-25.4936344454566,13.,-45.0822216553161));
#3581=CARTESIAN_POINT('Ctrl Pts',(-25.6198583380251,13.,-45.1058031666949));
#3582=CARTESIAN_POINT('Ctrl Pts',(-25.7456604245022,13.,-45.1308130480183));
#3583=CARTESIAN_POINT('Ctrl Pts',(-25.8777780619992,13.,-45.1570784822974));
#3584=CARTESIAN_POINT('Ctrl Pts',(-26.0094307520788,13.,-45.184919389205));
#3585=CARTESIAN_POINT('Ctrl Pts',(-26.1407719467022,13.,-45.2143720999747));
#3586=CARTESIAN_POINT('Ctrl Pts',(-26.2868202467728,13.,-45.247122817316));
#3587=CARTESIAN_POINT('Ctrl Pts',(-26.4324834044468,13.,-45.281866568331));
#3588=CARTESIAN_POINT('Ctrl Pts',(-26.5780379910415,13.,-45.3186680091824));
#3589=CARTESIAN_POINT('Ctrl Pts',(-26.7330574444297,13.,-45.3578625091851));
#3590=CARTESIAN_POINT('Ctrl Pts',(-26.8879546883821,13.,-45.3993912842705));
#3591=CARTESIAN_POINT('Ctrl Pts',(-27.0431261601288,13.,-45.4433454712008));
#3592=CARTESIAN_POINT('Ctrl Pts',(-27.2359831582373,13.,-45.4979745370351));
#3593=CARTESIAN_POINT('Ctrl Pts',(-27.4292649063149,13.,-45.5563506840857));
#3594=CARTESIAN_POINT('Ctrl Pts',(-27.6238123006217,13.,-45.618662623755));
#3595=CARTESIAN_POINT('Ctrl Pts',(-27.829224723208,13.,-45.6844545431437));
#3596=CARTESIAN_POINT('Ctrl Pts',(-28.0360541753571,13.,-45.7546358167782));
#3597=CARTESIAN_POINT('Ctrl Pts',(-28.2453085693537,13.,-45.8294238999446));
#3598=CARTESIAN_POINT('Ctrl Pts',(-28.4034216551771,13.,-45.8859339420346));
#3599=CARTESIAN_POINT('Ctrl Pts',(-28.5629204014266,13.,-45.9450743121991));
#3600=CARTESIAN_POINT('Ctrl Pts',(-28.7242108448751,13.,-46.0069272402407));
#3601=CARTESIAN_POINT('Ctrl Pts',(-28.8697179473032,13.,-46.0627274485084));
#3602=CARTESIAN_POINT('Ctrl Pts',(-29.0166837997641,13.,-46.1207354239119));
#3603=CARTESIAN_POINT('Ctrl Pts',(-29.1653697534246,13.,-46.1809991166682));
#3604=CARTESIAN_POINT('Ctrl Pts',(-29.3049944684623,13.,-46.2375902116646));
#3605=CARTESIAN_POINT('Ctrl Pts',(-29.4461364030653,13.,-46.296170550961));
#3606=CARTESIAN_POINT('Ctrl Pts',(-29.588971312978,13.,-46.356766841578));
#3607=CARTESIAN_POINT('Ctrl Pts',(-29.7254777844132,13.,-46.4146783550816));
#3608=CARTESIAN_POINT('Ctrl Pts',(-29.8635307896845,13.,-46.4744311795515));
#3609=CARTESIAN_POINT('Ctrl Pts',(-30.0032409654491,13.,-46.5360355308693));
#3610=CARTESIAN_POINT('Ctrl Pts',(-30.1391508936776,13.,-46.5959641861754));
#3611=CARTESIAN_POINT('Ctrl Pts',(-30.2766293478796,13.,-46.6576450682388));
#3612=CARTESIAN_POINT('Ctrl Pts',(-30.415732758201,13.,-46.7210741619743));
#3613=CARTESIAN_POINT('Ctrl Pts',(-30.5526626777362,13.,-46.7835121761203));
#3614=CARTESIAN_POINT('Ctrl Pts',(-30.691167488872,13.,-46.8476442677699));
#3615=CARTESIAN_POINT('Ctrl Pts',(-30.8312518688633,13.,-46.9134524546675));
#3616=CARTESIAN_POINT('Ctrl Pts',(-30.9691474304172,13.,-46.9782323886448));
#3617=CARTESIAN_POINT('Ctrl Pts',(-31.1085739158062,13.,-47.0446365376042));
#3618=CARTESIAN_POINT('Ctrl Pts',(-31.2494831923917,13.,-47.1126328480571));
#3619=CARTESIAN_POINT('Ctrl Pts',(-31.3881907615306,13.,-47.1795667161591));
#3620=CARTESIAN_POINT('Ctrl Pts',(-31.5283355260887,13.,-47.24804350304));
#3621=CARTESIAN_POINT('Ctrl Pts',(-31.6698147300579,13.,-47.318016390434));
#3622=CARTESIAN_POINT('Ctrl Pts',(-31.800855472269,13.,-47.3828266158349));
#3623=CARTESIAN_POINT('Ctrl Pts',(-31.9330407518958,13.,-47.4489202552868));
#3624=CARTESIAN_POINT('Ctrl Pts',(-32.0662399248396,13.,-47.5162459392044));
#3625=CARTESIAN_POINT('Ctrl Pts',(-32.1961395370085,13.,-47.5819038561164));
#3626=CARTESIAN_POINT('Ctrl Pts',(-32.3270035526393,13.,-47.6487335762317));
#3627=CARTESIAN_POINT('Ctrl Pts',(-32.4586627097042,13.,-47.716673423178));
#3628=CARTESIAN_POINT('Ctrl Pts',(-32.5886394986853,13.,-47.7837451206339));
#3629=CARTESIAN_POINT('Ctrl Pts',(-32.7193913474748,13.,-47.8518988065782));
#3630=CARTESIAN_POINT('Ctrl Pts',(-32.8507058148522,13.,-47.9210605239722));
#3631=CARTESIAN_POINT('Ctrl Pts',(-32.9894012630719,13.,-47.9941097133357));
#3632=CARTESIAN_POINT('Ctrl Pts',(-33.128724424793,13.,-48.0682836066065));
#3633=CARTESIAN_POINT('Ctrl Pts',(-33.2683674002918,13.,-48.1434767662512));
#3634=CARTESIAN_POINT('Ctrl Pts',(-33.4105752897038,13.,-48.2200510478653));
#3635=CARTESIAN_POINT('Ctrl Pts',(-33.5531144888637,13.,-48.2976824475725));
#3636=CARTESIAN_POINT('Ctrl Pts',(-33.6956045284029,13.,-48.3762395063223));
#3637=CARTESIAN_POINT('Ctrl Pts',(-33.8435233051699,13.,-48.4577895155318));
#3638=CARTESIAN_POINT('Ctrl Pts',(-33.9913888201343,13.,-48.5403372079356));
#3639=CARTESIAN_POINT('Ctrl Pts',(-34.1387211429755,13.,-48.6237123147306));
#3640=CARTESIAN_POINT('Ctrl Pts',(-34.2947607846832,13.,-48.7120148782194));
#3641=CARTESIAN_POINT('Ctrl Pts',(-34.4502020327285,13.,-48.8012458379118));
#3642=CARTESIAN_POINT('Ctrl Pts',(-34.604419250845,13.,-48.891173854604));
#3643=CARTESIAN_POINT('Ctrl Pts',(-34.7679903571377,13.,-48.9865563634879));
#3644=CARTESIAN_POINT('Ctrl Pts',(-34.93018257783,13.,-49.0827239919101));
#3645=CARTESIAN_POINT('Ctrl Pts',(-35.090204503926,13.,-49.1793597438195));
#3646=CARTESIAN_POINT('Ctrl Pts',(-35.2426812995203,13.,-49.2714390616385));
#3647=CARTESIAN_POINT('Ctrl Pts',(-35.3931853602459,13.,-49.3639435913864));
#3648=CARTESIAN_POINT('Ctrl Pts',(-35.5410248573281,13.,-49.4565556325223));
#3649=CARTESIAN_POINT('Ctrl Pts',(-35.6762853864096,13.,-49.5412877503297));
#3650=CARTESIAN_POINT('Ctrl Pts',(-35.8093142460533,13.,-49.626109670261));
#3651=CARTESIAN_POINT('Ctrl Pts',(-35.9395988951156,13.,-49.7107414122334));
#3652=CARTESIAN_POINT('Ctrl Pts',(-36.064614700144,13.,-49.7919505602779));
#3653=CARTESIAN_POINT('Ctrl Pts',(-36.1871028992373,13.,-49.872984602445));
#3654=CARTESIAN_POINT('Ctrl Pts',(-36.3066421872709,13.,-49.9535616475386));
#3655=CARTESIAN_POINT('Ctrl Pts',(-36.4261235751168,13.,-50.0340996642415));
#3656=CARTESIAN_POINT('Ctrl Pts',(-36.5426586548207,13.,-50.1141808196753));
#3657=CARTESIAN_POINT('Ctrl Pts',(-36.6558671597997,13.,-50.1934905116157));
#3658=CARTESIAN_POINT('Ctrl Pts',(-36.7689117028175,13.,-50.2726853378695));
#3659=CARTESIAN_POINT('Ctrl Pts',(-36.878639093668,13.,-50.3511105979787));
#3660=CARTESIAN_POINT('Ctrl Pts',(-36.9847143092193,13.,-50.428424951582));
#3661=CARTESIAN_POINT('Ctrl Pts',(-37.0903174531676,13.,-50.5053952294213));
#3662=CARTESIAN_POINT('Ctrl Pts',(-37.1923006776558,13.,-50.5812641265084));
#3663=CARTESIAN_POINT('Ctrl Pts',(-37.2903794929395,13.,-50.6556720336993));
#3664=CARTESIAN_POINT('Ctrl Pts',(-37.3855682925668,13.,-50.727887418314));
#3665=CARTESIAN_POINT('Ctrl Pts',(-37.4770794218599,13.,-50.7987262740055));
#3666=CARTESIAN_POINT('Ctrl Pts',(-37.5646970594083,13.,-50.8678436587311));
#3667=CARTESIAN_POINT('Ctrl Pts',(-37.6443061691362,13.,-50.9306434969678));
#3668=CARTESIAN_POINT('Ctrl Pts',(-37.72070076024,13.,-50.9920223531236));
#3669=CARTESIAN_POINT('Ctrl Pts',(-37.7937556770368,13.,-51.0517102388264));
#3670=CARTESIAN_POINT('Ctrl Pts',(-37.8616201959706,13.,-51.1071574260523));
#3671=CARTESIAN_POINT('Ctrl Pts',(-37.9266023919551,13.,-51.1611456451298));
#3672=CARTESIAN_POINT('Ctrl Pts',(-37.9886405098961,13.,-51.213444405249));
#3673=CARTESIAN_POINT('Ctrl Pts',(-38.0483992820243,13.,-51.2638216538225));
#3674=CARTESIAN_POINT('Ctrl Pts',(-38.1054259538175,13.,-51.3126315422474));
#3675=CARTESIAN_POINT('Ctrl Pts',(-38.1597078749159,13.,-51.3596509795909));
#3676=CARTESIAN_POINT('Ctrl Pts',(-38.2131416409972,13.,-51.4059357382259));
#3677=CARTESIAN_POINT('Ctrl Pts',(-38.2639153013885,13.,-51.450485812791));
#3678=CARTESIAN_POINT('Ctrl Pts',(-38.3120651538751,13.,-51.4930679096121));
#3679=CARTESIAN_POINT('Ctrl Pts',(-38.3594626649166,13.,-51.5349846611703));
#3680=CARTESIAN_POINT('Ctrl Pts',(-38.4043173212113,13.,-51.5749946751932));
#3681=CARTESIAN_POINT('Ctrl Pts',(-38.4467172858775,13.,-51.612851924395));
#3682=CARTESIAN_POINT('Ctrl Pts',(-38.4884547510958,13.,-51.650117654078));
#3683=CARTESIAN_POINT('Ctrl Pts',(-38.5278135373472,13.,-51.6852973642774));
#3684=CARTESIAN_POINT('Ctrl Pts',(-38.5649345622751,13.,-51.7181311379821));
#3685=CARTESIAN_POINT('Ctrl Pts',(-38.6036379393303,13.,-51.7523645118262));
#3686=CARTESIAN_POINT('Ctrl Pts',(-38.6399090211234,13.,-51.7840471319618));
#3687=CARTESIAN_POINT('Ctrl Pts',(-38.6739676035891,13.,-51.8128617095774));
#3688=CARTESIAN_POINT('Ctrl Pts',(-38.7105308175639,13.,-51.8437952802278));
#3689=CARTESIAN_POINT('Ctrl Pts',(-38.7445444183568,13.,-51.8714226695026));
#3690=CARTESIAN_POINT('Ctrl Pts',(-38.7763440825707,13.,-51.8953363179899));
#3691=CARTESIAN_POINT('Ctrl Pts',(-38.8106298000773,13.,-51.9211195020848));
#3692=CARTESIAN_POINT('Ctrl Pts',(-38.8423425372958,13.,-51.9425841549351));
#3693=CARTESIAN_POINT('Ctrl Pts',(-38.8719674618963,13.,-51.9592204289258));
#3694=CARTESIAN_POINT('Ctrl Pts',(-38.9020337977263,13.,-51.9761045833164));
#3695=CARTESIAN_POINT('Ctrl Pts',(-38.9299512132594,13.,-51.9880136790213));
#3696=CARTESIAN_POINT('Ctrl Pts',(-38.9562724894986,13.,-51.9944402585548));
#3697=CARTESIAN_POINT('Ctrl Pts',(-38.980896856963,13.,-52.0004525223423));
#3698=CARTESIAN_POINT('Ctrl Pts',(-39.0041258472043,13.,-52.0016655292215));
#3699=CARTESIAN_POINT('Ctrl Pts',(-39.0264283588411,13.,-51.9977037450509));
#3700=CARTESIAN_POINT('Ctrl Pts',(-39.0470693904755,13.,-51.9940371036552));
#3701=CARTESIAN_POINT('Ctrl Pts',(-39.0669179842849,13.,-51.9859377780867));
#3702=CARTESIAN_POINT('Ctrl Pts',(-39.0863415264645,13.,-51.9731499072726));
#3703=CARTESIAN_POINT('Ctrl Pts',(-39.1045300329989,13.,-51.9611751464535));
#3704=CARTESIAN_POINT('Ctrl Pts',(-39.1223464930195,13.,-51.9450890451879));
#3705=CARTESIAN_POINT('Ctrl Pts',(-39.1400764355837,13.,-51.9247214652278));
#3706=CARTESIAN_POINT('Ctrl Pts',(-39.156902887589,13.,-51.9053917857648));
#3707=CARTESIAN_POINT('Ctrl Pts',(-39.1736518551614,13.,-51.8822058076639));
#3708=CARTESIAN_POINT('Ctrl Pts',(-39.1905447115926,13.,-51.8550562987156));
#3709=CARTESIAN_POINT('Ctrl Pts',(-39.2067345836465,13.,-51.8290365975483));
#3710=CARTESIAN_POINT('Ctrl Pts',(-39.2230569366999,13.,-51.7993763297338));
#3711=CARTESIAN_POINT('Ctrl Pts',(-39.2396798847106,13.,-51.7660179471259));
#3712=CARTESIAN_POINT('Ctrl Pts',(-39.2557599205068,13.,-51.7337490628046));
#3713=CARTESIAN_POINT('Ctrl Pts',(-39.2721214971462,13.,-51.6980196205919));
#3714=CARTESIAN_POINT('Ctrl Pts',(-39.2888870352592,13.,-51.6588136312134));
#3715=CARTESIAN_POINT('Ctrl Pts',(-39.3056797458232,13.,-51.6195440994172));
#3716=CARTESIAN_POINT('Ctrl Pts',(-39.322878059816,13.,-51.5767865454775));
#3717=CARTESIAN_POINT('Ctrl Pts',(-39.340569681236,13.,-51.530564209484));
#3718=CARTESIAN_POINT('Ctrl Pts',(-39.3588053736239,13.,-51.4829203965955));
#3719=CARTESIAN_POINT('Ctrl Pts',(-39.3775650612103,13.,-51.4315955231386));
#3720=CARTESIAN_POINT('Ctrl Pts',(-39.3969058235011,13.,-51.3766574552184));
#3721=CARTESIAN_POINT('Ctrl Pts',(-39.4169692507878,13.,-51.3196666337388));
#3722=CARTESIAN_POINT('Ctrl Pts',(-39.4376578330252,13.,-51.2587876875055));
#3723=CARTESIAN_POINT('Ctrl Pts',(-39.458996111193,13.,-51.1941395732718));
#3724=CARTESIAN_POINT('Ctrl Pts',(-39.481310693044,13.,-51.1265335731417));
#3725=CARTESIAN_POINT('Ctrl Pts',(-39.5043355885627,13.,-51.0548057633805));
#3726=CARTESIAN_POINT('Ctrl Pts',(-39.5280594352877,13.,-50.9791364597726));
#3727=CARTESIAN_POINT('Ctrl Pts',(-39.5531813585805,13.,-50.8990078675216));
#3728=CARTESIAN_POINT('Ctrl Pts',(-39.5790867799346,13.,-50.8144597371789));
#3729=CARTESIAN_POINT('Ctrl Pts',(-39.6057224140976,13.,-50.7257521034896));
#3730=CARTESIAN_POINT('Ctrl Pts',(-39.6345563139331,13.,-50.6297233395872));
#3731=CARTESIAN_POINT('Ctrl Pts',(-39.664245536939,13.,-50.5288204435222));
#3732=CARTESIAN_POINT('Ctrl Pts',(-39.6946821078787,13.,-50.4234221138247));
#3733=CARTESIAN_POINT('Ctrl Pts',(-39.7276766158486,13.,-50.3091659436372));
#3734=CARTESIAN_POINT('Ctrl Pts',(-39.7615487876031,13.,-50.1896274708663));
#3735=CARTESIAN_POINT('Ctrl Pts',(-39.7961244516752,13.,-50.065337277304));
#3736=CARTESIAN_POINT('Ctrl Pts',(-39.8322133277362,13.,-49.9356074944802));
#3737=CARTESIAN_POINT('Ctrl Pts',(-39.8690685933784,13.,-49.8007012561775));
#3738=CARTESIAN_POINT('Ctrl Pts',(-39.9064577949573,13.,-49.6612666691922));
#3739=CARTESIAN_POINT('Ctrl Pts',(-39.9471984721314,13.,-49.5093335105428));
#3740=CARTESIAN_POINT('Ctrl Pts',(-39.9885732876234,13.,-49.3520239921948));
#3741=CARTESIAN_POINT('Ctrl Pts',(-40.0302398135255,13.,-49.1902253071314));
#3742=CARTESIAN_POINT('Ctrl Pts',(-40.07534242531,13.,-49.01508367673));
#3743=CARTESIAN_POINT('Ctrl Pts',(-40.1207868931175,13.,-48.8346826265001));
#3744=CARTESIAN_POINT('Ctrl Pts',(-40.1660900255264,13.,-48.6501951697864));
#3745=CARTESIAN_POINT('Ctrl Pts',(-40.2164327115579,13.,-48.4451851932963));
#3746=CARTESIAN_POINT('Ctrl Pts',(-40.2666007205613,13.,-48.2351306776258));
#3747=CARTESIAN_POINT('Ctrl Pts',(-40.3158722448044,13.,-48.0216807458594));
#3748=CARTESIAN_POINT('Ctrl Pts',(-40.3649906286096,13.,-47.8088942361505));
#3749=CARTESIAN_POINT('Ctrl Pts',(-40.4132148254152,13.,-47.5927372937752));
#3750=CARTESIAN_POINT('Ctrl Pts',(-40.4598030996976,13.,-47.3748365944818));
#3751=CARTESIAN_POINT('Ctrl Pts',(-40.4973923442263,13.,-47.1990257752388));
#3752=CARTESIAN_POINT('Ctrl Pts',(-40.533915411966,13.,-47.022080492842));
#3753=CARTESIAN_POINT('Ctrl Pts',(-40.5689921545579,13.,-46.8448254043878));
#3754=CARTESIAN_POINT('Ctrl Pts',(-40.6007735701161,13.,-46.6842227597373));
#3755=CARTESIAN_POINT('Ctrl Pts',(-40.6313671663669,13.,-46.5233661583971));
#3756=CARTESIAN_POINT('Ctrl Pts',(-40.6605086956057,13.,-46.3628352093321));
#3757=CARTESIAN_POINT('Ctrl Pts',(-40.6877362914709,13.,-46.2128474798212));
#3758=CARTESIAN_POINT('Ctrl Pts',(-40.7136960066252,13.,-46.0631442727586));
#3759=CARTESIAN_POINT('Ctrl Pts',(-40.7381944492657,13.,-45.9141631423441));
#3760=CARTESIAN_POINT('Ctrl Pts',(-40.7614300052009,13.,-45.7728619404744));
#3761=CARTESIAN_POINT('Ctrl Pts',(-40.7833508647503,13.,-45.6322105264879));
#3762=CARTESIAN_POINT('Ctrl Pts',(-40.8038160003021,13.,-45.4925460469524));
#3763=CARTESIAN_POINT('Ctrl Pts',(-40.8235750149995,13.,-45.3577004947762));
#3764=CARTESIAN_POINT('Ctrl Pts',(-40.8419768429561,13.,-45.223775186459));
#3765=CARTESIAN_POINT('Ctrl Pts',(-40.8589203028432,13.,-45.0910353853473));
#3766=CARTESIAN_POINT('Ctrl Pts',(-40.8753342796088,13.,-44.9624437030203));
#3767=CARTESIAN_POINT('Ctrl Pts',(-40.8903794696949,13.,-44.8349647757028));
#3768=CARTESIAN_POINT('Ctrl Pts',(-40.9039908358084,13.,-44.7088002443768));
#3769=CARTESIAN_POINT('Ctrl Pts',(-40.9171768467308,13.,-44.5865783546547));
#3770=CARTESIAN_POINT('Ctrl Pts',(-40.929017149699,13.,-44.4655901188465));
#3771=CARTESIAN_POINT('Ctrl Pts',(-40.9394800309158,13.,-44.3459789710653));
#3772=CARTESIAN_POINT('Ctrl Pts',(-40.9496666990055,13.,-44.2295254782815));
#3773=CARTESIAN_POINT('Ctrl Pts',(-40.9585476240806,13.,-44.1143774372216));
#3774=CARTESIAN_POINT('Ctrl Pts',(-40.9661213059982,13.,-44.0006270552982));
#3775=CARTESIAN_POINT('Ctrl Pts',(-40.9738926714374,13.,-43.8839076318546));
#3776=CARTESIAN_POINT('Ctrl Pts',(-40.9802874547024,13.,-43.7686600863875));
#3777=CARTESIAN_POINT('Ctrl Pts',(-40.9853368249629,13.,-43.6549367494059));
#3778=CARTESIAN_POINT('Ctrl Pts',(-40.9907288302268,13.,-43.5334964905203));
#3779=CARTESIAN_POINT('Ctrl Pts',(-40.9945868980195,13.,-43.4137940539761));
#3780=CARTESIAN_POINT('Ctrl Pts',(-40.9969852051157,13.,-43.2958398747825));
#3781=CARTESIAN_POINT('Ctrl Pts',(-40.9996282541381,13.,-43.1658487328994));
#3782=CARTESIAN_POINT('Ctrl Pts',(-41.0004988424671,13.,-43.0379804696316));
#3783=CARTESIAN_POINT('Ctrl Pts',(-40.9997336238247,13.,-42.9121911334862));
#3784=CARTESIAN_POINT('Ctrl Pts',(-40.998885555358,13.,-42.7727826513754));
#3785=CARTESIAN_POINT('Ctrl Pts',(-40.9960294562399,13.,-42.6359263903415));
#3786=CARTESIAN_POINT('Ctrl Pts',(-40.9913824198918,13.,-42.5015075400856));
#3787=CARTESIAN_POINT('Ctrl Pts',(-40.9857022820608,13.,-42.3372054904909));
#3788=CARTESIAN_POINT('Ctrl Pts',(-40.9773502300337,13.,-42.1765411372076));
#3789=CARTESIAN_POINT('Ctrl Pts',(-40.9667276016444,13.,-42.0192660328835));
#3790=CARTESIAN_POINT('Ctrl Pts',(-40.9573556695355,13.,-41.8805083218801));
#3791=CARTESIAN_POINT('Ctrl Pts',(-40.9462174014251,13.,-41.7443868535571));
#3792=CARTESIAN_POINT('Ctrl Pts',(-40.9335512516345,13.,-41.6107555798121));
#3793=CARTESIAN_POINT('Ctrl Pts',(-40.9198331560814,13.,-41.4660259964399));
#3794=CARTESIAN_POINT('Ctrl Pts',(-40.9043228942708,13.,-41.3242175660766));
#3795=CARTESIAN_POINT('Ctrl Pts',(-40.887273217933,13.,-41.1851822131972));
#3796=CARTESIAN_POINT('Ctrl Pts',(-40.8689130849887,13.,-41.0354604523708));
#3797=CARTESIAN_POINT('Ctrl Pts',(-40.8487675724731,13.,-40.8889549193271));
#3798=CARTESIAN_POINT('Ctrl Pts',(-40.8270977759445,13.,-40.7455174240901));
#3799=CARTESIAN_POINT('Ctrl Pts',(-40.8031526695935,13.,-40.5870191163816));
#3800=CARTESIAN_POINT('Ctrl Pts',(-40.7773459253867,13.,-40.4322679069391));
#3801=CARTESIAN_POINT('Ctrl Pts',(-40.749970560561,13.,-40.2810958323612));
#3802=CARTESIAN_POINT('Ctrl Pts',(-40.721914291404,13.,-40.1261636719903));
#3803=CARTESIAN_POINT('Ctrl Pts',(-40.6922101532893,13.,-39.9749910598619));
#3804=CARTESIAN_POINT('Ctrl Pts',(-40.661124279275,13.,-39.8274156707111));
#3805=CARTESIAN_POINT('Ctrl Pts',(-40.6304250040582,13.,-39.6816755996842));
#3806=CARTESIAN_POINT('Ctrl Pts',(-40.598378084001,13.,-39.5394435165572));
#3807=CARTESIAN_POINT('Ctrl Pts',(-40.5651934170676,13.,-39.4005840812352));
#3808=CARTESIAN_POINT('Ctrl Pts',(-40.5323904986055,13.,-39.2633220516454));
#3809=CARTESIAN_POINT('Ctrl Pts',(-40.4984758049348,13.,-39.129355227597));
#3810=CARTESIAN_POINT('Ctrl Pts',(-40.4636072794417,13.,-38.9985780490785));
#3811=CARTESIAN_POINT('Ctrl Pts',(-40.4276001586434,13.,-38.863530478297));
#3812=CARTESIAN_POINT('Ctrl Pts',(-40.3905758846541,13.,-38.7318841027999));
#3813=CARTESIAN_POINT('Ctrl Pts',(-40.3526593476694,13.,-38.6035546910627));
#3814=CARTESIAN_POINT('Ctrl Pts',(-40.3123607635743,13.,-38.4671631848222));
#3815=CARTESIAN_POINT('Ctrl Pts',(-40.2710539350926,13.,-38.334518811145));
#3816=CARTESIAN_POINT('Ctrl Pts',(-40.2288376941918,13.,-38.2055539286838));
#3817=CARTESIAN_POINT('Ctrl Pts',(-40.1803267348088,13.,-38.0573595361606));
#3818=CARTESIAN_POINT('Ctrl Pts',(-40.1306147657574,13.,-37.914024026659));
#3819=CARTESIAN_POINT('Ctrl Pts',(-40.0797893338976,13.,-37.7754833992711));
#3820=CARTESIAN_POINT('Ctrl Pts',(-40.0254347959386,13.,-37.6273230882877));
#3821=CARTESIAN_POINT('Ctrl Pts',(-39.9698058331907,13.,-37.4846470868304));
#3822=CARTESIAN_POINT('Ctrl Pts',(-39.9129558950142,13.,-37.3474081264175));
#3823=CARTESIAN_POINT('Ctrl Pts',(-39.8518103460998,13.,-37.1997993191601));
#3824=CARTESIAN_POINT('Ctrl Pts',(-39.7892515788382,13.,-37.0584798344055));
#3825=CARTESIAN_POINT('Ctrl Pts',(-39.7252980388525,13.,-36.9234274831662));
#3826=CARTESIAN_POINT('Ctrl Pts',(-39.7059171249937,13.,-36.882500304055));
#3827=CARTESIAN_POINT('Ctrl Pts',(-39.6864078533181,13.,-36.8421489446428));
#3828=CARTESIAN_POINT('Ctrl Pts',(-39.6667701416206,13.,-36.8023734717377));
#3829=CARTESIAN_POINT('',(-11.0000001639128,13.,-57.0000008493662));
#3830=CARTESIAN_POINT('Ctrl Pts',(-11.0000001639128,13.,-57.0000008493662));
#3831=CARTESIAN_POINT('Ctrl Pts',(-11.2719459104055,13.,-56.977123961032));
#3832=CARTESIAN_POINT('Ctrl Pts',(-11.5410680946232,13.,-56.9487174635652));
#3833=CARTESIAN_POINT('Ctrl Pts',(-11.8073544923231,13.,-56.9147574172482));
#3834=CARTESIAN_POINT('Ctrl Pts',(-12.077817346048,13.,-56.8802647389932));
#3835=CARTESIAN_POINT('Ctrl Pts',(-12.3453547216969,13.,-56.8400428616947));
#3836=CARTESIAN_POINT('Ctrl Pts',(-12.6099291906145,13.,-56.794018485806));
#3837=CARTESIAN_POINT('Ctrl Pts',(-12.8824331298807,13.,-56.7466147291879));
#3838=CARTESIAN_POINT('Ctrl Pts',(-13.1517938707629,13.,-56.6930553943333));
#3839=CARTESIAN_POINT('Ctrl Pts',(-13.4179449127947,13.,-56.6332102480299));
#3840=CARTESIAN_POINT('Ctrl Pts',(-13.7015591104817,13.,-56.5694384400193));
#3841=CARTESIAN_POINT('Ctrl Pts',(-13.981528408082,13.,-56.4985285309708));
#3842=CARTESIAN_POINT('Ctrl Pts',(-14.2577452297158,13.,-56.4202698463859));
#3843=CARTESIAN_POINT('Ctrl Pts',(-14.5655833924769,13.,-56.3330520964306));
#3844=CARTESIAN_POINT('Ctrl Pts',(-14.8687604685711,13.,-56.2367061655151));
#3845=CARTESIAN_POINT('Ctrl Pts',(-15.1670980441881,13.,-56.1308826515231));
#3846=CARTESIAN_POINT('Ctrl Pts',(-15.7144796727516,13.,-55.9367205607792));
#3847=CARTESIAN_POINT('Ctrl Pts',(-16.2455663426445,13.,-55.7106467416959));
#3848=CARTESIAN_POINT('Ctrl Pts',(-16.759153326385,13.,-55.4503018795381));
#3849=CARTESIAN_POINT('Ctrl Pts',(-16.9880937263625,13.,-55.3342485939964));
#3850=CARTESIAN_POINT('Ctrl Pts',(-17.2135561604577,13.,-55.2113841280985));
#3851=CARTESIAN_POINT('Ctrl Pts',(-17.4354455262308,13.,-55.0815222350863));
#3852=CARTESIAN_POINT('Ctrl Pts',(-17.6393514856428,13.,-54.9621852231775));
#3853=CARTESIAN_POINT('Ctrl Pts',(-17.8402396894242,13.,-54.8369382976675));
#3854=CARTESIAN_POINT('Ctrl Pts',(-18.0380539406646,13.,-54.7056714036268));
#3855=CARTESIAN_POINT('Ctrl Pts',(-18.2251761138691,13.,-54.5814996297092));
#3856=CARTESIAN_POINT('Ctrl Pts',(-18.4095475187365,13.,-54.4519408048843));
#3857=CARTESIAN_POINT('Ctrl Pts',(-18.5911408336631,13.,-54.3169414230579));
#3858=CARTESIAN_POINT('Ctrl Pts',(-18.7667977135523,13.,-54.186355282218));
#3859=CARTESIAN_POINT('Ctrl Pts',(-18.9398550646267,13.,-54.0506782749933));
#3860=CARTESIAN_POINT('Ctrl Pts',(-19.110309261058,13.,-53.9099033006324));
#3861=CARTESIAN_POINT('Ctrl Pts',(-19.2825775617752,13.,-53.767630091029));
#3862=CARTESIAN_POINT('Ctrl Pts',(-19.4521867730049,13.,-53.6201493725842));
#3863=CARTESIAN_POINT('Ctrl Pts',(-19.6191579413825,13.,-53.4675023626175));
#3864=CARTESIAN_POINT('Ctrl Pts',(-19.7994625225335,13.,-53.3026657895526));
#3865=CARTESIAN_POINT('Ctrl Pts',(-19.9766911180443,13.,-53.1318052663753));
#3866=CARTESIAN_POINT('Ctrl Pts',(-20.1509003278999,13.,-52.9550316373894));
#3867=CARTESIAN_POINT('Ctrl Pts',(-20.3495425155151,13.,-52.7534653688578));
#3868=CARTESIAN_POINT('Ctrl Pts',(-20.5442594126365,13.,-52.5442118882007));
#3869=CARTESIAN_POINT('Ctrl Pts',(-20.735167951075,13.,-52.3275001923896));
#3870=CARTESIAN_POINT('Ctrl Pts',(-20.9711156245668,13.,-52.0596618816291));
#3871=CARTESIAN_POINT('Ctrl Pts',(-21.2012467546392,13.,-51.7804325660059));
#3872=CARTESIAN_POINT('Ctrl Pts',(-21.4258179911091,13.,-51.490314863502));
#3873=CARTESIAN_POINT('Ctrl Pts',(-21.7295840235199,13.,-51.0978874769541));
#3874=CARTESIAN_POINT('Ctrl Pts',(-22.0231812471447,13.,-50.6855456941793));
#3875=CARTESIAN_POINT('Ctrl Pts',(-22.307272804164,13.,-50.254588199853));
#3876=CARTESIAN_POINT('Ctrl Pts',(-22.4996891939256,13.,-49.9626989016669));
#3877=CARTESIAN_POINT('Ctrl Pts',(-22.6877455700112,13.,-49.6622710379788));
#3878=CARTESIAN_POINT('Ctrl Pts',(-22.8716327640296,13.,-49.3536783296784));
#3879=CARTESIAN_POINT('Ctrl Pts',(-23.0394385160518,13.,-49.0720729043449));
#3880=CARTESIAN_POINT('Ctrl Pts',(-23.2037727271906,13.,-48.783668881248));
#3881=CARTESIAN_POINT('Ctrl Pts',(-23.3647600820156,13.,-48.4887104402097));
#3882=CARTESIAN_POINT('Ctrl Pts',(-23.5179684923203,13.,-48.2080044561491));
#3883=CARTESIAN_POINT('Ctrl Pts',(-23.6681457114621,13.,-47.9213622466045));
#3884=CARTESIAN_POINT('Ctrl Pts',(-23.8153778731768,13.,-47.6289524941993));
#3885=CARTESIAN_POINT('Ctrl Pts',(-23.9598606246614,13.,-47.3420031952391));
#3886=CARTESIAN_POINT('Ctrl Pts',(-24.1015073955957,13.,-47.0494999674405));
#3887=CARTESIAN_POINT('Ctrl Pts',(-24.240377287348,13.,-46.751558553767));
#3888=CARTESIAN_POINT('Ctrl Pts',(-24.3773538593185,13.,-46.457679203981));
#3889=CARTESIAN_POINT('Ctrl Pts',(-24.5116287750717,13.,-46.158508983503));
#3890=CARTESIAN_POINT('Ctrl Pts',(-24.6432358115943,13.,-45.8541140405228));
#3891=CARTESIAN_POINT('Ctrl Pts',(-24.7644165901573,13.,-45.5738340710349));
#3892=CARTESIAN_POINT('Ctrl Pts',(-24.8833352491565,13.,-45.2891240108398));
#3893=CARTESIAN_POINT('Ctrl Pts',(-25.000000372529,13.,-45.0000006705523));
#3894=CARTESIAN_POINT('',(-14.0000002086163,13.,-43.0000006407499));
#3895=CARTESIAN_POINT('Ctrl Pts',(-14.0000002086163,13.,-43.0000006407499));
#3896=CARTESIAN_POINT('Ctrl Pts',(-13.9700200548557,13.,-43.2479268248014));
#3897=CARTESIAN_POINT('Ctrl Pts',(-13.9382121618257,13.,-43.4983113908155));
#3898=CARTESIAN_POINT('Ctrl Pts',(-13.9045594451371,13.,-43.7511773179745));
#3899=CARTESIAN_POINT('Ctrl Pts',(-13.8694160474983,13.,-44.0152441958343));
#3900=CARTESIAN_POINT('Ctrl Pts',(-13.8322607623656,13.,-44.2820171423377));
#3901=CARTESIAN_POINT('Ctrl Pts',(-13.7930372847613,13.,-44.5515718899174));
#3902=CARTESIAN_POINT('Ctrl Pts',(-13.7491978337255,13.,-44.8528489025577));
#3903=CARTESIAN_POINT('Ctrl Pts',(-13.702774391071,13.,-45.1576014866279));
#3904=CARTESIAN_POINT('Ctrl Pts',(-13.6536444815415,13.,-45.4659943762157));
#3905=CARTESIAN_POINT('Ctrl Pts',(-13.5863571454998,13.,-45.8883630757168));
#3906=CARTESIAN_POINT('Ctrl Pts',(-13.5139911361202,13.,-46.3175627927129));
#3907=CARTESIAN_POINT('Ctrl Pts',(-13.4361637016752,13.,-46.7541083434897));
#3908=CARTESIAN_POINT('Ctrl Pts',(-13.3843098095032,13.,-47.0449644674199));
#3909=CARTESIAN_POINT('Ctrl Pts',(-13.3300291528415,13.,-47.3390846860421));
#3910=CARTESIAN_POINT('Ctrl Pts',(-13.2732172561026,13.,-47.6366095231736));
#3911=CARTESIAN_POINT('Ctrl Pts',(-13.2253248025528,13.,-47.8874230897001));
#3912=CARTESIAN_POINT('Ctrl Pts',(-13.1756329109521,13.,-48.1406569719249));
#3913=CARTESIAN_POINT('Ctrl Pts',(-13.1241020496574,13.,-48.3963643414786));
#3914=CARTESIAN_POINT('Ctrl Pts',(-13.075062603747,13.,-48.6397087646661));
#3915=CARTESIAN_POINT('Ctrl Pts',(-13.0243575386486,13.,-48.8852935118621));
#3916=CARTESIAN_POINT('Ctrl Pts',(-12.9719808868452,13.,-49.1331266096142));
#3917=CARTESIAN_POINT('Ctrl Pts',(-12.919775370812,13.,-49.3801499360925));
#3918=CARTESIAN_POINT('Ctrl Pts',(-12.8659089648484,13.,-49.6294072255397));
#3919=CARTESIAN_POINT('Ctrl Pts',(-12.8104076764259,13.,-49.8808634968728));
#3920=CARTESIAN_POINT('Ctrl Pts',(-12.7467864181663,13.,-50.1691084157604));
#3921=CARTESIAN_POINT('Ctrl Pts',(-12.681017445758,13.,-50.4602420955393));
#3922=CARTESIAN_POINT('Ctrl Pts',(-12.6131818331626,13.,-50.7541554885087));
#3923=CARTESIAN_POINT('Ctrl Pts',(-12.5169986278341,13.,-51.1708913466104));
#3924=CARTESIAN_POINT('Ctrl Pts',(-12.4166622457709,13.,-51.5932133924884));
#3925=CARTESIAN_POINT('Ctrl Pts',(-12.3124662125428,13.,-52.0207268225843));
#3926=CARTESIAN_POINT('Ctrl Pts',(-12.2153537604622,13.,-52.4191765159918));
#3927=CARTESIAN_POINT('Ctrl Pts',(-12.114891995542,13.,-52.8221311682862));
#3928=CARTESIAN_POINT('Ctrl Pts',(-12.0113204410799,13.,-53.2292686111116));
#3929=CARTESIAN_POINT('Ctrl Pts',(-11.9253007010751,13.,-53.5674102674758));
#3930=CARTESIAN_POINT('Ctrl Pts',(-11.8371365825947,13.,-53.9084361981169));
#3931=CARTESIAN_POINT('Ctrl Pts',(-11.746944553601,13.,-54.2521897489963));
#3932=CARTESIAN_POINT('Ctrl Pts',(-11.6603098192969,13.,-54.5823851984031));
#3933=CARTESIAN_POINT('Ctrl Pts',(-11.5718042404914,13.,-54.9150970080197));
#3934=CARTESIAN_POINT('Ctrl Pts',(-11.4815032674875,13.,-55.2502236941894));
#3935=CARTESIAN_POINT('Ctrl Pts',(-11.3937983291826,13.,-55.5757159270754));
#3936=CARTESIAN_POINT('Ctrl Pts',(-11.3043998565119,13.,-55.9034860309914));
#3937=CARTESIAN_POINT('Ctrl Pts',(-11.213347628607,13.,-56.2334805014241));
#3938=CARTESIAN_POINT('Ctrl Pts',(-11.1432117635718,13.,-56.4876692035919));
#3939=CARTESIAN_POINT('Ctrl Pts',(-11.0720940862055,13.,-56.7431784823662));
#3940=CARTESIAN_POINT('Ctrl Pts',(-11.0000001639128,13.,-57.0000008493662));
#3941=CARTESIAN_POINT('',(55.9999987483025,13.,-42.499999050051));
#3942=CARTESIAN_POINT('Ctrl Pts',(55.9999987483025,13.,-42.499999050051));
#3943=CARTESIAN_POINT('Ctrl Pts',(55.4710229346529,13.,-42.9373907477039));
#3944=CARTESIAN_POINT('Ctrl Pts',(54.9354439818259,13.,-43.3659912187847));
#3945=CARTESIAN_POINT('Ctrl Pts',(54.3932469888645,13.,-43.7857778967682));
#3946=CARTESIAN_POINT('Ctrl Pts',(53.8679936519332,13.,-44.1924462410647));
#3947=CARTESIAN_POINT('Ctrl Pts',(53.3365289714851,13.,-44.5908433412151));
#3948=CARTESIAN_POINT('Ctrl Pts',(52.7988165161051,13.,-44.9809021590121));
#3949=CARTESIAN_POINT('Ctrl Pts',(52.2779075749558,13.,-45.358771638753));
#3950=CARTESIAN_POINT('Ctrl Pts',(51.7511348292405,13.,-45.7288160371123));
#3951=CARTESIAN_POINT('Ctrl Pts',(51.2184495575205,13.,-46.0909264889414));
#3952=CARTESIAN_POINT('Ctrl Pts',(50.7024107005419,13.,-46.4417209891509));
#3953=CARTESIAN_POINT('Ctrl Pts',(50.1808226701218,13.,-46.7850697882146));
#3954=CARTESIAN_POINT('Ctrl Pts',(49.6536323981139,13.,-47.1208259500157));
#3955=CARTESIAN_POINT('Ctrl Pts',(49.1376897191753,13.,-47.449418761355));
#3956=CARTESIAN_POINT('Ctrl Pts',(48.6163809668314,13.,-47.7707396079925));
#3957=CARTESIAN_POINT('Ctrl Pts',(48.0896531695933,13.,-48.0846019633644));
#3958=CARTESIAN_POINT('Ctrl Pts',(47.570487123687,13.,-48.3939584827122));
#3959=CARTESIAN_POINT('Ctrl Pts',(47.046056222406,13.,-48.6960691906777));
#3960=CARTESIAN_POINT('Ctrl Pts',(46.5163110793173,13.,-48.9907058935945));
#3961=CARTESIAN_POINT('Ctrl Pts',(45.9951409828213,13.,-49.2805732777392));
#3962=CARTESIAN_POINT('Ctrl Pts',(45.4688270436331,13.,-49.5632066960359));
#3963=CARTESIAN_POINT('Ctrl Pts',(44.9373274968256,13.,-49.8383398377037));
#3964=CARTESIAN_POINT('Ctrl Pts',(44.4176263046308,13.,-50.1073655078023));
#3965=CARTESIAN_POINT('Ctrl Pts',(43.8929668628865,13.,-50.369220214943));
#3966=CARTESIAN_POINT('Ctrl Pts',(43.3633190356511,13.,-50.6236075459733));
#3967=CARTESIAN_POINT('Ctrl Pts',(42.8457075625818,13.,-50.8722138733741));
#3968=CARTESIAN_POINT('Ctrl Pts',(42.3233315262919,13.,-51.1136884020831));
#3969=CARTESIAN_POINT('Ctrl Pts',(41.7961762808667,13.,-51.3477080685237));
#3970=CARTESIAN_POINT('Ctrl Pts',(41.2718210082916,13.,-51.580484744938));
#3971=CARTESIAN_POINT('Ctrl Pts',(40.7427368362985,13.,-51.8058856812062));
#3972=CARTESIAN_POINT('Ctrl Pts',(40.2089277772884,13.,-52.023544872495));
#3973=CARTESIAN_POINT('Ctrl Pts',(39.6663661852257,13.,-52.2447728853199));
#3974=CARTESIAN_POINT('Ctrl Pts',(39.1189233956719,13.,-52.4580030676627));
#3975=CARTESIAN_POINT('Ctrl Pts',(38.5666260847314,13.,-52.6628009057273));
#3976=CARTESIAN_POINT('Ctrl Pts',(38.0022823785484,13.,-52.872065677911));
#3977=CARTESIAN_POINT('Ctrl Pts',(37.4328699666091,13.,-53.07252610114));
#3978=CARTESIAN_POINT('Ctrl Pts',(36.858442090923,13.,-53.2636688170208));
#3979=CARTESIAN_POINT('Ctrl Pts',(36.2509690767391,13.,-53.4658074086006));
#3980=CARTESIAN_POINT('Ctrl Pts',(35.6378868579654,13.,-53.6575252068256));
#3981=CARTESIAN_POINT('Ctrl Pts',(35.0192883309984,13.,-53.8381613485878));
#3982=CARTESIAN_POINT('Ctrl Pts',(34.3346759121093,13.,-54.0380741200535));
#3983=CARTESIAN_POINT('Ctrl Pts',(33.6433070969452,13.,-54.2244131641667));
#3984=CARTESIAN_POINT('Ctrl Pts',(32.9453434958804,13.,-54.3962260066145));
#3985=CARTESIAN_POINT('Ctrl Pts',(32.1079681633849,13.,-54.6023568648029));
#3986=CARTESIAN_POINT('Ctrl Pts',(31.2611003154024,13.,-54.7875769978291));
#3987=CARTESIAN_POINT('Ctrl Pts',(30.4050688178984,13.,-54.9501838520365));
#3988=CARTESIAN_POINT('Ctrl Pts',(29.5869560090455,13.,-55.105587888713));
#3989=CARTESIAN_POINT('Ctrl Pts',(28.7604744283706,13.,-55.2403335028162));
#3990=CARTESIAN_POINT('Ctrl Pts',(27.9259434111358,13.,-55.3529384767507));
#3991=CARTESIAN_POINT('Ctrl Pts',(27.2033508406976,13.,-55.4504393675253));
#3992=CARTESIAN_POINT('Ctrl Pts',(26.4747241765422,13.,-55.5313394077533));
#3993=CARTESIAN_POINT('Ctrl Pts',(25.7402833576887,13.,-55.5947132420592));
#3994=CARTESIAN_POINT('Ctrl Pts',(25.08137992428,13.,-55.6515690648028));
#3995=CARTESIAN_POINT('Ctrl Pts',(24.4177971336834,13.,-55.6943179044597));
#3996=CARTESIAN_POINT('Ctrl Pts',(23.749698132681,13.,-55.7223355472573));
#3997=CARTESIAN_POINT('Ctrl Pts',(23.1309569001866,13.,-55.7482833047155));
#3998=CARTESIAN_POINT('Ctrl Pts',(22.5083422668367,13.,-55.7615957536234));
#3999=CARTESIAN_POINT('Ctrl Pts',(21.8819845818276,13.,-55.7618224996069));
#4000=CARTESIAN_POINT('Ctrl Pts',(21.2996029290887,13.,-55.7620333259507));
#4001=CARTESIAN_POINT('Ctrl Pts',(20.7139854248972,13.,-55.7509310500853));
#4002=CARTESIAN_POINT('Ctrl Pts',(20.1252361300121,13.,-55.7281995938475));
#4003=CARTESIAN_POINT('Ctrl Pts',(19.5671557062882,13.,-55.7066522547011));
#4004=CARTESIAN_POINT('Ctrl Pts',(19.006261310313,13.,-55.6746554682629));
#4005=CARTESIAN_POINT('Ctrl Pts',(18.4426402591939,13.,-55.631987443034));
#4006=CARTESIAN_POINT('Ctrl Pts',(17.8902125593946,13.,-55.590166792465));
#4007=CARTESIAN_POINT('Ctrl Pts',(17.3351654649201,13.,-55.5380943359493));
#4008=CARTESIAN_POINT('Ctrl Pts',(16.7775793679891,13.,-55.4756126505344));
#4009=CARTESIAN_POINT('Ctrl Pts',(16.2082684846472,13.,-55.4118171152583));
#4010=CARTESIAN_POINT('Ctrl Pts',(15.6363107447149,13.,-55.3371701127326));
#4011=CARTESIAN_POINT('Ctrl Pts',(15.0617891643353,13.,-55.2515581196891));
#4012=CARTESIAN_POINT('Ctrl Pts',(14.464753507885,13.,-55.1625912049338));
#4013=CARTESIAN_POINT('Ctrl Pts',(13.8649492014327,13.,-55.0617830973862));
#4014=CARTESIAN_POINT('Ctrl Pts',(13.2624657633651,13.,-54.9490632297868));
#4015=CARTESIAN_POINT('Ctrl Pts',(12.6351256186276,13.,-54.8316928697295));
#4016=CARTESIAN_POINT('Ctrl Pts',(12.0048807982801,13.,-54.701407745584));
#4017=CARTESIAN_POINT('Ctrl Pts',(11.3718272734434,13.,-54.5581876610038));
#4018=CARTESIAN_POINT('Ctrl Pts',(10.7015379567406,13.,-54.4065434652682));
#4019=CARTESIAN_POINT('Ctrl Pts',(10.0280999193273,13.,-54.2403982815492));
#4020=CARTESIAN_POINT('Ctrl Pts',(9.35161994370005,13.,-54.0597891895485));
#4021=CARTESIAN_POINT('Ctrl Pts',(8.62257070617173,13.,-53.8651449642087));
#4022=CARTESIAN_POINT('Ctrl Pts',(7.88998857615007,13.,-53.6537020930316));
#4023=CARTESIAN_POINT('Ctrl Pts',(7.15399665698853,13.,-53.4255685626734));
#4024=CARTESIAN_POINT('Ctrl Pts',(6.35742033212451,13.,-53.178655839232));
#4025=CARTESIAN_POINT('Ctrl Pts',(5.5568500073069,13.,-52.9121921744288));
#4026=CARTESIAN_POINT('Ctrl Pts',(4.75242606917017,13.,-52.6263730116389));
#4027=CARTESIAN_POINT('Ctrl Pts',(3.79701373887118,13.,-52.2869062958699));
#4028=CARTESIAN_POINT('Ctrl Pts',(2.83616634662044,13.,-51.9201370674354));
#4029=CARTESIAN_POINT('Ctrl Pts',(1.87008746305867,13.,-51.5264623206228));
#4030=CARTESIAN_POINT('Ctrl Pts',(0.813798474253623,13.,-51.0960271798654));
#4031=CARTESIAN_POINT('Ctrl Pts',(-0.248743853341264,13.,-50.6334310218162));
#4032=CARTESIAN_POINT('Ctrl Pts',(-1.31732255425617,13.,-50.1392291290042));
#4033=CARTESIAN_POINT('Ctrl Pts',(-2.26275137213544,13.,-49.7019822412318));
#4034=CARTESIAN_POINT('Ctrl Pts',(-3.21290610529428,13.,-49.2399974571002));
#4035=CARTESIAN_POINT('Ctrl Pts',(-4.16767051909169,13.,-48.7536392200377));
#4036=CARTESIAN_POINT('Ctrl Pts',(-5.01115207231418,13.,-48.3239686172255));
#4037=CARTESIAN_POINT('Ctrl Pts',(-5.85823185137821,13.,-47.8752756805132));
#4038=CARTESIAN_POINT('Ctrl Pts',(-6.70885036634339,13.,-47.4077765757636));
#4039=CARTESIAN_POINT('Ctrl Pts',(-7.52148349440475,13.,-46.9611542025437));
#4040=CARTESIAN_POINT('Ctrl Pts',(-8.3373465149608,13.,-46.4973683412506));
#4041=CARTESIAN_POINT('Ctrl Pts',(-9.15640367376511,13.,-46.0165656532914));
#4042=CARTESIAN_POINT('Ctrl Pts',(-9.95758079950642,13.,-45.5462588969838));
#4043=CARTESIAN_POINT('Ctrl Pts',(-10.7618142311323,13.,-45.0596706197279));
#4044=CARTESIAN_POINT('Ctrl Pts',(-11.5690845710192,13.,-44.556889466124));
#4045=CARTESIAN_POINT('Ctrl Pts',(-12.376354910906,13.,-44.0541083125202));
#4046=CARTESIAN_POINT('Ctrl Pts',(-13.1866622118454,13.,-43.535134878084));
#4047=CARTESIAN_POINT('Ctrl Pts',(-14.0000002086163,13.,-43.0000006407499));
#4048=CARTESIAN_POINT('Ctrl Pts',(23.0000003427267,13.,-12.0000001788139));
#4049=CARTESIAN_POINT('Ctrl Pts',(23.3770497684959,13.,-12.2915043233399));
#4050=CARTESIAN_POINT('Ctrl Pts',(23.7575270074261,13.,-12.588397991854));
#4051=CARTESIAN_POINT('Ctrl Pts',(24.1414467601679,13.,-12.890704298075));
#4052=CARTESIAN_POINT('Ctrl Pts',(24.5339197420096,13.,-13.1997455927332));
#4053=CARTESIAN_POINT('Ctrl Pts',(24.9299904039568,13.,-13.5144434918558));
#4054=CARTESIAN_POINT('Ctrl Pts',(25.3297039677797,13.,-13.8348690972811));
#4055=CARTESIAN_POINT('Ctrl Pts',(25.7462584668917,13.,-14.1687950373818));
#4056=CARTESIAN_POINT('Ctrl Pts',(26.1667693627158,13.,-14.5089415892795));
#4057=CARTESIAN_POINT('Ctrl Pts',(26.5913189386739,13.,-14.8554381265588));
#4058=CARTESIAN_POINT('Ctrl Pts',(27.057574975615,13.,-15.2359734313486));
#4059=CARTESIAN_POINT('Ctrl Pts',(27.5287024994319,13.,-15.6241681370869));
#4060=CARTESIAN_POINT('Ctrl Pts',(28.004844495699,13.,-16.0202470588803));
#4061=CARTESIAN_POINT('Ctrl Pts',(28.6260513901078,13.,-16.5369982777963));
#4062=CARTESIAN_POINT('Ctrl Pts',(29.2557943078252,13.,-17.0671706198089));
#4063=CARTESIAN_POINT('Ctrl Pts',(29.8944418740644,13.,-17.6113436714754));
#4064=CARTESIAN_POINT('Ctrl Pts',(30.4488487651998,13.,-18.0837376893383));
#4065=CARTESIAN_POINT('Ctrl Pts',(31.0099686926746,13.,-18.5666865620564));
#4066=CARTESIAN_POINT('Ctrl Pts',(31.5780458169873,13.,-19.0605741812839));
#4067=CARTESIAN_POINT('Ctrl Pts',(32.0214243957662,13.,-19.4460485848773));
#4068=CARTESIAN_POINT('Ctrl Pts',(32.4690417987706,13.,-19.8381876588515));
#4069=CARTESIAN_POINT('Ctrl Pts',(32.9210008767334,13.,-20.2371531146146));
#4070=CARTESIAN_POINT('Ctrl Pts',(33.3447125123235,13.,-20.6111832293925));
#4071=CARTESIAN_POINT('Ctrl Pts',(33.7722409004188,13.,-20.9912143944662));
#4072=CARTESIAN_POINT('Ctrl Pts',(34.2036458973893,13.,-21.3773407215411));
#4073=CARTESIAN_POINT('Ctrl Pts',(34.6080880820491,13.,-21.7393341531738));
#4074=CARTESIAN_POINT('Ctrl Pts',(35.0159378005649,13.,-22.1066852238012));
#4075=CARTESIAN_POINT('Ctrl Pts',(35.4272134914686,13.,-22.4794229241835));
#4076=CARTESIAN_POINT('Ctrl Pts',(35.8248267469191,13.,-22.8397784077582));
#4077=CARTESIAN_POINT('Ctrl Pts',(36.2256418829215,13.,-23.2051681832363));
#4078=CARTESIAN_POINT('Ctrl Pts',(36.6296457536078,13.,-23.5755715814714));
#4079=CARTESIAN_POINT('Ctrl Pts',(37.0412809710931,13.,-23.9529716373937));
#4080=CARTESIAN_POINT('Ctrl Pts',(37.4562265187914,13.,-24.3355764997783));
#4081=CARTESIAN_POINT('Ctrl Pts',(37.8744386753378,13.,-24.7233174258631));
#4082=CARTESIAN_POINT('Ctrl Pts',(38.3211084284954,13.,-25.1374425081506));
#4083=CARTESIAN_POINT('Ctrl Pts',(38.7715044159319,13.,-25.5574263196305));
#4084=CARTESIAN_POINT('Ctrl Pts',(39.2255387887132,13.,-25.9831307361065));
#4085=CARTESIAN_POINT('Ctrl Pts',(39.7440084359396,13.,-26.4692499197292));
#4086=CARTESIAN_POINT('Ctrl Pts',(40.2672219491168,13.,-26.9628278469117));
#4087=CARTESIAN_POINT('Ctrl Pts',(40.7950091475644,13.,-27.4635969438933));
#4088=CARTESIAN_POINT('Ctrl Pts',(41.562299371839,13.,-28.1916086006046));
#4089=CARTESIAN_POINT('Ctrl Pts',(42.3392544232093,13.,-28.934816189833));
#4090=CARTESIAN_POINT('Ctrl Pts',(43.1252862845127,13.,-29.6922951767649));
#4091=CARTESIAN_POINT('Ctrl Pts',(43.8398468378567,13.,-30.3808990752773));
#4092=CARTESIAN_POINT('Ctrl Pts',(44.5619054524584,13.,-31.0812921172226));
#4093=CARTESIAN_POINT('Ctrl Pts',(45.2910189341552,13.,-31.7927774718637));
#4094=CARTESIAN_POINT('Ctrl Pts',(45.8958391109728,13.,-32.3829746205926));
#4095=CARTESIAN_POINT('Ctrl Pts',(46.5055132506783,13.,-32.9808036174402));
#4096=CARTESIAN_POINT('Ctrl Pts',(47.1198075373799,13.,-33.5858968354974));
#4097=CARTESIAN_POINT('Ctrl Pts',(47.6839909742509,13.,-34.1416297778041));
#4098=CARTESIAN_POINT('Ctrl Pts',(48.2520712065175,13.,-34.7034896212216));
#4099=CARTESIAN_POINT('Ctrl Pts',(48.8238905691801,13.,-35.2712284702964));
#4100=CARTESIAN_POINT('Ctrl Pts',(49.377371102025,13.,-35.8207593557837));
#4101=CARTESIAN_POINT('Ctrl Pts',(49.9343546515872,13.,-36.3757980072266));
#4102=CARTESIAN_POINT('Ctrl Pts',(50.4947248998043,13.,-36.9361615386402));
#4103=CARTESIAN_POINT('Ctrl Pts',(51.0398955495357,13.,-37.4813256537559));
#4104=CARTESIAN_POINT('Ctrl Pts',(51.5882716279851,13.,-38.0315296395295));
#4105=CARTESIAN_POINT('Ctrl Pts',(52.1397725680725,13.,-38.586646820967));
#4106=CARTESIAN_POINT('Ctrl Pts',(52.6872687605679,13.,-39.137732995322));
#4107=CARTESIAN_POINT('Ctrl Pts',(53.2378445377738,13.,-39.6936611767796));
#4108=CARTESIAN_POINT('Ctrl Pts',(53.7914486175005,13.,-40.2543507347521));
#4109=CARTESIAN_POINT('Ctrl Pts',(54.3429016335211,13.,-40.812861697944));
#4110=CARTESIAN_POINT('Ctrl Pts',(54.8973594557773,13.,-41.3760970946243));
#4111=CARTESIAN_POINT('Ctrl Pts',(55.4547991624323,13.,-41.9440208849667));
#4112=CARTESIAN_POINT('Ctrl Pts',(55.6362163583618,13.,-42.1288500966563));
#4113=CARTESIAN_POINT('Ctrl Pts',(55.8179496035892,13.,-42.3141762302006));
#4114=CARTESIAN_POINT('Ctrl Pts',(55.9999987483025,13.,-42.499999050051));
#4115=CARTESIAN_POINT('Ctrl Pts',(27.6995097200464,13.,20.5655673566459));
#4116=CARTESIAN_POINT('Ctrl Pts',(28.1839382682205,13.,20.0643137239533));
#4117=CARTESIAN_POINT('Ctrl Pts',(28.6568497751316,13.,19.5550711389277));
#4118=CARTESIAN_POINT('Ctrl Pts',(29.117797749211,13.,19.0375298866192));
#4119=CARTESIAN_POINT('Ctrl Pts',(29.7911119944815,13.,18.2815489141669));
#4120=CARTESIAN_POINT('Ctrl Pts',(30.4388951044648,13.,17.5078579224349));
#4121=CARTESIAN_POINT('Ctrl Pts',(31.0596679637487,13.,16.7154309028983));
#4122=CARTESIAN_POINT('Ctrl Pts',(31.4280300227513,13.,16.2452105249287));
#4123=CARTESIAN_POINT('Ctrl Pts',(31.7868793569541,13.,15.7683915160048));
#4124=CARTESIAN_POINT('Ctrl Pts',(32.1359262586161,13.,15.2847729164114));
#4125=CARTESIAN_POINT('Ctrl Pts',(32.4631577289242,13.,14.8313804792926));
#4126=CARTESIAN_POINT('Ctrl Pts',(32.7817726589706,13.,14.3720110618148));
#4127=CARTESIAN_POINT('Ctrl Pts',(33.0915705252821,13.,13.9065255681433));
#4128=CARTESIAN_POINT('Ctrl Pts',(33.3663841921029,13.,13.493605437702));
#4129=CARTESIAN_POINT('Ctrl Pts',(33.6342595486009,13.,13.075872453927));
#4130=CARTESIAN_POINT('Ctrl Pts',(33.8950948062324,13.,12.6532560098105));
#4131=CARTESIAN_POINT('Ctrl Pts',(34.1402845922672,13.,12.2559890281584));
#4132=CARTESIAN_POINT('Ctrl Pts',(34.3792532592211,13.,11.8544066826331));
#4133=CARTESIAN_POINT('Ctrl Pts',(34.6119553053161,13.,11.4484774103074));
#4134=CARTESIAN_POINT('Ctrl Pts',(34.8435622528636,13.,11.0444584458797));
#4135=CARTESIAN_POINT('Ctrl Pts',(35.0689608632303,13.,10.6361329839179));
#4136=CARTESIAN_POINT('Ctrl Pts',(35.2881526085063,13.,10.2235020455571));
#4137=CARTESIAN_POINT('Ctrl Pts',(35.5102012502277,13.,9.80549296734164));
#4138=CARTESIAN_POINT('Ctrl Pts',(35.7258804645924,13.,9.38306564920019));
#4139=CARTESIAN_POINT('Ctrl Pts',(35.9352439304686,13.,8.95625732620999));
#4140=CARTESIAN_POINT('Ctrl Pts',(36.1615010079651,13.,8.49500968968102));
#4141=CARTESIAN_POINT('Ctrl Pts',(36.3803823642513,13.,8.02864578380654));
#4142=CARTESIAN_POINT('Ctrl Pts',(36.5920104089165,13.,7.55725051966314));
#4143=CARTESIAN_POINT('Ctrl Pts',(36.8288742305948,13.,7.02964330218518));
#4144=CARTESIAN_POINT('Ctrl Pts',(37.0566524935566,13.,6.49573376331751));
#4145=CARTESIAN_POINT('Ctrl Pts',(37.2755741967235,13.,5.95568075127712));
#4146=CARTESIAN_POINT('Ctrl Pts',(37.5297291574901,13.,5.3287116107055));
#4147=CARTESIAN_POINT('Ctrl Pts',(37.7719482180902,13.,4.6934629706257));
#4148=CARTESIAN_POINT('Ctrl Pts',(38.0026485578484,13.,4.05022421315115));
#4149=CARTESIAN_POINT('Ctrl Pts',(38.3955117515518,13.,2.95484293698992));
#4150=CARTESIAN_POINT('Ctrl Pts',(38.7549803227348,13.,1.83629702666862));
#4151=CARTESIAN_POINT('Ctrl Pts',(39.0832410911423,13.,0.696103399449688));
#4152=CARTESIAN_POINT('Ctrl Pts',(39.2708554261176,13.,0.0444365245087949));
#4153=CARTESIAN_POINT('Ctrl Pts',(39.4482763337896,13.,-0.61430115993653));
#4154=CARTESIAN_POINT('Ctrl Pts',(39.6158845460688,13.,-1.27984555401772));
#4155=CARTESIAN_POINT('Ctrl Pts',(39.7698803319367,13.,-1.89133726198865));
#4156=CARTESIAN_POINT('Ctrl Pts',(39.9155931565162,13.,-2.50857455872573));
#4157=CARTESIAN_POINT('Ctrl Pts',(40.0532819272289,13.,-3.13137784957417));
#4158=CARTESIAN_POINT('Ctrl Pts',(40.1858098602784,13.,-3.73083728555667));
#4159=CARTESIAN_POINT('Ctrl Pts',(40.3109041884206,13.,-4.33545314269824));
#4160=CARTESIAN_POINT('Ctrl Pts',(40.4287557433446,13.,-4.94509304800186));
#4161=CARTESIAN_POINT('Ctrl Pts',(40.5418724431222,13.,-5.53023979625775));
#4162=CARTESIAN_POINT('Ctrl Pts',(40.6483167586985,13.,-6.12001493457555));
#4163=CARTESIAN_POINT('Ctrl Pts',(40.7482176951297,13.,-6.71432897684309));
#4164=CARTESIAN_POINT('Ctrl Pts',(40.8470333580473,13.,-7.30218669035242));
#4165=CARTESIAN_POINT('Ctrl Pts',(40.9394471402836,13.,-7.89448515547748));
#4166=CARTESIAN_POINT('Ctrl Pts',(41.0255421512364,13.,-8.49116672225393));
#4167=CARTESIAN_POINT('Ctrl Pts',(41.1106306326853,13.,-9.08087253521247));
#4168=CARTESIAN_POINT('Ctrl Pts',(41.189547261747,13.,-9.67485953753153));
#4169=CARTESIAN_POINT('Ctrl Pts',(41.2623304345754,13.,-10.2731010951967));
#4170=CARTESIAN_POINT('Ctrl Pts',(41.2911177874954,13.,-10.5097188487607));
#4171=CARTESIAN_POINT('Ctrl Pts',(41.3189451693667,13.,-10.7470024993006));
#4172=CARTESIAN_POINT('Ctrl Pts',(41.3458130974312,13.,-10.9849516880246));
#4173=CARTESIAN_POINT('',(18.778088828833,13.,-6.32837657110631));
#4174=CARTESIAN_POINT('',(14.4675428894645,13.,-8.48364954079063));
#4175=CARTESIAN_POINT('',(18.282828842138,13.,-19.2051362251814));
#4176=CARTESIAN_POINT('',(18.6765371864312,13.,-8.96871927355433));
#4177=CARTESIAN_POINT('',(18.3457055134432,13.,-19.1291253337262));
#4178=CARTESIAN_POINT('Ctrl Pts',(18.3457055134431,13.,-19.1291253337262));
#4179=CARTESIAN_POINT('Ctrl Pts',(18.3352439771257,13.,-19.1418001271149));
#4180=CARTESIAN_POINT('Ctrl Pts',(18.324775549836,13.,-19.1544692486129));
#4181=CARTESIAN_POINT('Ctrl Pts',(18.3038166580836,13.,-19.1798062090715));
#4182=CARTESIAN_POINT('Ctrl Pts',(18.2933261670532,13.,-19.1924740579129));
#4183=CARTESIAN_POINT('Ctrl Pts',(18.282828842138,13.,-19.2051362251814));
#4184=CARTESIAN_POINT('',(40.7339595183063,13.,-41.5173793385889));
#4185=CARTESIAN_POINT('',(20.6864962356535,13.,-21.4699160559365));
#4186=CARTESIAN_POINT('',(40.7339595183063,13.,-48.8709327291822));
#4187=CARTESIAN_POINT('',(40.7339595183063,13.,-23.5101163750665));
#4188=CARTESIAN_POINT('',(40.1453158569387,13.,-48.8709327291822));
#4189=CARTESIAN_POINT('',(8.39561013101224,13.,-48.8709327291822));
#4190=CARTESIAN_POINT('',(-8.00000011920929,13.,-41.0000006109476));
#4191=CARTESIAN_POINT('Ctrl Pts',(40.1453158569387,13.,-48.8709327291822));
#4192=CARTESIAN_POINT('Ctrl Pts',(40.0070743789021,13.,-48.9301013536719));
#4193=CARTESIAN_POINT('Ctrl Pts',(38.9490131069003,13.,-49.3776137198559));
#4194=CARTESIAN_POINT('Ctrl Pts',(36.9548438858762,13.,-50.1445734493337));
#4195=CARTESIAN_POINT('Ctrl Pts',(33.9876372717022,13.,-51.0747747087161));
#4196=CARTESIAN_POINT('Ctrl Pts',(29.9863596890309,13.,-51.9100549177284));
#4197=CARTESIAN_POINT('Ctrl Pts',(25.0142002719587,13.,-52.2737856495344));
#4198=CARTESIAN_POINT('Ctrl Pts',(19.8806037246388,13.,-51.9546622988463));
#4199=CARTESIAN_POINT('Ctrl Pts',(14.5855255892697,13.,-50.9524968160512));
#4200=CARTESIAN_POINT('Ctrl Pts',(9.14005572395941,13.,-49.3141975850618));
#4201=CARTESIAN_POINT('Ctrl Pts',(3.55774687142986,13.,-47.0970906106353));
#4202=CARTESIAN_POINT('Ctrl Pts',(-1.0075811443791,13.,-44.9026160734316));
#4203=CARTESIAN_POINT('Ctrl Pts',(-4.48381150717401,13.,-43.0358169480512));
#4204=CARTESIAN_POINT('Ctrl Pts',(-6.82413148432767,13.,-41.6947038503792));
#4205=CARTESIAN_POINT('Ctrl Pts',(-8.00000011920929,13.,-41.0000006109476));
#4206=CARTESIAN_POINT('',(-7.71659912136741,13.,-37.4776034604695));
#4207=CARTESIAN_POINT('Ctrl Pts',(-8.00000011920929,13.,-41.0000006109476));
#4208=CARTESIAN_POINT('Ctrl Pts',(-7.98571760517861,13.,-40.4632126327369));
#4209=CARTESIAN_POINT('Ctrl Pts',(-7.95267190359758,13.,-39.7490593074148));
#4210=CARTESIAN_POINT('Ctrl Pts',(-7.90099614843679,13.,-39.0425314957166));
#4211=CARTESIAN_POINT('Ctrl Pts',(-7.83048428345234,13.,-38.3437135390365));
#4212=CARTESIAN_POINT('Ctrl Pts',(-7.74068887375432,13.,-37.6527885780633));
#4213=CARTESIAN_POINT('Ctrl Pts',(-7.71659912136741,13.,-37.4776034604695));
#4214=CARTESIAN_POINT('',(-10.620965443309,13.,-35.8709327291827));
#4215=CARTESIAN_POINT('',(-13.045940188908,13.,-34.5294573380003));
#4216=CARTESIAN_POINT('',(-33.6289959190176,13.,-35.9209305437843));
#4217=CARTESIAN_POINT('',(-14.8174539419624,13.,-35.8800519475424));
#4218=CARTESIAN_POINT('',(-41.1661295073386,13.,-18.836761076924));
#4219=CARTESIAN_POINT('',(-41.3138428366994,13.,-18.5019441970394));
#4220=CARTESIAN_POINT('',(-41.1661295073386,13.,20.50076797843));
#4221=CARTESIAN_POINT('',(-41.1661295073386,13.,11.1757339787396));
#4222=CARTESIAN_POINT('',(-34.6435932404045,13.,36.5562407271393));
#4223=CARTESIAN_POINT('',(-37.9636180757486,13.,28.3838730408056));
#4224=CARTESIAN_POINT('',(-8.23304169115681,13.,40.3291766627464));
#4225=CARTESIAN_POINT('',(-4.12963153547354,13.,40.9153781135584));
#4226=CARTESIAN_POINT('',(-9.0100737810465,13.,44.3231388870651));
#4227=CARTESIAN_POINT('Ctrl Pts',(-8.23304169115681,13.,40.3291766627464));
#4228=CARTESIAN_POINT('Ctrl Pts',(-8.29894719399788,13.,40.5895947602607));
#4229=CARTESIAN_POINT('Ctrl Pts',(-8.48976025895759,13.,41.3750591257459));
#4230=CARTESIAN_POINT('Ctrl Pts',(-8.65893040168807,13.,42.1686705090896));
#4231=CARTESIAN_POINT('Ctrl Pts',(-8.8070486851128,13.,42.9702064172324));
#4232=CARTESIAN_POINT('Ctrl Pts',(-8.93437172642694,13.,43.779570252088));
#4233=CARTESIAN_POINT('Ctrl Pts',(-9.0100737810465,13.,44.3231388870651));
#4234=CARTESIAN_POINT('',(44.0000006556511,13.,51.5708399100189));
#4235=CARTESIAN_POINT('Ctrl Pts',(-9.0100737810465,13.,44.3231388870651));
#4236=CARTESIAN_POINT('Ctrl Pts',(-7.88863383502683,13.,45.0978674300151));
#4237=CARTESIAN_POINT('Ctrl Pts',(-5.65096133988869,13.,46.59377179688));
#4238=CARTESIAN_POINT('Ctrl Pts',(-2.31007381440065,13.,48.6769802013579));
#4239=CARTESIAN_POINT('Ctrl Pts',(2.11267803803358,13.,51.1279226275144));
#4240=CARTESIAN_POINT('Ctrl Pts',(7.58446019363107,13.,53.6089349249654));
#4241=CARTESIAN_POINT('Ctrl Pts',(12.9940758003932,13.,55.4506282332692));
#4242=CARTESIAN_POINT('Ctrl Pts',(18.3357068525372,13.,56.5931703493482));
#4243=CARTESIAN_POINT('Ctrl Pts',(23.6049537472902,13.,56.9913158856358));
#4244=CARTESIAN_POINT('Ctrl Pts',(28.8027798498026,13.,56.65497206149));
#4245=CARTESIAN_POINT('Ctrl Pts',(33.9337992842263,13.,55.6315903961878));
#4246=CARTESIAN_POINT('Ctrl Pts',(37.9891587355188,13.,54.3042800014962));
#4247=CARTESIAN_POINT('Ctrl Pts',(41.0045694807428,13.,53.0402946171913));
#4248=CARTESIAN_POINT('Ctrl Pts',(43.0034263864691,13.,52.0802263739896));
#4249=CARTESIAN_POINT('Ctrl Pts',(44.0000006556511,13.,51.5708399100189));
#4250=CARTESIAN_POINT('',(40.7339595183053,13.,46.3949779210071));
#4251=CARTESIAN_POINT('Ctrl Pts',(44.0000006556511,13.,51.5708399100189));
#4252=CARTESIAN_POINT('Ctrl Pts',(43.397825437088,13.,50.5549013446772));
#4253=CARTESIAN_POINT('Ctrl Pts',(42.7534004850451,13.,49.4991632670409));
#4254=CARTESIAN_POINT('Ctrl Pts',(42.100714835163,13.,48.4627672755367));
#4255=CARTESIAN_POINT('Ctrl Pts',(41.4396955049088,13.,47.4458842557806));
#4256=CARTESIAN_POINT('Ctrl Pts',(40.7701986205459,13.,46.4488510805164));
#4257=CARTESIAN_POINT('Ctrl Pts',(40.7339595183053,13.,46.3949779210071));
#4258=CARTESIAN_POINT('',(40.7339595183052,13.,43.1767006542963));
#4259=CARTESIAN_POINT('',(40.7339595183051,13.,22.5137003166726));
#4260=CARTESIAN_POINT('',(23.2339595183057,13.,24.6767006542964));
#4261=CARTESIAN_POINT('',(12.9739664968455,13.,13.830422317324));
#4262=CARTESIAN_POINT('',(23.2339595183057,13.,24.7054032246814));
#4263=CARTESIAN_POINT('',(23.2339595183057,13.,13.2780516018653));
#4264=CARTESIAN_POINT('',(23.0565022118596,13.,24.852898118289));
#4265=CARTESIAN_POINT('Ctrl Pts',(23.0565022118697,13.,24.8528981182806));
#4266=CARTESIAN_POINT('Ctrl Pts',(23.08613240732,13.,24.8283649415794));
#4267=CARTESIAN_POINT('Ctrl Pts',(23.1157395860097,13.,24.8038038706691));
#4268=CARTESIAN_POINT('Ctrl Pts',(23.1748920367565,13.,24.7546389166581));
#4269=CARTESIAN_POINT('Ctrl Pts',(23.2044374264509,13.,24.7300349850781));
#4270=CARTESIAN_POINT('Ctrl Pts',(23.2339595183057,13.,24.7054032246696));
#4271=CARTESIAN_POINT('',(23.0339595183056,13.,24.8290672708176));
#4272=CARTESIAN_POINT('',(12.7831579447261,13.,13.9925056073191));
#4273=CARTESIAN_POINT('',(23.0339595183057,13.,16.3290672708176));
#4274=CARTESIAN_POINT('',(23.0339595183057,13.,9.08988362493348));
#4275=CARTESIAN_POINT('',(24.645465532064,13.,15.226457892983));
#4276=CARTESIAN_POINT('',(48.3500006854534,13.,-42.0000006258488));
#4277=CARTESIAN_POINT('Origin',(46.0000006854534,13.,-42.0000006258488));
#4278=CARTESIAN_POINT('',(-29.6500004768372,13.,-41.4986205645585));
#4279=CARTESIAN_POINT('Origin',(-32.0000004768372,13.,-41.4986205645585));
#4280=CARTESIAN_POINT('',(48.3500006854534,13.,47.0000007003546));
#4281=CARTESIAN_POINT('Origin',(46.0000006854534,13.,47.0000007003546));
#4282=CARTESIAN_POINT('',(-29.6500004768372,13.,46.0000006854534));
#4283=CARTESIAN_POINT('Origin',(-32.0000004768372,13.,46.0000006854534));
#4284=CARTESIAN_POINT('Ctrl Pts',(44.0000006556511,13.,51.5708399100189));
#4285=CARTESIAN_POINT('Ctrl Pts',(44.0000006556511,16.,51.5708399100189));
#4286=CARTESIAN_POINT('Ctrl Pts',(43.397825437088,13.,50.5549013446772));
#4287=CARTESIAN_POINT('Ctrl Pts',(43.397825437088,16.,50.5549013446772));
#4288=CARTESIAN_POINT('Ctrl Pts',(42.1786917109072,13.,48.557638680686));
#4289=CARTESIAN_POINT('Ctrl Pts',(42.1786917109072,16.,48.557638680686));
#4290=CARTESIAN_POINT('Ctrl Pts',(40.3056439433741,13.,45.6655817888227));
#4291=CARTESIAN_POINT('Ctrl Pts',(40.3056439433741,16.,45.6655817888227));
#4292=CARTESIAN_POINT('Ctrl Pts',(37.718070123283,13.,42.0206512143266));
#4293=CARTESIAN_POINT('Ctrl Pts',(37.718070123283,16.,42.0206512143266));
#4294=CARTESIAN_POINT('Ctrl Pts',(34.3227917771043,13.,37.8410205420243));
#4295=CARTESIAN_POINT('Ctrl Pts',(34.3227917771043,16.,37.8410205420243));
#4296=CARTESIAN_POINT('Ctrl Pts',(30.7511778269282,13.,34.0742724744676));
#4297=CARTESIAN_POINT('Ctrl Pts',(30.7511778269282,16.,34.0742724744676));
#4298=CARTESIAN_POINT('Ctrl Pts',(26.9869245100535,13.,30.7585816052196));
#4299=CARTESIAN_POINT('Ctrl Pts',(26.9869245100535,16.,30.7585816052196));
#4300=CARTESIAN_POINT('Ctrl Pts',(23.0179504659137,13.,27.9222359459397));
#4301=CARTESIAN_POINT('Ctrl Pts',(23.0179504659137,16.,27.9222359459397));
#4302=CARTESIAN_POINT('Ctrl Pts',(18.8475206668363,13.,25.5575906974728));
#4303=CARTESIAN_POINT('Ctrl Pts',(18.8475206668363,16.,25.5575906974728));
#4304=CARTESIAN_POINT('Ctrl Pts',(14.4888690139428,13.,23.6336592216162));
#4305=CARTESIAN_POINT('Ctrl Pts',(14.4888690139428,16.,23.6336592216162));
#4306=CARTESIAN_POINT('Ctrl Pts',(10.8627173759314,13.,22.4205161307586));
#4307=CARTESIAN_POINT('Ctrl Pts',(10.8627173759314,16.,22.4205161307586));
#4308=CARTESIAN_POINT('Ctrl Pts',(8.06961733146308,13.,21.6827240159291));
#4309=CARTESIAN_POINT('Ctrl Pts',(8.06961733146308,16.,21.6827240159291));
#4310=CARTESIAN_POINT('Ctrl Pts',(6.17541696493792,13.,21.2661022806174));
#4311=CARTESIAN_POINT('Ctrl Pts',(6.17541696493792,16.,21.2661022806174));
#4312=CARTESIAN_POINT('Ctrl Pts',(5.22028346442097,13.,21.0766010967594));
#4313=CARTESIAN_POINT('Ctrl Pts',(5.22028346442097,16.,21.0766010967594));
#4314=CARTESIAN_POINT('',(40.7339595183053,15.,46.3949779210071));
#4315=CARTESIAN_POINT('Ctrl Pts',(40.7339595183053,13.,46.3949779210071));
#4316=CARTESIAN_POINT('Ctrl Pts',(40.7339595183053,13.6666666666667,46.3949779210071));
#4317=CARTESIAN_POINT('Ctrl Pts',(40.7339595183053,14.3333333333333,46.3949779210071));
#4318=CARTESIAN_POINT('Ctrl Pts',(40.7339595183053,15.,46.3949779210071));
#4319=CARTESIAN_POINT('',(44.0000006556511,16.,51.5708399100189));
#4320=CARTESIAN_POINT('',(44.0000006556511,13.,51.5708399100189));
#4321=CARTESIAN_POINT('',(5.22028346442097,16.,21.0766010967594));
#4322=CARTESIAN_POINT('Ctrl Pts',(44.0000006556511,16.,51.5708399100189));
#4323=CARTESIAN_POINT('Ctrl Pts',(43.397825437088,16.,50.5549013446772));
#4324=CARTESIAN_POINT('Ctrl Pts',(42.1786917109072,16.,48.557638680686));
#4325=CARTESIAN_POINT('Ctrl Pts',(40.3056439433741,16.,45.6655817888227));
#4326=CARTESIAN_POINT('Ctrl Pts',(37.718070123283,16.,42.0206512143266));
#4327=CARTESIAN_POINT('Ctrl Pts',(34.3227917771043,16.,37.8410205420243));
#4328=CARTESIAN_POINT('Ctrl Pts',(30.7511778269282,16.,34.0742724744676));
#4329=CARTESIAN_POINT('Ctrl Pts',(26.9869245100535,16.,30.7585816052196));
#4330=CARTESIAN_POINT('Ctrl Pts',(23.0179504659137,16.,27.9222359459397));
#4331=CARTESIAN_POINT('Ctrl Pts',(18.8475206668363,16.,25.5575906974728));
#4332=CARTESIAN_POINT('Ctrl Pts',(14.4888690139428,16.,23.6336592216162));
#4333=CARTESIAN_POINT('Ctrl Pts',(10.8627173759314,16.,22.4205161307586));
#4334=CARTESIAN_POINT('Ctrl Pts',(8.06961733146308,16.,21.6827240159291));
#4335=CARTESIAN_POINT('Ctrl Pts',(6.17541696493792,16.,21.2661022806174));
#4336=CARTESIAN_POINT('Ctrl Pts',(5.22028346442097,16.,21.0766010967594));
#4337=CARTESIAN_POINT('',(5.22028346442097,15.,21.0766010967594));
#4338=CARTESIAN_POINT('',(5.22028346442097,13.,21.0766010967594));
#4339=CARTESIAN_POINT('Ctrl Pts',(40.7339595183053,15.,46.394977921007));
#4340=CARTESIAN_POINT('Ctrl Pts',(40.3377525927435,15.,45.8059755015383));
#4341=CARTESIAN_POINT('Ctrl Pts',(39.9379861054954,15.,45.225307650174));
#4342=CARTESIAN_POINT('Ctrl Pts',(39.5345833579495,15.,44.653153953576));
#4343=CARTESIAN_POINT('Ctrl Pts',(39.1197703166946,15.,44.0648168230162));
#4344=CARTESIAN_POINT('Ctrl Pts',(38.7011123383466,15.,43.4854824554041));
#4345=CARTESIAN_POINT('Ctrl Pts',(38.2785041025633,15.,42.9153974540133));
#4346=CARTESIAN_POINT('Ctrl Pts',(37.836817678671,15.,42.319576586698));
#4347=CARTESIAN_POINT('Ctrl Pts',(37.3908162303229,15.,41.7338591726638));
#4348=CARTESIAN_POINT('Ctrl Pts',(36.9403566509724,15.,41.1585802900371));
#4349=CARTESIAN_POINT('Ctrl Pts',(36.4386267851136,15.,40.5178244712179));
#4350=CARTESIAN_POINT('Ctrl Pts',(35.9313659269632,15.,39.8900192446353));
#4351=CARTESIAN_POINT('Ctrl Pts',(35.4183505713456,15.,39.2756879385166));
#4352=CARTESIAN_POINT('Ctrl Pts',(34.3715873876549,15.,38.0221983756954));
#4353=CARTESIAN_POINT('Ctrl Pts',(33.30086508475,15.,36.8248081106014));
#4354=CARTESIAN_POINT('Ctrl Pts',(32.2041492714225,15.,35.6882805870445));
#4355=CARTESIAN_POINT('Ctrl Pts',(31.7197640950101,15.,35.1863118196523));
#4356=CARTESIAN_POINT('Ctrl Pts',(31.2303078564165,15.,34.6962167369545));
#4357=CARTESIAN_POINT('Ctrl Pts',(30.7356154172995,15.,34.2183820036249));
#4358=CARTESIAN_POINT('Ctrl Pts',(30.2765105517572,15.,33.7749221209788));
#4359=CARTESIAN_POINT('Ctrl Pts',(29.8128952386798,15.,33.3420232667618));
#4360=CARTESIAN_POINT('Ctrl Pts',(29.344652770774,15.,32.9199587063283));
#4361=CARTESIAN_POINT('Ctrl Pts',(28.9322189012163,15.,32.5481989199055));
#4362=CARTESIAN_POINT('Ctrl Pts',(28.5161949381048,15.,32.1848451907065));
#4363=CARTESIAN_POINT('Ctrl Pts',(28.0965184968997,15.,31.8300435895802));
#4364=CARTESIAN_POINT('Ctrl Pts',(27.7069684329567,15.,31.5007113401717));
#4365=CARTESIAN_POINT('Ctrl Pts',(27.3142713121724,15.,31.1787477956448));
#4366=CARTESIAN_POINT('Ctrl Pts',(26.9183955564576,15.,30.8642268948039));
#4367=CARTESIAN_POINT('Ctrl Pts',(26.5158540054549,15.,30.5444100598005));
#4368=CARTESIAN_POINT('Ctrl Pts',(26.1100257313097,15.,30.2322889526107));
#4369=CARTESIAN_POINT('Ctrl Pts',(25.7009004590728,15.,29.9278876316081));
#4370=CARTESIAN_POINT('Ctrl Pts',(25.2846840489914,15.,29.6182102940067));
#4371=CARTESIAN_POINT('Ctrl Pts',(24.8650554834897,15.,29.3165223787674));
#4372=CARTESIAN_POINT('Ctrl Pts',(24.4420268764466,15.,29.0227955217383));
#4373=CARTESIAN_POINT('Ctrl Pts',(24.0030472399064,15.,28.7179931826199));
#4374=CARTESIAN_POINT('Ctrl Pts',(23.5604063993131,15.,28.4217634030515));
#4375=CARTESIAN_POINT('Ctrl Pts',(23.1141409049425,15.,28.1340206020575));
#4376=CARTESIAN_POINT('Ctrl Pts',(22.6377993530989,15.,27.8268853785498));
#4377=CARTESIAN_POINT('Ctrl Pts',(22.1573282276376,15.,27.5294193827717));
#4378=CARTESIAN_POINT('Ctrl Pts',(21.6727966798224,15.,27.2414606998677));
#4379=CARTESIAN_POINT('Ctrl Pts',(21.1287395971992,15.,26.9181257970255));
#4380=CARTESIAN_POINT('Ctrl Pts',(20.5795634746553,15.,26.6067769167935));
#4381=CARTESIAN_POINT('Ctrl Pts',(20.025393082229,15.,26.3071219152298));
#4382=CARTESIAN_POINT('Ctrl Pts',(19.2169866002174,15.,25.8699945462077));
#4383=CARTESIAN_POINT('Ctrl Pts',(18.3979534249301,15.,25.4577491448685));
#4384=CARTESIAN_POINT('Ctrl Pts',(17.5687289994734,15.,25.0693661389888));
#4385=CARTESIAN_POINT('Ctrl Pts',(16.8337398893794,15.,24.7251200325021));
#4386=CARTESIAN_POINT('Ctrl Pts',(16.0907463664012,15.,24.3996159314108));
#4387=CARTESIAN_POINT('Ctrl Pts',(15.3400493478137,15.,24.0921492502235));
#4388=CARTESIAN_POINT('Ctrl Pts',(14.7113789795528,15.,23.8346616261836));
#4389=CARTESIAN_POINT('Ctrl Pts',(14.0773064188465,15.,23.5898230148106));
#4390=CARTESIAN_POINT('Ctrl Pts',(13.4379934395593,15.,23.3572546292171));
#4391=CARTESIAN_POINT('Ctrl Pts',(12.8445120125561,15.,23.1413587819096));
#4392=CARTESIAN_POINT('Ctrl Pts',(12.2465147784493,15.,22.9360365122436));
#4393=CARTESIAN_POINT('Ctrl Pts',(11.6441132241501,15.,22.7410267781762));
#4394=CARTESIAN_POINT('Ctrl Pts',(11.0830008688612,15.,22.5593832043741));
#4395=CARTESIAN_POINT('Ctrl Pts',(10.5180673231435,15.,22.3866867916786));
#4396=CARTESIAN_POINT('Ctrl Pts',(9.94938490373664,15.,22.2227682134016));
#4397=CARTESIAN_POINT('Ctrl Pts',(9.39085671482897,15.,22.0617765183375));
#4398=CARTESIAN_POINT('Ctrl Pts',(8.82871244126829,15.,21.9092517375948));
#4399=CARTESIAN_POINT('Ctrl Pts',(8.26300114831449,15.,21.7650789868741));
#4400=CARTESIAN_POINT('Ctrl Pts',(7.70653405926977,15.,21.6232621415814));
#4401=CARTESIAN_POINT('Ctrl Pts',(7.14661559374816,15.,21.4895265531521));
#4402=CARTESIAN_POINT('Ctrl Pts',(6.58327279023216,15.,21.3638089120854));
#4403=CARTESIAN_POINT('Ctrl Pts',(6.13114761070093,15.,21.2629110028855));
#4404=CARTESIAN_POINT('Ctrl Pts',(5.67681636259253,15.,21.1671785130335));
#4405=CARTESIAN_POINT('Ctrl Pts',(5.22028346442097,15.,21.0766010967594));
#4406=CARTESIAN_POINT('Ctrl Pts',(5.22028346442097,13.,21.0766010967594));
#4407=CARTESIAN_POINT('Ctrl Pts',(5.22028346442097,16.,21.0766010967594));
#4408=CARTESIAN_POINT('Ctrl Pts',(4.73118797500394,13.,21.46455656344));
#4409=CARTESIAN_POINT('Ctrl Pts',(4.73118797500394,16.,21.46455656344));
#4410=CARTESIAN_POINT('Ctrl Pts',(3.77059061767355,13.,22.2470902415112));
#4411=CARTESIAN_POINT('Ctrl Pts',(3.77059061767355,16.,22.2470902415112));
#4412=CARTESIAN_POINT('Ctrl Pts',(2.38247270720387,13.,23.4407579617154));
#4413=CARTESIAN_POINT('Ctrl Pts',(2.38247270720387,16.,23.4407579617154));
#4414=CARTESIAN_POINT('Ctrl Pts',(0.638965365844708,13.,25.0727119512511));
#4415=CARTESIAN_POINT('Ctrl Pts',(0.638965365844708,16.,25.0727119512511));
#4416=CARTESIAN_POINT('Ctrl Pts',(-1.34918901514777,13.,27.1846388285194));
#4417=CARTESIAN_POINT('Ctrl Pts',(-1.34918901514777,16.,27.1846388285194));
#4418=CARTESIAN_POINT('Ctrl Pts',(-3.1281597108673,13.,29.3753084561016));
#4419=CARTESIAN_POINT('Ctrl Pts',(-3.1281597108673,16.,29.3753084561016));
#4420=CARTESIAN_POINT('Ctrl Pts',(-4.67947845401723,13.,31.6516728205226));
#4421=CARTESIAN_POINT('Ctrl Pts',(-4.67947845401723,16.,31.6516728205226));
#4422=CARTESIAN_POINT('Ctrl Pts',(-5.99064329272835,13.,34.0184380157308));
#4423=CARTESIAN_POINT('Ctrl Pts',(-5.99064329272835,16.,34.0184380157308));
#4424=CARTESIAN_POINT('Ctrl Pts',(-7.0677672134477,13.,36.4733029379668));
#4425=CARTESIAN_POINT('Ctrl Pts',(-7.0677672134477,16.,36.4733029379668));
#4426=CARTESIAN_POINT('Ctrl Pts',(-7.9271330511793,13.,39.0101382602298));
#4427=CARTESIAN_POINT('Ctrl Pts',(-7.9271330511793,16.,39.0101382602298));
#4428=CARTESIAN_POINT('Ctrl Pts',(-8.45400445241229,13.,41.1000689793605));
#4429=CARTESIAN_POINT('Ctrl Pts',(-8.45400445241229,16.,41.1000689793605));
#4430=CARTESIAN_POINT('Ctrl Pts',(-8.7644481218779,13.,42.6994042523537));
#4431=CARTESIAN_POINT('Ctrl Pts',(-8.7644481218779,16.,42.6994042523537));
#4432=CARTESIAN_POINT('Ctrl Pts',(-8.93437172642694,13.,43.779570252088));
#4433=CARTESIAN_POINT('Ctrl Pts',(-8.93437172642694,16.,43.779570252088));
#4434=CARTESIAN_POINT('Ctrl Pts',(-9.0100737810465,13.,44.3231388870651));
#4435=CARTESIAN_POINT('Ctrl Pts',(-9.0100737810465,16.,44.3231388870651));
#4436=CARTESIAN_POINT('',(-3.975,15.,30.6730599402271));
#4437=CARTESIAN_POINT('Ctrl Pts',(5.22028346442097,15.,21.0766010967594));
#4438=CARTESIAN_POINT('Ctrl Pts',(4.87018162026796,15.,21.3543054045542));
#4439=CARTESIAN_POINT('Ctrl Pts',(4.52548455078668,15.,21.6340442248488));
#4440=CARTESIAN_POINT('Ctrl Pts',(4.18621668152645,15.,21.9158267521219));
#4441=CARTESIAN_POINT('Ctrl Pts',(3.84332895725327,15.,22.2006157883702));
#4442=CARTESIAN_POINT('Ctrl Pts',(3.50598696804349,15.,22.4874923986603));
#4443=CARTESIAN_POINT('Ctrl Pts',(3.17426580233452,15.,22.776484848438));
#4444=CARTESIAN_POINT('Ctrl Pts',(2.8206669650054,15.,23.0845369259106));
#4445=CARTESIAN_POINT('Ctrl Pts',(2.47345444519733,15.,23.3949929968175));
#4446=CARTESIAN_POINT('Ctrl Pts',(2.13277878233366,15.,23.7079097285235));
#4447=CARTESIAN_POINT('Ctrl Pts',(1.78979697153717,15.,24.0229446986382));
#4448=CARTESIAN_POINT('Ctrl Pts',(1.45344132680644,15.,24.3404739480717));
#4449=CARTESIAN_POINT('Ctrl Pts',(1.12392168202857,15.,24.6605764643291));
#4450=CARTESIAN_POINT('Ctrl Pts',(0.773105818736628,15.,25.0013665882638));
#4451=CARTESIAN_POINT('Ctrl Pts',(0.430038310842658,15.,25.3450734158297));
#4452=CARTESIAN_POINT('Ctrl Pts',(0.095031301709907,15.,25.6918144467586));
#4453=CARTESIAN_POINT('Ctrl Pts',(-0.307079966463059,15.,26.108010143784));
#4454=CARTESIAN_POINT('Ctrl Pts',(-0.697577090606819,15.,26.5285777383701));
#4455=CARTESIAN_POINT('Ctrl Pts',(-1.07584420588489,15.,26.9537490597391));
#4456=CARTESIAN_POINT('Ctrl Pts',(-1.50125886631141,15.,27.4319141076587));
#4457=CARTESIAN_POINT('Ctrl Pts',(-1.91119837914009,15.,27.9159044458333));
#4458=CARTESIAN_POINT('Ctrl Pts',(-2.30475774762142,15.,28.4060607410462));
#4459=CARTESIAN_POINT('Ctrl Pts',(-2.60232792422987,15.,28.7766678387633));
#4460=CARTESIAN_POINT('Ctrl Pts',(-2.8905319178645,15.,29.1508006369018));
#4461=CARTESIAN_POINT('Ctrl Pts',(-3.16901349667075,15.,29.5285932313687));
#4462=CARTESIAN_POINT('Ctrl Pts',(-3.39706903337079,15.,29.8379770450549));
#4463=CARTESIAN_POINT('Ctrl Pts',(-3.61860381947986,15.,30.1498154566463));
#4464=CARTESIAN_POINT('Ctrl Pts',(-3.83345884272779,15.,30.4641683229309));
#4465=CARTESIAN_POINT('Ctrl Pts',(-3.88096607980609,15.,30.5336758257999));
#4466=CARTESIAN_POINT('Ctrl Pts',(-3.92814692238058,15.,30.6033061929395));
#4467=CARTESIAN_POINT('Ctrl Pts',(-3.97499999999999,15.,30.6730599402271));
#4468=CARTESIAN_POINT('',(-3.975,16.,30.6730599402271));
#4469=CARTESIAN_POINT('Ctrl Pts',(5.22028346442097,16.,21.0766010967594));
#4470=CARTESIAN_POINT('Ctrl Pts',(4.73118797500394,16.,21.46455656344));
#4471=CARTESIAN_POINT('Ctrl Pts',(3.77059061767355,16.,22.2470902415112));
#4472=CARTESIAN_POINT('Ctrl Pts',(2.38247270720387,16.,23.4407579617154));
#4473=CARTESIAN_POINT('Ctrl Pts',(0.638965365844708,16.,25.0727119512511));
#4474=CARTESIAN_POINT('Ctrl Pts',(-1.17628112623644,16.,27.0009665637422));
#4475=CARTESIAN_POINT('Ctrl Pts',(-2.46095707376033,16.,28.5568781121518));
#4476=CARTESIAN_POINT('Ctrl Pts',(-3.3112737648142,16.,29.7042299028828));
#4477=CARTESIAN_POINT('Ctrl Pts',(-3.80166499915607,16.,30.4150029147492));
#4478=CARTESIAN_POINT('Ctrl Pts',(-3.975,16.,30.6730599402271));
#4479=CARTESIAN_POINT('Ctrl Pts',(-3.975,15.,30.6730599402271));
#4480=CARTESIAN_POINT('Ctrl Pts',(-3.975,15.3333333333333,30.6730599402271));
#4481=CARTESIAN_POINT('Ctrl Pts',(-3.975,15.6666666666667,30.6730599402271));
#4482=CARTESIAN_POINT('Ctrl Pts',(-3.975,16.,30.6730599402271));
#4483=CARTESIAN_POINT('Ctrl Pts',(-9.0100737810465,13.,44.3231388870651));
#4484=CARTESIAN_POINT('Ctrl Pts',(-9.0100737810465,16.,44.3231388870651));
#4485=CARTESIAN_POINT('Ctrl Pts',(-7.88863383502683,13.,45.0978674300151));
#4486=CARTESIAN_POINT('Ctrl Pts',(-7.88863383502683,16.,45.0978674300151));
#4487=CARTESIAN_POINT('Ctrl Pts',(-5.65096133988869,13.,46.59377179688));
#4488=CARTESIAN_POINT('Ctrl Pts',(-5.65096133988869,16.,46.59377179688));
#4489=CARTESIAN_POINT('Ctrl Pts',(-2.31007381440065,13.,48.6769802013579));
#4490=CARTESIAN_POINT('Ctrl Pts',(-2.31007381440065,16.,48.6769802013579));
#4491=CARTESIAN_POINT('Ctrl Pts',(2.11267803803358,13.,51.1279226275144));
#4492=CARTESIAN_POINT('Ctrl Pts',(2.11267803803358,16.,51.1279226275144));
#4493=CARTESIAN_POINT('Ctrl Pts',(7.58446019363107,13.,53.6089349249654));
#4494=CARTESIAN_POINT('Ctrl Pts',(7.58446019363107,16.,53.6089349249654));
#4495=CARTESIAN_POINT('Ctrl Pts',(12.9940758003932,13.,55.4506282332692));
#4496=CARTESIAN_POINT('Ctrl Pts',(12.9940758003932,16.,55.4506282332692));
#4497=CARTESIAN_POINT('Ctrl Pts',(18.3357068525372,13.,56.5931703493482));
#4498=CARTESIAN_POINT('Ctrl Pts',(18.3357068525372,16.,56.5931703493482));
#4499=CARTESIAN_POINT('Ctrl Pts',(23.6049537472902,13.,56.9913158856358));
#4500=CARTESIAN_POINT('Ctrl Pts',(23.6049537472902,16.,56.9913158856358));
#4501=CARTESIAN_POINT('Ctrl Pts',(28.8027798498026,13.,56.65497206149));
#4502=CARTESIAN_POINT('Ctrl Pts',(28.8027798498026,16.,56.65497206149));
#4503=CARTESIAN_POINT('Ctrl Pts',(33.9337992842263,13.,55.6315903961878));
#4504=CARTESIAN_POINT('Ctrl Pts',(33.9337992842263,16.,55.6315903961878));
#4505=CARTESIAN_POINT('Ctrl Pts',(37.9891587355188,13.,54.3042800014962));
#4506=CARTESIAN_POINT('Ctrl Pts',(37.9891587355188,16.,54.3042800014962));
#4507=CARTESIAN_POINT('Ctrl Pts',(41.0045694807428,13.,53.0402946171913));
#4508=CARTESIAN_POINT('Ctrl Pts',(41.0045694807428,16.,53.0402946171913));
#4509=CARTESIAN_POINT('Ctrl Pts',(43.0034263864691,13.,52.0802263739896));
#4510=CARTESIAN_POINT('Ctrl Pts',(43.0034263864691,16.,52.0802263739896));
#4511=CARTESIAN_POINT('Ctrl Pts',(44.0000006556511,13.,51.5708399100189));
#4512=CARTESIAN_POINT('Ctrl Pts',(44.0000006556511,16.,51.5708399100189));
#4513=CARTESIAN_POINT('',(-9.0100737810465,16.,44.3231388870651));
#4514=CARTESIAN_POINT('',(-9.0100737810465,13.,44.3231388870651));
#4515=CARTESIAN_POINT('Ctrl Pts',(-9.0100737810465,16.,44.3231388870651));
#4516=CARTESIAN_POINT('Ctrl Pts',(-7.88863383502683,16.,45.0978674300151));
#4517=CARTESIAN_POINT('Ctrl Pts',(-5.65096133988869,16.,46.59377179688));
#4518=CARTESIAN_POINT('Ctrl Pts',(-2.31007381440065,16.,48.6769802013579));
#4519=CARTESIAN_POINT('Ctrl Pts',(2.11267803803358,16.,51.1279226275144));
#4520=CARTESIAN_POINT('Ctrl Pts',(7.58446019363107,16.,53.6089349249654));
#4521=CARTESIAN_POINT('Ctrl Pts',(12.9940758003932,16.,55.4506282332692));
#4522=CARTESIAN_POINT('Ctrl Pts',(18.3357068525372,16.,56.5931703493482));
#4523=CARTESIAN_POINT('Ctrl Pts',(23.6049537472902,16.,56.9913158856358));
#4524=CARTESIAN_POINT('Ctrl Pts',(28.8027798498026,16.,56.65497206149));
#4525=CARTESIAN_POINT('Ctrl Pts',(33.9337992842263,16.,55.6315903961878));
#4526=CARTESIAN_POINT('Ctrl Pts',(37.9891587355188,16.,54.3042800014962));
#4527=CARTESIAN_POINT('Ctrl Pts',(41.0045694807428,16.,53.0402946171913));
#4528=CARTESIAN_POINT('Ctrl Pts',(43.0034263864691,16.,52.0802263739896));
#4529=CARTESIAN_POINT('Ctrl Pts',(44.0000006556511,16.,51.5708399100189));
#4530=CARTESIAN_POINT('Ctrl Pts',(5.22028346442097,13.,21.0766010967594));
#4531=CARTESIAN_POINT('Ctrl Pts',(5.22028346442097,16.,21.0766010967594));
#4532=CARTESIAN_POINT('Ctrl Pts',(4.73118797500394,13.,21.46455656344));
#4533=CARTESIAN_POINT('Ctrl Pts',(4.73118797500394,16.,21.46455656344));
#4534=CARTESIAN_POINT('Ctrl Pts',(3.77059061767355,13.,22.2470902415112));
#4535=CARTESIAN_POINT('Ctrl Pts',(3.77059061767355,16.,22.2470902415112));
#4536=CARTESIAN_POINT('Ctrl Pts',(2.38247270720387,13.,23.4407579617154));
#4537=CARTESIAN_POINT('Ctrl Pts',(2.38247270720387,16.,23.4407579617154));
#4538=CARTESIAN_POINT('Ctrl Pts',(0.638965365844708,13.,25.0727119512511));
#4539=CARTESIAN_POINT('Ctrl Pts',(0.638965365844708,16.,25.0727119512511));
#4540=CARTESIAN_POINT('Ctrl Pts',(-1.34918901514777,13.,27.1846388285194));
#4541=CARTESIAN_POINT('Ctrl Pts',(-1.34918901514777,16.,27.1846388285194));
#4542=CARTESIAN_POINT('Ctrl Pts',(-3.1281597108673,13.,29.3753084561016));
#4543=CARTESIAN_POINT('Ctrl Pts',(-3.1281597108673,16.,29.3753084561016));
#4544=CARTESIAN_POINT('Ctrl Pts',(-4.67947845401723,13.,31.6516728205226));
#4545=CARTESIAN_POINT('Ctrl Pts',(-4.67947845401723,16.,31.6516728205226));
#4546=CARTESIAN_POINT('Ctrl Pts',(-5.99064329272835,13.,34.0184380157308));
#4547=CARTESIAN_POINT('Ctrl Pts',(-5.99064329272835,16.,34.0184380157308));
#4548=CARTESIAN_POINT('Ctrl Pts',(-7.0677672134477,13.,36.4733029379668));
#4549=CARTESIAN_POINT('Ctrl Pts',(-7.0677672134477,16.,36.4733029379668));
#4550=CARTESIAN_POINT('Ctrl Pts',(-7.9271330511793,13.,39.0101382602298));
#4551=CARTESIAN_POINT('Ctrl Pts',(-7.9271330511793,16.,39.0101382602298));
#4552=CARTESIAN_POINT('Ctrl Pts',(-8.45400445241229,13.,41.1000689793605));
#4553=CARTESIAN_POINT('Ctrl Pts',(-8.45400445241229,16.,41.1000689793605));
#4554=CARTESIAN_POINT('Ctrl Pts',(-8.7644481218779,13.,42.6994042523537));
#4555=CARTESIAN_POINT('Ctrl Pts',(-8.7644481218779,16.,42.6994042523537));
#4556=CARTESIAN_POINT('Ctrl Pts',(-8.93437172642694,13.,43.779570252088));
#4557=CARTESIAN_POINT('Ctrl Pts',(-8.93437172642694,16.,43.779570252088));
#4558=CARTESIAN_POINT('Ctrl Pts',(-9.0100737810465,13.,44.3231388870651));
#4559=CARTESIAN_POINT('Ctrl Pts',(-9.0100737810465,16.,44.3231388870651));
#4560=CARTESIAN_POINT('',(-8.23304169115681,15.,40.3291766627464));
#4561=CARTESIAN_POINT('Ctrl Pts',(-8.23304169115681,15.,40.3291766627464));
#4562=CARTESIAN_POINT('Ctrl Pts',(-8.23304169115681,14.3333333333333,40.3291766627464));
#4563=CARTESIAN_POINT('Ctrl Pts',(-8.23304169115681,13.6666666666667,40.3291766627464));
#4564=CARTESIAN_POINT('Ctrl Pts',(-8.23304169115681,13.,40.3291766627464));
#4565=CARTESIAN_POINT('',(-4.74226173333399,15.,31.875));
#4566=CARTESIAN_POINT('Ctrl Pts',(-4.74226173333399,15.,31.875));
#4567=CARTESIAN_POINT('Ctrl Pts',(-4.91495301417347,15.,32.1601916461142));
#4568=CARTESIAN_POINT('Ctrl Pts',(-5.0823053999972,15.,32.447393005733));
#4569=CARTESIAN_POINT('Ctrl Pts',(-5.24433123795715,15.,32.7365994310335));
#4570=CARTESIAN_POINT('Ctrl Pts',(-5.42033391442204,15.,33.0507536767058));
#4571=CARTESIAN_POINT('Ctrl Pts',(-5.59005148914075,15.,33.3672738152865));
#4572=CARTESIAN_POINT('Ctrl Pts',(-5.7535594221303,15.,33.6861314414569));
#4573=CARTESIAN_POINT('Ctrl Pts',(-5.93050050380795,15.,34.0311851171055));
#4574=CARTESIAN_POINT('Ctrl Pts',(-6.1001701922318,15.,34.3789759541286));
#4575=CARTESIAN_POINT('Ctrl Pts',(-6.26272716644693,15.,34.7294442211737));
#4576=CARTESIAN_POINT('Ctrl Pts',(-6.45102511438329,15.,35.1354093040011));
#4577=CARTESIAN_POINT('Ctrl Pts',(-6.62978044224236,15.,35.5449665032462));
#4578=CARTESIAN_POINT('Ctrl Pts',(-6.79931050966249,15.,35.9579963556216));
#4579=CARTESIAN_POINT('Ctrl Pts',(-7.09029954400014,15.,36.6669393751361));
#4580=CARTESIAN_POINT('Ctrl Pts',(-7.35412014969663,15.,37.3861093719148));
#4581=CARTESIAN_POINT('Ctrl Pts',(-7.59251900749853,15.,38.1148488451318));
#4582=CARTESIAN_POINT('Ctrl Pts',(-7.73183213513441,15.,38.5407022916694));
#4583=CARTESIAN_POINT('Ctrl Pts',(-7.86246509570281,15.,38.9698232025285));
#4584=CARTESIAN_POINT('Ctrl Pts',(-7.98473704461364,15.,39.4020914384413));
#4585=CARTESIAN_POINT('Ctrl Pts',(-8.07170232593527,15.,39.7095399503644));
#4586=CARTESIAN_POINT('Ctrl Pts',(-8.15443741990136,15.,40.0185808263687));
#4587=CARTESIAN_POINT('Ctrl Pts',(-8.23304169115684,15.,40.3291766627466));
#4588=CARTESIAN_POINT('',(-4.74226173333399,16.,31.875));
#4589=CARTESIAN_POINT('Ctrl Pts',(-4.74226173333399,16.,31.875));
#4590=CARTESIAN_POINT('Ctrl Pts',(-4.74226173333399,15.6666666666667,31.875));
#4591=CARTESIAN_POINT('Ctrl Pts',(-4.74226173333399,15.3333333333333,31.875));
#4592=CARTESIAN_POINT('Ctrl Pts',(-4.74226173333399,15.,31.875));
#4593=CARTESIAN_POINT('Ctrl Pts',(-4.74226173333399,16.,31.875));
#4594=CARTESIAN_POINT('Ctrl Pts',(-5.000004956101,16.,32.300650986074));
#4595=CARTESIAN_POINT('Ctrl Pts',(-5.51910633511894,16.,33.1999843153741));
#4596=CARTESIAN_POINT('Ctrl Pts',(-6.24318648196723,16.,34.5942228098422));
#4597=CARTESIAN_POINT('Ctrl Pts',(-7.08260675006239,16.,36.5171090319459));
#4598=CARTESIAN_POINT('Ctrl Pts',(-7.9271330511793,16.,39.0101382602298));
#4599=CARTESIAN_POINT('Ctrl Pts',(-8.45400445241229,16.,41.1000689793605));
#4600=CARTESIAN_POINT('Ctrl Pts',(-8.7644481218779,16.,42.6994042523537));
#4601=CARTESIAN_POINT('Ctrl Pts',(-8.93437172642694,16.,43.779570252088));
#4602=CARTESIAN_POINT('Ctrl Pts',(-9.0100737810465,16.,44.3231388870651));
#4603=CARTESIAN_POINT('Origin',(17.4949634373023,16.,39.0339584911976));
#4604=CARTESIAN_POINT('',(-4.475,16.,31.875));
#4605=CARTESIAN_POINT('',(6.50998171865115,16.,31.875));
#4606=CARTESIAN_POINT('',(-3.975,16.,31.375));
#4607=CARTESIAN_POINT('Origin',(-4.475,16.,31.375));
#4608=CARTESIAN_POINT('',(-3.975,16.,28.7044792455988));
#4609=CARTESIAN_POINT('',(10.9907981627576,16.,32.5180649688156));
#4610=CARTESIAN_POINT('',(23.4907981627576,16.,32.5180649688156));
#4611=CARTESIAN_POINT('',(14.2428808000299,16.,32.5180649688156));
#4612=CARTESIAN_POINT('',(10.9907981627576,16.,45.0180649688156));
#4613=CARTESIAN_POINT('',(10.9907981627576,16.,42.0260117300066));
#4614=CARTESIAN_POINT('',(23.4907981627576,16.,45.0180649688156));
#4615=CARTESIAN_POINT('',(20.4928808000299,16.,45.0180649688156));
#4616=CARTESIAN_POINT('',(23.4907981627576,16.,35.7760117300066));
#4617=CARTESIAN_POINT('Ctrl Pts',(40.7339595182406,13.,-48.6139042196456));
#4618=CARTESIAN_POINT('Ctrl Pts',(40.7339595182406,16.,-48.6139042196456));
#4619=CARTESIAN_POINT('Ctrl Pts',(40.478718549211,13.,-48.7275631240416));
#4620=CARTESIAN_POINT('Ctrl Pts',(40.478718549211,16.,-48.7275631240416));
#4621=CARTESIAN_POINT('Ctrl Pts',(39.305849291737,13.,-49.2388354980541));
#4622=CARTESIAN_POINT('Ctrl Pts',(39.305849291737,16.,-49.2388354980541));
#4623=CARTESIAN_POINT('Ctrl Pts',(37.1965673595752,13.,-50.0682662942934));
#4624=CARTESIAN_POINT('Ctrl Pts',(37.1965673595752,16.,-50.0682662942934));
#4625=CARTESIAN_POINT('Ctrl Pts',(34.1114105765434,13.,-51.0489366133074));
#4626=CARTESIAN_POINT('Ctrl Pts',(34.1114105765434,16.,-51.0489366133074));
#4627=CARTESIAN_POINT('Ctrl Pts',(29.9863596890309,13.,-51.9100549177284));
#4628=CARTESIAN_POINT('Ctrl Pts',(29.9863596890309,16.,-51.9100549177284));
#4629=CARTESIAN_POINT('Ctrl Pts',(25.0142002719587,13.,-52.2737856495344));
#4630=CARTESIAN_POINT('Ctrl Pts',(25.0142002719587,16.,-52.2737856495344));
#4631=CARTESIAN_POINT('Ctrl Pts',(19.8806037246388,13.,-51.9546622988463));
#4632=CARTESIAN_POINT('Ctrl Pts',(19.8806037246388,16.,-51.9546622988463));
#4633=CARTESIAN_POINT('Ctrl Pts',(14.5855255892697,13.,-50.9524968160512));
#4634=CARTESIAN_POINT('Ctrl Pts',(14.5855255892697,16.,-50.9524968160512));
#4635=CARTESIAN_POINT('Ctrl Pts',(9.14005572395941,13.,-49.3141975850618));
#4636=CARTESIAN_POINT('Ctrl Pts',(9.14005572395941,16.,-49.3141975850618));
#4637=CARTESIAN_POINT('Ctrl Pts',(3.55774687142986,13.,-47.0970906106353));
#4638=CARTESIAN_POINT('Ctrl Pts',(3.55774687142986,16.,-47.0970906106353));
#4639=CARTESIAN_POINT('Ctrl Pts',(-1.0075811443791,13.,-44.9026160734316));
#4640=CARTESIAN_POINT('Ctrl Pts',(-1.0075811443791,16.,-44.9026160734316));
#4641=CARTESIAN_POINT('Ctrl Pts',(-4.48381150717401,13.,-43.0358169480512));
#4642=CARTESIAN_POINT('Ctrl Pts',(-4.48381150717401,16.,-43.0358169480512));
#4643=CARTESIAN_POINT('Ctrl Pts',(-6.82413148432767,13.,-41.6947038503792));
#4644=CARTESIAN_POINT('Ctrl Pts',(-6.82413148432767,16.,-41.6947038503792));
#4645=CARTESIAN_POINT('Ctrl Pts',(-8.00000011920929,13.,-41.0000006109476));
#4646=CARTESIAN_POINT('Ctrl Pts',(-8.00000011920929,16.,-41.0000006109476));
#4647=CARTESIAN_POINT('',(40.7339595183063,15.,-48.6139042196164));
#4648=CARTESIAN_POINT('',(40.1453158569387,15.,-48.8709327291822));
#4649=CARTESIAN_POINT('Ctrl Pts',(40.7339595182406,15.,-48.6139042196456));
#4650=CARTESIAN_POINT('Ctrl Pts',(40.5383705741906,15.,-48.7010000537401));
#4651=CARTESIAN_POINT('Ctrl Pts',(40.3421511965236,15.,-48.7866853928556));
#4652=CARTESIAN_POINT('Ctrl Pts',(40.1453158569387,15.,-48.8709327291822));
#4653=CARTESIAN_POINT('',(40.7339595183063,16.,-48.6139042196164));
#4654=CARTESIAN_POINT('',(40.7339595183063,13.,-48.6139042196164));
#4655=CARTESIAN_POINT('',(-8.00000011920929,16.,-41.0000006109476));
#4656=CARTESIAN_POINT('Ctrl Pts',(40.7339595182406,16.,-48.6139042196456));
#4657=CARTESIAN_POINT('Ctrl Pts',(40.478718549211,16.,-48.7275631240416));
#4658=CARTESIAN_POINT('Ctrl Pts',(39.305849291737,16.,-49.2388354980541));
#4659=CARTESIAN_POINT('Ctrl Pts',(37.1965673595752,16.,-50.0682662942933));
#4660=CARTESIAN_POINT('Ctrl Pts',(34.1114105765434,16.,-51.0489366133073));
#4661=CARTESIAN_POINT('Ctrl Pts',(29.9863596890309,16.,-51.9100549177284));
#4662=CARTESIAN_POINT('Ctrl Pts',(25.0142002719587,16.,-52.2737856495344));
#4663=CARTESIAN_POINT('Ctrl Pts',(19.8806037246388,16.,-51.9546622988463));
#4664=CARTESIAN_POINT('Ctrl Pts',(14.5855255892697,16.,-50.9524968160512));
#4665=CARTESIAN_POINT('Ctrl Pts',(9.14005572395941,16.,-49.3141975850618));
#4666=CARTESIAN_POINT('Ctrl Pts',(3.55774687142986,16.,-47.0970906106353));
#4667=CARTESIAN_POINT('Ctrl Pts',(-1.0075811443791,16.,-44.9026160734316));
#4668=CARTESIAN_POINT('Ctrl Pts',(-4.48381150717401,16.,-43.0358169480512));
#4669=CARTESIAN_POINT('Ctrl Pts',(-6.82413148432767,16.,-41.6947038503792));
#4670=CARTESIAN_POINT('Ctrl Pts',(-8.00000011920929,16.,-41.0000006109476));
#4671=CARTESIAN_POINT('',(-8.00000011920929,13.,-41.0000006109476));
#4672=CARTESIAN_POINT('Ctrl Pts',(40.1453158569387,15.,-48.8709327291822));
#4673=CARTESIAN_POINT('Ctrl Pts',(40.1453158569387,14.3333333333333,-48.8709327291822));
#4674=CARTESIAN_POINT('Ctrl Pts',(40.1453158569387,13.6666666666667,-48.8709327291822));
#4675=CARTESIAN_POINT('Ctrl Pts',(40.1453158569387,13.,-48.8709327291822));
#4676=CARTESIAN_POINT('Ctrl Pts',(-8.00000011920929,13.,-41.0000006109476));
#4677=CARTESIAN_POINT('Ctrl Pts',(-8.00000011920929,16.,-41.0000006109476));
#4678=CARTESIAN_POINT('Ctrl Pts',(-7.98571760517861,13.,-40.4632126327369));
#4679=CARTESIAN_POINT('Ctrl Pts',(-7.98571760517861,16.,-40.4632126327369));
#4680=CARTESIAN_POINT('Ctrl Pts',(-7.93643292768307,13.,-39.398117487622));
#4681=CARTESIAN_POINT('Ctrl Pts',(-7.93643292768307,16.,-39.398117487622));
#4682=CARTESIAN_POINT('Ctrl Pts',(-7.80034759433909,13.,-37.825916945511));
#4683=CARTESIAN_POINT('Ctrl Pts',(-7.80034759433909,16.,-37.825916945511));
#4684=CARTESIAN_POINT('Ctrl Pts',(-7.49253316917803,13.,-35.7813732760205));
#4685=CARTESIAN_POINT('Ctrl Pts',(-7.49253316917803,16.,-35.7813732760205));
#4686=CARTESIAN_POINT('Ctrl Pts',(-6.88306955113949,13.,-33.3176643992405));
#4687=CARTESIAN_POINT('Ctrl Pts',(-6.88306955113949,16.,-33.3176643992405));
#4688=CARTESIAN_POINT('Ctrl Pts',(-6.02966018001305,13.,-30.9538055661242));
#4689=CARTESIAN_POINT('Ctrl Pts',(-6.02966018001305,16.,-30.9538055661242));
#4690=CARTESIAN_POINT('Ctrl Pts',(-4.91368365044754,13.,-28.6974187504599));
#4691=CARTESIAN_POINT('Ctrl Pts',(-4.91368365044754,16.,-28.6974187504599));
#4692=CARTESIAN_POINT('Ctrl Pts',(-3.52736823840219,13.,-26.5516850159625));
#4693=CARTESIAN_POINT('Ctrl Pts',(-3.52736823840219,16.,-26.5516850159625));
#4694=CARTESIAN_POINT('Ctrl Pts',(-1.88406873505008,13.,-24.5111380797982));
#4695=CARTESIAN_POINT('Ctrl Pts',(-1.88406873505008,16.,-24.5111380797982));
#4696=CARTESIAN_POINT('Ctrl Pts',(-0.00430796187572066,13.,-22.5673776947984));
#4697=CARTESIAN_POINT('Ctrl Pts',(-0.00430796187572066,16.,-22.5673776947984));
#4698=CARTESIAN_POINT('Ctrl Pts',(1.67258957874591,13.,-21.083216844504));
#4699=CARTESIAN_POINT('Ctrl Pts',(1.67258957874591,16.,-21.083216844504));
#4700=CARTESIAN_POINT('Ctrl Pts',(3.02135251425182,13.,-20.0073803914729));
#4701=CARTESIAN_POINT('Ctrl Pts',(3.02135251425182,16.,-20.0073803914729));
#4702=CARTESIAN_POINT('Ctrl Pts',(3.96034878272091,13.,-19.306455313169));
#4703=CARTESIAN_POINT('Ctrl Pts',(3.96034878272091,16.,-19.306455313169));
#4704=CARTESIAN_POINT('Ctrl Pts',(4.43980263775987,13.,-18.9600677748901));
#4705=CARTESIAN_POINT('Ctrl Pts',(4.43980263775987,16.,-18.9600677748901));
#4706=CARTESIAN_POINT('',(-7.71659912136741,15.,-37.4776034604695));
#4707=CARTESIAN_POINT('Ctrl Pts',(-7.71659912136741,13.,-37.4776034604695));
#4708=CARTESIAN_POINT('Ctrl Pts',(-7.71659912136741,13.6666666666667,-37.4776034604695));
#4709=CARTESIAN_POINT('Ctrl Pts',(-7.71659912136741,14.3333333333333,-37.4776034604695));
#4710=CARTESIAN_POINT('Ctrl Pts',(-7.71659912136741,15.,-37.4776034604695));
#4711=CARTESIAN_POINT('',(-5.35615182158262,16.,-29.675));
#4712=CARTESIAN_POINT('Ctrl Pts',(-8.00000011920929,16.,-41.0000006109476));
#4713=CARTESIAN_POINT('Ctrl Pts',(-7.98571760517861,16.,-40.4632126327369));
#4714=CARTESIAN_POINT('Ctrl Pts',(-7.93643292768307,16.,-39.398117487622));
#4715=CARTESIAN_POINT('Ctrl Pts',(-7.80034759433909,16.,-37.825916945511));
#4716=CARTESIAN_POINT('Ctrl Pts',(-7.49253316917803,16.,-35.7813732760205));
#4717=CARTESIAN_POINT('Ctrl Pts',(-6.93512517631209,16.,-33.5280951813713));
#4718=CARTESIAN_POINT('Ctrl Pts',(-6.34390063444175,16.,-31.831292612194));
#4719=CARTESIAN_POINT('Ctrl Pts',(-5.8321164769483,16.,-30.6446080910551));
#4720=CARTESIAN_POINT('Ctrl Pts',(-5.48643486992077,16.,-29.9325697109505));
#4721=CARTESIAN_POINT('Ctrl Pts',(-5.35615182158262,16.,-29.675));
#4722=CARTESIAN_POINT('',(-5.35615182158262,15.,-29.675));
#4723=CARTESIAN_POINT('Ctrl Pts',(-5.35615182158262,15.,-29.675));
#4724=CARTESIAN_POINT('Ctrl Pts',(-5.35615182158262,15.3333333333333,-29.675));
#4725=CARTESIAN_POINT('Ctrl Pts',(-5.35615182158262,15.6666666666667,-29.675));
#4726=CARTESIAN_POINT('Ctrl Pts',(-5.35615182158262,16.,-29.675));
#4727=CARTESIAN_POINT('Ctrl Pts',(-7.71659912136741,15.,-37.4776034604695));
#4728=CARTESIAN_POINT('Ctrl Pts',(-7.41662890820911,15.,-35.2961648046146));
#4729=CARTESIAN_POINT('Ctrl Pts',(-6.86274041949251,15.,-33.059533011154));
#4730=CARTESIAN_POINT('Ctrl Pts',(-5.75025551442499,15.,-30.4851998398129));
#4731=CARTESIAN_POINT('Ctrl Pts',(-5.56150778333047,15.,-30.0809889324363));
#4732=CARTESIAN_POINT('Ctrl Pts',(-5.35615182158262,15.,-29.675));
#4733=CARTESIAN_POINT('Ctrl Pts',(4.43980263775987,13.,-18.9600677748901));
#4734=CARTESIAN_POINT('Ctrl Pts',(4.43980263775987,16.,-18.9600677748901));
#4735=CARTESIAN_POINT('Ctrl Pts',(5.36115518999807,13.,-19.2436425098677));
#4736=CARTESIAN_POINT('Ctrl Pts',(5.36115518999807,16.,-19.2436425098677));
#4737=CARTESIAN_POINT('Ctrl Pts',(7.19235821150586,13.,-19.8352920725537));
#4738=CARTESIAN_POINT('Ctrl Pts',(7.19235821150586,16.,-19.8352920725537));
#4739=CARTESIAN_POINT('Ctrl Pts',(9.90465682754809,13.,-20.7962659861349));
#4740=CARTESIAN_POINT('Ctrl Pts',(9.90465682754809,16.,-20.7962659861349));
#4741=CARTESIAN_POINT('Ctrl Pts',(13.4509049103495,13.,-22.2269881916928));
#4742=CARTESIAN_POINT('Ctrl Pts',(13.4509049103495,16.,-22.2269881916928));
#4743=CARTESIAN_POINT('Ctrl Pts',(17.7589829931538,13.,-24.2810772666495));
#4744=CARTESIAN_POINT('Ctrl Pts',(17.7589829931538,16.,-24.2810772666495));
#4745=CARTESIAN_POINT('Ctrl Pts',(21.9316543504805,13.,-26.6235903895978));
#4746=CARTESIAN_POINT('Ctrl Pts',(21.9316543504805,16.,-26.6235903895978));
#4747=CARTESIAN_POINT('Ctrl Pts',(25.9586003798359,13.,-29.276506772339));
#4748=CARTESIAN_POINT('Ctrl Pts',(25.9586003798359,16.,-29.276506772339));
#4749=CARTESIAN_POINT('Ctrl Pts',(29.8355498916189,13.,-32.2489242923074));
#4750=CARTESIAN_POINT('Ctrl Pts',(29.8355498916189,16.,-32.2489242923074));
#4751=CARTESIAN_POINT('Ctrl Pts',(33.5699465782418,13.,-35.5249874601083));
#4752=CARTESIAN_POINT('Ctrl Pts',(33.5699465782418,16.,-35.5249874601083));
#4753=CARTESIAN_POINT('Ctrl Pts',(36.4747611938329,13.,-38.3912545378461));
#4754=CARTESIAN_POINT('Ctrl Pts',(36.4747611938329,16.,-38.3912545378461));
#4755=CARTESIAN_POINT('Ctrl Pts',(38.603813403967,13.,-40.6638315644254));
#4756=CARTESIAN_POINT('Ctrl Pts',(38.603813403967,16.,-40.6638315644254));
#4757=CARTESIAN_POINT('Ctrl Pts',(40.006736046171,13.,-42.2369977652088));
#4758=CARTESIAN_POINT('Ctrl Pts',(40.006736046171,16.,-42.2369977652088));
#4759=CARTESIAN_POINT('Ctrl Pts',(40.712844425523,13.,-43.0483098684468));
#4760=CARTESIAN_POINT('Ctrl Pts',(40.712844425523,16.,-43.0483098684468));
#4761=CARTESIAN_POINT('Ctrl Pts',(40.7339595183063,13.,-43.0725885204731));
#4762=CARTESIAN_POINT('Ctrl Pts',(40.7339595183063,16.,-43.0725885204731));
#4763=CARTESIAN_POINT('',(4.43980263775987,15.,-18.9600677748901));
#4764=CARTESIAN_POINT('',(40.7339595183063,15.,-43.0725885204731));
#4765=CARTESIAN_POINT('Ctrl Pts',(4.43980263775987,15.,-18.9600677748901));
#4766=CARTESIAN_POINT('Ctrl Pts',(5.04546551755338,15.,-19.1464792524575));
#4767=CARTESIAN_POINT('Ctrl Pts',(5.6481480655881,15.,-19.3392390066508));
#4768=CARTESIAN_POINT('Ctrl Pts',(6.24783899872482,15.,-19.5383710712001));
#4769=CARTESIAN_POINT('Ctrl Pts',(6.85537513146035,15.,-19.7401081956338));
#4770=CARTESIAN_POINT('Ctrl Pts',(7.45984083258466,15.,-19.9483855145177));
#4771=CARTESIAN_POINT('Ctrl Pts',(8.06120153553467,15.,-20.1632766566028));
#4772=CARTESIAN_POINT('Ctrl Pts',(8.67434462431169,15.,-20.3823781342393));
#4773=CARTESIAN_POINT('Ctrl Pts',(9.28425982854229,15.,-20.6083551900581));
#4774=CARTESIAN_POINT('Ctrl Pts',(9.89088726725726,15.,-20.8413353739388));
#4775=CARTESIAN_POINT('Ctrl Pts',(10.5254990260448,15.,-21.0850631627252));
#4776=CARTESIAN_POINT('Ctrl Pts',(11.156512568528,15.,-21.3364553574595));
#4777=CARTESIAN_POINT('Ctrl Pts',(11.7838349998925,15.,-21.5957098293942));
#4778=CARTESIAN_POINT('Ctrl Pts',(12.4517795876581,15.,-21.8717522801738));
#4779=CARTESIAN_POINT('Ctrl Pts',(13.1155393926812,15.,-22.1567085568685));
#4780=CARTESIAN_POINT('Ctrl Pts',(13.7749774189636,15.,-22.4508704687677));
#4781=CARTESIAN_POINT('Ctrl Pts',(14.5467714145747,15.,-22.7951520969006));
#4782=CARTESIAN_POINT('Ctrl Pts',(15.3126451119249,15.,-23.1520442979857));
#4783=CARTESIAN_POINT('Ctrl Pts',(16.0723482883312,15.,-23.522080060608));
#4784=CARTESIAN_POINT('Ctrl Pts',(17.0522046207956,15.,-23.9993478890234));
#4785=CARTESIAN_POINT('Ctrl Pts',(18.0217929562793,15.,-24.4984871366283));
#4786=CARTESIAN_POINT('Ctrl Pts',(18.9805527127322,15.,-25.0206918751607));
#4787=CARTESIAN_POINT('Ctrl Pts',(19.5748369934923,15.,-25.3443788732428));
#4788=CARTESIAN_POINT('Ctrl Pts',(20.1649601725847,15.,-25.6769292551991));
#4789=CARTESIAN_POINT('Ctrl Pts',(20.7508004015326,15.,-26.0186025652347));
#4790=CARTESIAN_POINT('Ctrl Pts',(21.2755459510207,15.,-26.3246442809802));
#4791=CARTESIAN_POINT('Ctrl Pts',(21.7968549890484,15.,-26.6380059621328));
#4792=CARTESIAN_POINT('Ctrl Pts',(22.3146561538678,15.,-26.9588396132847));
#4793=CARTESIAN_POINT('Ctrl Pts',(22.7978953695495,15.,-27.2582584104614));
#4794=CARTESIAN_POINT('Ctrl Pts',(23.2780791878778,15.,-27.5641853782605));
#4795=CARTESIAN_POINT('Ctrl Pts',(23.7551676464738,15.,-27.876705638828));
#4796=CARTESIAN_POINT('Ctrl Pts',(24.2086460594134,15.,-28.1737599674754));
#4797=CARTESIAN_POINT('Ctrl Pts',(24.6593277650946,15.,-28.4767714420885));
#4798=CARTESIAN_POINT('Ctrl Pts',(25.107197521772,15.,-28.7857725284546));
#4799=CARTESIAN_POINT('Ctrl Pts',(25.5481380468468,15.,-29.089992894397));
#4800=CARTESIAN_POINT('Ctrl Pts',(25.9863527683552,15.,-29.4000193773974));
#4801=CARTESIAN_POINT('Ctrl Pts',(26.4218486583839,15.,-29.7158371265136));
#4802=CARTESIAN_POINT('Ctrl Pts',(26.8810063737477,15.,-30.0488142210758));
#4803=CARTESIAN_POINT('Ctrl Pts',(27.3371419054831,15.,-30.3882287391317));
#4804=CARTESIAN_POINT('Ctrl Pts',(27.7902892377788,15.,-30.734008292421));
#4805=CARTESIAN_POINT('Ctrl Pts',(28.2836495696552,15.,-31.1104728614666));
#4806=CARTESIAN_POINT('Ctrl Pts',(28.7734680636527,15.,-31.4944817471968));
#4807=CARTESIAN_POINT('Ctrl Pts',(29.2598154067749,15.,-31.8858843822621));
#4808=CARTESIAN_POINT('Ctrl Pts',(29.8182283416562,15.,-32.3352839672664));
#4809=CARTESIAN_POINT('Ctrl Pts',(30.3720656499931,15.,-32.7944298977731));
#4810=CARTESIAN_POINT('Ctrl Pts',(30.9214628821035,15.,-33.2630334438735));
#4811=CARTESIAN_POINT('Ctrl Pts',(31.6153197812474,15.,-33.8548525947929));
#4812=CARTESIAN_POINT('Ctrl Pts',(32.3020951586414,15.,-34.4617557909209));
#4813=CARTESIAN_POINT('Ctrl Pts',(32.9820979371603,15.,-35.083085008915));
#4814=CARTESIAN_POINT('Ctrl Pts',(33.6537150462793,15.,-35.6967521090836));
#4815=CARTESIAN_POINT('Ctrl Pts',(34.3187277770315,15.,-36.3244869118413));
#4816=CARTESIAN_POINT('Ctrl Pts',(34.9774401296434,15.,-36.9656418793673));
#4817=CARTESIAN_POINT('Ctrl Pts',(35.5414836067915,15.,-37.5146512851272));
#4818=CARTESIAN_POINT('Ctrl Pts',(36.1009081936104,15.,-38.0734991907173));
#4819=CARTESIAN_POINT('Ctrl Pts',(36.6558924572502,15.,-38.6418052379233));
#4820=CARTESIAN_POINT('Ctrl Pts',(37.1742569587006,15.,-39.1726125060416));
#4821=CARTESIAN_POINT('Ctrl Pts',(37.6887481380479,15.,-39.7116701711462));
#4822=CARTESIAN_POINT('Ctrl Pts',(38.1994930977906,15.,-40.2587074976664));
#4823=CARTESIAN_POINT('Ctrl Pts',(38.6855204686766,15.,-40.7792708600911));
#4824=CARTESIAN_POINT('Ctrl Pts',(39.1681555089974,15.,-41.3070600800941));
#4825=CARTESIAN_POINT('Ctrl Pts',(39.647487977238,15.,-41.8418839669825));
#4826=CARTESIAN_POINT('Ctrl Pts',(40.0115403351363,15.,-42.248081981894));
#4827=CARTESIAN_POINT('Ctrl Pts',(40.3736872734499,15.,-42.6583386491924));
#4828=CARTESIAN_POINT('Ctrl Pts',(40.7339595183063,15.,-43.0725885204731));
#4829=CARTESIAN_POINT('',(4.43980263775987,16.,-18.9600677748901));
#4830=CARTESIAN_POINT('',(4.43980263775987,13.,-18.9600677748901));
#4831=CARTESIAN_POINT('',(40.7339595183063,16.,-43.0725885204731));
#4832=CARTESIAN_POINT('Ctrl Pts',(4.43980263775987,16.,-18.9600677748901));
#4833=CARTESIAN_POINT('Ctrl Pts',(5.36115518999807,16.,-19.2436425098677));
#4834=CARTESIAN_POINT('Ctrl Pts',(7.19235821150586,16.,-19.8352920725537));
#4835=CARTESIAN_POINT('Ctrl Pts',(9.90465682754809,16.,-20.7962659861349));
#4836=CARTESIAN_POINT('Ctrl Pts',(13.4509049103495,16.,-22.2269881916928));
#4837=CARTESIAN_POINT('Ctrl Pts',(17.7589829931538,16.,-24.2810772666495));
#4838=CARTESIAN_POINT('Ctrl Pts',(21.9316543504805,16.,-26.6235903895978));
#4839=CARTESIAN_POINT('Ctrl Pts',(25.9586003798359,16.,-29.276506772339));
#4840=CARTESIAN_POINT('Ctrl Pts',(29.8355498916189,16.,-32.2489242923074));
#4841=CARTESIAN_POINT('Ctrl Pts',(33.5699465782418,16.,-35.5249874601083));
#4842=CARTESIAN_POINT('Ctrl Pts',(36.4747611938329,16.,-38.3912545378461));
#4843=CARTESIAN_POINT('Ctrl Pts',(38.603813403967,16.,-40.6638315644254));
#4844=CARTESIAN_POINT('Ctrl Pts',(40.006736046171,16.,-42.2369977652088));
#4845=CARTESIAN_POINT('Ctrl Pts',(40.712844425523,16.,-43.0483098684468));
#4846=CARTESIAN_POINT('Ctrl Pts',(40.7339595183063,16.,-43.0725885204731));
#4847=CARTESIAN_POINT('',(40.7339595183063,13.,-43.0725885204731));
#4848=CARTESIAN_POINT('Ctrl Pts',(-8.00000011920929,13.,-41.0000006109476));
#4849=CARTESIAN_POINT('Ctrl Pts',(-8.00000011920929,16.,-41.0000006109476));
#4850=CARTESIAN_POINT('Ctrl Pts',(-7.98571760517861,13.,-40.4632126327369));
#4851=CARTESIAN_POINT('Ctrl Pts',(-7.98571760517861,16.,-40.4632126327369));
#4852=CARTESIAN_POINT('Ctrl Pts',(-7.93643292768307,13.,-39.398117487622));
#4853=CARTESIAN_POINT('Ctrl Pts',(-7.93643292768307,16.,-39.398117487622));
#4854=CARTESIAN_POINT('Ctrl Pts',(-7.80034759433909,13.,-37.825916945511));
#4855=CARTESIAN_POINT('Ctrl Pts',(-7.80034759433909,16.,-37.825916945511));
#4856=CARTESIAN_POINT('Ctrl Pts',(-7.49253316917803,13.,-35.7813732760205));
#4857=CARTESIAN_POINT('Ctrl Pts',(-7.49253316917803,16.,-35.7813732760205));
#4858=CARTESIAN_POINT('Ctrl Pts',(-6.88306955113949,13.,-33.3176643992405));
#4859=CARTESIAN_POINT('Ctrl Pts',(-6.88306955113949,16.,-33.3176643992405));
#4860=CARTESIAN_POINT('Ctrl Pts',(-6.02966018001305,13.,-30.9538055661242));
#4861=CARTESIAN_POINT('Ctrl Pts',(-6.02966018001305,16.,-30.9538055661242));
#4862=CARTESIAN_POINT('Ctrl Pts',(-4.91368365044754,13.,-28.6974187504599));
#4863=CARTESIAN_POINT('Ctrl Pts',(-4.91368365044754,16.,-28.6974187504599));
#4864=CARTESIAN_POINT('Ctrl Pts',(-3.52736823840219,13.,-26.5516850159625));
#4865=CARTESIAN_POINT('Ctrl Pts',(-3.52736823840219,16.,-26.5516850159625));
#4866=CARTESIAN_POINT('Ctrl Pts',(-1.88406873505008,13.,-24.5111380797982));
#4867=CARTESIAN_POINT('Ctrl Pts',(-1.88406873505008,16.,-24.5111380797982));
#4868=CARTESIAN_POINT('Ctrl Pts',(-0.00430796187572066,13.,-22.5673776947984));
#4869=CARTESIAN_POINT('Ctrl Pts',(-0.00430796187572066,16.,-22.5673776947984));
#4870=CARTESIAN_POINT('Ctrl Pts',(1.67258957874591,13.,-21.083216844504));
#4871=CARTESIAN_POINT('Ctrl Pts',(1.67258957874591,16.,-21.083216844504));
#4872=CARTESIAN_POINT('Ctrl Pts',(3.02135251425182,13.,-20.0073803914729));
#4873=CARTESIAN_POINT('Ctrl Pts',(3.02135251425182,16.,-20.0073803914729));
#4874=CARTESIAN_POINT('Ctrl Pts',(3.96034878272091,13.,-19.306455313169));
#4875=CARTESIAN_POINT('Ctrl Pts',(3.96034878272091,16.,-19.306455313169));
#4876=CARTESIAN_POINT('Ctrl Pts',(4.43980263775987,13.,-18.9600677748901));
#4877=CARTESIAN_POINT('Ctrl Pts',(4.43980263775987,16.,-18.9600677748901));
#4878=CARTESIAN_POINT('',(-4.075,15.,-27.4650372177533));
#4879=CARTESIAN_POINT('Ctrl Pts',(-4.07499999999292,15.,-27.4650372177425));
#4880=CARTESIAN_POINT('Ctrl Pts',(-3.87783050201932,15.,-27.1649291212461));
#4881=CARTESIAN_POINT('Ctrl Pts',(-3.67291157692683,15.,-26.8679929620606));
#4882=CARTESIAN_POINT('Ctrl Pts',(-3.4604308203677,15.,-26.5741519549427));
#4883=CARTESIAN_POINT('Ctrl Pts',(-3.20731867452401,15.,-26.224121537822));
#4884=CARTESIAN_POINT('Ctrl Pts',(-2.94347711297873,15.,-25.8784828045597));
#4885=CARTESIAN_POINT('Ctrl Pts',(-2.66929438975478,15.,-25.5370768379347));
#4886=CARTESIAN_POINT('Ctrl Pts',(-2.19146056958702,15.,-24.9420892495766));
#4887=CARTESIAN_POINT('Ctrl Pts',(-1.68222560544092,15.,-24.3599545416525));
#4888=CARTESIAN_POINT('Ctrl Pts',(-1.14383702564567,15.,-23.7897527727453));
#4889=CARTESIAN_POINT('Ctrl Pts',(-0.833140865116008,15.,-23.4606976869297));
#4890=CARTESIAN_POINT('Ctrl Pts',(-0.512737845381929,15.,-23.135615739826));
#4891=CARTESIAN_POINT('Ctrl Pts',(-0.18303171885558,15.,-22.8143416705292));
#4892=CARTESIAN_POINT('Ctrl Pts',(0.116556995227322,15.,-22.5224147770169));
#4893=CARTESIAN_POINT('Ctrl Pts',(0.423826179125717,15.,-22.2336315957298));
#4894=CARTESIAN_POINT('Ctrl Pts',(0.738514158662316,15.,-21.947885020159));
#4895=CARTESIAN_POINT('Ctrl Pts',(1.03548890257851,15.,-21.6782226192308));
#4896=CARTESIAN_POINT('Ctrl Pts',(1.3390706713133,15.,-21.4112645560832));
#4897=CARTESIAN_POINT('Ctrl Pts',(1.64908215890338,15.,-21.1469382571708));
#4898=CARTESIAN_POINT('Ctrl Pts',(1.95255408647881,15.,-20.8881878087168));
#4899=CARTESIAN_POINT('Ctrl Pts',(2.26218706467558,15.,-20.6319591552343));
#4900=CARTESIAN_POINT('Ctrl Pts',(2.57785980064604,15.,-20.3782026500456));
#4901=CARTESIAN_POINT('Ctrl Pts',(2.88859784385739,15.,-20.128412944159));
#4902=CARTESIAN_POINT('Ctrl Pts',(3.20518824565642,15.,-19.8810186817388));
#4903=CARTESIAN_POINT('Ctrl Pts',(3.5275617409495,15.,-19.6359915117171));
#4904=CARTESIAN_POINT('Ctrl Pts',(3.82666924946367,15.,-19.4086481742109));
#4905=CARTESIAN_POINT('Ctrl Pts',(4.13075560069877,15.,-19.1833427392165));
#4906=CARTESIAN_POINT('Ctrl Pts',(4.43980263775987,15.,-18.9600677748901));
#4907=CARTESIAN_POINT('',(-4.075,16.,-27.4650372177533));
#4908=CARTESIAN_POINT('Ctrl Pts',(-4.075,16.,-27.4650372177533));
#4909=CARTESIAN_POINT('Ctrl Pts',(-4.075,15.6666666666667,-27.4650372177533));
#4910=CARTESIAN_POINT('Ctrl Pts',(-4.075,15.3333333333333,-27.4650372177533));
#4911=CARTESIAN_POINT('Ctrl Pts',(-4.075,15.,-27.4650372177533));
#4912=CARTESIAN_POINT('Ctrl Pts',(-4.075,16.,-27.4650372177533));
#4913=CARTESIAN_POINT('Ctrl Pts',(-3.95720895638266,16.,-27.2857496187703));
#4914=CARTESIAN_POINT('Ctrl Pts',(-3.55066585984389,16.,-26.682017852017));
#4915=CARTESIAN_POINT('Ctrl Pts',(-2.81298432517662,16.,-25.6711911943697));
#4916=CARTESIAN_POINT('Ctrl Pts',(-1.66573566041415,16.,-24.2853714890337));
#4917=CARTESIAN_POINT('Ctrl Pts',(-0.00430796187572066,16.,-22.5673776947984));
#4918=CARTESIAN_POINT('Ctrl Pts',(1.67258957874591,16.,-21.083216844504));
#4919=CARTESIAN_POINT('Ctrl Pts',(3.02135251425182,16.,-20.0073803914729));
#4920=CARTESIAN_POINT('Ctrl Pts',(3.96034878272091,16.,-19.306455313169));
#4921=CARTESIAN_POINT('Ctrl Pts',(4.43980263775987,16.,-18.9600677748901));
#4922=CARTESIAN_POINT('Origin',(16.3669796995485,16.,-35.6169267122123));
#4923=CARTESIAN_POINT('',(-4.075,16.,-29.175));
#4924=CARTESIAN_POINT('',(-4.075,16.,-32.3959633561061));
#4925=CARTESIAN_POINT('',(-4.575,16.,-29.675));
#4926=CARTESIAN_POINT('Origin',(-4.575,16.,-29.175));
#4927=CARTESIAN_POINT('',(-0.604010150225743,16.,-29.675));
#4928=CARTESIAN_POINT('',(40.7339595183063,16.,-41.5173793385889));
#4929=CARTESIAN_POINT('',(10.9907981627576,16.,-43.4919350311844));
#4930=CARTESIAN_POINT('',(23.4907981627576,16.,-43.4919350311844));
#4931=CARTESIAN_POINT('',(13.6788889311531,16.,-43.4919350311844));
#4932=CARTESIAN_POINT('',(10.9907981627576,16.,-30.9919350311844));
#4933=CARTESIAN_POINT('',(10.9907981627576,16.,-33.3044308716983));
#4934=CARTESIAN_POINT('',(23.4907981627576,16.,-30.9919350311844));
#4935=CARTESIAN_POINT('',(19.9288889311531,16.,-30.9919350311844));
#4936=CARTESIAN_POINT('',(23.4907981627576,16.,-39.5544308716983));
#4937=CARTESIAN_POINT('Origin',(40.7339595183052,2.,43.1767006542963));
#4938=CARTESIAN_POINT('',(40.7339595183052,15.,43.1767006542963));
#4939=CARTESIAN_POINT('',(40.7339595183051,15.,22.5137003166726));
#4940=CARTESIAN_POINT('',(40.7339595183052,2.,43.1767006542963));
#4941=CARTESIAN_POINT('Origin',(23.4907981627576,18.,45.0180649688156));
#4942=CARTESIAN_POINT('',(10.9907981627576,18.,45.0180649688156));
#4943=CARTESIAN_POINT('',(10.9907981627576,18.,45.0180649688156));
#4944=CARTESIAN_POINT('',(23.4907981627576,18.,45.0180649688156));
#4945=CARTESIAN_POINT('',(13.7014919340457,18.,45.0180649688156));
#4946=CARTESIAN_POINT('',(23.4907981627576,18.,45.0180649688156));
#4947=CARTESIAN_POINT('Origin',(10.9907981627576,18.,45.0180649688156));
#4948=CARTESIAN_POINT('',(10.9907981627576,18.,32.5180649688156));
#4949=CARTESIAN_POINT('',(10.9907981627576,18.,32.5180649688156));
#4950=CARTESIAN_POINT('',(10.9907981627576,18.,23.4343824739324));
#4951=CARTESIAN_POINT('Origin',(12.8790345566907,2.,-48.8709327291822));
#4952=CARTESIAN_POINT('',(40.7339595183063,15.,-48.8709327291822));
#4953=CARTESIAN_POINT('',(40.7339595183063,2.,-48.8709327291822));
#4954=CARTESIAN_POINT('',(8.39561013101224,15.,-48.8709327291822));
#4955=CARTESIAN_POINT('Origin',(-10.620965443309,2.,-35.8709327291827));
#4956=CARTESIAN_POINT('',(-10.620965443309,15.,-35.8709327291827));
#4957=CARTESIAN_POINT('',(-13.045940188908,15.,-34.5294573380003));
#4958=CARTESIAN_POINT('',(-10.620965443309,2.,-35.8709327291827));
#4959=CARTESIAN_POINT('Origin',(3.91218570533376,15.,1.85069997904916));
#4960=CARTESIAN_POINT('',(40.7339595183063,15.,-23.5101163750665));
#4961=CARTESIAN_POINT('Origin',(23.4907981627576,18.,-30.9919350311844));
#4962=CARTESIAN_POINT('',(10.9907981627576,18.,-30.9919350311844));
#4963=CARTESIAN_POINT('',(10.9907981627576,18.,-30.9919350311844));
#4964=CARTESIAN_POINT('',(23.4907981627576,18.,-30.9919350311844));
#4965=CARTESIAN_POINT('',(13.7014919340457,18.,-30.9919350311844));
#4966=CARTESIAN_POINT('',(23.4907981627576,18.,-30.9919350311844));
#4967=CARTESIAN_POINT('Origin',(10.9907981627576,18.,-30.9919350311844));
#4968=CARTESIAN_POINT('',(10.9907981627576,18.,-43.4919350311844));
#4969=CARTESIAN_POINT('',(10.9907981627576,18.,-43.4919350311844));
#4970=CARTESIAN_POINT('',(10.9907981627576,18.,-14.5706175260676));
#4971=CARTESIAN_POINT('Ctrl Pts',(-30.0000004470348,15.,-23.0000003427267));
#4972=CARTESIAN_POINT('Ctrl Pts',(-30.0000004470348,16.,-23.0000003427267));
#4973=CARTESIAN_POINT('Ctrl Pts',(-29.9371526322768,15.,-22.8308691589802));
#4974=CARTESIAN_POINT('Ctrl Pts',(-29.9371526322768,16.,-22.8308691589802));
#4975=CARTESIAN_POINT('Ctrl Pts',(-29.8152240574556,15.,-22.5048638460395));
#4976=CARTESIAN_POINT('Ctrl Pts',(-29.8152240574556,16.,-22.5048638460395));
#4977=CARTESIAN_POINT('Ctrl Pts',(-29.6436178028624,15.,-22.0526438795736));
#4978=CARTESIAN_POINT('Ctrl Pts',(-29.6436178028624,16.,-22.0526438795736));
#4979=CARTESIAN_POINT('Ctrl Pts',(-29.4375112608993,15.,-21.5155013386249));
#4980=CARTESIAN_POINT('Ctrl Pts',(-29.4375112608993,16.,-21.5155013386249));
#4981=CARTESIAN_POINT('Ctrl Pts',(-29.2140001775296,15.,-20.9154704075235));
#4982=CARTESIAN_POINT('Ctrl Pts',(-29.2140001775296,16.,-20.9154704075235));
#4983=CARTESIAN_POINT('Ctrl Pts',(-29.015754849805,15.,-20.3450854588745));
#4984=CARTESIAN_POINT('Ctrl Pts',(-29.015754849805,16.,-20.3450854588745));
#4985=CARTESIAN_POINT('Ctrl Pts',(-28.8208265310835,15.,-19.7825516246954));
#4986=CARTESIAN_POINT('Ctrl Pts',(-28.8208265310835,16.,-19.7825516246954));
#4987=CARTESIAN_POINT('Ctrl Pts',(-28.6011501043787,15.,-19.2318508849768));
#4988=CARTESIAN_POINT('Ctrl Pts',(-28.6011501043787,16.,-19.2318508849768));
#4989=CARTESIAN_POINT('Ctrl Pts',(-28.2944749867105,15.,-18.7700356086499));
#4990=CARTESIAN_POINT('Ctrl Pts',(-28.2944749867105,16.,-18.7700356086499));
#4991=CARTESIAN_POINT('Ctrl Pts',(-27.8663982174432,15.,-18.4885861729524));
#4992=CARTESIAN_POINT('Ctrl Pts',(-27.8663982174432,16.,-18.4885861729524));
#4993=CARTESIAN_POINT('Ctrl Pts',(-27.3732297640208,15.,-18.3971939103804));
#4994=CARTESIAN_POINT('Ctrl Pts',(-27.3732297640208,16.,-18.3971939103804));
#4995=CARTESIAN_POINT('Ctrl Pts',(-26.8945896330467,15.,-18.4802677140387));
#4996=CARTESIAN_POINT('Ctrl Pts',(-26.8945896330467,16.,-18.4802677140387));
#4997=CARTESIAN_POINT('Ctrl Pts',(-26.5153383492895,15.,-18.6980581243829));
#4998=CARTESIAN_POINT('Ctrl Pts',(-26.5153383492895,16.,-18.6980581243829));
#4999=CARTESIAN_POINT('Ctrl Pts',(-26.2798062762508,15.,-19.0133045215384));
#5000=CARTESIAN_POINT('Ctrl Pts',(-26.2798062762508,16.,-19.0133045215384));
#5001=CARTESIAN_POINT('Ctrl Pts',(-26.1856811580119,15.,-19.3966640168292));
#5002=CARTESIAN_POINT('Ctrl Pts',(-26.1856811580119,16.,-19.3966640168292));
#5003=CARTESIAN_POINT('Ctrl Pts',(-26.2057064689712,15.,-19.8252172272315));
#5004=CARTESIAN_POINT('Ctrl Pts',(-26.2057064689712,16.,-19.8252172272315));
#5005=CARTESIAN_POINT('Ctrl Pts',(-26.3008719767264,15.,-20.2821943946149));
#5006=CARTESIAN_POINT('Ctrl Pts',(-26.3008719767264,16.,-20.2821943946149));
#5007=CARTESIAN_POINT('Ctrl Pts',(-26.4394278290504,15.,-20.756383510688));
#5008=CARTESIAN_POINT('Ctrl Pts',(-26.4394278290504,16.,-20.756383510688));
#5009=CARTESIAN_POINT('Ctrl Pts',(-26.6034958371675,15.,-21.24135513901));
#5010=CARTESIAN_POINT('Ctrl Pts',(-26.6034958371675,16.,-21.24135513901));
#5011=CARTESIAN_POINT('Ctrl Pts',(-26.7839437231022,15.,-21.7341965871395));
#5012=CARTESIAN_POINT('Ctrl Pts',(-26.7839437231022,16.,-21.7341965871395));
#5013=CARTESIAN_POINT('Ctrl Pts',(-26.9782696904793,15.,-22.2343896108173));
#5014=CARTESIAN_POINT('Ctrl Pts',(-26.9782696904793,16.,-22.2343896108173));
#5015=CARTESIAN_POINT('Ctrl Pts',(-27.1875096577561,15.,-22.7427246190819));
#5016=CARTESIAN_POINT('Ctrl Pts',(-27.1875096577561,16.,-22.7427246190819));
#5017=CARTESIAN_POINT('Ctrl Pts',(-27.4131791179149,15.,-23.2600421295935));
#5018=CARTESIAN_POINT('Ctrl Pts',(-27.4131791179149,16.,-23.2600421295935));
#5019=CARTESIAN_POINT('Ctrl Pts',(-27.6559432785089,15.,-23.786748543953));
#5020=CARTESIAN_POINT('Ctrl Pts',(-27.6559432785089,16.,-23.786748543953));
#5021=CARTESIAN_POINT('Ctrl Pts',(-27.9074103919867,15.,-24.3050221968989));
#5022=CARTESIAN_POINT('Ctrl Pts',(-27.9074103919867,16.,-24.3050221968989));
#5023=CARTESIAN_POINT('Ctrl Pts',(-28.1196747083734,15.,-24.7231033305366));
#5024=CARTESIAN_POINT('Ctrl Pts',(-28.1196747083734,16.,-24.7231033305366));
#5025=CARTESIAN_POINT('Ctrl Pts',(-28.2835325365796,15.,-25.0359263742714));
#5026=CARTESIAN_POINT('Ctrl Pts',(-28.2835325365796,16.,-25.0359263742714));
#5027=CARTESIAN_POINT('Ctrl Pts',(-28.392445893812,15.,-25.2398921197156));
#5028=CARTESIAN_POINT('Ctrl Pts',(-28.392445893812,16.,-25.2398921197156));
#5029=CARTESIAN_POINT('Ctrl Pts',(-28.4425076390342,15.,-25.3328494830277));
#5030=CARTESIAN_POINT('Ctrl Pts',(-28.4425076390342,16.,-25.3328494830277));
#5031=CARTESIAN_POINT('',(-30.0000004470348,15.,-23.0000003427267));
#5032=CARTESIAN_POINT('',(-28.4425076390342,15.,-25.3328494830277));
#5033=CARTESIAN_POINT('Ctrl Pts',(-30.0000004470348,15.,-23.0000003427267));
#5034=CARTESIAN_POINT('Ctrl Pts',(-29.9371526322768,15.,-22.8308691589802));
#5035=CARTESIAN_POINT('Ctrl Pts',(-29.8152240574556,15.,-22.5048638460395));
#5036=CARTESIAN_POINT('Ctrl Pts',(-29.6436178028624,15.,-22.0526438795736));
#5037=CARTESIAN_POINT('Ctrl Pts',(-29.4375112608993,15.,-21.5155013386249));
#5038=CARTESIAN_POINT('Ctrl Pts',(-29.2140001775296,15.,-20.9154704075235));
#5039=CARTESIAN_POINT('Ctrl Pts',(-29.015754849805,15.,-20.3450854588745));
#5040=CARTESIAN_POINT('Ctrl Pts',(-28.8208265310835,15.,-19.7825516246954));
#5041=CARTESIAN_POINT('Ctrl Pts',(-28.6011501043787,15.,-19.2318508849768));
#5042=CARTESIAN_POINT('Ctrl Pts',(-28.2944749867105,15.,-18.7700356086499));
#5043=CARTESIAN_POINT('Ctrl Pts',(-27.8663982174432,15.,-18.4885861729524));
#5044=CARTESIAN_POINT('Ctrl Pts',(-27.3732297640208,15.,-18.3971939103804));
#5045=CARTESIAN_POINT('Ctrl Pts',(-26.8945896330467,15.,-18.4802677140387));
#5046=CARTESIAN_POINT('Ctrl Pts',(-26.5153383492895,15.,-18.6980581243829));
#5047=CARTESIAN_POINT('Ctrl Pts',(-26.2798062762508,15.,-19.0133045215384));
#5048=CARTESIAN_POINT('Ctrl Pts',(-26.1856811580119,15.,-19.3966640168292));
#5049=CARTESIAN_POINT('Ctrl Pts',(-26.2057064689712,15.,-19.8252172272315));
#5050=CARTESIAN_POINT('Ctrl Pts',(-26.3008719767264,15.,-20.2821943946149));
#5051=CARTESIAN_POINT('Ctrl Pts',(-26.4394278290504,15.,-20.756383510688));
#5052=CARTESIAN_POINT('Ctrl Pts',(-26.6034958371675,15.,-21.24135513901));
#5053=CARTESIAN_POINT('Ctrl Pts',(-26.7839437231022,15.,-21.7341965871395));
#5054=CARTESIAN_POINT('Ctrl Pts',(-26.9782696904793,15.,-22.2343896108173));
#5055=CARTESIAN_POINT('Ctrl Pts',(-27.1875096577561,15.,-22.7427246190819));
#5056=CARTESIAN_POINT('Ctrl Pts',(-27.4131791179149,15.,-23.2600421295935));
#5057=CARTESIAN_POINT('Ctrl Pts',(-27.6559432785089,15.,-23.786748543953));
#5058=CARTESIAN_POINT('Ctrl Pts',(-27.9074103919867,15.,-24.3050221968989));
#5059=CARTESIAN_POINT('Ctrl Pts',(-28.1196747083734,15.,-24.7231033305366));
#5060=CARTESIAN_POINT('Ctrl Pts',(-28.2835325365795,15.,-25.0359263742714));
#5061=CARTESIAN_POINT('Ctrl Pts',(-28.392445893812,15.,-25.2398921197156));
#5062=CARTESIAN_POINT('Ctrl Pts',(-28.4425076390342,15.,-25.3328494830277));
#5063=CARTESIAN_POINT('',(-30.0000004470348,16.,-23.0000003427267));
#5064=CARTESIAN_POINT('',(-30.0000004470348,15.,-23.0000003427267));
#5065=CARTESIAN_POINT('',(-28.4425076390342,16.,-25.3328494830277));
#5066=CARTESIAN_POINT('Ctrl Pts',(-30.0000004470348,16.,-23.0000003427267));
#5067=CARTESIAN_POINT('Ctrl Pts',(-29.9371526322768,16.,-22.8308691589802));
#5068=CARTESIAN_POINT('Ctrl Pts',(-29.8152240574556,16.,-22.5048638460395));
#5069=CARTESIAN_POINT('Ctrl Pts',(-29.6436178028624,16.,-22.0526438795736));
#5070=CARTESIAN_POINT('Ctrl Pts',(-29.4375112608993,16.,-21.5155013386249));
#5071=CARTESIAN_POINT('Ctrl Pts',(-29.2140001775296,16.,-20.9154704075235));
#5072=CARTESIAN_POINT('Ctrl Pts',(-29.015754849805,16.,-20.3450854588745));
#5073=CARTESIAN_POINT('Ctrl Pts',(-28.8208265310835,16.,-19.7825516246954));
#5074=CARTESIAN_POINT('Ctrl Pts',(-28.6011501043787,16.,-19.2318508849768));
#5075=CARTESIAN_POINT('Ctrl Pts',(-28.2944749867105,16.,-18.7700356086499));
#5076=CARTESIAN_POINT('Ctrl Pts',(-27.8663982174432,16.,-18.4885861729524));
#5077=CARTESIAN_POINT('Ctrl Pts',(-27.3732297640208,16.,-18.3971939103804));
#5078=CARTESIAN_POINT('Ctrl Pts',(-26.8945896330467,16.,-18.4802677140387));
#5079=CARTESIAN_POINT('Ctrl Pts',(-26.5153383492895,16.,-18.6980581243829));
#5080=CARTESIAN_POINT('Ctrl Pts',(-26.2798062762508,16.,-19.0133045215384));
#5081=CARTESIAN_POINT('Ctrl Pts',(-26.1856811580119,16.,-19.3966640168292));
#5082=CARTESIAN_POINT('Ctrl Pts',(-26.2057064689712,16.,-19.8252172272315));
#5083=CARTESIAN_POINT('Ctrl Pts',(-26.3008719767264,16.,-20.2821943946149));
#5084=CARTESIAN_POINT('Ctrl Pts',(-26.4394278290504,16.,-20.756383510688));
#5085=CARTESIAN_POINT('Ctrl Pts',(-26.6034958371675,16.,-21.24135513901));
#5086=CARTESIAN_POINT('Ctrl Pts',(-26.7839437231022,16.,-21.7341965871395));
#5087=CARTESIAN_POINT('Ctrl Pts',(-26.9782696904793,16.,-22.2343896108173));
#5088=CARTESIAN_POINT('Ctrl Pts',(-27.1875096577561,16.,-22.7427246190819));
#5089=CARTESIAN_POINT('Ctrl Pts',(-27.4131791179149,16.,-23.2600421295935));
#5090=CARTESIAN_POINT('Ctrl Pts',(-27.6559432785089,16.,-23.786748543953));
#5091=CARTESIAN_POINT('Ctrl Pts',(-27.9074103919867,16.,-24.3050221968989));
#5092=CARTESIAN_POINT('Ctrl Pts',(-28.1196747083734,16.,-24.7231033305366));
#5093=CARTESIAN_POINT('Ctrl Pts',(-28.2835325365795,16.,-25.0359263742714));
#5094=CARTESIAN_POINT('Ctrl Pts',(-28.392445893812,16.,-25.2398921197156));
#5095=CARTESIAN_POINT('Ctrl Pts',(-28.4425076390342,16.,-25.3328494830277));
#5096=CARTESIAN_POINT('',(-28.4425076390342,15.,-25.3328494830277));
#5097=CARTESIAN_POINT('Ctrl Pts',(-27.1425535812237,15.,-27.3693735602985));
#5098=CARTESIAN_POINT('Ctrl Pts',(-27.1425535812237,16.,-27.3693735602985));
#5099=CARTESIAN_POINT('Ctrl Pts',(-27.2159808252654,15.,-27.384768807636));
#5100=CARTESIAN_POINT('Ctrl Pts',(-27.2159808252654,16.,-27.384768807636));
#5101=CARTESIAN_POINT('Ctrl Pts',(-27.3761102132268,15.,-27.4182725929257));
#5102=CARTESIAN_POINT('Ctrl Pts',(-27.3761102132268,16.,-27.4182725929257));
#5103=CARTESIAN_POINT('Ctrl Pts',(-27.625215067396,15.,-27.4701590104809));
#5104=CARTESIAN_POINT('Ctrl Pts',(-27.625215067396,16.,-27.4701590104809));
#5105=CARTESIAN_POINT('Ctrl Pts',(-27.967063903177,15.,-27.5408571971858));
#5106=CARTESIAN_POINT('Ctrl Pts',(-27.967063903177,16.,-27.5408571971858));
#5107=CARTESIAN_POINT('Ctrl Pts',(-28.4062265983699,15.,-27.6299121090568));
#5108=CARTESIAN_POINT('Ctrl Pts',(-28.4062265983699,16.,-27.6299121090568));
#5109=CARTESIAN_POINT('Ctrl Pts',(-28.8651852174935,15.,-27.7180595262286));
#5110=CARTESIAN_POINT('Ctrl Pts',(-28.8651852174935,16.,-27.7180595262286));
#5111=CARTESIAN_POINT('Ctrl Pts',(-29.3253751952815,15.,-27.7953074181256));
#5112=CARTESIAN_POINT('Ctrl Pts',(-29.3253751952815,16.,-27.7953074181256));
#5113=CARTESIAN_POINT('Ctrl Pts',(-29.7775947735228,15.,-27.8494993313806));
#5114=CARTESIAN_POINT('Ctrl Pts',(-29.7775947735228,16.,-27.8494993313806));
#5115=CARTESIAN_POINT('Ctrl Pts',(-30.2074917370053,15.,-27.8617572646237));
#5116=CARTESIAN_POINT('Ctrl Pts',(-30.2074917370053,16.,-27.8617572646237));
#5117=CARTESIAN_POINT('Ctrl Pts',(-30.5971930630549,15.,-27.8107534900034));
#5118=CARTESIAN_POINT('Ctrl Pts',(-30.5971930630549,16.,-27.8107534900034));
#5119=CARTESIAN_POINT('Ctrl Pts',(-30.9275158257612,15.,-27.6784595670211));
#5120=CARTESIAN_POINT('Ctrl Pts',(-30.9275158257612,16.,-27.6784595670211));
#5121=CARTESIAN_POINT('Ctrl Pts',(-31.1799316642368,15.,-27.4549325913289));
#5122=CARTESIAN_POINT('Ctrl Pts',(-31.1799316642368,16.,-27.4549325913289));
#5123=CARTESIAN_POINT('Ctrl Pts',(-31.3388042000792,15.,-27.1449549492428));
#5124=CARTESIAN_POINT('Ctrl Pts',(-31.3388042000792,16.,-27.1449549492428));
#5125=CARTESIAN_POINT('Ctrl Pts',(-31.3935324929639,15.,-26.7703172825896));
#5126=CARTESIAN_POINT('Ctrl Pts',(-31.3935324929639,16.,-26.7703172825896));
#5127=CARTESIAN_POINT('Ctrl Pts',(-31.3447836109869,15.,-26.3599516615966));
#5128=CARTESIAN_POINT('Ctrl Pts',(-31.3447836109869,16.,-26.3599516615966));
#5129=CARTESIAN_POINT('Ctrl Pts',(-31.2061015017759,15.,-25.9414545106953));
#5130=CARTESIAN_POINT('Ctrl Pts',(-31.2061015017759,16.,-25.9414545106953));
#5131=CARTESIAN_POINT('Ctrl Pts',(-31.0163140781471,15.,-25.5340855376536));
#5132=CARTESIAN_POINT('Ctrl Pts',(-31.0163140781471,16.,-25.5340855376536));
#5133=CARTESIAN_POINT('Ctrl Pts',(-30.8276413725736,15.,-25.1362952453017));
#5134=CARTESIAN_POINT('Ctrl Pts',(-30.8276413725736,16.,-25.1362952453017));
#5135=CARTESIAN_POINT('Ctrl Pts',(-30.6469005456739,15.,-24.7230206153135));
#5136=CARTESIAN_POINT('Ctrl Pts',(-30.6469005456739,16.,-24.7230206153135));
#5137=CARTESIAN_POINT('Ctrl Pts',(-30.4652146515568,15.,-24.2587583836837));
#5138=CARTESIAN_POINT('Ctrl Pts',(-30.4652146515568,16.,-24.2587583836837));
#5139=CARTESIAN_POINT('Ctrl Pts',(-30.301770606977,15.,-23.8161808603194));
#5140=CARTESIAN_POINT('Ctrl Pts',(-30.301770606977,16.,-23.8161808603194));
#5141=CARTESIAN_POINT('Ctrl Pts',(-30.1597144315099,15.,-23.4305473019719));
#5142=CARTESIAN_POINT('Ctrl Pts',(-30.1597144315099,16.,-23.4305473019719));
#5143=CARTESIAN_POINT('Ctrl Pts',(-30.0549191485595,15.,-23.1477933095059));
#5144=CARTESIAN_POINT('Ctrl Pts',(-30.0549191485595,16.,-23.1477933095059));
#5145=CARTESIAN_POINT('Ctrl Pts',(-30.0000004470348,15.,-23.0000003427267));
#5146=CARTESIAN_POINT('Ctrl Pts',(-30.0000004470348,16.,-23.0000003427267));
#5147=CARTESIAN_POINT('',(-27.1425535812237,15.,-27.3693735602985));
#5148=CARTESIAN_POINT('Ctrl Pts',(-27.1425535812237,15.,-27.3693735602985));
#5149=CARTESIAN_POINT('Ctrl Pts',(-27.2159808252654,15.,-27.384768807636));
#5150=CARTESIAN_POINT('Ctrl Pts',(-27.3761102132268,15.,-27.4182725929257));
#5151=CARTESIAN_POINT('Ctrl Pts',(-27.625215067396,15.,-27.4701590104809));
#5152=CARTESIAN_POINT('Ctrl Pts',(-27.967063903177,15.,-27.5408571971858));
#5153=CARTESIAN_POINT('Ctrl Pts',(-28.4062265983699,15.,-27.6299121090568));
#5154=CARTESIAN_POINT('Ctrl Pts',(-28.8651852174935,15.,-27.7180595262286));
#5155=CARTESIAN_POINT('Ctrl Pts',(-29.3253751952815,15.,-27.7953074181256));
#5156=CARTESIAN_POINT('Ctrl Pts',(-29.7775947735228,15.,-27.8494993313806));
#5157=CARTESIAN_POINT('Ctrl Pts',(-30.2074917370053,15.,-27.8617572646237));
#5158=CARTESIAN_POINT('Ctrl Pts',(-30.5971930630549,15.,-27.8107534900034));
#5159=CARTESIAN_POINT('Ctrl Pts',(-30.9275158257612,15.,-27.6784595670211));
#5160=CARTESIAN_POINT('Ctrl Pts',(-31.1799316642368,15.,-27.4549325913289));
#5161=CARTESIAN_POINT('Ctrl Pts',(-31.3388042000792,15.,-27.1449549492428));
#5162=CARTESIAN_POINT('Ctrl Pts',(-31.3935324929639,15.,-26.7703172825896));
#5163=CARTESIAN_POINT('Ctrl Pts',(-31.3447836109869,15.,-26.3599516615966));
#5164=CARTESIAN_POINT('Ctrl Pts',(-31.2061015017759,15.,-25.9414545106953));
#5165=CARTESIAN_POINT('Ctrl Pts',(-31.0163140781471,15.,-25.5340855376536));
#5166=CARTESIAN_POINT('Ctrl Pts',(-30.8276413725736,15.,-25.1362952453017));
#5167=CARTESIAN_POINT('Ctrl Pts',(-30.6469005456739,15.,-24.7230206153135));
#5168=CARTESIAN_POINT('Ctrl Pts',(-30.4652146515568,15.,-24.2587583836837));
#5169=CARTESIAN_POINT('Ctrl Pts',(-30.301770606977,15.,-23.8161808603194));
#5170=CARTESIAN_POINT('Ctrl Pts',(-30.1597144315099,15.,-23.4305473019719));
#5171=CARTESIAN_POINT('Ctrl Pts',(-30.0549191485595,15.,-23.1477933095059));
#5172=CARTESIAN_POINT('Ctrl Pts',(-30.0000004470348,15.,-23.0000003427267));
#5173=CARTESIAN_POINT('',(-27.1425535812237,16.,-27.3693735602985));
#5174=CARTESIAN_POINT('',(-27.1425535812237,15.,-27.3693735602985));
#5175=CARTESIAN_POINT('Ctrl Pts',(-27.1425535812237,16.,-27.3693735602985));
#5176=CARTESIAN_POINT('Ctrl Pts',(-27.2159808252654,16.,-27.384768807636));
#5177=CARTESIAN_POINT('Ctrl Pts',(-27.3761102132268,16.,-27.4182725929257));
#5178=CARTESIAN_POINT('Ctrl Pts',(-27.625215067396,16.,-27.4701590104809));
#5179=CARTESIAN_POINT('Ctrl Pts',(-27.967063903177,16.,-27.5408571971858));
#5180=CARTESIAN_POINT('Ctrl Pts',(-28.4062265983699,16.,-27.6299121090568));
#5181=CARTESIAN_POINT('Ctrl Pts',(-28.8651852174935,16.,-27.7180595262286));
#5182=CARTESIAN_POINT('Ctrl Pts',(-29.3253751952815,16.,-27.7953074181256));
#5183=CARTESIAN_POINT('Ctrl Pts',(-29.7775947735228,16.,-27.8494993313806));
#5184=CARTESIAN_POINT('Ctrl Pts',(-30.2074917370053,16.,-27.8617572646237));
#5185=CARTESIAN_POINT('Ctrl Pts',(-30.5971930630549,16.,-27.8107534900034));
#5186=CARTESIAN_POINT('Ctrl Pts',(-30.9275158257612,16.,-27.6784595670211));
#5187=CARTESIAN_POINT('Ctrl Pts',(-31.1799316642368,16.,-27.4549325913289));
#5188=CARTESIAN_POINT('Ctrl Pts',(-31.3388042000792,16.,-27.1449549492428));
#5189=CARTESIAN_POINT('Ctrl Pts',(-31.3935324929639,16.,-26.7703172825896));
#5190=CARTESIAN_POINT('Ctrl Pts',(-31.3447836109869,16.,-26.3599516615966));
#5191=CARTESIAN_POINT('Ctrl Pts',(-31.2061015017759,16.,-25.9414545106953));
#5192=CARTESIAN_POINT('Ctrl Pts',(-31.0163140781471,16.,-25.5340855376536));
#5193=CARTESIAN_POINT('Ctrl Pts',(-30.8276413725736,16.,-25.1362952453017));
#5194=CARTESIAN_POINT('Ctrl Pts',(-30.6469005456739,16.,-24.7230206153135));
#5195=CARTESIAN_POINT('Ctrl Pts',(-30.4652146515568,16.,-24.2587583836837));
#5196=CARTESIAN_POINT('Ctrl Pts',(-30.301770606977,16.,-23.8161808603194));
#5197=CARTESIAN_POINT('Ctrl Pts',(-30.1597144315099,16.,-23.4305473019719));
#5198=CARTESIAN_POINT('Ctrl Pts',(-30.0549191485595,16.,-23.1477933095059));
#5199=CARTESIAN_POINT('Ctrl Pts',(-30.0000004470348,16.,-23.0000003427267));
#5200=CARTESIAN_POINT('Ctrl Pts',(-28.442507639034,15.,-25.3328494830276));
#5201=CARTESIAN_POINT('Ctrl Pts',(-28.442507639034,16.,-25.3328494830276));
#5202=CARTESIAN_POINT('Ctrl Pts',(-28.2623599516094,15.,-25.288769188236));
#5203=CARTESIAN_POINT('Ctrl Pts',(-28.2623599516094,16.,-25.288769188236));
#5204=CARTESIAN_POINT('Ctrl Pts',(-27.9027583742395,15.,-25.2057522018904));
#5205=CARTESIAN_POINT('Ctrl Pts',(-27.9027583742395,16.,-25.2057522018904));
#5206=CARTESIAN_POINT('Ctrl Pts',(-27.39212888551,15.,-25.1038170380833));
#5207=CARTESIAN_POINT('Ctrl Pts',(-27.39212888551,16.,-25.1038170380833));
#5208=CARTESIAN_POINT('Ctrl Pts',(-26.7766019344794,15.,-25.0154469723732));
#5209=CARTESIAN_POINT('Ctrl Pts',(-26.7766019344794,16.,-25.0154469723732));
#5210=CARTESIAN_POINT('Ctrl Pts',(-26.1200083282823,15.,-24.9853183417982));
#5211=CARTESIAN_POINT('Ctrl Pts',(-26.1200083282823,16.,-24.9853183417982));
#5212=CARTESIAN_POINT('Ctrl Pts',(-25.5733626218316,15.,-25.0361233545086));
#5213=CARTESIAN_POINT('Ctrl Pts',(-25.5733626218316,16.,-25.0361233545086));
#5214=CARTESIAN_POINT('Ctrl Pts',(-25.1416582260337,15.,-25.1650144366008));
#5215=CARTESIAN_POINT('Ctrl Pts',(-25.1416582260337,16.,-25.1650144366008));
#5216=CARTESIAN_POINT('Ctrl Pts',(-24.8207456936021,15.,-25.36617347253));
#5217=CARTESIAN_POINT('Ctrl Pts',(-24.8207456936021,16.,-25.36617347253));
#5218=CARTESIAN_POINT('Ctrl Pts',(-24.6038055254312,15.,-25.630519260857));
#5219=CARTESIAN_POINT('Ctrl Pts',(-24.6038055254312,16.,-25.630519260857));
#5220=CARTESIAN_POINT('Ctrl Pts',(-24.4804574525614,15.,-25.9445142810332));
#5221=CARTESIAN_POINT('Ctrl Pts',(-24.4804574525614,16.,-25.9445142810332));
#5222=CARTESIAN_POINT('Ctrl Pts',(-24.4378875174218,15.,-26.2931732489711));
#5223=CARTESIAN_POINT('Ctrl Pts',(-24.4378875174218,16.,-26.2931732489711));
#5224=CARTESIAN_POINT('Ctrl Pts',(-24.4624323399223,15.,-26.6641933005639));
#5225=CARTESIAN_POINT('Ctrl Pts',(-24.4624323399223,16.,-26.6641933005639));
#5226=CARTESIAN_POINT('Ctrl Pts',(-24.5409385990644,15.,-27.0513238420614));
#5227=CARTESIAN_POINT('Ctrl Pts',(-24.5409385990644,16.,-27.0513238420614));
#5228=CARTESIAN_POINT('Ctrl Pts',(-24.6623401228692,15.,-27.4590380249857));
#5229=CARTESIAN_POINT('Ctrl Pts',(-24.6623401228692,16.,-27.4590380249857));
#5230=CARTESIAN_POINT('Ctrl Pts',(-24.8179135697404,15.,-27.8981060665218));
#5231=CARTESIAN_POINT('Ctrl Pts',(-24.8179135697404,16.,-27.8981060665218));
#5232=CARTESIAN_POINT('Ctrl Pts',(-25.0012812005323,15.,-28.3797217364036));
#5233=CARTESIAN_POINT('Ctrl Pts',(-25.0012812005323,16.,-28.3797217364036));
#5234=CARTESIAN_POINT('Ctrl Pts',(-25.2085648591256,15.,-28.909797335094));
#5235=CARTESIAN_POINT('Ctrl Pts',(-25.2085648591256,16.,-28.909797335094));
#5236=CARTESIAN_POINT('Ctrl Pts',(-25.4383609246852,15.,-29.4839293728567));
#5237=CARTESIAN_POINT('Ctrl Pts',(-25.4383609246852,16.,-29.4839293728567));
#5238=CARTESIAN_POINT('Ctrl Pts',(-25.6921188634966,15.,-30.0801008792139));
#5239=CARTESIAN_POINT('Ctrl Pts',(-25.6921188634966,16.,-30.0801008792139));
#5240=CARTESIAN_POINT('Ctrl Pts',(-25.9728596703312,15.,-30.6613277870968));
#5241=CARTESIAN_POINT('Ctrl Pts',(-25.9728596703312,16.,-30.6613277870968));
#5242=CARTESIAN_POINT('Ctrl Pts',(-26.2828288666556,15.,-31.1845519300785));
#5243=CARTESIAN_POINT('Ctrl Pts',(-26.2828288666556,16.,-31.1845519300785));
#5244=CARTESIAN_POINT('Ctrl Pts',(-26.6215484879362,15.,-31.6074257725344));
#5245=CARTESIAN_POINT('Ctrl Pts',(-26.6215484879362,16.,-31.6074257725344));
#5246=CARTESIAN_POINT('Ctrl Pts',(-26.983511237196,15.,-31.896346927646));
#5247=CARTESIAN_POINT('Ctrl Pts',(-26.983511237196,16.,-31.896346927646));
#5248=CARTESIAN_POINT('Ctrl Pts',(-27.3564133633111,15.,-32.0331187560594));
#5249=CARTESIAN_POINT('Ctrl Pts',(-27.3564133633111,16.,-32.0331187560594));
#5250=CARTESIAN_POINT('Ctrl Pts',(-27.7180490882279,15.,-32.0245758393222));
#5251=CARTESIAN_POINT('Ctrl Pts',(-27.7180490882279,16.,-32.0245758393222));
#5252=CARTESIAN_POINT('Ctrl Pts',(-28.0406729802877,15.,-31.8963241216744));
#5253=CARTESIAN_POINT('Ctrl Pts',(-28.0406729802877,16.,-31.8963241216744));
#5254=CARTESIAN_POINT('Ctrl Pts',(-28.2979903156775,15.,-31.6811190943458));
#5255=CARTESIAN_POINT('Ctrl Pts',(-28.2979903156775,16.,-31.6811190943458));
#5256=CARTESIAN_POINT('Ctrl Pts',(-28.4709347394004,15.,-31.4095266077745));
#5257=CARTESIAN_POINT('Ctrl Pts',(-28.4709347394004,16.,-31.4095266077745));
#5258=CARTESIAN_POINT('Ctrl Pts',(-28.5548679145148,15.,-31.0985211319394));
#5259=CARTESIAN_POINT('Ctrl Pts',(-28.5548679145148,16.,-31.0985211319394));
#5260=CARTESIAN_POINT('Ctrl Pts',(-28.5559038198271,15.,-30.7541382999556));
#5261=CARTESIAN_POINT('Ctrl Pts',(-28.5559038198271,16.,-30.7541382999556));
#5262=CARTESIAN_POINT('Ctrl Pts',(-28.4858838600935,15.,-30.375803762399));
#5263=CARTESIAN_POINT('Ctrl Pts',(-28.4858838600935,16.,-30.375803762399));
#5264=CARTESIAN_POINT('Ctrl Pts',(-28.3579464388999,15.,-29.9599827141119));
#5265=CARTESIAN_POINT('Ctrl Pts',(-28.3579464388999,16.,-29.9599827141119));
#5266=CARTESIAN_POINT('Ctrl Pts',(-28.1816749825328,15.,-29.5042493878164));
#5267=CARTESIAN_POINT('Ctrl Pts',(-28.1816749825328,16.,-29.5042493878164));
#5268=CARTESIAN_POINT('Ctrl Pts',(-27.963533498839,15.,-29.0071649532739));
#5269=CARTESIAN_POINT('Ctrl Pts',(-27.963533498839,16.,-29.0071649532739));
#5270=CARTESIAN_POINT('Ctrl Pts',(-27.7168765349232,15.,-28.4877078215586));
#5271=CARTESIAN_POINT('Ctrl Pts',(-27.7168765349232,16.,-28.4877078215586));
#5272=CARTESIAN_POINT('Ctrl Pts',(-27.4953577327441,15.,-28.0452584232412));
#5273=CARTESIAN_POINT('Ctrl Pts',(-27.4953577327441,16.,-28.0452584232412));
#5274=CARTESIAN_POINT('Ctrl Pts',(-27.3179685613482,15.,-27.7019400594768));
#5275=CARTESIAN_POINT('Ctrl Pts',(-27.3179685613482,16.,-27.7019400594768));
#5276=CARTESIAN_POINT('Ctrl Pts',(-27.1977741029324,15.,-27.4735119817045));
#5277=CARTESIAN_POINT('Ctrl Pts',(-27.1977741029324,16.,-27.4735119817045));
#5278=CARTESIAN_POINT('Ctrl Pts',(-27.142553581224,15.,-27.3693735602991));
#5279=CARTESIAN_POINT('Ctrl Pts',(-27.142553581224,16.,-27.3693735602991));
#5280=CARTESIAN_POINT('Ctrl Pts',(-28.442507639034,15.,-25.3328494830276));
#5281=CARTESIAN_POINT('Ctrl Pts',(-28.2623599516093,15.,-25.288769188236));
#5282=CARTESIAN_POINT('Ctrl Pts',(-27.9027583742395,15.,-25.2057522018904));
#5283=CARTESIAN_POINT('Ctrl Pts',(-27.39212888551,15.,-25.1038170380833));
#5284=CARTESIAN_POINT('Ctrl Pts',(-26.7766019344794,15.,-25.0154469723732));
#5285=CARTESIAN_POINT('Ctrl Pts',(-26.1200083282823,15.,-24.9853183417982));
#5286=CARTESIAN_POINT('Ctrl Pts',(-25.5733626218316,15.,-25.0361233545086));
#5287=CARTESIAN_POINT('Ctrl Pts',(-25.1416582260337,15.,-25.1650144366008));
#5288=CARTESIAN_POINT('Ctrl Pts',(-24.8207456936021,15.,-25.36617347253));
#5289=CARTESIAN_POINT('Ctrl Pts',(-24.6038055254312,15.,-25.630519260857));
#5290=CARTESIAN_POINT('Ctrl Pts',(-24.4804574525614,15.,-25.9445142810332));
#5291=CARTESIAN_POINT('Ctrl Pts',(-24.4378875174218,15.,-26.2931732489711));
#5292=CARTESIAN_POINT('Ctrl Pts',(-24.4624323399223,15.,-26.6641933005639));
#5293=CARTESIAN_POINT('Ctrl Pts',(-24.5409385990644,15.,-27.0513238420614));
#5294=CARTESIAN_POINT('Ctrl Pts',(-24.6623401228692,15.,-27.4590380249857));
#5295=CARTESIAN_POINT('Ctrl Pts',(-24.8179135697404,15.,-27.8981060665218));
#5296=CARTESIAN_POINT('Ctrl Pts',(-25.0012812005323,15.,-28.3797217364036));
#5297=CARTESIAN_POINT('Ctrl Pts',(-25.2085648591256,15.,-28.909797335094));
#5298=CARTESIAN_POINT('Ctrl Pts',(-25.4383609246852,15.,-29.4839293728567));
#5299=CARTESIAN_POINT('Ctrl Pts',(-25.6921188634966,15.,-30.0801008792139));
#5300=CARTESIAN_POINT('Ctrl Pts',(-25.9728596703312,15.,-30.6613277870968));
#5301=CARTESIAN_POINT('Ctrl Pts',(-26.2828288666556,15.,-31.1845519300785));
#5302=CARTESIAN_POINT('Ctrl Pts',(-26.6215484879362,15.,-31.6074257725344));
#5303=CARTESIAN_POINT('Ctrl Pts',(-26.983511237196,15.,-31.896346927646));
#5304=CARTESIAN_POINT('Ctrl Pts',(-27.3564133633111,15.,-32.0331187560594));
#5305=CARTESIAN_POINT('Ctrl Pts',(-27.7180490882279,15.,-32.0245758393222));
#5306=CARTESIAN_POINT('Ctrl Pts',(-28.0406729802877,15.,-31.8963241216744));
#5307=CARTESIAN_POINT('Ctrl Pts',(-28.2979903156775,15.,-31.6811190943458));
#5308=CARTESIAN_POINT('Ctrl Pts',(-28.4709347394004,15.,-31.4095266077745));
#5309=CARTESIAN_POINT('Ctrl Pts',(-28.5548679145148,15.,-31.0985211319394));
#5310=CARTESIAN_POINT('Ctrl Pts',(-28.5559038198271,15.,-30.7541382999556));
#5311=CARTESIAN_POINT('Ctrl Pts',(-28.4858838600935,15.,-30.375803762399));
#5312=CARTESIAN_POINT('Ctrl Pts',(-28.3579464388999,15.,-29.9599827141119));
#5313=CARTESIAN_POINT('Ctrl Pts',(-28.1816749825328,15.,-29.5042493878164));
#5314=CARTESIAN_POINT('Ctrl Pts',(-27.963533498839,15.,-29.0071649532739));
#5315=CARTESIAN_POINT('Ctrl Pts',(-27.7168765349232,15.,-28.4877078215586));
#5316=CARTESIAN_POINT('Ctrl Pts',(-27.4953577327441,15.,-28.0452584232412));
#5317=CARTESIAN_POINT('Ctrl Pts',(-27.3179685613482,15.,-27.7019400594768));
#5318=CARTESIAN_POINT('Ctrl Pts',(-27.1977741029324,15.,-27.4735119817045));
#5319=CARTESIAN_POINT('Ctrl Pts',(-27.142553581224,15.,-27.3693735602992));
#5320=CARTESIAN_POINT('Ctrl Pts',(-28.442507639034,16.,-25.3328494830276));
#5321=CARTESIAN_POINT('Ctrl Pts',(-28.2623599516093,16.,-25.288769188236));
#5322=CARTESIAN_POINT('Ctrl Pts',(-27.9027583742395,16.,-25.2057522018904));
#5323=CARTESIAN_POINT('Ctrl Pts',(-27.39212888551,16.,-25.1038170380833));
#5324=CARTESIAN_POINT('Ctrl Pts',(-26.7766019344794,16.,-25.0154469723732));
#5325=CARTESIAN_POINT('Ctrl Pts',(-26.1200083282823,16.,-24.9853183417982));
#5326=CARTESIAN_POINT('Ctrl Pts',(-25.5733626218316,16.,-25.0361233545086));
#5327=CARTESIAN_POINT('Ctrl Pts',(-25.1416582260337,16.,-25.1650144366008));
#5328=CARTESIAN_POINT('Ctrl Pts',(-24.8207456936021,16.,-25.36617347253));
#5329=CARTESIAN_POINT('Ctrl Pts',(-24.6038055254312,16.,-25.630519260857));
#5330=CARTESIAN_POINT('Ctrl Pts',(-24.4804574525614,16.,-25.9445142810332));
#5331=CARTESIAN_POINT('Ctrl Pts',(-24.4378875174218,16.,-26.2931732489711));
#5332=CARTESIAN_POINT('Ctrl Pts',(-24.4624323399223,16.,-26.6641933005639));
#5333=CARTESIAN_POINT('Ctrl Pts',(-24.5409385990644,16.,-27.0513238420614));
#5334=CARTESIAN_POINT('Ctrl Pts',(-24.6623401228692,16.,-27.4590380249857));
#5335=CARTESIAN_POINT('Ctrl Pts',(-24.8179135697404,16.,-27.8981060665218));
#5336=CARTESIAN_POINT('Ctrl Pts',(-25.0012812005323,16.,-28.3797217364036));
#5337=CARTESIAN_POINT('Ctrl Pts',(-25.2085648591256,16.,-28.909797335094));
#5338=CARTESIAN_POINT('Ctrl Pts',(-25.4383609246852,16.,-29.4839293728567));
#5339=CARTESIAN_POINT('Ctrl Pts',(-25.6921188634966,16.,-30.0801008792139));
#5340=CARTESIAN_POINT('Ctrl Pts',(-25.9728596703312,16.,-30.6613277870968));
#5341=CARTESIAN_POINT('Ctrl Pts',(-26.2828288666556,16.,-31.1845519300785));
#5342=CARTESIAN_POINT('Ctrl Pts',(-26.6215484879362,16.,-31.6074257725344));
#5343=CARTESIAN_POINT('Ctrl Pts',(-26.983511237196,16.,-31.896346927646));
#5344=CARTESIAN_POINT('Ctrl Pts',(-27.3564133633111,16.,-32.0331187560594));
#5345=CARTESIAN_POINT('Ctrl Pts',(-27.7180490882279,16.,-32.0245758393222));
#5346=CARTESIAN_POINT('Ctrl Pts',(-28.0406729802877,16.,-31.8963241216744));
#5347=CARTESIAN_POINT('Ctrl Pts',(-28.2979903156775,16.,-31.6811190943458));
#5348=CARTESIAN_POINT('Ctrl Pts',(-28.4709347394004,16.,-31.4095266077745));
#5349=CARTESIAN_POINT('Ctrl Pts',(-28.5548679145148,16.,-31.0985211319394));
#5350=CARTESIAN_POINT('Ctrl Pts',(-28.5559038198271,16.,-30.7541382999556));
#5351=CARTESIAN_POINT('Ctrl Pts',(-28.4858838600935,16.,-30.375803762399));
#5352=CARTESIAN_POINT('Ctrl Pts',(-28.3579464388999,16.,-29.9599827141119));
#5353=CARTESIAN_POINT('Ctrl Pts',(-28.1816749825328,16.,-29.5042493878164));
#5354=CARTESIAN_POINT('Ctrl Pts',(-27.963533498839,16.,-29.0071649532739));
#5355=CARTESIAN_POINT('Ctrl Pts',(-27.7168765349232,16.,-28.4877078215586));
#5356=CARTESIAN_POINT('Ctrl Pts',(-27.4953577327441,16.,-28.0452584232412));
#5357=CARTESIAN_POINT('Ctrl Pts',(-27.3179685613482,16.,-27.7019400594768));
#5358=CARTESIAN_POINT('Ctrl Pts',(-27.1977741029324,16.,-27.4735119817045));
#5359=CARTESIAN_POINT('Ctrl Pts',(-27.142553581224,16.,-27.3693735602992));
#5360=CARTESIAN_POINT('Origin',(-27.9157100051928,16.,-25.2151563332199));
#5361=CARTESIAN_POINT('Ctrl Pts',(-30.4787250210011,15.,30.1654964825178));
#5362=CARTESIAN_POINT('Ctrl Pts',(-30.4787250210011,16.,30.1654964825178));
#5363=CARTESIAN_POINT('Ctrl Pts',(-30.3186178525491,15.,30.3580347329197));
#5364=CARTESIAN_POINT('Ctrl Pts',(-30.3186178525491,16.,30.3580347329197));
#5365=CARTESIAN_POINT('Ctrl Pts',(-30.0048662632077,15.,30.7375730506966));
#5366=CARTESIAN_POINT('Ctrl Pts',(-30.0048662632077,16.,30.7375730506966));
#5367=CARTESIAN_POINT('Ctrl Pts',(-29.553626673024,15.,31.2902652919033));
#5368=CARTESIAN_POINT('Ctrl Pts',(-29.553626673024,16.,31.2902652919033));
#5369=CARTESIAN_POINT('Ctrl Pts',(-28.9891970527921,15.,31.9896656013801));
#5370=CARTESIAN_POINT('Ctrl Pts',(-28.9891970527921,16.,31.9896656013801));
#5371=CARTESIAN_POINT('Ctrl Pts',(-28.3373460571308,15.,32.7761304859069));
#5372=CARTESIAN_POINT('Ctrl Pts',(-28.3373460571308,16.,32.7761304859069));
#5373=CARTESIAN_POINT('Ctrl Pts',(-27.7296246822751,15.,33.4419836877006));
#5374=CARTESIAN_POINT('Ctrl Pts',(-27.7296246822751,16.,33.4419836877006));
#5375=CARTESIAN_POINT('Ctrl Pts',(-27.158336910033,15.,33.9535113825833));
#5376=CARTESIAN_POINT('Ctrl Pts',(-27.158336910033,16.,33.9535113825833));
#5377=CARTESIAN_POINT('Ctrl Pts',(-26.6210220704778,15.,34.2833809812946));
#5378=CARTESIAN_POINT('Ctrl Pts',(-26.6210220704778,16.,34.2833809812946));
#5379=CARTESIAN_POINT('Ctrl Pts',(-26.12311947936,15.,34.4169662445236));
#5380=CARTESIAN_POINT('Ctrl Pts',(-26.12311947936,16.,34.4169662445236));
#5381=CARTESIAN_POINT('Ctrl Pts',(-25.6825088498226,15.,34.361734383402));
#5382=CARTESIAN_POINT('Ctrl Pts',(-25.6825088498226,16.,34.361734383402));
#5383=CARTESIAN_POINT('Ctrl Pts',(-25.3279527848132,15.,34.147583766934));
#5384=CARTESIAN_POINT('Ctrl Pts',(-25.3279527848132,16.,34.147583766934));
#5385=CARTESIAN_POINT('Ctrl Pts',(-25.0884236140571,15.,33.8139719282737));
#5386=CARTESIAN_POINT('Ctrl Pts',(-25.0884236140571,16.,33.8139719282737));
#5387=CARTESIAN_POINT('Ctrl Pts',(-24.9853283610989,15.,33.4011914552672));
#5388=CARTESIAN_POINT('Ctrl Pts',(-24.9853283610989,16.,33.4011914552672));
#5389=CARTESIAN_POINT('Ctrl Pts',(-25.0216368148026,15.,32.9387888413141));
#5390=CARTESIAN_POINT('Ctrl Pts',(-25.0216368148026,16.,32.9387888413141));
#5391=CARTESIAN_POINT('Ctrl Pts',(-25.1857405324726,15.,32.446187896927));
#5392=CARTESIAN_POINT('Ctrl Pts',(-25.1857405324726,16.,32.446187896927));
#5393=CARTESIAN_POINT('Ctrl Pts',(-25.4584011448227,15.,31.9356915490795));
#5394=CARTESIAN_POINT('Ctrl Pts',(-25.4584011448227,16.,31.9356915490795));
#5395=CARTESIAN_POINT('Ctrl Pts',(-25.8179608355134,15.,31.4144833284901));
#5396=CARTESIAN_POINT('Ctrl Pts',(-25.8179608355134,16.,31.4144833284901));
#5397=CARTESIAN_POINT('Ctrl Pts',(-26.2470602941823,15.,30.8872508687774));
#5398=CARTESIAN_POINT('Ctrl Pts',(-26.2470602941823,16.,30.8872508687774));
#5399=CARTESIAN_POINT('Ctrl Pts',(-26.7340058143502,15.,30.3571784048429));
#5400=CARTESIAN_POINT('Ctrl Pts',(-26.7340058143502,16.,30.3571784048429));
#5401=CARTESIAN_POINT('Ctrl Pts',(-27.263976105114,15.,29.8332700236385));
#5402=CARTESIAN_POINT('Ctrl Pts',(-27.263976105114,16.,29.8332700236385));
#5403=CARTESIAN_POINT('Ctrl Pts',(-27.7221482686126,15.,29.4155365243516));
#5404=CARTESIAN_POINT('Ctrl Pts',(-27.7221482686126,16.,29.4155365243516));
#5405=CARTESIAN_POINT('Ctrl Pts',(-28.0828928502983,15.,29.1041303459293));
#5406=CARTESIAN_POINT('Ctrl Pts',(-28.0828928502983,16.,29.1041303459293));
#5407=CARTESIAN_POINT('Ctrl Pts',(-28.3288774707108,15.,28.8989553150279));
#5408=CARTESIAN_POINT('Ctrl Pts',(-28.3288774707108,16.,28.8989553150279));
#5409=CARTESIAN_POINT('Ctrl Pts',(-28.449508758464,15.,28.7999498244513));
#5410=CARTESIAN_POINT('Ctrl Pts',(-28.449508758464,16.,28.7999498244513));
#5411=CARTESIAN_POINT('',(-30.4787250210011,15.,30.1654964825178));
#5412=CARTESIAN_POINT('',(-28.449508758464,15.,28.7999498244513));
#5413=CARTESIAN_POINT('Ctrl Pts',(-30.4787250210011,15.,30.1654964825178));
#5414=CARTESIAN_POINT('Ctrl Pts',(-30.3186178525491,15.,30.3580347329197));
#5415=CARTESIAN_POINT('Ctrl Pts',(-30.0048662632077,15.,30.7375730506966));
#5416=CARTESIAN_POINT('Ctrl Pts',(-29.553626673024,15.,31.2902652919033));
#5417=CARTESIAN_POINT('Ctrl Pts',(-28.9891970527921,15.,31.9896656013801));
#5418=CARTESIAN_POINT('Ctrl Pts',(-28.3373460571308,15.,32.7761304859069));
#5419=CARTESIAN_POINT('Ctrl Pts',(-27.7296246822751,15.,33.4419836877006));
#5420=CARTESIAN_POINT('Ctrl Pts',(-27.158336910033,15.,33.9535113825833));
#5421=CARTESIAN_POINT('Ctrl Pts',(-26.6210220704778,15.,34.2833809812946));
#5422=CARTESIAN_POINT('Ctrl Pts',(-26.12311947936,15.,34.4169662445236));
#5423=CARTESIAN_POINT('Ctrl Pts',(-25.6825088498226,15.,34.361734383402));
#5424=CARTESIAN_POINT('Ctrl Pts',(-25.3279527848132,15.,34.147583766934));
#5425=CARTESIAN_POINT('Ctrl Pts',(-25.0884236140571,15.,33.8139719282737));
#5426=CARTESIAN_POINT('Ctrl Pts',(-24.9853283610989,15.,33.4011914552672));
#5427=CARTESIAN_POINT('Ctrl Pts',(-25.0216368148026,15.,32.9387888413141));
#5428=CARTESIAN_POINT('Ctrl Pts',(-25.1857405324726,15.,32.446187896927));
#5429=CARTESIAN_POINT('Ctrl Pts',(-25.4584011448227,15.,31.9356915490795));
#5430=CARTESIAN_POINT('Ctrl Pts',(-25.8179608355134,15.,31.4144833284901));
#5431=CARTESIAN_POINT('Ctrl Pts',(-26.2470602941823,15.,30.8872508687774));
#5432=CARTESIAN_POINT('Ctrl Pts',(-26.7340058143502,15.,30.3571784048429));
#5433=CARTESIAN_POINT('Ctrl Pts',(-27.263976105114,15.,29.8332700236386));
#5434=CARTESIAN_POINT('Ctrl Pts',(-27.7221482686126,15.,29.4155365243516));
#5435=CARTESIAN_POINT('Ctrl Pts',(-28.0828928502983,15.,29.1041303459293));
#5436=CARTESIAN_POINT('Ctrl Pts',(-28.3288774707108,15.,28.8989553150279));
#5437=CARTESIAN_POINT('Ctrl Pts',(-28.449508758464,15.,28.7999498244513));
#5438=CARTESIAN_POINT('',(-30.4787250210011,16.,30.1654964825178));
#5439=CARTESIAN_POINT('',(-30.4787250210011,15.,30.1654964825178));
#5440=CARTESIAN_POINT('',(-28.449508758464,16.,28.7999498244513));
#5441=CARTESIAN_POINT('Ctrl Pts',(-30.4787250210011,16.,30.1654964825178));
#5442=CARTESIAN_POINT('Ctrl Pts',(-30.3186178525491,16.,30.3580347329197));
#5443=CARTESIAN_POINT('Ctrl Pts',(-30.0048662632077,16.,30.7375730506966));
#5444=CARTESIAN_POINT('Ctrl Pts',(-29.553626673024,16.,31.2902652919033));
#5445=CARTESIAN_POINT('Ctrl Pts',(-28.9891970527921,16.,31.9896656013801));
#5446=CARTESIAN_POINT('Ctrl Pts',(-28.3373460571308,16.,32.7761304859069));
#5447=CARTESIAN_POINT('Ctrl Pts',(-27.7296246822751,16.,33.4419836877006));
#5448=CARTESIAN_POINT('Ctrl Pts',(-27.158336910033,16.,33.9535113825833));
#5449=CARTESIAN_POINT('Ctrl Pts',(-26.6210220704778,16.,34.2833809812946));
#5450=CARTESIAN_POINT('Ctrl Pts',(-26.12311947936,16.,34.4169662445236));
#5451=CARTESIAN_POINT('Ctrl Pts',(-25.6825088498226,16.,34.361734383402));
#5452=CARTESIAN_POINT('Ctrl Pts',(-25.3279527848132,16.,34.147583766934));
#5453=CARTESIAN_POINT('Ctrl Pts',(-25.0884236140571,16.,33.8139719282737));
#5454=CARTESIAN_POINT('Ctrl Pts',(-24.9853283610989,16.,33.4011914552672));
#5455=CARTESIAN_POINT('Ctrl Pts',(-25.0216368148026,16.,32.9387888413141));
#5456=CARTESIAN_POINT('Ctrl Pts',(-25.1857405324726,16.,32.446187896927));
#5457=CARTESIAN_POINT('Ctrl Pts',(-25.4584011448227,16.,31.9356915490795));
#5458=CARTESIAN_POINT('Ctrl Pts',(-25.8179608355134,16.,31.4144833284901));
#5459=CARTESIAN_POINT('Ctrl Pts',(-26.2470602941823,16.,30.8872508687774));
#5460=CARTESIAN_POINT('Ctrl Pts',(-26.7340058143502,16.,30.3571784048429));
#5461=CARTESIAN_POINT('Ctrl Pts',(-27.263976105114,16.,29.8332700236386));
#5462=CARTESIAN_POINT('Ctrl Pts',(-27.7221482686126,16.,29.4155365243516));
#5463=CARTESIAN_POINT('Ctrl Pts',(-28.0828928502983,16.,29.1041303459293));
#5464=CARTESIAN_POINT('Ctrl Pts',(-28.3288774707108,16.,28.8989553150279));
#5465=CARTESIAN_POINT('Ctrl Pts',(-28.449508758464,16.,28.7999498244513));
#5466=CARTESIAN_POINT('',(-28.449508758464,15.,28.7999498244513));
#5467=CARTESIAN_POINT('Ctrl Pts',(-28.0000004172325,15.,26.5000003948808));
#5468=CARTESIAN_POINT('Ctrl Pts',(-28.0000004172325,16.,26.5000003948808));
#5469=CARTESIAN_POINT('Ctrl Pts',(-28.1817297513682,15.,26.5075446046358));
#5470=CARTESIAN_POINT('Ctrl Pts',(-28.1817297513682,16.,26.5075446046358));
#5471=CARTESIAN_POINT('Ctrl Pts',(-28.5353815400085,15.,26.5213827191814));
#5472=CARTESIAN_POINT('Ctrl Pts',(-28.5353815400085,16.,26.5213827191814));
#5473=CARTESIAN_POINT('Ctrl Pts',(-29.0364459655722,15.,26.5384083972088));
#5474=CARTESIAN_POINT('Ctrl Pts',(-29.0364459655722,16.,26.5384083972088));
#5475=CARTESIAN_POINT('Ctrl Pts',(-29.6452136527237,15.,26.5534232330321));
#5476=CARTESIAN_POINT('Ctrl Pts',(-29.6452136527237,16.,26.5534232330321));
#5477=CARTESIAN_POINT('Ctrl Pts',(-30.3052779097486,15.,26.5632460189463));
#5478=CARTESIAN_POINT('Ctrl Pts',(-30.3052779097486,16.,26.5632460189463));
#5479=CARTESIAN_POINT('Ctrl Pts',(-30.861697583715,15.,26.5732382607238));
#5480=CARTESIAN_POINT('Ctrl Pts',(-30.861697583715,16.,26.5732382607238));
#5481=CARTESIAN_POINT('Ctrl Pts',(-31.3146972565608,15.,26.6078075370058));
#5482=CARTESIAN_POINT('Ctrl Pts',(-31.3146972565608,16.,26.6078075370058));
#5483=CARTESIAN_POINT('Ctrl Pts',(-31.6640108561566,15.,26.6968818582181));
#5484=CARTESIAN_POINT('Ctrl Pts',(-31.6640108561566,16.,26.6968818582181));
#5485=CARTESIAN_POINT('Ctrl Pts',(-31.9234791948288,15.,26.9142908753929));
#5486=CARTESIAN_POINT('Ctrl Pts',(-31.9234791948288,16.,26.9142908753929));
#5487=CARTESIAN_POINT('Ctrl Pts',(-32.0801508484033,15.,27.2634843573328));
#5488=CARTESIAN_POINT('Ctrl Pts',(-32.0801508484033,16.,27.2634843573328));
#5489=CARTESIAN_POINT('Ctrl Pts',(-32.1111028284795,15.,27.6857030345787));
#5490=CARTESIAN_POINT('Ctrl Pts',(-32.1111028284795,16.,27.6857030345787));
#5491=CARTESIAN_POINT('Ctrl Pts',(-32.0017765373107,15.,28.1116497859834));
#5492=CARTESIAN_POINT('Ctrl Pts',(-32.0017765373107,16.,28.1116497859834));
#5493=CARTESIAN_POINT('Ctrl Pts',(-31.7957294264248,15.,28.5069273847147));
#5494=CARTESIAN_POINT('Ctrl Pts',(-31.7957294264248,16.,28.5069273847147));
#5495=CARTESIAN_POINT('Ctrl Pts',(-31.539277660536,15.,28.882466490171));
#5496=CARTESIAN_POINT('Ctrl Pts',(-31.539277660536,16.,28.882466490171));
#5497=CARTESIAN_POINT('Ctrl Pts',(-31.2397950257032,15.,29.2606410621015));
#5498=CARTESIAN_POINT('Ctrl Pts',(-31.2397950257032,16.,29.2606410621015));
#5499=CARTESIAN_POINT('Ctrl Pts',(-30.9639987285645,15.,29.5907140903508));
#5500=CARTESIAN_POINT('Ctrl Pts',(-30.9639987285645,16.,29.5907140903508));
#5501=CARTESIAN_POINT('Ctrl Pts',(-30.7318868008808,15.,29.8658539600406));
#5502=CARTESIAN_POINT('Ctrl Pts',(-30.7318868008808,16.,29.8658539600406));
#5503=CARTESIAN_POINT('Ctrl Pts',(-30.5651196442115,15.,30.0632831254801));
#5504=CARTESIAN_POINT('Ctrl Pts',(-30.5651196442115,16.,30.0632831254801));
#5505=CARTESIAN_POINT('Ctrl Pts',(-30.4787250210011,15.,30.1654964825178));
#5506=CARTESIAN_POINT('Ctrl Pts',(-30.4787250210011,16.,30.1654964825178));
#5507=CARTESIAN_POINT('',(-28.0000004172325,15.,26.5000003948808));
#5508=CARTESIAN_POINT('Ctrl Pts',(-28.0000004172325,15.,26.5000003948808));
#5509=CARTESIAN_POINT('Ctrl Pts',(-28.1817297513682,15.,26.5075446046358));
#5510=CARTESIAN_POINT('Ctrl Pts',(-28.5353815400085,15.,26.5213827191814));
#5511=CARTESIAN_POINT('Ctrl Pts',(-29.0364459655722,15.,26.5384083972088));
#5512=CARTESIAN_POINT('Ctrl Pts',(-29.6452136527237,15.,26.5534232330321));
#5513=CARTESIAN_POINT('Ctrl Pts',(-30.3052779097486,15.,26.5632460189463));
#5514=CARTESIAN_POINT('Ctrl Pts',(-30.861697583715,15.,26.5732382607238));
#5515=CARTESIAN_POINT('Ctrl Pts',(-31.3146972565608,15.,26.6078075370058));
#5516=CARTESIAN_POINT('Ctrl Pts',(-31.6640108561566,15.,26.6968818582181));
#5517=CARTESIAN_POINT('Ctrl Pts',(-31.9234791948288,15.,26.9142908753929));
#5518=CARTESIAN_POINT('Ctrl Pts',(-32.0801508484033,15.,27.2634843573328));
#5519=CARTESIAN_POINT('Ctrl Pts',(-32.1111028284795,15.,27.6857030345787));
#5520=CARTESIAN_POINT('Ctrl Pts',(-32.0017765373107,15.,28.1116497859834));
#5521=CARTESIAN_POINT('Ctrl Pts',(-31.7957294264248,15.,28.5069273847147));
#5522=CARTESIAN_POINT('Ctrl Pts',(-31.539277660536,15.,28.882466490171));
#5523=CARTESIAN_POINT('Ctrl Pts',(-31.2397950257032,15.,29.2606410621015));
#5524=CARTESIAN_POINT('Ctrl Pts',(-30.9639987285645,15.,29.5907140903508));
#5525=CARTESIAN_POINT('Ctrl Pts',(-30.7318868008808,15.,29.8658539600406));
#5526=CARTESIAN_POINT('Ctrl Pts',(-30.5651196442115,15.,30.0632831254801));
#5527=CARTESIAN_POINT('Ctrl Pts',(-30.4787250210011,15.,30.1654964825178));
#5528=CARTESIAN_POINT('',(-28.0000004172325,16.,26.5000003948808));
#5529=CARTESIAN_POINT('',(-28.0000004172325,15.,26.5000003948808));
#5530=CARTESIAN_POINT('Ctrl Pts',(-28.0000004172325,16.,26.5000003948808));
#5531=CARTESIAN_POINT('Ctrl Pts',(-28.1817297513682,16.,26.5075446046358));
#5532=CARTESIAN_POINT('Ctrl Pts',(-28.5353815400085,16.,26.5213827191814));
#5533=CARTESIAN_POINT('Ctrl Pts',(-29.0364459655722,16.,26.5384083972088));
#5534=CARTESIAN_POINT('Ctrl Pts',(-29.6452136527237,16.,26.5534232330321));
#5535=CARTESIAN_POINT('Ctrl Pts',(-30.3052779097486,16.,26.5632460189463));
#5536=CARTESIAN_POINT('Ctrl Pts',(-30.861697583715,16.,26.5732382607238));
#5537=CARTESIAN_POINT('Ctrl Pts',(-31.3146972565608,16.,26.6078075370058));
#5538=CARTESIAN_POINT('Ctrl Pts',(-31.6640108561566,16.,26.6968818582181));
#5539=CARTESIAN_POINT('Ctrl Pts',(-31.9234791948288,16.,26.9142908753929));
#5540=CARTESIAN_POINT('Ctrl Pts',(-32.0801508484033,16.,27.2634843573328));
#5541=CARTESIAN_POINT('Ctrl Pts',(-32.1111028284795,16.,27.6857030345787));
#5542=CARTESIAN_POINT('Ctrl Pts',(-32.0017765373107,16.,28.1116497859834));
#5543=CARTESIAN_POINT('Ctrl Pts',(-31.7957294264248,16.,28.5069273847147));
#5544=CARTESIAN_POINT('Ctrl Pts',(-31.539277660536,16.,28.882466490171));
#5545=CARTESIAN_POINT('Ctrl Pts',(-31.2397950257032,16.,29.2606410621015));
#5546=CARTESIAN_POINT('Ctrl Pts',(-30.9639987285645,16.,29.5907140903508));
#5547=CARTESIAN_POINT('Ctrl Pts',(-30.7318868008808,16.,29.8658539600406));
#5548=CARTESIAN_POINT('Ctrl Pts',(-30.5651196442115,16.,30.0632831254801));
#5549=CARTESIAN_POINT('Ctrl Pts',(-30.4787250210011,16.,30.1654964825178));
#5550=CARTESIAN_POINT('Ctrl Pts',(-28.4495087584592,15.,28.7999498244515));
#5551=CARTESIAN_POINT('Ctrl Pts',(-28.4495087584592,16.,28.7999498244515));
#5552=CARTESIAN_POINT('Ctrl Pts',(-28.3450983744723,15.,28.8036081570118));
#5553=CARTESIAN_POINT('Ctrl Pts',(-28.3450983744723,16.,28.8036081570118));
#5554=CARTESIAN_POINT('Ctrl Pts',(-28.1266567951154,15.,28.8114725314723));
#5555=CARTESIAN_POINT('Ctrl Pts',(-28.1266567951154,16.,28.8114725314723));
#5556=CARTESIAN_POINT('Ctrl Pts',(-27.7917822837425,15.,28.8241919841269));
#5557=CARTESIAN_POINT('Ctrl Pts',(-27.7917822837425,16.,28.8241919841269));
#5558=CARTESIAN_POINT('Ctrl Pts',(-27.3365807255101,15.,28.8427630700936));
#5559=CARTESIAN_POINT('Ctrl Pts',(-27.3365807255101,16.,28.8427630700936));
#5560=CARTESIAN_POINT('Ctrl Pts',(-26.758254117154,15.,28.8643117976729));
#5561=CARTESIAN_POINT('Ctrl Pts',(-26.758254117154,16.,28.8643117976729));
#5562=CARTESIAN_POINT('Ctrl Pts',(-26.1717440110754,15.,28.8706833646955));
#5563=CARTESIAN_POINT('Ctrl Pts',(-26.1717440110754,16.,28.8706833646955));
#5564=CARTESIAN_POINT('Ctrl Pts',(-25.6030732207966,15.,28.8340192875282));
#5565=CARTESIAN_POINT('Ctrl Pts',(-25.6030732207966,16.,28.8340192875282));
#5566=CARTESIAN_POINT('Ctrl Pts',(-25.0798619830323,15.,28.7084393660521));
#5567=CARTESIAN_POINT('Ctrl Pts',(-25.0798619830323,16.,28.7084393660521));
#5568=CARTESIAN_POINT('Ctrl Pts',(-24.6453228159676,15.,28.4221044422741));
#5569=CARTESIAN_POINT('Ctrl Pts',(-24.6453228159676,16.,28.4221044422741));
#5570=CARTESIAN_POINT('Ctrl Pts',(-24.3759488094806,15.,27.9868777949977));
#5571=CARTESIAN_POINT('Ctrl Pts',(-24.3759488094806,16.,27.9868777949977));
#5572=CARTESIAN_POINT('Ctrl Pts',(-24.3338188993612,15.,27.4439792369203));
#5573=CARTESIAN_POINT('Ctrl Pts',(-24.3338188993612,16.,27.4439792369203));
#5574=CARTESIAN_POINT('Ctrl Pts',(-24.5516546346472,15.,26.8496363298318));
#5575=CARTESIAN_POINT('Ctrl Pts',(-24.5516546346472,16.,26.8496363298318));
#5576=CARTESIAN_POINT('Ctrl Pts',(-24.9642851270994,15.,26.2267509448608));
#5577=CARTESIAN_POINT('Ctrl Pts',(-24.9642851270994,16.,26.2267509448608));
#5578=CARTESIAN_POINT('Ctrl Pts',(-25.4735333937011,15.,25.5820319961094));
#5579=CARTESIAN_POINT('Ctrl Pts',(-25.4735333937011,16.,25.5820319961094));
#5580=CARTESIAN_POINT('Ctrl Pts',(-26.0324467096749,15.,24.9430347792025));
#5581=CARTESIAN_POINT('Ctrl Pts',(-26.0324467096749,16.,24.9430347792025));
#5582=CARTESIAN_POINT('Ctrl Pts',(-26.6060791685728,15.,24.3392044256648));
#5583=CARTESIAN_POINT('Ctrl Pts',(-26.6060791685728,16.,24.3392044256648));
#5584=CARTESIAN_POINT('Ctrl Pts',(-27.1785679829508,15.,23.8038680622041));
#5585=CARTESIAN_POINT('Ctrl Pts',(-27.1785679829508,16.,23.8038680622041));
#5586=CARTESIAN_POINT('Ctrl Pts',(-27.7406167704548,15.,23.3673013871271));
#5587=CARTESIAN_POINT('Ctrl Pts',(-27.7406167704548,16.,23.3673013871271));
#5588=CARTESIAN_POINT('Ctrl Pts',(-28.2856863152177,15.,23.0537616249478));
#5589=CARTESIAN_POINT('Ctrl Pts',(-28.2856863152177,16.,23.0537616249478));
#5590=CARTESIAN_POINT('Ctrl Pts',(-28.8019807088962,15.,22.8763975460097));
#5591=CARTESIAN_POINT('Ctrl Pts',(-28.8019807088962,16.,22.8763975460097));
#5592=CARTESIAN_POINT('Ctrl Pts',(-29.2676686216073,15.,22.834020768022));
#5593=CARTESIAN_POINT('Ctrl Pts',(-29.2676686216073,16.,22.834020768022));
#5594=CARTESIAN_POINT('Ctrl Pts',(-29.6566006953798,15.,22.9153463739247));
#5595=CARTESIAN_POINT('Ctrl Pts',(-29.6566006953798,16.,22.9153463739247));
#5596=CARTESIAN_POINT('Ctrl Pts',(-29.94294318313,15.,23.1024923397455));
#5597=CARTESIAN_POINT('Ctrl Pts',(-29.94294318313,16.,23.1024923397455));
#5598=CARTESIAN_POINT('Ctrl Pts',(-30.1064940540114,15.,23.3745473183606));
#5599=CARTESIAN_POINT('Ctrl Pts',(-30.1064940540114,16.,23.3745473183606));
#5600=CARTESIAN_POINT('Ctrl Pts',(-30.1371725226645,15.,23.7113688422187));
#5601=CARTESIAN_POINT('Ctrl Pts',(-30.1371725226645,16.,23.7113688422187));
#5602=CARTESIAN_POINT('Ctrl Pts',(-30.0382628370706,15.,24.0935780769282));
#5603=CARTESIAN_POINT('Ctrl Pts',(-30.0382628370706,16.,24.0935780769282));
#5604=CARTESIAN_POINT('Ctrl Pts',(-29.8243184535455,15.,24.5031652921006));
#5605=CARTESIAN_POINT('Ctrl Pts',(-29.8243184535455,16.,24.5031652921006));
#5606=CARTESIAN_POINT('Ctrl Pts',(-29.5315782623534,15.,24.9220494163629));
#5607=CARTESIAN_POINT('Ctrl Pts',(-29.5315782623534,16.,24.9220494163629));
#5608=CARTESIAN_POINT('Ctrl Pts',(-29.1906863904654,15.,25.3371923229036));
#5609=CARTESIAN_POINT('Ctrl Pts',(-29.1906863904654,16.,25.3371923229036));
#5610=CARTESIAN_POINT('Ctrl Pts',(-28.8176766032095,15.,25.7412841047238));
#5611=CARTESIAN_POINT('Ctrl Pts',(-28.8176766032095,16.,25.7412841047238));
#5612=CARTESIAN_POINT('Ctrl Pts',(-28.5007823870947,15.,26.0527258584152));
#5613=CARTESIAN_POINT('Ctrl Pts',(-28.5007823870947,16.,26.0527258584152));
#5614=CARTESIAN_POINT('Ctrl Pts',(-28.2539369182818,15.,26.2791458218996));
#5615=CARTESIAN_POINT('Ctrl Pts',(-28.2539369182818,16.,26.2791458218996));
#5616=CARTESIAN_POINT('Ctrl Pts',(-28.085321879244,15.,26.4269121332219));
#5617=CARTESIAN_POINT('Ctrl Pts',(-28.085321879244,16.,26.4269121332219));
#5618=CARTESIAN_POINT('Ctrl Pts',(-28.0000004172325,15.,26.5000003948808));
#5619=CARTESIAN_POINT('Ctrl Pts',(-28.0000004172325,16.,26.5000003948808));
#5620=CARTESIAN_POINT('Ctrl Pts',(-28.4495087584592,15.,28.7999498244515));
#5621=CARTESIAN_POINT('Ctrl Pts',(-28.3450983744723,15.,28.8036081570118));
#5622=CARTESIAN_POINT('Ctrl Pts',(-28.1266567951154,15.,28.8114725314723));
#5623=CARTESIAN_POINT('Ctrl Pts',(-27.7917822837425,15.,28.8241919841269));
#5624=CARTESIAN_POINT('Ctrl Pts',(-27.3365807255101,15.,28.8427630700936));
#5625=CARTESIAN_POINT('Ctrl Pts',(-26.758254117154,15.,28.8643117976729));
#5626=CARTESIAN_POINT('Ctrl Pts',(-26.1717440110754,15.,28.8706833646955));
#5627=CARTESIAN_POINT('Ctrl Pts',(-25.6030732207966,15.,28.8340192875282));
#5628=CARTESIAN_POINT('Ctrl Pts',(-25.0798619830323,15.,28.7084393660521));
#5629=CARTESIAN_POINT('Ctrl Pts',(-24.6453228159676,15.,28.4221044422741));
#5630=CARTESIAN_POINT('Ctrl Pts',(-24.3759488094806,15.,27.9868777949977));
#5631=CARTESIAN_POINT('Ctrl Pts',(-24.3338188993612,15.,27.4439792369203));
#5632=CARTESIAN_POINT('Ctrl Pts',(-24.5516546346472,15.,26.8496363298318));
#5633=CARTESIAN_POINT('Ctrl Pts',(-24.9642851270994,15.,26.2267509448608));
#5634=CARTESIAN_POINT('Ctrl Pts',(-25.4735333937011,15.,25.5820319961094));
#5635=CARTESIAN_POINT('Ctrl Pts',(-26.0324467096749,15.,24.9430347792025));
#5636=CARTESIAN_POINT('Ctrl Pts',(-26.6060791685728,15.,24.3392044256648));
#5637=CARTESIAN_POINT('Ctrl Pts',(-27.1785679829508,15.,23.8038680622041));
#5638=CARTESIAN_POINT('Ctrl Pts',(-27.7406167704548,15.,23.3673013871271));
#5639=CARTESIAN_POINT('Ctrl Pts',(-28.2856863152177,15.,23.0537616249478));
#5640=CARTESIAN_POINT('Ctrl Pts',(-28.8019807088962,15.,22.8763975460097));
#5641=CARTESIAN_POINT('Ctrl Pts',(-29.2676686216073,15.,22.834020768022));
#5642=CARTESIAN_POINT('Ctrl Pts',(-29.6566006953798,15.,22.9153463739247));
#5643=CARTESIAN_POINT('Ctrl Pts',(-29.94294318313,15.,23.1024923397455));
#5644=CARTESIAN_POINT('Ctrl Pts',(-30.1064940540114,15.,23.3745473183606));
#5645=CARTESIAN_POINT('Ctrl Pts',(-30.1371725226645,15.,23.7113688422187));
#5646=CARTESIAN_POINT('Ctrl Pts',(-30.0382628370706,15.,24.0935780769282));
#5647=CARTESIAN_POINT('Ctrl Pts',(-29.8243184535455,15.,24.5031652921006));
#5648=CARTESIAN_POINT('Ctrl Pts',(-29.5315782623534,15.,24.9220494163629));
#5649=CARTESIAN_POINT('Ctrl Pts',(-29.1906863904654,15.,25.3371923229036));
#5650=CARTESIAN_POINT('Ctrl Pts',(-28.8176766032095,15.,25.7412841047238));
#5651=CARTESIAN_POINT('Ctrl Pts',(-28.5007823870947,15.,26.0527258584152));
#5652=CARTESIAN_POINT('Ctrl Pts',(-28.2539369182818,15.,26.2791458218996));
#5653=CARTESIAN_POINT('Ctrl Pts',(-28.085321879244,15.,26.4269121332219));
#5654=CARTESIAN_POINT('Ctrl Pts',(-28.0000004172325,15.,26.5000003948808));
#5655=CARTESIAN_POINT('Ctrl Pts',(-28.4495087584592,16.,28.7999498244515));
#5656=CARTESIAN_POINT('Ctrl Pts',(-28.3450983744723,16.,28.8036081570118));
#5657=CARTESIAN_POINT('Ctrl Pts',(-28.1266567951154,16.,28.8114725314723));
#5658=CARTESIAN_POINT('Ctrl Pts',(-27.7917822837425,16.,28.8241919841269));
#5659=CARTESIAN_POINT('Ctrl Pts',(-27.3365807255101,16.,28.8427630700936));
#5660=CARTESIAN_POINT('Ctrl Pts',(-26.758254117154,16.,28.8643117976729));
#5661=CARTESIAN_POINT('Ctrl Pts',(-26.1717440110754,16.,28.8706833646955));
#5662=CARTESIAN_POINT('Ctrl Pts',(-25.6030732207966,16.,28.8340192875282));
#5663=CARTESIAN_POINT('Ctrl Pts',(-25.0798619830323,16.,28.7084393660521));
#5664=CARTESIAN_POINT('Ctrl Pts',(-24.6453228159676,16.,28.4221044422741));
#5665=CARTESIAN_POINT('Ctrl Pts',(-24.3759488094806,16.,27.9868777949977));
#5666=CARTESIAN_POINT('Ctrl Pts',(-24.3338188993612,16.,27.4439792369203));
#5667=CARTESIAN_POINT('Ctrl Pts',(-24.5516546346472,16.,26.8496363298318));
#5668=CARTESIAN_POINT('Ctrl Pts',(-24.9642851270994,16.,26.2267509448608));
#5669=CARTESIAN_POINT('Ctrl Pts',(-25.4735333937011,16.,25.5820319961094));
#5670=CARTESIAN_POINT('Ctrl Pts',(-26.0324467096749,16.,24.9430347792025));
#5671=CARTESIAN_POINT('Ctrl Pts',(-26.6060791685728,16.,24.3392044256648));
#5672=CARTESIAN_POINT('Ctrl Pts',(-27.1785679829508,16.,23.8038680622041));
#5673=CARTESIAN_POINT('Ctrl Pts',(-27.7406167704548,16.,23.3673013871271));
#5674=CARTESIAN_POINT('Ctrl Pts',(-28.2856863152177,16.,23.0537616249478));
#5675=CARTESIAN_POINT('Ctrl Pts',(-28.8019807088962,16.,22.8763975460097));
#5676=CARTESIAN_POINT('Ctrl Pts',(-29.2676686216073,16.,22.834020768022));
#5677=CARTESIAN_POINT('Ctrl Pts',(-29.6566006953798,16.,22.9153463739247));
#5678=CARTESIAN_POINT('Ctrl Pts',(-29.94294318313,16.,23.1024923397455));
#5679=CARTESIAN_POINT('Ctrl Pts',(-30.1064940540114,16.,23.3745473183606));
#5680=CARTESIAN_POINT('Ctrl Pts',(-30.1371725226645,16.,23.7113688422187));
#5681=CARTESIAN_POINT('Ctrl Pts',(-30.0382628370706,16.,24.0935780769282));
#5682=CARTESIAN_POINT('Ctrl Pts',(-29.8243184535455,16.,24.5031652921006));
#5683=CARTESIAN_POINT('Ctrl Pts',(-29.5315782623534,16.,24.9220494163629));
#5684=CARTESIAN_POINT('Ctrl Pts',(-29.1906863904654,16.,25.3371923229036));
#5685=CARTESIAN_POINT('Ctrl Pts',(-28.8176766032095,16.,25.7412841047238));
#5686=CARTESIAN_POINT('Ctrl Pts',(-28.5007823870947,16.,26.0527258584152));
#5687=CARTESIAN_POINT('Ctrl Pts',(-28.2539369182818,16.,26.2791458218996));
#5688=CARTESIAN_POINT('Ctrl Pts',(-28.085321879244,16.,26.4269121332219));
#5689=CARTESIAN_POINT('Ctrl Pts',(-28.0000004172325,16.,26.5000003948808));
#5690=CARTESIAN_POINT('Origin',(-28.2224608639204,16.,28.6254935062728));
#5691=CARTESIAN_POINT('Ctrl Pts',(-27.9275701516374,18.,-19.1249052061673));
#5692=CARTESIAN_POINT('Ctrl Pts',(-27.9275701516374,17.,-19.1249052061673));
#5693=CARTESIAN_POINT('Ctrl Pts',(-27.9973040355228,18.,-19.2544512703061));
#5694=CARTESIAN_POINT('Ctrl Pts',(-27.9973040355228,17.,-19.2544512703061));
#5695=CARTESIAN_POINT('Ctrl Pts',(-28.1350679119881,18.,-19.5160632009526));
#5696=CARTESIAN_POINT('Ctrl Pts',(-28.1350679119881,17.,-19.5160632009526));
#5697=CARTESIAN_POINT('Ctrl Pts',(-28.3366031433446,18.,-19.9160406724762));
#5698=CARTESIAN_POINT('Ctrl Pts',(-28.3366031433446,17.,-19.9160406724762));
#5699=CARTESIAN_POINT('Ctrl Pts',(-28.5945598813196,18.,-20.4626177779146));
#5700=CARTESIAN_POINT('Ctrl Pts',(-28.5945598813196,17.,-20.4626177779146));
#5701=CARTESIAN_POINT('Ctrl Pts',(-28.8969213743231,18.,-21.1574419984903));
#5702=CARTESIAN_POINT('Ctrl Pts',(-28.8969213743231,17.,-21.1574419984903));
#5703=CARTESIAN_POINT('Ctrl Pts',(-29.1778152468393,18.,-21.8506021324752));
#5704=CARTESIAN_POINT('Ctrl Pts',(-29.1778152468393,17.,-21.8506021324752));
#5705=CARTESIAN_POINT('Ctrl Pts',(-29.438764611394,18.,-22.5293383351517));
#5706=CARTESIAN_POINT('Ctrl Pts',(-29.438764611394,17.,-22.5293383351517));
#5707=CARTESIAN_POINT('Ctrl Pts',(-29.6852359376627,18.,-23.1843549463446));
#5708=CARTESIAN_POINT('Ctrl Pts',(-29.6852359376627,17.,-23.1843549463446));
#5709=CARTESIAN_POINT('Ctrl Pts',(-29.9304383408874,18.,-23.8135647034923));
#5710=CARTESIAN_POINT('Ctrl Pts',(-29.9304383408874,17.,-23.8135647034923));
#5711=CARTESIAN_POINT('Ctrl Pts',(-30.1916019433552,18.,-24.4234421882351));
#5712=CARTESIAN_POINT('Ctrl Pts',(-30.1916019433552,17.,-24.4234421882351));
#5713=CARTESIAN_POINT('Ctrl Pts',(-30.4782112748448,18.,-25.0213300234964));
#5714=CARTESIAN_POINT('Ctrl Pts',(-30.4782112748448,17.,-25.0213300234964));
#5715=CARTESIAN_POINT('Ctrl Pts',(-30.7709800080054,18.,-25.6128511322409));
#5716=CARTESIAN_POINT('Ctrl Pts',(-30.7709800080054,17.,-25.6128511322409));
#5717=CARTESIAN_POINT('Ctrl Pts',(-31.0267275232598,18.,-26.1903697584456));
#5718=CARTESIAN_POINT('Ctrl Pts',(-31.0267275232598,17.,-26.1903697584456));
#5719=CARTESIAN_POINT('Ctrl Pts',(-31.1184739179798,18.,-26.7413513543991));
#5720=CARTESIAN_POINT('Ctrl Pts',(-31.1184739179798,17.,-26.7413513543991));
#5721=CARTESIAN_POINT('Ctrl Pts',(-30.9613018135138,18.,-27.2007580396392));
#5722=CARTESIAN_POINT('Ctrl Pts',(-30.9613018135138,17.,-27.2007580396392));
#5723=CARTESIAN_POINT('Ctrl Pts',(-30.5719570038316,18.,-27.4909626807242));
#5724=CARTESIAN_POINT('Ctrl Pts',(-30.5719570038316,17.,-27.4909626807242));
#5725=CARTESIAN_POINT('Ctrl Pts',(-30.0054122650719,18.,-27.5631260025228));
#5726=CARTESIAN_POINT('Ctrl Pts',(-30.0054122650719,17.,-27.5631260025228));
#5727=CARTESIAN_POINT('Ctrl Pts',(-29.3497873111755,18.,-27.4989058653219));
#5728=CARTESIAN_POINT('Ctrl Pts',(-29.3497873111755,17.,-27.4989058653219));
#5729=CARTESIAN_POINT('Ctrl Pts',(-28.6643592248157,18.,-27.3786038120807));
#5730=CARTESIAN_POINT('Ctrl Pts',(-28.6643592248157,17.,-27.3786038120807));
#5731=CARTESIAN_POINT('Ctrl Pts',(-27.9834861908078,18.,-27.2395652999783));
#5732=CARTESIAN_POINT('Ctrl Pts',(-27.9834861908078,17.,-27.2395652999783));
#5733=CARTESIAN_POINT('Ctrl Pts',(-27.4560814431759,18.,-27.1313700284103));
#5734=CARTESIAN_POINT('Ctrl Pts',(-27.4560814431759,17.,-27.1313700284103));
#5735=CARTESIAN_POINT('Ctrl Pts',(-27.0726595334071,18.,-27.0545629759279));
#5736=CARTESIAN_POINT('Ctrl Pts',(-27.0726595334071,17.,-27.0545629759279));
#5737=CARTESIAN_POINT('Ctrl Pts',(-26.8224198930458,18.,-27.0053619825023));
#5738=CARTESIAN_POINT('Ctrl Pts',(-26.8224198930458,17.,-27.0053619825023));
#5739=CARTESIAN_POINT('Ctrl Pts',(-26.6986435187792,18.,-26.9812576090826));
#5740=CARTESIAN_POINT('Ctrl Pts',(-26.6986435187792,17.,-26.9812576090826));
#5741=CARTESIAN_POINT('',(-27.9275701516374,18.,-19.1249052061673));
#5742=CARTESIAN_POINT('',(-26.6986435187792,18.,-26.9812576090826));
#5743=CARTESIAN_POINT('Ctrl Pts',(-27.9275701516374,18.,-19.1249052061673));
#5744=CARTESIAN_POINT('Ctrl Pts',(-27.9973040355228,18.,-19.2544512703061));
#5745=CARTESIAN_POINT('Ctrl Pts',(-28.1350679119881,18.,-19.5160632009526));
#5746=CARTESIAN_POINT('Ctrl Pts',(-28.3366031433446,18.,-19.9160406724762));
#5747=CARTESIAN_POINT('Ctrl Pts',(-28.5945598813196,18.,-20.4626177779146));
#5748=CARTESIAN_POINT('Ctrl Pts',(-28.8969213743231,18.,-21.1574419984903));
#5749=CARTESIAN_POINT('Ctrl Pts',(-29.1778152468393,18.,-21.8506021324752));
#5750=CARTESIAN_POINT('Ctrl Pts',(-29.438764611394,18.,-22.5293383351517));
#5751=CARTESIAN_POINT('Ctrl Pts',(-29.6852359376627,18.,-23.1843549463446));
#5752=CARTESIAN_POINT('Ctrl Pts',(-29.9304383408874,18.,-23.8135647034923));
#5753=CARTESIAN_POINT('Ctrl Pts',(-30.1916019433552,18.,-24.4234421882351));
#5754=CARTESIAN_POINT('Ctrl Pts',(-30.4782112748448,18.,-25.0213300234964));
#5755=CARTESIAN_POINT('Ctrl Pts',(-30.7709800080054,18.,-25.6128511322409));
#5756=CARTESIAN_POINT('Ctrl Pts',(-31.0267275232598,18.,-26.1903697584456));
#5757=CARTESIAN_POINT('Ctrl Pts',(-31.1184739179798,18.,-26.7413513543991));
#5758=CARTESIAN_POINT('Ctrl Pts',(-30.9613018135138,18.,-27.2007580396392));
#5759=CARTESIAN_POINT('Ctrl Pts',(-30.5719570038316,18.,-27.4909626807242));
#5760=CARTESIAN_POINT('Ctrl Pts',(-30.0054122650719,18.,-27.5631260025228));
#5761=CARTESIAN_POINT('Ctrl Pts',(-29.3497873111755,18.,-27.4989058653219));
#5762=CARTESIAN_POINT('Ctrl Pts',(-28.6643592248157,18.,-27.3786038120807));
#5763=CARTESIAN_POINT('Ctrl Pts',(-27.9834861908078,18.,-27.2395652999783));
#5764=CARTESIAN_POINT('Ctrl Pts',(-27.4560814431759,18.,-27.1313700284103));
#5765=CARTESIAN_POINT('Ctrl Pts',(-27.0726595334071,18.,-27.0545629759279));
#5766=CARTESIAN_POINT('Ctrl Pts',(-26.8224198930458,18.,-27.0053619825023));
#5767=CARTESIAN_POINT('Ctrl Pts',(-26.6986435187792,18.,-26.9812576090826));
#5768=CARTESIAN_POINT('',(-27.9275701516374,17.,-19.1249052061673));
#5769=CARTESIAN_POINT('',(-27.9275701516374,18.,-19.1249052061673));
#5770=CARTESIAN_POINT('',(-26.6986435187792,17.,-26.9812576090826));
#5771=CARTESIAN_POINT('Ctrl Pts',(-27.9275701516374,17.,-19.1249052061673));
#5772=CARTESIAN_POINT('Ctrl Pts',(-27.9973040355228,17.,-19.2544512703061));
#5773=CARTESIAN_POINT('Ctrl Pts',(-28.1350679119881,17.,-19.5160632009526));
#5774=CARTESIAN_POINT('Ctrl Pts',(-28.3366031433446,17.,-19.9160406724762));
#5775=CARTESIAN_POINT('Ctrl Pts',(-28.5945598813196,17.,-20.4626177779146));
#5776=CARTESIAN_POINT('Ctrl Pts',(-28.8969213743231,17.,-21.1574419984903));
#5777=CARTESIAN_POINT('Ctrl Pts',(-29.1778152468393,17.,-21.8506021324752));
#5778=CARTESIAN_POINT('Ctrl Pts',(-29.438764611394,17.,-22.5293383351517));
#5779=CARTESIAN_POINT('Ctrl Pts',(-29.6852359376627,17.,-23.1843549463446));
#5780=CARTESIAN_POINT('Ctrl Pts',(-29.9304383408874,17.,-23.8135647034923));
#5781=CARTESIAN_POINT('Ctrl Pts',(-30.1916019433552,17.,-24.4234421882351));
#5782=CARTESIAN_POINT('Ctrl Pts',(-30.4782112748448,17.,-25.0213300234964));
#5783=CARTESIAN_POINT('Ctrl Pts',(-30.7709800080054,17.,-25.6128511322409));
#5784=CARTESIAN_POINT('Ctrl Pts',(-31.0267275232598,17.,-26.1903697584456));
#5785=CARTESIAN_POINT('Ctrl Pts',(-31.1184739179798,17.,-26.7413513543991));
#5786=CARTESIAN_POINT('Ctrl Pts',(-30.9613018135138,17.,-27.2007580396392));
#5787=CARTESIAN_POINT('Ctrl Pts',(-30.5719570038316,17.,-27.4909626807242));
#5788=CARTESIAN_POINT('Ctrl Pts',(-30.0054122650719,17.,-27.5631260025228));
#5789=CARTESIAN_POINT('Ctrl Pts',(-29.3497873111755,17.,-27.4989058653219));
#5790=CARTESIAN_POINT('Ctrl Pts',(-28.6643592248157,17.,-27.3786038120807));
#5791=CARTESIAN_POINT('Ctrl Pts',(-27.9834861908078,17.,-27.2395652999783));
#5792=CARTESIAN_POINT('Ctrl Pts',(-27.4560814431759,17.,-27.1313700284103));
#5793=CARTESIAN_POINT('Ctrl Pts',(-27.0726595334071,17.,-27.0545629759279));
#5794=CARTESIAN_POINT('Ctrl Pts',(-26.8224198930458,17.,-27.0053619825023));
#5795=CARTESIAN_POINT('Ctrl Pts',(-26.6986435187792,17.,-26.9812576090826));
#5796=CARTESIAN_POINT('',(-26.6986435187792,18.,-26.9812576090826));
#5797=CARTESIAN_POINT('Ctrl Pts',(-28.9865499100902,18.,-25.7870899850806));
#5798=CARTESIAN_POINT('Ctrl Pts',(-28.9865499100902,17.,-25.7870899850806));
#5799=CARTESIAN_POINT('Ctrl Pts',(-28.9266853587444,18.,-25.6594883865705));
#5800=CARTESIAN_POINT('Ctrl Pts',(-28.9266853587444,17.,-25.6594883865705));
#5801=CARTESIAN_POINT('Ctrl Pts',(-28.8088389618257,18.,-25.407171717681));
#5802=CARTESIAN_POINT('Ctrl Pts',(-28.8088389618257,17.,-25.407171717681));
#5803=CARTESIAN_POINT('Ctrl Pts',(-28.6377175061582,18.,-25.0373563116085));
#5804=CARTESIAN_POINT('Ctrl Pts',(-28.6377175061582,17.,-25.0373563116085));
#5805=CARTESIAN_POINT('Ctrl Pts',(-28.4208977431806,18.,-24.5616588548941));
#5806=CARTESIAN_POINT('Ctrl Pts',(-28.4208977431806,17.,-24.5616588548941));
#5807=CARTESIAN_POINT('Ctrl Pts',(-28.1689908244274,18.,-23.9963437190364));
#5808=CARTESIAN_POINT('Ctrl Pts',(-28.1689908244274,17.,-23.9963437190364));
#5809=CARTESIAN_POINT('Ctrl Pts',(-27.9363636102485,18.,-23.4605732186454));
#5810=CARTESIAN_POINT('Ctrl Pts',(-27.9363636102485,17.,-23.4605732186454));
#5811=CARTESIAN_POINT('Ctrl Pts',(-27.7229739744609,18.,-22.9542559510919));
#5812=CARTESIAN_POINT('Ctrl Pts',(-27.7229739744609,17.,-22.9542559510919));
#5813=CARTESIAN_POINT('Ctrl Pts',(-27.5283720311735,18.,-22.4766700321574));
#5814=CARTESIAN_POINT('Ctrl Pts',(-27.5283720311735,17.,-22.4766700321574));
#5815=CARTESIAN_POINT('Ctrl Pts',(-27.3515558515264,18.,-22.0262018683506));
#5816=CARTESIAN_POINT('Ctrl Pts',(-27.3515558515264,17.,-22.0262018683506));
#5817=CARTESIAN_POINT('Ctrl Pts',(-27.1906161646637,18.,-21.5998834280442));
#5818=CARTESIAN_POINT('Ctrl Pts',(-27.1906161646637,17.,-21.5998834280442));
#5819=CARTESIAN_POINT('Ctrl Pts',(-27.0429265714961,18.,-21.1933912243159));
#5820=CARTESIAN_POINT('Ctrl Pts',(-27.0429265714961,17.,-21.1933912243159));
#5821=CARTESIAN_POINT('Ctrl Pts',(-26.907582321056,18.,-20.8028527315036));
#5822=CARTESIAN_POINT('Ctrl Pts',(-26.907582321056,17.,-20.8028527315036));
#5823=CARTESIAN_POINT('Ctrl Pts',(-26.7873325467539,18.,-20.4263341497236));
#5824=CARTESIAN_POINT('Ctrl Pts',(-26.7873325467539,17.,-20.4263341497236));
#5825=CARTESIAN_POINT('Ctrl Pts',(-26.6910792411614,18.,-20.0654975035315));
#5826=CARTESIAN_POINT('Ctrl Pts',(-26.6910792411614,17.,-20.0654975035315));
#5827=CARTESIAN_POINT('Ctrl Pts',(-26.6354573484519,18.,-19.727136487018));
#5828=CARTESIAN_POINT('Ctrl Pts',(-26.6354573484519,17.,-19.727136487018));
#5829=CARTESIAN_POINT('Ctrl Pts',(-26.648731403349,18.,-19.4250510275884));
#5830=CARTESIAN_POINT('Ctrl Pts',(-26.648731403349,17.,-19.4250510275884));
#5831=CARTESIAN_POINT('Ctrl Pts',(-26.7533132707088,18.,-19.1760897783803));
#5832=CARTESIAN_POINT('Ctrl Pts',(-26.7533132707088,17.,-19.1760897783803));
#5833=CARTESIAN_POINT('Ctrl Pts',(-26.9564881146554,18.,-18.9964797186993));
#5834=CARTESIAN_POINT('Ctrl Pts',(-26.9564881146554,17.,-18.9964797186993));
#5835=CARTESIAN_POINT('Ctrl Pts',(-27.2201866807902,18.,-18.8970757283209));
#5836=CARTESIAN_POINT('Ctrl Pts',(-27.2201866807902,17.,-18.8970757283209));
#5837=CARTESIAN_POINT('Ctrl Pts',(-27.4826543661164,18.,-18.8812130164001));
#5838=CARTESIAN_POINT('Ctrl Pts',(-27.4826543661164,17.,-18.8812130164001));
#5839=CARTESIAN_POINT('Ctrl Pts',(-27.6759696368633,18.,-18.9364833221259));
#5840=CARTESIAN_POINT('Ctrl Pts',(-27.6759696368633,17.,-18.9364833221259));
#5841=CARTESIAN_POINT('Ctrl Pts',(-27.8069976376211,18.,-19.0159583109362));
#5842=CARTESIAN_POINT('Ctrl Pts',(-27.8069976376211,17.,-19.0159583109362));
#5843=CARTESIAN_POINT('Ctrl Pts',(-27.8883820448395,18.,-19.0857831018934));
#5844=CARTESIAN_POINT('Ctrl Pts',(-27.8883820448395,17.,-19.0857831018934));
#5845=CARTESIAN_POINT('Ctrl Pts',(-27.9275701516374,18.,-19.1249052061673));
#5846=CARTESIAN_POINT('Ctrl Pts',(-27.9275701516374,17.,-19.1249052061673));
#5847=CARTESIAN_POINT('',(-28.9865499100902,18.,-25.7870899850806));
#5848=CARTESIAN_POINT('Ctrl Pts',(-28.9865499100902,18.,-25.7870899850806));
#5849=CARTESIAN_POINT('Ctrl Pts',(-28.9266853587444,18.,-25.6594883865705));
#5850=CARTESIAN_POINT('Ctrl Pts',(-28.8088389618257,18.,-25.407171717681));
#5851=CARTESIAN_POINT('Ctrl Pts',(-28.6377175061582,18.,-25.0373563116085));
#5852=CARTESIAN_POINT('Ctrl Pts',(-28.4208977431806,18.,-24.5616588548941));
#5853=CARTESIAN_POINT('Ctrl Pts',(-28.1689908244274,18.,-23.9963437190364));
#5854=CARTESIAN_POINT('Ctrl Pts',(-27.9363636102485,18.,-23.4605732186454));
#5855=CARTESIAN_POINT('Ctrl Pts',(-27.7229739744609,18.,-22.9542559510919));
#5856=CARTESIAN_POINT('Ctrl Pts',(-27.5283720311735,18.,-22.4766700321574));
#5857=CARTESIAN_POINT('Ctrl Pts',(-27.3515558515264,18.,-22.0262018683506));
#5858=CARTESIAN_POINT('Ctrl Pts',(-27.1906161646637,18.,-21.5998834280442));
#5859=CARTESIAN_POINT('Ctrl Pts',(-27.0429265714961,18.,-21.1933912243159));
#5860=CARTESIAN_POINT('Ctrl Pts',(-26.907582321056,18.,-20.8028527315036));
#5861=CARTESIAN_POINT('Ctrl Pts',(-26.7873325467539,18.,-20.4263341497236));
#5862=CARTESIAN_POINT('Ctrl Pts',(-26.6910792411614,18.,-20.0654975035315));
#5863=CARTESIAN_POINT('Ctrl Pts',(-26.6354573484519,18.,-19.727136487018));
#5864=CARTESIAN_POINT('Ctrl Pts',(-26.648731403349,18.,-19.4250510275884));
#5865=CARTESIAN_POINT('Ctrl Pts',(-26.7533132707088,18.,-19.1760897783803));
#5866=CARTESIAN_POINT('Ctrl Pts',(-26.9564881146554,18.,-18.9964797186993));
#5867=CARTESIAN_POINT('Ctrl Pts',(-27.2201866807902,18.,-18.8970757283209));
#5868=CARTESIAN_POINT('Ctrl Pts',(-27.4826543661164,18.,-18.8812130164001));
#5869=CARTESIAN_POINT('Ctrl Pts',(-27.6759696368633,18.,-18.9364833221259));
#5870=CARTESIAN_POINT('Ctrl Pts',(-27.8069976376211,18.,-19.0159583109362));
#5871=CARTESIAN_POINT('Ctrl Pts',(-27.8883820448395,18.,-19.0857831018934));
#5872=CARTESIAN_POINT('Ctrl Pts',(-27.9275701516374,18.,-19.1249052061673));
#5873=CARTESIAN_POINT('',(-28.9865499100902,17.,-25.7870899850806));
#5874=CARTESIAN_POINT('',(-28.9865499100902,18.,-25.7870899850806));
#5875=CARTESIAN_POINT('Ctrl Pts',(-28.9865499100902,17.,-25.7870899850806));
#5876=CARTESIAN_POINT('Ctrl Pts',(-28.9266853587444,17.,-25.6594883865705));
#5877=CARTESIAN_POINT('Ctrl Pts',(-28.8088389618257,17.,-25.407171717681));
#5878=CARTESIAN_POINT('Ctrl Pts',(-28.6377175061582,17.,-25.0373563116085));
#5879=CARTESIAN_POINT('Ctrl Pts',(-28.4208977431806,17.,-24.5616588548941));
#5880=CARTESIAN_POINT('Ctrl Pts',(-28.1689908244274,17.,-23.9963437190364));
#5881=CARTESIAN_POINT('Ctrl Pts',(-27.9363636102485,17.,-23.4605732186454));
#5882=CARTESIAN_POINT('Ctrl Pts',(-27.7229739744609,17.,-22.9542559510919));
#5883=CARTESIAN_POINT('Ctrl Pts',(-27.5283720311735,17.,-22.4766700321574));
#5884=CARTESIAN_POINT('Ctrl Pts',(-27.3515558515264,17.,-22.0262018683506));
#5885=CARTESIAN_POINT('Ctrl Pts',(-27.1906161646637,17.,-21.5998834280442));
#5886=CARTESIAN_POINT('Ctrl Pts',(-27.0429265714961,17.,-21.1933912243159));
#5887=CARTESIAN_POINT('Ctrl Pts',(-26.907582321056,17.,-20.8028527315036));
#5888=CARTESIAN_POINT('Ctrl Pts',(-26.7873325467539,17.,-20.4263341497236));
#5889=CARTESIAN_POINT('Ctrl Pts',(-26.6910792411614,17.,-20.0654975035315));
#5890=CARTESIAN_POINT('Ctrl Pts',(-26.6354573484519,17.,-19.727136487018));
#5891=CARTESIAN_POINT('Ctrl Pts',(-26.648731403349,17.,-19.4250510275884));
#5892=CARTESIAN_POINT('Ctrl Pts',(-26.7533132707088,17.,-19.1760897783803));
#5893=CARTESIAN_POINT('Ctrl Pts',(-26.9564881146554,17.,-18.9964797186993));
#5894=CARTESIAN_POINT('Ctrl Pts',(-27.2201866807902,17.,-18.8970757283209));
#5895=CARTESIAN_POINT('Ctrl Pts',(-27.4826543661164,17.,-18.8812130164001));
#5896=CARTESIAN_POINT('Ctrl Pts',(-27.6759696368633,17.,-18.9364833221259));
#5897=CARTESIAN_POINT('Ctrl Pts',(-27.8069976376211,17.,-19.0159583109362));
#5898=CARTESIAN_POINT('Ctrl Pts',(-27.8883820448395,17.,-19.0857831018934));
#5899=CARTESIAN_POINT('Ctrl Pts',(-27.9275701516374,17.,-19.1249052061673));
#5900=CARTESIAN_POINT('Ctrl Pts',(-26.6986435187792,18.,-26.9812576090826));
#5901=CARTESIAN_POINT('Ctrl Pts',(-26.6986435187792,17.,-26.9812576090826));
#5902=CARTESIAN_POINT('Ctrl Pts',(-26.7070867517193,18.,-27.0690778279631));
#5903=CARTESIAN_POINT('Ctrl Pts',(-26.7070867517193,17.,-27.0690778279631));
#5904=CARTESIAN_POINT('Ctrl Pts',(-26.7336198919341,18.,-27.2513801939663));
#5905=CARTESIAN_POINT('Ctrl Pts',(-26.7336198919341,17.,-27.2513801939663));
#5906=CARTESIAN_POINT('Ctrl Pts',(-26.8023213126775,18.,-27.5448072146888));
#5907=CARTESIAN_POINT('Ctrl Pts',(-26.8023213126775,17.,-27.5448072146888));
#5908=CARTESIAN_POINT('Ctrl Pts',(-26.9521637183951,18.,-27.9761693906732));
#5909=CARTESIAN_POINT('Ctrl Pts',(-26.9521637183951,17.,-27.9761693906732));
#5910=CARTESIAN_POINT('Ctrl Pts',(-27.2275791714189,18.,-28.5774699813746));
#5911=CARTESIAN_POINT('Ctrl Pts',(-27.2275791714189,17.,-28.5774699813746));
#5912=CARTESIAN_POINT('Ctrl Pts',(-27.5693176816869,18.,-29.2277584677717));
#5913=CARTESIAN_POINT('Ctrl Pts',(-27.5693176816869,17.,-29.2277584677717));
#5914=CARTESIAN_POINT('Ctrl Pts',(-27.9220045849379,18.,-29.8966902552313));
#5915=CARTESIAN_POINT('Ctrl Pts',(-27.9220045849379,17.,-29.8966902552313));
#5916=CARTESIAN_POINT('Ctrl Pts',(-28.2153158144154,18.,-30.5403977067236));
#5917=CARTESIAN_POINT('Ctrl Pts',(-28.2153158144154,17.,-30.5403977067236));
#5918=CARTESIAN_POINT('Ctrl Pts',(-28.2905224481486,18.,-31.0755673603663));
#5919=CARTESIAN_POINT('Ctrl Pts',(-28.2905224481486,17.,-31.0755673603663));
#5920=CARTESIAN_POINT('Ctrl Pts',(-28.0614693208034,18.,-31.4287167235564));
#5921=CARTESIAN_POINT('Ctrl Pts',(-28.0614693208034,17.,-31.4287167235564));
#5922=CARTESIAN_POINT('Ctrl Pts',(-27.6608200698939,18.,-31.5941176502927));
#5923=CARTESIAN_POINT('Ctrl Pts',(-27.6608200698939,17.,-31.5941176502927));
#5924=CARTESIAN_POINT('Ctrl Pts',(-27.2541672740735,18.,-31.5867277209735));
#5925=CARTESIAN_POINT('Ctrl Pts',(-27.2541672740735,17.,-31.5867277209735));
#5926=CARTESIAN_POINT('Ctrl Pts',(-26.9201478292489,18.,-31.4127291761869));
#5927=CARTESIAN_POINT('Ctrl Pts',(-26.9201478292489,17.,-31.4127291761869));
#5928=CARTESIAN_POINT('Ctrl Pts',(-26.643789957185,18.,-31.0868488519238));
#5929=CARTESIAN_POINT('Ctrl Pts',(-26.643789957185,17.,-31.0868488519238));
#5930=CARTESIAN_POINT('Ctrl Pts',(-26.4180794725717,18.,-30.6538883380592));
#5931=CARTESIAN_POINT('Ctrl Pts',(-26.4180794725717,17.,-30.6538883380592));
#5932=CARTESIAN_POINT('Ctrl Pts',(-26.2168703112706,18.,-30.161050143803));
#5933=CARTESIAN_POINT('Ctrl Pts',(-26.2168703112706,17.,-30.161050143803));
#5934=CARTESIAN_POINT('Ctrl Pts',(-26.017466268638,18.,-29.6511912561367));
#5935=CARTESIAN_POINT('Ctrl Pts',(-26.017466268638,17.,-29.6511912561367));
#5936=CARTESIAN_POINT('Ctrl Pts',(-25.8027021689184,18.,-29.1430789323851));
#5937=CARTESIAN_POINT('Ctrl Pts',(-25.8027021689184,17.,-29.1430789323851));
#5938=CARTESIAN_POINT('Ctrl Pts',(-25.5687288979341,18.,-28.6325459241738));
#5939=CARTESIAN_POINT('Ctrl Pts',(-25.5687288979341,17.,-28.6325459241738));
#5940=CARTESIAN_POINT('Ctrl Pts',(-25.3226673058258,18.,-28.1070356415814));
#5941=CARTESIAN_POINT('Ctrl Pts',(-25.3226673058258,17.,-28.1070356415814));
#5942=CARTESIAN_POINT('Ctrl Pts',(-25.087452415926,18.,-27.5611269525391));
#5943=CARTESIAN_POINT('Ctrl Pts',(-25.087452415926,17.,-27.5611269525391));
#5944=CARTESIAN_POINT('Ctrl Pts',(-24.8956989905653,18.,-27.0020950925903));
#5945=CARTESIAN_POINT('Ctrl Pts',(-24.8956989905653,17.,-27.0020950925903));
#5946=CARTESIAN_POINT('Ctrl Pts',(-24.8072903686355,18.,-26.4821555760327));
#5947=CARTESIAN_POINT('Ctrl Pts',(-24.8072903686355,17.,-26.4821555760327));
#5948=CARTESIAN_POINT('Ctrl Pts',(-24.8665503077871,18.,-26.060079119865));
#5949=CARTESIAN_POINT('Ctrl Pts',(-24.8665503077871,17.,-26.060079119865));
#5950=CARTESIAN_POINT('Ctrl Pts',(-25.0640885572464,18.,-25.7440681122147));
#5951=CARTESIAN_POINT('Ctrl Pts',(-25.0640885572464,17.,-25.7440681122147));
#5952=CARTESIAN_POINT('Ctrl Pts',(-25.3761211153344,18.,-25.5286201167873));
#5953=CARTESIAN_POINT('Ctrl Pts',(-25.3761211153344,17.,-25.5286201167873));
#5954=CARTESIAN_POINT('Ctrl Pts',(-25.7791560800694,18.,-25.3979503324332));
#5955=CARTESIAN_POINT('Ctrl Pts',(-25.7791560800694,17.,-25.3979503324332));
#5956=CARTESIAN_POINT('Ctrl Pts',(-26.2673665061717,18.,-25.34283475758));
#5957=CARTESIAN_POINT('Ctrl Pts',(-26.2673665061717,17.,-25.34283475758));
#5958=CARTESIAN_POINT('Ctrl Pts',(-26.8334042521786,18.,-25.3560986195095));
#5959=CARTESIAN_POINT('Ctrl Pts',(-26.8334042521786,17.,-25.3560986195095));
#5960=CARTESIAN_POINT('Ctrl Pts',(-27.4737539414638,18.,-25.4334654915798));
#5961=CARTESIAN_POINT('Ctrl Pts',(-27.4737539414638,17.,-25.4334654915798));
#5962=CARTESIAN_POINT('Ctrl Pts',(-28.0434633132534,18.,-25.5446382923724));
#5963=CARTESIAN_POINT('Ctrl Pts',(-28.0434633132534,17.,-25.5446382923724));
#5964=CARTESIAN_POINT('Ctrl Pts',(-28.5026354858721,18.,-25.6552824361442));
#5965=CARTESIAN_POINT('Ctrl Pts',(-28.5026354858721,17.,-25.6552824361442));
#5966=CARTESIAN_POINT('Ctrl Pts',(-28.822888377838,18.,-25.7411384944302));
#5967=CARTESIAN_POINT('Ctrl Pts',(-28.822888377838,17.,-25.7411384944302));
#5968=CARTESIAN_POINT('Ctrl Pts',(-28.9865499100902,18.,-25.7870899850806));
#5969=CARTESIAN_POINT('Ctrl Pts',(-28.9865499100902,17.,-25.7870899850806));
#5970=CARTESIAN_POINT('Ctrl Pts',(-26.6986435187792,18.,-26.9812576090826));
#5971=CARTESIAN_POINT('Ctrl Pts',(-26.7070867517193,18.,-27.0690778279631));
#5972=CARTESIAN_POINT('Ctrl Pts',(-26.7336198919341,18.,-27.2513801939663));
#5973=CARTESIAN_POINT('Ctrl Pts',(-26.8023213126775,18.,-27.5448072146888));
#5974=CARTESIAN_POINT('Ctrl Pts',(-26.9521637183951,18.,-27.9761693906732));
#5975=CARTESIAN_POINT('Ctrl Pts',(-27.2275791714189,18.,-28.5774699813746));
#5976=CARTESIAN_POINT('Ctrl Pts',(-27.5693176816869,18.,-29.2277584677717));
#5977=CARTESIAN_POINT('Ctrl Pts',(-27.9220045849379,18.,-29.8966902552313));
#5978=CARTESIAN_POINT('Ctrl Pts',(-28.2153158144154,18.,-30.5403977067236));
#5979=CARTESIAN_POINT('Ctrl Pts',(-28.2905224481486,18.,-31.0755673603663));
#5980=CARTESIAN_POINT('Ctrl Pts',(-28.0614693208034,18.,-31.4287167235564));
#5981=CARTESIAN_POINT('Ctrl Pts',(-27.6608200698939,18.,-31.5941176502927));
#5982=CARTESIAN_POINT('Ctrl Pts',(-27.2541672740735,18.,-31.5867277209735));
#5983=CARTESIAN_POINT('Ctrl Pts',(-26.9201478292489,18.,-31.4127291761869));
#5984=CARTESIAN_POINT('Ctrl Pts',(-26.643789957185,18.,-31.0868488519238));
#5985=CARTESIAN_POINT('Ctrl Pts',(-26.4180794725717,18.,-30.6538883380592));
#5986=CARTESIAN_POINT('Ctrl Pts',(-26.2168703112706,18.,-30.161050143803));
#5987=CARTESIAN_POINT('Ctrl Pts',(-26.017466268638,18.,-29.6511912561367));
#5988=CARTESIAN_POINT('Ctrl Pts',(-25.8027021689184,18.,-29.1430789323851));
#5989=CARTESIAN_POINT('Ctrl Pts',(-25.5687288979341,18.,-28.6325459241738));
#5990=CARTESIAN_POINT('Ctrl Pts',(-25.3226673058258,18.,-28.1070356415814));
#5991=CARTESIAN_POINT('Ctrl Pts',(-25.087452415926,18.,-27.5611269525391));
#5992=CARTESIAN_POINT('Ctrl Pts',(-24.8956989905653,18.,-27.0020950925903));
#5993=CARTESIAN_POINT('Ctrl Pts',(-24.8072903686355,18.,-26.4821555760327));
#5994=CARTESIAN_POINT('Ctrl Pts',(-24.8665503077871,18.,-26.060079119865));
#5995=CARTESIAN_POINT('Ctrl Pts',(-25.0640885572464,18.,-25.7440681122147));
#5996=CARTESIAN_POINT('Ctrl Pts',(-25.3761211153344,18.,-25.5286201167873));
#5997=CARTESIAN_POINT('Ctrl Pts',(-25.7791560800694,18.,-25.3979503324332));
#5998=CARTESIAN_POINT('Ctrl Pts',(-26.2673665061717,18.,-25.34283475758));
#5999=CARTESIAN_POINT('Ctrl Pts',(-26.8334042521786,18.,-25.3560986195095));
#6000=CARTESIAN_POINT('Ctrl Pts',(-27.4737539414638,18.,-25.4334654915798));
#6001=CARTESIAN_POINT('Ctrl Pts',(-28.0434633132534,18.,-25.5446382923724));
#6002=CARTESIAN_POINT('Ctrl Pts',(-28.5026354858721,18.,-25.6552824361442));
#6003=CARTESIAN_POINT('Ctrl Pts',(-28.822888377838,18.,-25.7411384944302));
#6004=CARTESIAN_POINT('Ctrl Pts',(-28.9865499100902,18.,-25.7870899850806));
#6005=CARTESIAN_POINT('Ctrl Pts',(-26.6986435187792,17.,-26.9812576090826));
#6006=CARTESIAN_POINT('Ctrl Pts',(-26.7070867517193,17.,-27.0690778279631));
#6007=CARTESIAN_POINT('Ctrl Pts',(-26.7336198919341,17.,-27.2513801939663));
#6008=CARTESIAN_POINT('Ctrl Pts',(-26.8023213126775,17.,-27.5448072146888));
#6009=CARTESIAN_POINT('Ctrl Pts',(-26.9521637183951,17.,-27.9761693906732));
#6010=CARTESIAN_POINT('Ctrl Pts',(-27.2275791714189,17.,-28.5774699813746));
#6011=CARTESIAN_POINT('Ctrl Pts',(-27.5693176816869,17.,-29.2277584677717));
#6012=CARTESIAN_POINT('Ctrl Pts',(-27.9220045849379,17.,-29.8966902552313));
#6013=CARTESIAN_POINT('Ctrl Pts',(-28.2153158144154,17.,-30.5403977067236));
#6014=CARTESIAN_POINT('Ctrl Pts',(-28.2905224481486,17.,-31.0755673603663));
#6015=CARTESIAN_POINT('Ctrl Pts',(-28.0614693208034,17.,-31.4287167235564));
#6016=CARTESIAN_POINT('Ctrl Pts',(-27.6608200698939,17.,-31.5941176502927));
#6017=CARTESIAN_POINT('Ctrl Pts',(-27.2541672740735,17.,-31.5867277209735));
#6018=CARTESIAN_POINT('Ctrl Pts',(-26.9201478292489,17.,-31.4127291761869));
#6019=CARTESIAN_POINT('Ctrl Pts',(-26.643789957185,17.,-31.0868488519238));
#6020=CARTESIAN_POINT('Ctrl Pts',(-26.4180794725717,17.,-30.6538883380592));
#6021=CARTESIAN_POINT('Ctrl Pts',(-26.2168703112706,17.,-30.161050143803));
#6022=CARTESIAN_POINT('Ctrl Pts',(-26.017466268638,17.,-29.6511912561367));
#6023=CARTESIAN_POINT('Ctrl Pts',(-25.8027021689184,17.,-29.1430789323851));
#6024=CARTESIAN_POINT('Ctrl Pts',(-25.5687288979341,17.,-28.6325459241738));
#6025=CARTESIAN_POINT('Ctrl Pts',(-25.3226673058258,17.,-28.1070356415814));
#6026=CARTESIAN_POINT('Ctrl Pts',(-25.087452415926,17.,-27.5611269525391));
#6027=CARTESIAN_POINT('Ctrl Pts',(-24.8956989905653,17.,-27.0020950925903));
#6028=CARTESIAN_POINT('Ctrl Pts',(-24.8072903686355,17.,-26.4821555760327));
#6029=CARTESIAN_POINT('Ctrl Pts',(-24.8665503077871,17.,-26.060079119865));
#6030=CARTESIAN_POINT('Ctrl Pts',(-25.0640885572464,17.,-25.7440681122147));
#6031=CARTESIAN_POINT('Ctrl Pts',(-25.3761211153344,17.,-25.5286201167873));
#6032=CARTESIAN_POINT('Ctrl Pts',(-25.7791560800694,17.,-25.3979503324332));
#6033=CARTESIAN_POINT('Ctrl Pts',(-26.2673665061717,17.,-25.34283475758));
#6034=CARTESIAN_POINT('Ctrl Pts',(-26.8334042521786,17.,-25.3560986195095));
#6035=CARTESIAN_POINT('Ctrl Pts',(-27.4737539414638,17.,-25.4334654915798));
#6036=CARTESIAN_POINT('Ctrl Pts',(-28.0434633132534,17.,-25.5446382923724));
#6037=CARTESIAN_POINT('Ctrl Pts',(-28.5026354858721,17.,-25.6552824361442));
#6038=CARTESIAN_POINT('Ctrl Pts',(-28.822888377838,17.,-25.7411384944302));
#6039=CARTESIAN_POINT('Ctrl Pts',(-28.9865499100902,17.,-25.7870899850806));
#6040=CARTESIAN_POINT('Origin',(-27.9628821433077,17.,-25.2376653333464));
#6041=CARTESIAN_POINT('Ctrl Pts',(-27.1219322858521,18.,26.836280557709));
#6042=CARTESIAN_POINT('Ctrl Pts',(-27.1219322858521,17.,26.836280557709));
#6043=CARTESIAN_POINT('Ctrl Pts',(-27.2759740265654,18.,26.7026746144201));
#6044=CARTESIAN_POINT('Ctrl Pts',(-27.2759740265654,17.,26.7026746144201));
#6045=CARTESIAN_POINT('Ctrl Pts',(-27.5724214871653,18.,26.4406424400919));
#6046=CARTESIAN_POINT('Ctrl Pts',(-27.5724214871653,17.,26.4406424400919));
#6047=CARTESIAN_POINT('Ctrl Pts',(-27.9821847540529,18.,26.0631331123176));
#6048=CARTESIAN_POINT('Ctrl Pts',(-27.9821847540529,17.,26.0631331123176));
#6049=CARTESIAN_POINT('Ctrl Pts',(-28.4584338644724,18.,25.5909937503173));
#6050=CARTESIAN_POINT('Ctrl Pts',(-28.4584338644724,17.,25.5909937503173));
#6051=CARTESIAN_POINT('Ctrl Pts',(-28.9353393079277,18.,25.05413316667));
#6052=CARTESIAN_POINT('Ctrl Pts',(-28.9353393079277,17.,25.05413316667));
#6053=CARTESIAN_POINT('Ctrl Pts',(-29.2920527917886,18.,24.5732243532577));
#6054=CARTESIAN_POINT('Ctrl Pts',(-29.2920527917886,17.,24.5732243532577));
#6055=CARTESIAN_POINT('Ctrl Pts',(-29.5273333556611,18.,24.152487731985));
#6056=CARTESIAN_POINT('Ctrl Pts',(-29.5273333556611,17.,24.152487731985));
#6057=CARTESIAN_POINT('Ctrl Pts',(-29.641273735388,18.,23.7981270859299));
#6058=CARTESIAN_POINT('Ctrl Pts',(-29.641273735388,17.,23.7981270859299));
#6059=CARTESIAN_POINT('Ctrl Pts',(-29.6363696685828,18.,23.5182936359691));
#6060=CARTESIAN_POINT('Ctrl Pts',(-29.6363696685828,17.,23.5182936359691));
#6061=CARTESIAN_POINT('Ctrl Pts',(-29.5182985557446,18.,23.3240534185984));
#6062=CARTESIAN_POINT('Ctrl Pts',(-29.5182985557446,17.,23.3240534185984));
#6063=CARTESIAN_POINT('Ctrl Pts',(-29.2986625581447,18.,23.2250514752102));
#6064=CARTESIAN_POINT('Ctrl Pts',(-29.2986625581447,17.,23.2250514752102));
#6065=CARTESIAN_POINT('Ctrl Pts',(-28.9975692491651,18.,23.2243024047055));
#6066=CARTESIAN_POINT('Ctrl Pts',(-28.9975692491651,17.,23.2243024047055));
#6067=CARTESIAN_POINT('Ctrl Pts',(-28.6482760693299,18.,23.3112213899721));
#6068=CARTESIAN_POINT('Ctrl Pts',(-28.6482760693299,17.,23.3112213899721));
#6069=CARTESIAN_POINT('Ctrl Pts',(-28.294004750427,18.,23.4622850337647));
#6070=CARTESIAN_POINT('Ctrl Pts',(-28.294004750427,17.,23.4622850337647));
#6071=CARTESIAN_POINT('Ctrl Pts',(-27.9667191073339,18.,23.6568029313084));
#6072=CARTESIAN_POINT('Ctrl Pts',(-27.9667191073339,17.,23.6568029313084));
#6073=CARTESIAN_POINT('Ctrl Pts',(-27.6805693327841,18.,23.8824556613551));
#6074=CARTESIAN_POINT('Ctrl Pts',(-27.6805693327841,17.,23.8824556613551));
#6075=CARTESIAN_POINT('Ctrl Pts',(-27.3960097042622,18.,24.159380945472));
#6076=CARTESIAN_POINT('Ctrl Pts',(-27.3960097042622,17.,24.159380945472));
#6077=CARTESIAN_POINT('Ctrl Pts',(-27.0752436920785,18.,24.5073634709743));
#6078=CARTESIAN_POINT('Ctrl Pts',(-27.0752436920785,17.,24.5073634709743));
#6079=CARTESIAN_POINT('Ctrl Pts',(-26.6985667051736,18.,24.9356727200579));
#6080=CARTESIAN_POINT('Ctrl Pts',(-26.6985667051736,17.,24.9356727200579));
#6081=CARTESIAN_POINT('Ctrl Pts',(-26.253347660804,18.,25.4499247108648));
#6082=CARTESIAN_POINT('Ctrl Pts',(-26.253347660804,17.,25.4499247108648));
#6083=CARTESIAN_POINT('Ctrl Pts',(-25.8384570247197,18.,25.931278734984));
#6084=CARTESIAN_POINT('Ctrl Pts',(-25.8384570247197,17.,25.931278734984));
#6085=CARTESIAN_POINT('Ctrl Pts',(-25.4937008112062,18.,26.3316096967588));
#6086=CARTESIAN_POINT('Ctrl Pts',(-25.4937008112062,17.,26.3316096967588));
#6087=CARTESIAN_POINT('Ctrl Pts',(-25.2490100540547,18.,26.6158906480454));
#6088=CARTESIAN_POINT('Ctrl Pts',(-25.2490100540547,17.,26.6158906480454));
#6089=CARTESIAN_POINT('Ctrl Pts',(-25.1229505372588,18.,26.7623800476974));
#6090=CARTESIAN_POINT('Ctrl Pts',(-25.1229505372588,17.,26.7623800476974));
#6091=CARTESIAN_POINT('',(-27.1219322858521,18.,26.836280557709));
#6092=CARTESIAN_POINT('',(-25.1229505372588,18.,26.7623800476974));
#6093=CARTESIAN_POINT('Ctrl Pts',(-27.1219322858521,18.,26.836280557709));
#6094=CARTESIAN_POINT('Ctrl Pts',(-27.2759740265654,18.,26.7026746144201));
#6095=CARTESIAN_POINT('Ctrl Pts',(-27.5724214871653,18.,26.4406424400919));
#6096=CARTESIAN_POINT('Ctrl Pts',(-27.9821847540529,18.,26.0631331123176));
#6097=CARTESIAN_POINT('Ctrl Pts',(-28.4584338644724,18.,25.5909937503173));
#6098=CARTESIAN_POINT('Ctrl Pts',(-28.9353393079277,18.,25.05413316667));
#6099=CARTESIAN_POINT('Ctrl Pts',(-29.2920527917886,18.,24.5732243532577));
#6100=CARTESIAN_POINT('Ctrl Pts',(-29.5273333556611,18.,24.152487731985));
#6101=CARTESIAN_POINT('Ctrl Pts',(-29.641273735388,18.,23.7981270859299));
#6102=CARTESIAN_POINT('Ctrl Pts',(-29.6363696685828,18.,23.5182936359691));
#6103=CARTESIAN_POINT('Ctrl Pts',(-29.5182985557446,18.,23.3240534185984));
#6104=CARTESIAN_POINT('Ctrl Pts',(-29.2986625581447,18.,23.2250514752102));
#6105=CARTESIAN_POINT('Ctrl Pts',(-28.9975692491651,18.,23.2243024047055));
#6106=CARTESIAN_POINT('Ctrl Pts',(-28.6482760693299,18.,23.3112213899721));
#6107=CARTESIAN_POINT('Ctrl Pts',(-28.294004750427,18.,23.4622850337647));
#6108=CARTESIAN_POINT('Ctrl Pts',(-27.9667191073339,18.,23.6568029313084));
#6109=CARTESIAN_POINT('Ctrl Pts',(-27.6805693327841,18.,23.8824556613551));
#6110=CARTESIAN_POINT('Ctrl Pts',(-27.3960097042622,18.,24.159380945472));
#6111=CARTESIAN_POINT('Ctrl Pts',(-27.0752436920785,18.,24.5073634709743));
#6112=CARTESIAN_POINT('Ctrl Pts',(-26.6985667051736,18.,24.9356727200579));
#6113=CARTESIAN_POINT('Ctrl Pts',(-26.253347660804,18.,25.4499247108648));
#6114=CARTESIAN_POINT('Ctrl Pts',(-25.8384570247197,18.,25.931278734984));
#6115=CARTESIAN_POINT('Ctrl Pts',(-25.4937008112062,18.,26.3316096967588));
#6116=CARTESIAN_POINT('Ctrl Pts',(-25.2490100540547,18.,26.6158906480454));
#6117=CARTESIAN_POINT('Ctrl Pts',(-25.1229505372588,18.,26.7623800476974));
#6118=CARTESIAN_POINT('',(-27.1219322858521,17.,26.836280557709));
#6119=CARTESIAN_POINT('',(-27.1219322858521,18.,26.836280557709));
#6120=CARTESIAN_POINT('',(-25.1229505372588,17.,26.7623800476974));
#6121=CARTESIAN_POINT('Ctrl Pts',(-27.1219322858521,17.,26.836280557709));
#6122=CARTESIAN_POINT('Ctrl Pts',(-27.2759740265654,17.,26.7026746144201));
#6123=CARTESIAN_POINT('Ctrl Pts',(-27.5724214871653,17.,26.4406424400919));
#6124=CARTESIAN_POINT('Ctrl Pts',(-27.9821847540529,17.,26.0631331123176));
#6125=CARTESIAN_POINT('Ctrl Pts',(-28.4584338644724,17.,25.5909937503173));
#6126=CARTESIAN_POINT('Ctrl Pts',(-28.9353393079277,17.,25.05413316667));
#6127=CARTESIAN_POINT('Ctrl Pts',(-29.2920527917886,17.,24.5732243532577));
#6128=CARTESIAN_POINT('Ctrl Pts',(-29.5273333556611,17.,24.152487731985));
#6129=CARTESIAN_POINT('Ctrl Pts',(-29.641273735388,17.,23.7981270859299));
#6130=CARTESIAN_POINT('Ctrl Pts',(-29.6363696685828,17.,23.5182936359691));
#6131=CARTESIAN_POINT('Ctrl Pts',(-29.5182985557446,17.,23.3240534185984));
#6132=CARTESIAN_POINT('Ctrl Pts',(-29.2986625581447,17.,23.2250514752102));
#6133=CARTESIAN_POINT('Ctrl Pts',(-28.9975692491651,17.,23.2243024047055));
#6134=CARTESIAN_POINT('Ctrl Pts',(-28.6482760693299,17.,23.3112213899721));
#6135=CARTESIAN_POINT('Ctrl Pts',(-28.294004750427,17.,23.4622850337647));
#6136=CARTESIAN_POINT('Ctrl Pts',(-27.9667191073339,17.,23.6568029313084));
#6137=CARTESIAN_POINT('Ctrl Pts',(-27.6805693327841,17.,23.8824556613551));
#6138=CARTESIAN_POINT('Ctrl Pts',(-27.3960097042622,17.,24.159380945472));
#6139=CARTESIAN_POINT('Ctrl Pts',(-27.0752436920785,17.,24.5073634709743));
#6140=CARTESIAN_POINT('Ctrl Pts',(-26.6985667051736,17.,24.9356727200579));
#6141=CARTESIAN_POINT('Ctrl Pts',(-26.253347660804,17.,25.4499247108648));
#6142=CARTESIAN_POINT('Ctrl Pts',(-25.8384570247197,17.,25.931278734984));
#6143=CARTESIAN_POINT('Ctrl Pts',(-25.4937008112062,17.,26.3316096967588));
#6144=CARTESIAN_POINT('Ctrl Pts',(-25.2490100540547,17.,26.6158906480454));
#6145=CARTESIAN_POINT('Ctrl Pts',(-25.1229505372588,17.,26.7623800476974));
#6146=CARTESIAN_POINT('',(-25.1229505372588,18.,26.7623800476974));
#6147=CARTESIAN_POINT('Ctrl Pts',(-29.2219322389135,18.,28.536280519711));
#6148=CARTESIAN_POINT('Ctrl Pts',(-29.2219322389135,17.,28.536280519711));
#6149=CARTESIAN_POINT('Ctrl Pts',(-29.1849218574738,18.,28.5748542820432));
#6150=CARTESIAN_POINT('Ctrl Pts',(-29.1849218574738,17.,28.5748542820432));
#6151=CARTESIAN_POINT('Ctrl Pts',(-29.1013046591414,18.,28.6672055410603));
#6152=CARTESIAN_POINT('Ctrl Pts',(-29.1013046591414,17.,28.6672055410603));
#6153=CARTESIAN_POINT('Ctrl Pts',(-28.9470787720649,18.,28.8513382064004));
#6154=CARTESIAN_POINT('Ctrl Pts',(-28.9470787720649,17.,28.8513382064004));
#6155=CARTESIAN_POINT('Ctrl Pts',(-28.6808208255808,18.,29.1843602563379));
#6156=CARTESIAN_POINT('Ctrl Pts',(-28.6808208255808,17.,29.1843602563379));
#6157=CARTESIAN_POINT('Ctrl Pts',(-28.2360952368079,18.,29.7230859377358));
#6158=CARTESIAN_POINT('Ctrl Pts',(-28.2360952368079,17.,29.7230859377358));
#6159=CARTESIAN_POINT('Ctrl Pts',(-27.6797668196119,18.,30.3523024576887));
#6160=CARTESIAN_POINT('Ctrl Pts',(-27.6797668196119,17.,30.3523024576887));
#6161=CARTESIAN_POINT('Ctrl Pts',(-27.0328160718286,18.,31.034564244446));
#6162=CARTESIAN_POINT('Ctrl Pts',(-27.0328160718286,17.,31.034564244446));
#6163=CARTESIAN_POINT('Ctrl Pts',(-26.3575855325174,18.,31.735487950414));
#6164=CARTESIAN_POINT('Ctrl Pts',(-26.3575855325174,17.,31.735487950414));
#6165=CARTESIAN_POINT('Ctrl Pts',(-25.7531474666429,18.,32.4196167982817));
#6166=CARTESIAN_POINT('Ctrl Pts',(-25.7531474666429,17.,32.4196167982817));
#6167=CARTESIAN_POINT('Ctrl Pts',(-25.4099127611191,18.,33.0757340723211));
#6168=CARTESIAN_POINT('Ctrl Pts',(-25.4099127611191,17.,33.0757340723211));
#6169=CARTESIAN_POINT('Ctrl Pts',(-25.5272248145117,18.,33.6732756277888));
#6170=CARTESIAN_POINT('Ctrl Pts',(-25.5272248145117,17.,33.6732756277888));
#6171=CARTESIAN_POINT('Ctrl Pts',(-25.9700565216749,18.,34.0329004900448));
#6172=CARTESIAN_POINT('Ctrl Pts',(-25.9700565216749,17.,34.0329004900448));
#6173=CARTESIAN_POINT('Ctrl Pts',(-26.5482430233869,18.,34.0000794399032));
#6174=CARTESIAN_POINT('Ctrl Pts',(-26.5482430233869,17.,34.0000794399032));
#6175=CARTESIAN_POINT('Ctrl Pts',(-27.0983132977117,18.,33.5148061278716));
#6176=CARTESIAN_POINT('Ctrl Pts',(-27.0983132977117,17.,33.5148061278716));
#6177=CARTESIAN_POINT('Ctrl Pts',(-27.697453462679,18.,32.7699741241436));
#6178=CARTESIAN_POINT('Ctrl Pts',(-27.697453462679,17.,32.7699741241436));
#6179=CARTESIAN_POINT('Ctrl Pts',(-28.3543576973656,18.,31.8964649875775));
#6180=CARTESIAN_POINT('Ctrl Pts',(-28.3543576973656,17.,31.8964649875775));
#6181=CARTESIAN_POINT('Ctrl Pts',(-29.05475423012,18.,31.0018009244964));
#6182=CARTESIAN_POINT('Ctrl Pts',(-29.05475423012,17.,31.0018009244964));
#6183=CARTESIAN_POINT('Ctrl Pts',(-29.759334085572,18.,30.1608987844344));
#6184=CARTESIAN_POINT('Ctrl Pts',(-29.759334085572,17.,30.1608987844344));
#6185=CARTESIAN_POINT('Ctrl Pts',(-30.4188780698864,18.,29.4241205593159));
#6186=CARTESIAN_POINT('Ctrl Pts',(-30.4188780698864,17.,29.4241205593159));
#6187=CARTESIAN_POINT('Ctrl Pts',(-30.9820018610675,18.,28.817867176236));
#6188=CARTESIAN_POINT('Ctrl Pts',(-30.9820018610675,17.,28.817867176236));
#6189=CARTESIAN_POINT('Ctrl Pts',(-31.4061178123286,18.,28.3482009349335));
#6190=CARTESIAN_POINT('Ctrl Pts',(-31.4061178123286,17.,28.3482009349335));
#6191=CARTESIAN_POINT('Ctrl Pts',(-31.6668997587882,18.,28.0030942513086));
#6192=CARTESIAN_POINT('Ctrl Pts',(-31.6668997587882,17.,28.0030942513086));
#6193=CARTESIAN_POINT('Ctrl Pts',(-31.7688566337098,18.,27.7549901210294));
#6194=CARTESIAN_POINT('Ctrl Pts',(-31.7688566337098,17.,27.7549901210294));
#6195=CARTESIAN_POINT('Ctrl Pts',(-31.7546070813395,18.,27.5635369319201));
#6196=CARTESIAN_POINT('Ctrl Pts',(-31.7546070813395,17.,27.5635369319201));
#6197=CARTESIAN_POINT('Ctrl Pts',(-31.6787552114916,18.,27.3907918242251));
#6198=CARTESIAN_POINT('Ctrl Pts',(-31.6787552114916,17.,27.3907918242251));
#6199=CARTESIAN_POINT('Ctrl Pts',(-31.5818115977783,18.,27.2168263481948));
#6200=CARTESIAN_POINT('Ctrl Pts',(-31.5818115977783,17.,27.2168263481948));
#6201=CARTESIAN_POINT('Ctrl Pts',(-31.4661743767098,18.,27.0534773670064));
#6202=CARTESIAN_POINT('Ctrl Pts',(-31.4661743767098,17.,27.0534773670064));
#6203=CARTESIAN_POINT('Ctrl Pts',(-31.314274694841,18.,26.9251792315132));
#6204=CARTESIAN_POINT('Ctrl Pts',(-31.314274694841,17.,26.9251792315132));
#6205=CARTESIAN_POINT('Ctrl Pts',(-31.1062385103226,18.,26.8493682459373));
#6206=CARTESIAN_POINT('Ctrl Pts',(-31.1062385103226,17.,26.8493682459373));
#6207=CARTESIAN_POINT('Ctrl Pts',(-30.8336957140579,18.,26.8221980880109));
#6208=CARTESIAN_POINT('Ctrl Pts',(-30.8336957140579,17.,26.8221980880109));
#6209=CARTESIAN_POINT('Ctrl Pts',(-30.4944020517117,18.,26.8291207897697));
#6210=CARTESIAN_POINT('Ctrl Pts',(-30.4944020517117,17.,26.8291207897697));
#6211=CARTESIAN_POINT('Ctrl Pts',(-30.089986155629,18.,26.8512086023152));
#6212=CARTESIAN_POINT('Ctrl Pts',(-30.089986155629,17.,26.8512086023152));
#6213=CARTESIAN_POINT('Ctrl Pts',(-29.6221174113799,18.,26.8741671991787));
#6214=CARTESIAN_POINT('Ctrl Pts',(-29.6221174113799,17.,26.8741671991787));
#6215=CARTESIAN_POINT('Ctrl Pts',(-29.0920532376308,18.,26.8887983058147));
#6216=CARTESIAN_POINT('Ctrl Pts',(-29.0920532376308,17.,26.8887983058147));
#6217=CARTESIAN_POINT('Ctrl Pts',(-28.5007736917382,18.,26.8895641538953));
#6218=CARTESIAN_POINT('Ctrl Pts',(-28.5007736917382,17.,26.8895641538953));
#6219=CARTESIAN_POINT('Ctrl Pts',(-27.979308746483,18.,26.8769452730369));
#6220=CARTESIAN_POINT('Ctrl Pts',(-27.979308746483,17.,26.8769452730369));
#6221=CARTESIAN_POINT('Ctrl Pts',(-27.5611356334387,18.,26.8596526501295));
#6222=CARTESIAN_POINT('Ctrl Pts',(-27.5611356334387,17.,26.8596526501295));
#6223=CARTESIAN_POINT('Ctrl Pts',(-27.270336274754,18.,26.8446502764702));
#6224=CARTESIAN_POINT('Ctrl Pts',(-27.270336274754,17.,26.8446502764702));
#6225=CARTESIAN_POINT('Ctrl Pts',(-27.1219322858521,18.,26.836280557709));
#6226=CARTESIAN_POINT('Ctrl Pts',(-27.1219322858521,17.,26.836280557709));
#6227=CARTESIAN_POINT('',(-29.2219322389135,18.,28.536280519711));
#6228=CARTESIAN_POINT('Ctrl Pts',(-29.2219322389135,18.,28.536280519711));
#6229=CARTESIAN_POINT('Ctrl Pts',(-29.1849218574738,18.,28.5748542820432));
#6230=CARTESIAN_POINT('Ctrl Pts',(-29.1013046591414,18.,28.6672055410603));
#6231=CARTESIAN_POINT('Ctrl Pts',(-28.9470787720649,18.,28.8513382064004));
#6232=CARTESIAN_POINT('Ctrl Pts',(-28.6808208255808,18.,29.1843602563379));
#6233=CARTESIAN_POINT('Ctrl Pts',(-28.2360952368079,18.,29.7230859377358));
#6234=CARTESIAN_POINT('Ctrl Pts',(-27.6797668196119,18.,30.3523024576887));
#6235=CARTESIAN_POINT('Ctrl Pts',(-27.0328160718286,18.,31.034564244446));
#6236=CARTESIAN_POINT('Ctrl Pts',(-26.3575855325174,18.,31.735487950414));
#6237=CARTESIAN_POINT('Ctrl Pts',(-25.7531474666429,18.,32.4196167982817));
#6238=CARTESIAN_POINT('Ctrl Pts',(-25.4099127611191,18.,33.0757340723211));
#6239=CARTESIAN_POINT('Ctrl Pts',(-25.5272248145117,18.,33.6732756277888));
#6240=CARTESIAN_POINT('Ctrl Pts',(-25.9700565216749,18.,34.0329004900448));
#6241=CARTESIAN_POINT('Ctrl Pts',(-26.5482430233869,18.,34.0000794399032));
#6242=CARTESIAN_POINT('Ctrl Pts',(-27.0983132977117,18.,33.5148061278716));
#6243=CARTESIAN_POINT('Ctrl Pts',(-27.697453462679,18.,32.7699741241436));
#6244=CARTESIAN_POINT('Ctrl Pts',(-28.3543576973656,18.,31.8964649875775));
#6245=CARTESIAN_POINT('Ctrl Pts',(-29.05475423012,18.,31.0018009244964));
#6246=CARTESIAN_POINT('Ctrl Pts',(-29.759334085572,18.,30.1608987844344));
#6247=CARTESIAN_POINT('Ctrl Pts',(-30.4188780698864,18.,29.4241205593159));
#6248=CARTESIAN_POINT('Ctrl Pts',(-30.9820018610675,18.,28.817867176236));
#6249=CARTESIAN_POINT('Ctrl Pts',(-31.4061178123286,18.,28.3482009349335));
#6250=CARTESIAN_POINT('Ctrl Pts',(-31.6668997587882,18.,28.0030942513086));
#6251=CARTESIAN_POINT('Ctrl Pts',(-31.7688566337098,18.,27.7549901210294));
#6252=CARTESIAN_POINT('Ctrl Pts',(-31.7546070813395,18.,27.5635369319201));
#6253=CARTESIAN_POINT('Ctrl Pts',(-31.6787552114916,18.,27.3907918242251));
#6254=CARTESIAN_POINT('Ctrl Pts',(-31.5818115977783,18.,27.2168263481948));
#6255=CARTESIAN_POINT('Ctrl Pts',(-31.4661743767098,18.,27.0534773670064));
#6256=CARTESIAN_POINT('Ctrl Pts',(-31.314274694841,18.,26.9251792315132));
#6257=CARTESIAN_POINT('Ctrl Pts',(-31.1062385103226,18.,26.8493682459373));
#6258=CARTESIAN_POINT('Ctrl Pts',(-30.8336957140579,18.,26.8221980880109));
#6259=CARTESIAN_POINT('Ctrl Pts',(-30.4944020517117,18.,26.8291207897697));
#6260=CARTESIAN_POINT('Ctrl Pts',(-30.089986155629,18.,26.8512086023152));
#6261=CARTESIAN_POINT('Ctrl Pts',(-29.6221174113799,18.,26.8741671991787));
#6262=CARTESIAN_POINT('Ctrl Pts',(-29.0920532376308,18.,26.8887983058147));
#6263=CARTESIAN_POINT('Ctrl Pts',(-28.5007736917382,18.,26.8895641538953));
#6264=CARTESIAN_POINT('Ctrl Pts',(-27.979308746483,18.,26.8769452730369));
#6265=CARTESIAN_POINT('Ctrl Pts',(-27.5611356334387,18.,26.8596526501295));
#6266=CARTESIAN_POINT('Ctrl Pts',(-27.270336274754,18.,26.8446502764702));
#6267=CARTESIAN_POINT('Ctrl Pts',(-27.1219322858521,18.,26.836280557709));
#6268=CARTESIAN_POINT('',(-29.2219322389135,17.,28.536280519711));
#6269=CARTESIAN_POINT('',(-29.2219322389135,18.,28.536280519711));
#6270=CARTESIAN_POINT('Ctrl Pts',(-29.2219322389135,17.,28.536280519711));
#6271=CARTESIAN_POINT('Ctrl Pts',(-29.1849218574738,17.,28.5748542820432));
#6272=CARTESIAN_POINT('Ctrl Pts',(-29.1013046591414,17.,28.6672055410603));
#6273=CARTESIAN_POINT('Ctrl Pts',(-28.9470787720649,17.,28.8513382064004));
#6274=CARTESIAN_POINT('Ctrl Pts',(-28.6808208255808,17.,29.1843602563379));
#6275=CARTESIAN_POINT('Ctrl Pts',(-28.2360952368079,17.,29.7230859377358));
#6276=CARTESIAN_POINT('Ctrl Pts',(-27.6797668196119,17.,30.3523024576887));
#6277=CARTESIAN_POINT('Ctrl Pts',(-27.0328160718286,17.,31.034564244446));
#6278=CARTESIAN_POINT('Ctrl Pts',(-26.3575855325174,17.,31.735487950414));
#6279=CARTESIAN_POINT('Ctrl Pts',(-25.7531474666429,17.,32.4196167982817));
#6280=CARTESIAN_POINT('Ctrl Pts',(-25.4099127611191,17.,33.0757340723211));
#6281=CARTESIAN_POINT('Ctrl Pts',(-25.5272248145117,17.,33.6732756277888));
#6282=CARTESIAN_POINT('Ctrl Pts',(-25.9700565216749,17.,34.0329004900448));
#6283=CARTESIAN_POINT('Ctrl Pts',(-26.5482430233869,17.,34.0000794399032));
#6284=CARTESIAN_POINT('Ctrl Pts',(-27.0983132977117,17.,33.5148061278716));
#6285=CARTESIAN_POINT('Ctrl Pts',(-27.697453462679,17.,32.7699741241436));
#6286=CARTESIAN_POINT('Ctrl Pts',(-28.3543576973656,17.,31.8964649875775));
#6287=CARTESIAN_POINT('Ctrl Pts',(-29.05475423012,17.,31.0018009244964));
#6288=CARTESIAN_POINT('Ctrl Pts',(-29.759334085572,17.,30.1608987844344));
#6289=CARTESIAN_POINT('Ctrl Pts',(-30.4188780698864,17.,29.4241205593159));
#6290=CARTESIAN_POINT('Ctrl Pts',(-30.9820018610675,17.,28.817867176236));
#6291=CARTESIAN_POINT('Ctrl Pts',(-31.4061178123286,17.,28.3482009349335));
#6292=CARTESIAN_POINT('Ctrl Pts',(-31.6668997587882,17.,28.0030942513086));
#6293=CARTESIAN_POINT('Ctrl Pts',(-31.7688566337098,17.,27.7549901210294));
#6294=CARTESIAN_POINT('Ctrl Pts',(-31.7546070813395,17.,27.5635369319201));
#6295=CARTESIAN_POINT('Ctrl Pts',(-31.6787552114916,17.,27.3907918242251));
#6296=CARTESIAN_POINT('Ctrl Pts',(-31.5818115977783,17.,27.2168263481948));
#6297=CARTESIAN_POINT('Ctrl Pts',(-31.4661743767098,17.,27.0534773670064));
#6298=CARTESIAN_POINT('Ctrl Pts',(-31.314274694841,17.,26.9251792315132));
#6299=CARTESIAN_POINT('Ctrl Pts',(-31.1062385103226,17.,26.8493682459373));
#6300=CARTESIAN_POINT('Ctrl Pts',(-30.8336957140579,17.,26.8221980880109));
#6301=CARTESIAN_POINT('Ctrl Pts',(-30.4944020517117,17.,26.8291207897697));
#6302=CARTESIAN_POINT('Ctrl Pts',(-30.089986155629,17.,26.8512086023152));
#6303=CARTESIAN_POINT('Ctrl Pts',(-29.6221174113799,17.,26.8741671991787));
#6304=CARTESIAN_POINT('Ctrl Pts',(-29.0920532376308,17.,26.8887983058147));
#6305=CARTESIAN_POINT('Ctrl Pts',(-28.5007736917382,17.,26.8895641538953));
#6306=CARTESIAN_POINT('Ctrl Pts',(-27.979308746483,17.,26.8769452730369));
#6307=CARTESIAN_POINT('Ctrl Pts',(-27.5611356334387,17.,26.8596526501295));
#6308=CARTESIAN_POINT('Ctrl Pts',(-27.270336274754,17.,26.8446502764702));
#6309=CARTESIAN_POINT('Ctrl Pts',(-27.1219322858521,17.,26.836280557709));
#6310=CARTESIAN_POINT('Ctrl Pts',(-25.1229505372588,18.,26.7623800476974));
#6311=CARTESIAN_POINT('Ctrl Pts',(-25.1229505372588,17.,26.7623800476974));
#6312=CARTESIAN_POINT('Ctrl Pts',(-25.0509190641625,18.,26.8969848870576));
#6313=CARTESIAN_POINT('Ctrl Pts',(-25.0509190641625,17.,26.8969848870576));
#6314=CARTESIAN_POINT('Ctrl Pts',(-24.9302529282578,18.,27.1529159800394));
#6315=CARTESIAN_POINT('Ctrl Pts',(-24.9302529282578,17.,27.1529159800394));
#6316=CARTESIAN_POINT('Ctrl Pts',(-24.8194533272628,18.,27.496972393354));
#6317=CARTESIAN_POINT('Ctrl Pts',(-24.8194533272628,17.,27.496972393354));
#6318=CARTESIAN_POINT('Ctrl Pts',(-24.8143516568591,18.,27.8747609442355));
#6319=CARTESIAN_POINT('Ctrl Pts',(-24.8143516568591,17.,27.8747609442355));
#6320=CARTESIAN_POINT('Ctrl Pts',(-25.050116099865,18.,28.2083323538816));
#6321=CARTESIAN_POINT('Ctrl Pts',(-25.050116099865,17.,28.2083323538816));
#6322=CARTESIAN_POINT('Ctrl Pts',(-25.5131672518756,18.,28.4077963628532));
#6323=CARTESIAN_POINT('Ctrl Pts',(-25.5131672518756,17.,28.4077963628532));
#6324=CARTESIAN_POINT('Ctrl Pts',(-26.1527493412835,18.,28.4942715886258));
#6325=CARTESIAN_POINT('Ctrl Pts',(-26.1527493412835,17.,28.4942715886258));
#6326=CARTESIAN_POINT('Ctrl Pts',(-26.8454255453432,18.,28.523847029938));
#6327=CARTESIAN_POINT('Ctrl Pts',(-26.8454255453432,17.,28.523847029938));
#6328=CARTESIAN_POINT('Ctrl Pts',(-27.5267665106582,18.,28.5280676252052));
#6329=CARTESIAN_POINT('Ctrl Pts',(-27.5267665106582,17.,28.5280676252052));
#6330=CARTESIAN_POINT('Ctrl Pts',(-28.159832292488,18.,28.526472591749));
#6331=CARTESIAN_POINT('Ctrl Pts',(-28.159832292488,17.,28.526472591749));
#6332=CARTESIAN_POINT('Ctrl Pts',(-28.6167643995966,18.,28.5275269057881));
#6333=CARTESIAN_POINT('Ctrl Pts',(-28.6167643995966,17.,28.5275269057881));
#6334=CARTESIAN_POINT('Ctrl Pts',(-28.930431591009,18.,28.530918482924));
#6335=CARTESIAN_POINT('Ctrl Pts',(-28.930431591009,17.,28.530918482924));
#6336=CARTESIAN_POINT('Ctrl Pts',(-29.1268773985329,18.,28.5343051283403));
#6337=CARTESIAN_POINT('Ctrl Pts',(-29.1268773985329,17.,28.5343051283403));
#6338=CARTESIAN_POINT('Ctrl Pts',(-29.2219322389135,18.,28.536280519711));
#6339=CARTESIAN_POINT('Ctrl Pts',(-29.2219322389135,17.,28.536280519711));
#6340=CARTESIAN_POINT('Ctrl Pts',(-25.1229505372588,18.,26.7623800476974));
#6341=CARTESIAN_POINT('Ctrl Pts',(-25.0509190641625,18.,26.8969848870576));
#6342=CARTESIAN_POINT('Ctrl Pts',(-24.9302529282578,18.,27.1529159800394));
#6343=CARTESIAN_POINT('Ctrl Pts',(-24.8194533272628,18.,27.496972393354));
#6344=CARTESIAN_POINT('Ctrl Pts',(-24.8143516568591,18.,27.8747609442355));
#6345=CARTESIAN_POINT('Ctrl Pts',(-25.050116099865,18.,28.2083323538816));
#6346=CARTESIAN_POINT('Ctrl Pts',(-25.5131672518756,18.,28.4077963628532));
#6347=CARTESIAN_POINT('Ctrl Pts',(-26.1527493412835,18.,28.4942715886258));
#6348=CARTESIAN_POINT('Ctrl Pts',(-26.8454255453432,18.,28.523847029938));
#6349=CARTESIAN_POINT('Ctrl Pts',(-27.5267665106582,18.,28.5280676252052));
#6350=CARTESIAN_POINT('Ctrl Pts',(-28.159832292488,18.,28.526472591749));
#6351=CARTESIAN_POINT('Ctrl Pts',(-28.6167643995966,18.,28.5275269057881));
#6352=CARTESIAN_POINT('Ctrl Pts',(-28.930431591009,18.,28.530918482924));
#6353=CARTESIAN_POINT('Ctrl Pts',(-29.1268773985329,18.,28.5343051283403));
#6354=CARTESIAN_POINT('Ctrl Pts',(-29.2219322389135,18.,28.536280519711));
#6355=CARTESIAN_POINT('Ctrl Pts',(-25.1229505372588,17.,26.7623800476974));
#6356=CARTESIAN_POINT('Ctrl Pts',(-25.0509190641625,17.,26.8969848870576));
#6357=CARTESIAN_POINT('Ctrl Pts',(-24.9302529282578,17.,27.1529159800394));
#6358=CARTESIAN_POINT('Ctrl Pts',(-24.8194533272628,17.,27.496972393354));
#6359=CARTESIAN_POINT('Ctrl Pts',(-24.8143516568591,17.,27.8747609442355));
#6360=CARTESIAN_POINT('Ctrl Pts',(-25.050116099865,17.,28.2083323538816));
#6361=CARTESIAN_POINT('Ctrl Pts',(-25.5131672518756,17.,28.4077963628532));
#6362=CARTESIAN_POINT('Ctrl Pts',(-26.1527493412835,17.,28.4942715886258));
#6363=CARTESIAN_POINT('Ctrl Pts',(-26.8454255453432,17.,28.523847029938));
#6364=CARTESIAN_POINT('Ctrl Pts',(-27.5267665106582,17.,28.5280676252052));
#6365=CARTESIAN_POINT('Ctrl Pts',(-28.159832292488,17.,28.526472591749));
#6366=CARTESIAN_POINT('Ctrl Pts',(-28.6167643995966,17.,28.5275269057881));
#6367=CARTESIAN_POINT('Ctrl Pts',(-28.930431591009,17.,28.530918482924));
#6368=CARTESIAN_POINT('Ctrl Pts',(-29.1268773985329,17.,28.5343051283403));
#6369=CARTESIAN_POINT('Ctrl Pts',(-29.2219322389135,17.,28.536280519711));
#6370=CARTESIAN_POINT('Origin',(-28.2916041452845,17.,28.6286014473752));
#6371=CARTESIAN_POINT('Ctrl Pts',(-22.0000003278256,18.,2.00000002980232));
#6372=CARTESIAN_POINT('Ctrl Pts',(-22.0000003278256,16.,2.00000002980232));
#6373=CARTESIAN_POINT('Ctrl Pts',(-21.9989827763166,18.,2.06935110361324));
#6374=CARTESIAN_POINT('Ctrl Pts',(-21.9989827763166,16.,2.06935110361324));
#6375=CARTESIAN_POINT('Ctrl Pts',(-21.9971807116516,18.,2.20760471168603));
#6376=CARTESIAN_POINT('Ctrl Pts',(-21.9971807116516,16.,2.20760471168603));
#6377=CARTESIAN_POINT('Ctrl Pts',(-21.9951853016092,18.,2.41363904628299));
#6378=CARTESIAN_POINT('Ctrl Pts',(-21.9951853016092,16.,2.41363904628299));
#6379=CARTESIAN_POINT('Ctrl Pts',(-21.9938889410399,18.,2.68561903883462));
#6380=CARTESIAN_POINT('Ctrl Pts',(-21.9938889410399,16.,2.68561903883462));
#6381=CARTESIAN_POINT('Ctrl Pts',(-21.9947408505378,18.,3.02070280029415));
#6382=CARTESIAN_POINT('Ctrl Pts',(-21.9947408505378,16.,3.02070280029415));
#6383=CARTESIAN_POINT('Ctrl Pts',(-21.9970109062025,18.,3.35045706011553));
#6384=CARTESIAN_POINT('Ctrl Pts',(-21.9970109062025,16.,3.35045706011553));
#6385=CARTESIAN_POINT('Ctrl Pts',(-22.0007592724647,18.,3.67429993119752));
#6386=CARTESIAN_POINT('Ctrl Pts',(-22.0007592724647,16.,3.67429993119752));
#6387=CARTESIAN_POINT('Ctrl Pts',(-22.0005522920517,18.,3.99204755597267));
#6388=CARTESIAN_POINT('Ctrl Pts',(-22.0005522920517,16.,3.99204755597267));
#6389=CARTESIAN_POINT('Ctrl Pts',(-22.0014888626346,18.,4.30321673452602));
#6390=CARTESIAN_POINT('Ctrl Pts',(-22.0014888626346,16.,4.30321673452602));
#6391=CARTESIAN_POINT('Ctrl Pts',(-22.033087198546,18.,4.6060115876524));
#6392=CARTESIAN_POINT('Ctrl Pts',(-22.033087198546,16.,4.6060115876524));
#6393=CARTESIAN_POINT('Ctrl Pts',(-22.1103370845768,18.,4.83988833370426));
#6394=CARTESIAN_POINT('Ctrl Pts',(-22.1103370845768,16.,4.83988833370426));
#6395=CARTESIAN_POINT('Ctrl Pts',(-22.2117014261739,18.,5.00971932689571));
#6396=CARTESIAN_POINT('Ctrl Pts',(-22.2117014261739,16.,5.00971932689571));
#6397=CARTESIAN_POINT('Ctrl Pts',(-22.3005581750373,18.,5.12033533302885));
#6398=CARTESIAN_POINT('Ctrl Pts',(-22.3005581750373,16.,5.12033533302885));
#6399=CARTESIAN_POINT('Ctrl Pts',(-22.3503090439917,18.,5.17499201961853));
#6400=CARTESIAN_POINT('Ctrl Pts',(-22.3503090439917,16.,5.17499201961853));
#6401=CARTESIAN_POINT('',(-22.0000003278256,18.,2.00000002980232));
#6402=CARTESIAN_POINT('',(-22.3503090439917,18.,5.17499201961853));
#6403=CARTESIAN_POINT('Ctrl Pts',(-22.0000003278256,18.,2.00000002980232));
#6404=CARTESIAN_POINT('Ctrl Pts',(-21.9989827763166,18.,2.06935110361324));
#6405=CARTESIAN_POINT('Ctrl Pts',(-21.9971807116516,18.,2.20760471168603));
#6406=CARTESIAN_POINT('Ctrl Pts',(-21.9951853016092,18.,2.41363904628299));
#6407=CARTESIAN_POINT('Ctrl Pts',(-21.9938889410399,18.,2.68561903883462));
#6408=CARTESIAN_POINT('Ctrl Pts',(-21.9947408505378,18.,3.02070280029415));
#6409=CARTESIAN_POINT('Ctrl Pts',(-21.9970109062025,18.,3.35045706011553));
#6410=CARTESIAN_POINT('Ctrl Pts',(-22.0007592724647,18.,3.67429993119752));
#6411=CARTESIAN_POINT('Ctrl Pts',(-22.0005522920517,18.,3.99204755597267));
#6412=CARTESIAN_POINT('Ctrl Pts',(-22.0014888626346,18.,4.30321673452602));
#6413=CARTESIAN_POINT('Ctrl Pts',(-22.033087198546,18.,4.6060115876524));
#6414=CARTESIAN_POINT('Ctrl Pts',(-22.1103370845768,18.,4.83988833370426));
#6415=CARTESIAN_POINT('Ctrl Pts',(-22.2117014261739,18.,5.00971932689571));
#6416=CARTESIAN_POINT('Ctrl Pts',(-22.3005581750373,18.,5.12033533302885));
#6417=CARTESIAN_POINT('Ctrl Pts',(-22.3503090439917,18.,5.17499201961853));
#6418=CARTESIAN_POINT('',(-22.0000003278256,16.,2.00000002980232));
#6419=CARTESIAN_POINT('',(-22.0000003278256,18.,2.00000002980232));
#6420=CARTESIAN_POINT('',(-22.3503090439917,16.,5.17499201961853));
#6421=CARTESIAN_POINT('Ctrl Pts',(-22.0000003278256,16.,2.00000002980232));
#6422=CARTESIAN_POINT('Ctrl Pts',(-21.9989827763166,16.,2.06935110361324));
#6423=CARTESIAN_POINT('Ctrl Pts',(-21.9971807116516,16.,2.20760471168603));
#6424=CARTESIAN_POINT('Ctrl Pts',(-21.9951853016092,16.,2.41363904628299));
#6425=CARTESIAN_POINT('Ctrl Pts',(-21.9938889410399,16.,2.68561903883462));
#6426=CARTESIAN_POINT('Ctrl Pts',(-21.9947408505378,16.,3.02070280029415));
#6427=CARTESIAN_POINT('Ctrl Pts',(-21.9970109062025,16.,3.35045706011553));
#6428=CARTESIAN_POINT('Ctrl Pts',(-22.0007592724647,16.,3.67429993119752));
#6429=CARTESIAN_POINT('Ctrl Pts',(-22.0005522920517,16.,3.99204755597267));
#6430=CARTESIAN_POINT('Ctrl Pts',(-22.0014888626346,16.,4.30321673452602));
#6431=CARTESIAN_POINT('Ctrl Pts',(-22.033087198546,16.,4.6060115876524));
#6432=CARTESIAN_POINT('Ctrl Pts',(-22.1103370845768,16.,4.83988833370426));
#6433=CARTESIAN_POINT('Ctrl Pts',(-22.2117014261739,16.,5.00971932689571));
#6434=CARTESIAN_POINT('Ctrl Pts',(-22.3005581750373,16.,5.12033533302885));
#6435=CARTESIAN_POINT('Ctrl Pts',(-22.3503090439917,16.,5.17499201961853));
#6436=CARTESIAN_POINT('',(-22.3503090439917,18.,5.17499201961853));
#6437=CARTESIAN_POINT('Ctrl Pts',(-22.3503090439917,18.,5.17499201961853));
#6438=CARTESIAN_POINT('Ctrl Pts',(-22.3503090439917,16.,5.17499201961853));
#6439=CARTESIAN_POINT('Ctrl Pts',(-22.431050108021,18.,5.22069354763015));
#6440=CARTESIAN_POINT('Ctrl Pts',(-22.431050108021,16.,5.22069354763015));
#6441=CARTESIAN_POINT('Ctrl Pts',(-22.5877864936755,18.,5.30131760875918));
#6442=CARTESIAN_POINT('Ctrl Pts',(-22.5877864936755,16.,5.30131760875918));
#6443=CARTESIAN_POINT('Ctrl Pts',(-22.8086536583601,18.,5.38991672752308));
#6444=CARTESIAN_POINT('Ctrl Pts',(-22.8086536583601,16.,5.38991672752308));
#6445=CARTESIAN_POINT('Ctrl Pts',(-23.0746184371158,18.,5.44325772924541));
#6446=CARTESIAN_POINT('Ctrl Pts',(-23.0746184371158,16.,5.44325772924541));
#6447=CARTESIAN_POINT('Ctrl Pts',(-23.3596150832348,18.,5.40165573094629));
#6448=CARTESIAN_POINT('Ctrl Pts',(-23.3596150832348,16.,5.40165573094629));
#6449=CARTESIAN_POINT('Ctrl Pts',(-23.5979537455932,18.,5.25208505793911));
#6450=CARTESIAN_POINT('Ctrl Pts',(-23.5979537455932,16.,5.25208505793911));
#6451=CARTESIAN_POINT('Ctrl Pts',(-23.7915884522569,18.,4.99608027498666));
#6452=CARTESIAN_POINT('Ctrl Pts',(-23.7915884522569,16.,4.99608027498666));
#6453=CARTESIAN_POINT('Ctrl Pts',(-23.9442923822146,18.,4.6370466935598));
#6454=CARTESIAN_POINT('Ctrl Pts',(-23.9442923822146,16.,4.6370466935598));
#6455=CARTESIAN_POINT('Ctrl Pts',(-24.0609913245449,18.,4.18095176330403));
#6456=CARTESIAN_POINT('Ctrl Pts',(-24.0609913245449,16.,4.18095176330403));
#6457=CARTESIAN_POINT('Ctrl Pts',(-24.1466966084053,18.,3.63708317796871));
#6458=CARTESIAN_POINT('Ctrl Pts',(-24.1466966084053,16.,3.63708317796871));
#6459=CARTESIAN_POINT('Ctrl Pts',(-24.2056202559094,18.,3.01877199523117));
#6460=CARTESIAN_POINT('Ctrl Pts',(-24.2056202559094,16.,3.01877199523117));
#6461=CARTESIAN_POINT('Ctrl Pts',(-24.2401331317873,18.,2.34430315946998));
#6462=CARTESIAN_POINT('Ctrl Pts',(-24.2401331317873,16.,2.34430315946998));
#6463=CARTESIAN_POINT('Ctrl Pts',(-24.2499795046533,18.,1.63751172816519));
#6464=CARTESIAN_POINT('Ctrl Pts',(-24.2499795046533,16.,1.63751172816519));
#6465=CARTESIAN_POINT('Ctrl Pts',(-24.2308863468472,18.,0.929280980185875));
#6466=CARTESIAN_POINT('Ctrl Pts',(-24.2308863468472,16.,0.929280980185875));
#6467=CARTESIAN_POINT('Ctrl Pts',(-24.1753589417864,18.,0.255836391603708));
#6468=CARTESIAN_POINT('Ctrl Pts',(-24.1753589417864,16.,0.255836391603708));
#6469=CARTESIAN_POINT('Ctrl Pts',(-24.0755287263527,18.,-0.345981245496592));
#6470=CARTESIAN_POINT('Ctrl Pts',(-24.0755287263527,16.,-0.345981245496592));
#6471=CARTESIAN_POINT('Ctrl Pts',(-23.9254202162567,18.,-0.842582836432827));
#6472=CARTESIAN_POINT('Ctrl Pts',(-23.9254202162567,16.,-0.842582836432827));
#6473=CARTESIAN_POINT('Ctrl Pts',(-23.7235068564956,18.,-1.20792376738654));
#6474=CARTESIAN_POINT('Ctrl Pts',(-23.7235068564956,16.,-1.20792376738654));
#6475=CARTESIAN_POINT('Ctrl Pts',(-23.4751071770639,18.,-1.42758158093572));
#6476=CARTESIAN_POINT('Ctrl Pts',(-23.4751071770639,16.,-1.42758158093572));
#6477=CARTESIAN_POINT('Ctrl Pts',(-23.1950870788559,18.,-1.50327645856271));
#6478=CARTESIAN_POINT('Ctrl Pts',(-23.1950870788559,16.,-1.50327645856271));
#6479=CARTESIAN_POINT('Ctrl Pts',(-22.90998439356,18.,-1.45664146906917));
#6480=CARTESIAN_POINT('Ctrl Pts',(-22.90998439356,16.,-1.45664146906917));
#6481=CARTESIAN_POINT('Ctrl Pts',(-22.6495127158106,18.,-1.31930723497412));
#6482=CARTESIAN_POINT('Ctrl Pts',(-22.6495127158106,16.,-1.31930723497412));
#6483=CARTESIAN_POINT('Ctrl Pts',(-22.4391124614509,18.,-1.124235100043));
#6484=CARTESIAN_POINT('Ctrl Pts',(-22.4391124614509,16.,-1.124235100043));
#6485=CARTESIAN_POINT('Ctrl Pts',(-22.2912059316123,18.,-0.895806757936035));
#6486=CARTESIAN_POINT('Ctrl Pts',(-22.2912059316123,16.,-0.895806757936035));
#6487=CARTESIAN_POINT('Ctrl Pts',(-22.1995214593763,18.,-0.642840934053608));
#6488=CARTESIAN_POINT('Ctrl Pts',(-22.1995214593763,16.,-0.642840934053608));
#6489=CARTESIAN_POINT('Ctrl Pts',(-22.1478323762867,18.,-0.364922286227756));
#6490=CARTESIAN_POINT('Ctrl Pts',(-22.1478323762867,16.,-0.364922286227756));
#6491=CARTESIAN_POINT('Ctrl Pts',(-22.1163917532738,18.,-0.0567042023565569));
#6492=CARTESIAN_POINT('Ctrl Pts',(-22.1163917532738,16.,-0.0567042023565569));
#6493=CARTESIAN_POINT('Ctrl Pts',(-22.0897987866991,18.,0.286676046534405));
#6494=CARTESIAN_POINT('Ctrl Pts',(-22.0897987866991,16.,0.286676046534405));
#6495=CARTESIAN_POINT('Ctrl Pts',(-22.0625309152038,18.,0.665741936863617));
#6496=CARTESIAN_POINT('Ctrl Pts',(-22.0625309152038,16.,0.665741936863617));
#6497=CARTESIAN_POINT('Ctrl Pts',(-22.0351566260423,18.,1.07860842929275));
#6498=CARTESIAN_POINT('Ctrl Pts',(-22.0351566260423,16.,1.07860842929275));
#6499=CARTESIAN_POINT('Ctrl Pts',(-22.016481523769,18.,1.43343563955744));
#6500=CARTESIAN_POINT('Ctrl Pts',(-22.016481523769,16.,1.43343563955744));
#6501=CARTESIAN_POINT('Ctrl Pts',(-22.0064133275164,18.,1.71203347675715));
#6502=CARTESIAN_POINT('Ctrl Pts',(-22.0064133275164,16.,1.71203347675715));
#6503=CARTESIAN_POINT('Ctrl Pts',(-22.0017899216247,18.,1.90311889450684));
#6504=CARTESIAN_POINT('Ctrl Pts',(-22.0017899216247,16.,1.90311889450684));
#6505=CARTESIAN_POINT('Ctrl Pts',(-22.0000003278256,18.,2.00000002980232));
#6506=CARTESIAN_POINT('Ctrl Pts',(-22.0000003278256,16.,2.00000002980232));
#6507=CARTESIAN_POINT('Ctrl Pts',(-22.3503090439917,18.,5.17499201961853));
#6508=CARTESIAN_POINT('Ctrl Pts',(-22.431050108021,18.,5.22069354763015));
#6509=CARTESIAN_POINT('Ctrl Pts',(-22.5877864936755,18.,5.30131760875918));
#6510=CARTESIAN_POINT('Ctrl Pts',(-22.8086536583601,18.,5.38991672752308));
#6511=CARTESIAN_POINT('Ctrl Pts',(-23.0746184371158,18.,5.44325772924541));
#6512=CARTESIAN_POINT('Ctrl Pts',(-23.3596150832348,18.,5.40165573094629));
#6513=CARTESIAN_POINT('Ctrl Pts',(-23.5979537455932,18.,5.25208505793911));
#6514=CARTESIAN_POINT('Ctrl Pts',(-23.7915884522569,18.,4.99608027498666));
#6515=CARTESIAN_POINT('Ctrl Pts',(-23.9442923822146,18.,4.6370466935598));
#6516=CARTESIAN_POINT('Ctrl Pts',(-24.0609913245449,18.,4.18095176330403));
#6517=CARTESIAN_POINT('Ctrl Pts',(-24.1466966084053,18.,3.63708317796871));
#6518=CARTESIAN_POINT('Ctrl Pts',(-24.2056202559094,18.,3.01877199523117));
#6519=CARTESIAN_POINT('Ctrl Pts',(-24.2401331317873,18.,2.34430315946998));
#6520=CARTESIAN_POINT('Ctrl Pts',(-24.2499795046533,18.,1.63751172816519));
#6521=CARTESIAN_POINT('Ctrl Pts',(-24.2308863468472,18.,0.929280980185875));
#6522=CARTESIAN_POINT('Ctrl Pts',(-24.1753589417864,18.,0.255836391603708));
#6523=CARTESIAN_POINT('Ctrl Pts',(-24.0755287263527,18.,-0.345981245496592));
#6524=CARTESIAN_POINT('Ctrl Pts',(-23.9254202162567,18.,-0.842582836432827));
#6525=CARTESIAN_POINT('Ctrl Pts',(-23.7235068564956,18.,-1.20792376738654));
#6526=CARTESIAN_POINT('Ctrl Pts',(-23.4751071770639,18.,-1.42758158093572));
#6527=CARTESIAN_POINT('Ctrl Pts',(-23.1950870788559,18.,-1.50327645856271));
#6528=CARTESIAN_POINT('Ctrl Pts',(-22.90998439356,18.,-1.45664146906917));
#6529=CARTESIAN_POINT('Ctrl Pts',(-22.6495127158106,18.,-1.31930723497412));
#6530=CARTESIAN_POINT('Ctrl Pts',(-22.4391124614509,18.,-1.124235100043));
#6531=CARTESIAN_POINT('Ctrl Pts',(-22.2912059316123,18.,-0.895806757936035));
#6532=CARTESIAN_POINT('Ctrl Pts',(-22.1995214593763,18.,-0.642840934053608));
#6533=CARTESIAN_POINT('Ctrl Pts',(-22.1478323762867,18.,-0.364922286227756));
#6534=CARTESIAN_POINT('Ctrl Pts',(-22.1163917532738,18.,-0.0567042023565569));
#6535=CARTESIAN_POINT('Ctrl Pts',(-22.0897987866991,18.,0.286676046534405));
#6536=CARTESIAN_POINT('Ctrl Pts',(-22.0625309152038,18.,0.665741936863617));
#6537=CARTESIAN_POINT('Ctrl Pts',(-22.0351566260423,18.,1.07860842929275));
#6538=CARTESIAN_POINT('Ctrl Pts',(-22.016481523769,18.,1.43343563955744));
#6539=CARTESIAN_POINT('Ctrl Pts',(-22.0064133275164,18.,1.71203347675715));
#6540=CARTESIAN_POINT('Ctrl Pts',(-22.0017899216247,18.,1.90311889450684));
#6541=CARTESIAN_POINT('Ctrl Pts',(-22.0000003278256,18.,2.00000002980232));
#6542=CARTESIAN_POINT('Ctrl Pts',(-22.3503090439917,16.,5.17499201961853));
#6543=CARTESIAN_POINT('Ctrl Pts',(-22.431050108021,16.,5.22069354763015));
#6544=CARTESIAN_POINT('Ctrl Pts',(-22.5877864936755,16.,5.30131760875918));
#6545=CARTESIAN_POINT('Ctrl Pts',(-22.8086536583601,16.,5.38991672752308));
#6546=CARTESIAN_POINT('Ctrl Pts',(-23.0746184371158,16.,5.44325772924541));
#6547=CARTESIAN_POINT('Ctrl Pts',(-23.3596150832348,16.,5.40165573094629));
#6548=CARTESIAN_POINT('Ctrl Pts',(-23.5979537455932,16.,5.25208505793911));
#6549=CARTESIAN_POINT('Ctrl Pts',(-23.7915884522569,16.,4.99608027498666));
#6550=CARTESIAN_POINT('Ctrl Pts',(-23.9442923822146,16.,4.6370466935598));
#6551=CARTESIAN_POINT('Ctrl Pts',(-24.0609913245449,16.,4.18095176330403));
#6552=CARTESIAN_POINT('Ctrl Pts',(-24.1466966084053,16.,3.63708317796871));
#6553=CARTESIAN_POINT('Ctrl Pts',(-24.2056202559094,16.,3.01877199523117));
#6554=CARTESIAN_POINT('Ctrl Pts',(-24.2401331317873,16.,2.34430315946998));
#6555=CARTESIAN_POINT('Ctrl Pts',(-24.2499795046533,16.,1.63751172816519));
#6556=CARTESIAN_POINT('Ctrl Pts',(-24.2308863468472,16.,0.929280980185875));
#6557=CARTESIAN_POINT('Ctrl Pts',(-24.1753589417864,16.,0.255836391603708));
#6558=CARTESIAN_POINT('Ctrl Pts',(-24.0755287263527,16.,-0.345981245496592));
#6559=CARTESIAN_POINT('Ctrl Pts',(-23.9254202162567,16.,-0.842582836432827));
#6560=CARTESIAN_POINT('Ctrl Pts',(-23.7235068564956,16.,-1.20792376738654));
#6561=CARTESIAN_POINT('Ctrl Pts',(-23.4751071770639,16.,-1.42758158093572));
#6562=CARTESIAN_POINT('Ctrl Pts',(-23.1950870788559,16.,-1.50327645856271));
#6563=CARTESIAN_POINT('Ctrl Pts',(-22.90998439356,16.,-1.45664146906917));
#6564=CARTESIAN_POINT('Ctrl Pts',(-22.6495127158106,16.,-1.31930723497412));
#6565=CARTESIAN_POINT('Ctrl Pts',(-22.4391124614509,16.,-1.124235100043));
#6566=CARTESIAN_POINT('Ctrl Pts',(-22.2912059316123,16.,-0.895806757936035));
#6567=CARTESIAN_POINT('Ctrl Pts',(-22.1995214593763,16.,-0.642840934053608));
#6568=CARTESIAN_POINT('Ctrl Pts',(-22.1478323762867,16.,-0.364922286227756));
#6569=CARTESIAN_POINT('Ctrl Pts',(-22.1163917532738,16.,-0.0567042023565569));
#6570=CARTESIAN_POINT('Ctrl Pts',(-22.0897987866991,16.,0.286676046534405));
#6571=CARTESIAN_POINT('Ctrl Pts',(-22.0625309152038,16.,0.665741936863617));
#6572=CARTESIAN_POINT('Ctrl Pts',(-22.0351566260423,16.,1.07860842929275));
#6573=CARTESIAN_POINT('Ctrl Pts',(-22.016481523769,16.,1.43343563955744));
#6574=CARTESIAN_POINT('Ctrl Pts',(-22.0064133275164,16.,1.71203347675715));
#6575=CARTESIAN_POINT('Ctrl Pts',(-22.0017899216247,16.,1.90311889450684));
#6576=CARTESIAN_POINT('Ctrl Pts',(-22.0000003278256,16.,2.00000002980232));
#6577=CARTESIAN_POINT('Origin',(-23.1219342228466,16.,1.96999063534135));
#6578=CARTESIAN_POINT('Ctrl Pts',(27.7842220304769,17.,20.5602946165242));
#6579=CARTESIAN_POINT('Ctrl Pts',(27.7726462948168,17.,20.5742998622322));
#6580=CARTESIAN_POINT('Ctrl Pts',(27.7610705591566,17.,20.5883051079402));
#6581=CARTESIAN_POINT('Ctrl Pts',(27.563155629172,17.,20.8277583319155));
#6582=CARTESIAN_POINT('Ctrl Pts',(27.1830086415978,17.,21.2743357937538));
#6583=CARTESIAN_POINT('Ctrl Pts',(26.3978917837127,17.,22.147681397547));
#6584=CARTESIAN_POINT('Ctrl Pts',(25.5795817446303,17.,22.9909308579506));
#6585=CARTESIAN_POINT('Ctrl Pts',(24.7306101123554,17.,23.8026193394135));
#6586=CARTESIAN_POINT('Ctrl Pts',(24.0788684387384,17.,24.393475365167));
#6587=CARTESIAN_POINT('Ctrl Pts',(23.4133010912474,17.,24.9621682788127));
#6588=CARTESIAN_POINT('Ctrl Pts',(22.9042818973307,17.,25.3673448090178));
#6589=CARTESIAN_POINT('Ctrl Pts',(22.5601743734807,17.,25.6264331049828));
#6590=CARTESIAN_POINT('Ctrl Pts',(22.3295267922411,17.,25.7959172357799));
#6591=CARTESIAN_POINT('Ctrl Pts',(22.0970416586507,17.,25.9601650689992));
#6592=CARTESIAN_POINT('Ctrl Pts',(21.8632483343424,17.,26.1177654118787));
#6593=CARTESIAN_POINT('Ctrl Pts',(21.6874958233105,17.,26.2321268997523));
#6594=CARTESIAN_POINT('Ctrl Pts',(21.5409825417491,17.,26.3237066663735));
#6595=CARTESIAN_POINT('Ctrl Pts',(21.4240409466909,17.,26.3942880398692));
#6596=CARTESIAN_POINT('Ctrl Pts',(21.3075320721447,17.,26.462808463792));
#6597=CARTESIAN_POINT('Ctrl Pts',(21.1918893715986,17.,26.5279209610247));
#6598=CARTESIAN_POINT('Ctrl Pts',(21.0797079433093,17.,26.5875160657472));
#6599=CARTESIAN_POINT('Ctrl Pts',(20.9994798452182,17.,26.6280320795882));
#6600=CARTESIAN_POINT('Ctrl Pts',(20.9399431295655,17.,26.6559060899808));
#6601=CARTESIAN_POINT('Ctrl Pts',(20.902215363264,17.,26.6720566689332));
#6602=CARTESIAN_POINT('Ctrl Pts',(20.8728189565359,17.,26.6835837404665));
#6603=CARTESIAN_POINT('Ctrl Pts',(20.8522719280091,17.,26.6900033894917));
#6604=CARTESIAN_POINT('Ctrl Pts',(20.8415518877528,17.,26.6922105041762));
#6605=CARTESIAN_POINT('Ctrl Pts',(20.8360726135115,17.,26.6927912821598));
#6606=CARTESIAN_POINT('Ctrl Pts',(20.8320548923344,17.,26.6927572504508));
#6607=CARTESIAN_POINT('Ctrl Pts',(20.8297298809128,17.,26.6922714493042));
#6608=CARTESIAN_POINT('Ctrl Pts',(20.8282042901579,17.,26.6916386007832));
#6609=CARTESIAN_POINT('Ctrl Pts',(20.8273027997983,17.,26.6909842955751));
#6610=CARTESIAN_POINT('Ctrl Pts',(20.8266831010769,17.,26.6903064579171));
#6611=CARTESIAN_POINT('Ctrl Pts',(20.8262526132712,17.,26.6895535237365));
#6612=CARTESIAN_POINT('Ctrl Pts',(20.8259736684991,17.,26.688638440837));
#6613=CARTESIAN_POINT('Ctrl Pts',(20.8258611266802,17.,26.6874305867618));
#6614=CARTESIAN_POINT('Ctrl Pts',(20.8261335761909,17.,26.6855479652446));
#6615=CARTESIAN_POINT('Ctrl Pts',(20.8270000722455,17.,26.6830399038913));
#6616=CARTESIAN_POINT('Ctrl Pts',(20.8288564427084,17.,26.6797793977297));
#6617=CARTESIAN_POINT('Ctrl Pts',(20.8307496631827,17.,26.6768843657553));
#6618=CARTESIAN_POINT('Ctrl Pts',(20.8339625084315,17.,26.6725669700496));
#6619=CARTESIAN_POINT('Ctrl Pts',(20.8408917439448,17.,26.6648269543036));
#6620=CARTESIAN_POINT('Ctrl Pts',(20.8492821824235,17.,26.6563167946312));
#6621=CARTESIAN_POINT('Ctrl Pts',(20.8624706042295,17.,26.6440356925176));
#6622=CARTESIAN_POINT('Ctrl Pts',(20.8753996178421,17.,26.6328457716214));
#6623=CARTESIAN_POINT('Ctrl Pts',(20.8829224620505,17.,26.6265421482682));
#6624=CARTESIAN_POINT('Ctrl Pts',(27.7842220304769,17.0747998250855,20.5602946165242));
#6625=CARTESIAN_POINT('Ctrl Pts',(27.7726462948168,17.0747998250855,20.5742998622322));
#6626=CARTESIAN_POINT('Ctrl Pts',(27.7610705591566,17.0747998250855,20.5883051079402));
#6627=CARTESIAN_POINT('Ctrl Pts',(27.563155629172,17.0747998250855,20.8277583319155));
#6628=CARTESIAN_POINT('Ctrl Pts',(27.1830086415978,17.0747998250855,21.2743357937538));
#6629=CARTESIAN_POINT('Ctrl Pts',(26.3978917837127,17.0747998250855,22.147681397547));
#6630=CARTESIAN_POINT('Ctrl Pts',(25.5795817446303,17.0747998250855,22.9909308579506));
#6631=CARTESIAN_POINT('Ctrl Pts',(24.7306101123554,17.0747998250855,23.8026193394135));
#6632=CARTESIAN_POINT('Ctrl Pts',(24.0788684387384,17.0747998250855,24.393475365167));
#6633=CARTESIAN_POINT('Ctrl Pts',(23.4133010912474,17.0747998250855,24.9621682788127));
#6634=CARTESIAN_POINT('Ctrl Pts',(22.9042818973307,17.0747998250855,25.3673448090178));
#6635=CARTESIAN_POINT('Ctrl Pts',(22.5601743734807,17.0747998250855,25.6264331049828));
#6636=CARTESIAN_POINT('Ctrl Pts',(22.3295267922411,17.0747998250855,25.7959172357799));
#6637=CARTESIAN_POINT('Ctrl Pts',(22.0970416586507,17.0747998250855,25.9601650689992));
#6638=CARTESIAN_POINT('Ctrl Pts',(21.8632483343424,17.0747998250855,26.1177654118787));
#6639=CARTESIAN_POINT('Ctrl Pts',(21.6874958233105,17.0747998250855,26.2321268997523));
#6640=CARTESIAN_POINT('Ctrl Pts',(21.5409825417491,17.0747998250855,26.3237066663735));
#6641=CARTESIAN_POINT('Ctrl Pts',(21.4240409466909,17.0747998250855,26.3942880398692));
#6642=CARTESIAN_POINT('Ctrl Pts',(21.3075320721447,17.0747998250855,26.462808463792));
#6643=CARTESIAN_POINT('Ctrl Pts',(21.1918893715986,17.0747998250855,26.5279209610247));
#6644=CARTESIAN_POINT('Ctrl Pts',(21.0797079433093,17.0747998250855,26.5875160657472));
#6645=CARTESIAN_POINT('Ctrl Pts',(20.9994798452182,17.0747998250855,26.6280320795882));
#6646=CARTESIAN_POINT('Ctrl Pts',(20.9399431295655,17.0747998250855,26.6559060899808));
#6647=CARTESIAN_POINT('Ctrl Pts',(20.902215363264,17.0747998250855,26.6720566689332));
#6648=CARTESIAN_POINT('Ctrl Pts',(20.8728189565359,17.0747998250855,26.6835837404665));
#6649=CARTESIAN_POINT('Ctrl Pts',(20.8522719280091,17.0747998250855,26.6900033894917));
#6650=CARTESIAN_POINT('Ctrl Pts',(20.8415518877528,17.0747998250855,26.6922105041762));
#6651=CARTESIAN_POINT('Ctrl Pts',(20.8360726135115,17.0747998250855,26.6927912821598));
#6652=CARTESIAN_POINT('Ctrl Pts',(20.8320548923344,17.0747998250855,26.6927572504508));
#6653=CARTESIAN_POINT('Ctrl Pts',(20.8297298809128,17.0747998250855,26.6922714493042));
#6654=CARTESIAN_POINT('Ctrl Pts',(20.8282042901579,17.0747998250855,26.6916386007832));
#6655=CARTESIAN_POINT('Ctrl Pts',(20.8273027997983,17.0747998250855,26.6909842955751));
#6656=CARTESIAN_POINT('Ctrl Pts',(20.8266831010769,17.0747998250855,26.6903064579171));
#6657=CARTESIAN_POINT('Ctrl Pts',(20.8262526132712,17.0747998250855,26.6895535237365));
#6658=CARTESIAN_POINT('Ctrl Pts',(20.8259736684991,17.0747998250855,26.688638440837));
#6659=CARTESIAN_POINT('Ctrl Pts',(20.8258611266802,17.0747998250855,26.6874305867618));
#6660=CARTESIAN_POINT('Ctrl Pts',(20.8261335761909,17.0747998250855,26.6855479652446));
#6661=CARTESIAN_POINT('Ctrl Pts',(20.8270000722455,17.0747998250855,26.6830399038913));
#6662=CARTESIAN_POINT('Ctrl Pts',(20.8288564427084,17.0747998250855,26.6797793977297));
#6663=CARTESIAN_POINT('Ctrl Pts',(20.8307496631827,17.0747998250855,26.6768843657553));
#6664=CARTESIAN_POINT('Ctrl Pts',(20.8339625084315,17.0747998250855,26.6725669700496));
#6665=CARTESIAN_POINT('Ctrl Pts',(20.8408917439448,17.0747998250855,26.6648269543036));
#6666=CARTESIAN_POINT('Ctrl Pts',(20.8492821824235,17.0747998250855,26.6563167946312));
#6667=CARTESIAN_POINT('Ctrl Pts',(20.8624706042295,17.0747998250855,26.6440356925176));
#6668=CARTESIAN_POINT('Ctrl Pts',(20.8753996178421,17.0747998250855,26.6328457716214));
#6669=CARTESIAN_POINT('Ctrl Pts',(20.8829224620505,17.0747998250855,26.6265421482682));
#6670=CARTESIAN_POINT('Ctrl Pts',(27.79721812065,17.2243889164892,20.5710362563066));
#6671=CARTESIAN_POINT('Ctrl Pts',(27.7856423849898,17.2243889164892,20.5850415020146));
#6672=CARTESIAN_POINT('Ctrl Pts',(27.7740666493296,17.2243889164892,20.5990467477226));
#6673=CARTESIAN_POINT('Ctrl Pts',(27.5760476905348,17.2243889164892,20.8386265607064));
#6674=CARTESIAN_POINT('Ctrl Pts',(27.1956965888307,17.2243889164892,21.2854424592634));
#6675=CARTESIAN_POINT('Ctrl Pts',(26.4101882936423,17.2243889164892,22.1592245057286));
#6676=CARTESIAN_POINT('Ctrl Pts',(25.5914912977956,17.2243889164892,23.0028714995247));
#6677=CARTESIAN_POINT('Ctrl Pts',(24.7421047508316,17.2243889164892,23.8149574497162));
#6678=CARTESIAN_POINT('Ctrl Pts',(24.0900200698947,17.2243889164892,24.4061250511443));
#6679=CARTESIAN_POINT('Ctrl Pts',(23.4240475686866,17.2243889164892,24.9751650482938));
#6680=CARTESIAN_POINT('Ctrl Pts',(22.9146521735955,17.2243889164892,25.3806434539442));
#6681=CARTESIAN_POINT('Ctrl Pts',(22.5702408206126,17.2243889164892,25.6399599525833));
#6682=CARTESIAN_POINT('Ctrl Pts',(22.3393767184073,17.2243889164892,25.8096036934242));
#6683=CARTESIAN_POINT('Ctrl Pts',(22.1066465183732,17.2243889164892,25.9740250465034));
#6684=CARTESIAN_POINT('Ctrl Pts',(21.8725664348311,17.2243889164892,26.1318189973913));
#6685=CARTESIAN_POINT('Ctrl Pts',(21.6965716211419,17.2243889164892,26.2463383325528));
#6686=CARTESIAN_POINT('Ctrl Pts',(21.5498284384075,17.2243889164892,26.3380621591482));
#6687=CARTESIAN_POINT('Ctrl Pts',(21.4326765020076,17.2243889164892,26.4087704815567));
#6688=CARTESIAN_POINT('Ctrl Pts',(21.31593859051,17.2243889164892,26.4774257632171));
#6689=CARTESIAN_POINT('Ctrl Pts',(21.2000261129706,17.2243889164892,26.542691171645));
#6690=CARTESIAN_POINT('Ctrl Pts',(21.0874830250946,17.2243889164892,26.6024785667753));
#6691=CARTESIAN_POINT('Ctrl Pts',(21.0069044806108,17.2243889164892,26.6431725931985));
#6692=CARTESIAN_POINT('Ctrl Pts',(20.9469283509524,17.2243889164892,26.6712553597398));
#6693=CARTESIAN_POINT('Ctrl Pts',(20.9086682646141,17.2243889164892,26.6876358698632));
#6694=CARTESIAN_POINT('Ctrl Pts',(20.8785783426728,17.2243889164892,26.6994383358373));
#6695=CARTESIAN_POINT('Ctrl Pts',(20.8568647119321,17.2243889164892,26.7062533642494));
#6696=CARTESIAN_POINT('Ctrl Pts',(20.8444615755172,17.2243889164892,26.7088490164085));
#6697=CARTESIAN_POINT('Ctrl Pts',(20.837173753154,17.2243889164892,26.7096490967348));
#6698=CARTESIAN_POINT('Ctrl Pts',(20.8306732681558,17.2243889164892,26.7096399675842));
#6699=CARTESIAN_POINT('Ctrl Pts',(20.8252203556938,17.2243889164892,26.7086672292231));
#6700=CARTESIAN_POINT('Ctrl Pts',(20.8201511135388,17.2243889164892,26.7066130579811));
#6701=CARTESIAN_POINT('Ctrl Pts',(20.8161039180049,17.2243889164892,26.7037789849328));
#6702=CARTESIAN_POINT('Ctrl Pts',(20.8129047316705,17.2243889164892,26.7002687542054));
#6703=CARTESIAN_POINT('Ctrl Pts',(20.8105937834774,17.2243889164892,26.696177162763));
#6704=CARTESIAN_POINT('Ctrl Pts',(20.8092298137841,17.2243889164892,26.6915887888024));
#6705=CARTESIAN_POINT('Ctrl Pts',(20.8088832327726,17.2243889164892,26.6865615998222));
#6706=CARTESIAN_POINT('Ctrl Pts',(20.8097754912222,17.2243889164893,26.6809166187206));
#6707=CARTESIAN_POINT('Ctrl Pts',(20.8117218355603,17.2243889164892,26.6757785425109));
#6708=CARTESIAN_POINT('Ctrl Pts',(20.8144993136997,17.2243889164893,26.6709227349444));
#6709=CARTESIAN_POINT('Ctrl Pts',(20.8170629695258,17.2243889164893,26.6670081476635));
#6710=CARTESIAN_POINT('Ctrl Pts',(20.8209993997095,17.2243889164892,26.6617587430693));
#6711=CARTESIAN_POINT('Ctrl Pts',(20.828667691324,17.2243889164892,26.6532046138183));
#6712=CARTESIAN_POINT('Ctrl Pts',(20.8375915522137,17.2243889164892,26.6441602968666));
#6713=CARTESIAN_POINT('Ctrl Pts',(20.8512593347062,17.2243889164892,26.6314378268267));
#6714=CARTESIAN_POINT('Ctrl Pts',(20.8644527745584,17.2243889164892,26.6200209943985));
#6715=CARTESIAN_POINT('Ctrl Pts',(20.872093517717,17.2243889164892,26.6136187141417));
#6716=CARTESIAN_POINT('Ctrl Pts',(27.8546833647764,17.4375741613863,20.6185329221649));
#6717=CARTESIAN_POINT('Ctrl Pts',(27.8431076291163,17.4375741613863,20.6325381678728));
#6718=CARTESIAN_POINT('Ctrl Pts',(27.8315318934561,17.4375741613863,20.6465434135808));
#6719=CARTESIAN_POINT('Ctrl Pts',(27.6330504520537,17.4375741613863,20.8866828497272));
#6720=CARTESIAN_POINT('Ctrl Pts',(27.2518011803009,17.4375741613863,21.3345528441336));
#6721=CARTESIAN_POINT('Ctrl Pts',(26.4645551005769,17.4375741613863,22.2102661924572));
#6722=CARTESIAN_POINT('Ctrl Pts',(25.6441519650362,17.4375741613863,23.055670348843));
#6723=CARTESIAN_POINT('Ctrl Pts',(24.792929706445,17.4375741613863,23.869513180528));
#6724=CARTESIAN_POINT('Ctrl Pts',(24.1393259125538,17.4375741613863,24.4620599394573));
#6725=CARTESIAN_POINT('Ctrl Pts',(23.4715625154129,17.4375741613863,25.0326344836108));
#6726=CARTESIAN_POINT('Ctrl Pts',(22.9604951911088,17.4375741613863,25.4394501622232));
#6727=CARTESIAN_POINT('Ctrl Pts',(22.6147466500206,17.4375741613863,25.6997740839811));
#6728=CARTESIAN_POINT('Ctrl Pts',(22.382920589665,17.4375741613863,25.8701249158739));
#6729=CARTESIAN_POINT('Ctrl Pts',(22.1491073038692,17.4375741613863,26.0353135546616));
#6730=CARTESIAN_POINT('Ctrl Pts',(21.9137581013131,17.4375741613863,26.1939638935124));
#6731=CARTESIAN_POINT('Ctrl Pts',(21.7366925356441,17.4375741613863,26.3091807891533));
#6732=CARTESIAN_POINT('Ctrl Pts',(21.5889288377636,17.4375741613863,26.4015435148641));
#6733=CARTESIAN_POINT('Ctrl Pts',(21.4708526546799,17.4375741613863,26.4728101345388));
#6734=CARTESIAN_POINT('Ctrl Pts',(21.3530935688721,17.4375741613863,26.5420661466586));
#6735=CARTESIAN_POINT('Ctrl Pts',(21.2359874412807,17.4375741613863,26.6080070853339));
#6736=CARTESIAN_POINT('Ctrl Pts',(21.1218576585218,17.4375741613863,26.6686405440636));
#6737=CARTESIAN_POINT('Ctrl Pts',(21.0397189134465,17.4375741613863,26.7101253427543));
#6738=CARTESIAN_POINT('Ctrl Pts',(20.977810191418,17.4375741613863,26.7391285314875));
#6739=CARTESIAN_POINT('Ctrl Pts',(20.9371854582215,17.4375741613863,26.7565306112399));
#6740=CARTESIAN_POINT('Ctrl Pts',(20.9040450451318,17.4375741613863,26.7695467940419));
#6741=CARTESIAN_POINT('Ctrl Pts',(20.8771732679525,17.4375741613863,26.7781084158733));
#6742=CARTESIAN_POINT('Ctrl Pts',(20.8573257937488,17.4375741613863,26.7824257931845));
#6743=CARTESIAN_POINT('Ctrl Pts',(20.8420438945274,17.4375741613863,26.7841910448468));
#6744=CARTESIAN_POINT('Ctrl Pts',(20.8245592114436,17.4375741613863,26.7843003715686));
#6745=CARTESIAN_POINT('Ctrl Pts',(20.8052832678739,17.4375741613863,26.7811602349929));
#6746=CARTESIAN_POINT('Ctrl Pts',(20.7845383389292,17.4375741613863,26.7728302269398));
#6747=CARTESIAN_POINT('Ctrl Pts',(20.766581946545,17.4375741613863,26.7603554610109));
#6748=CARTESIAN_POINT('Ctrl Pts',(20.7519741320928,17.4375741613863,26.7443232677532));
#6749=CARTESIAN_POINT('Ctrl Pts',(20.7413467094213,17.4375741613863,26.7254701686861));
#6750=CARTESIAN_POINT('Ctrl Pts',(20.7351837702696,17.4375741613863,26.7046395418572));
#6751=CARTESIAN_POINT('Ctrl Pts',(20.7337971564896,17.4375741613863,26.6827276912526));
#6752=CARTESIAN_POINT('Ctrl Pts',(20.7374365101748,17.4375741613863,26.6604430009271));
#6753=CARTESIAN_POINT('Ctrl Pts',(20.7441392984929,17.4375741613863,26.6436849326632));
#6754=CARTESIAN_POINT('Ctrl Pts',(20.7510181453502,17.4375741613863,26.6317602353565));
#6755=CARTESIAN_POINT('Ctrl Pts',(20.7565280947193,17.4375741613863,26.6233471638175));
#6756=CARTESIAN_POINT('Ctrl Pts',(20.7636850601764,17.4375741613863,26.6139651781267));
#6757=CARTESIAN_POINT('Ctrl Pts',(20.77462061084,17.4375741613863,26.6018118026984));
#6758=CARTESIAN_POINT('Ctrl Pts',(20.7858996473459,17.4375741613863,26.590406952216));
#6759=CARTESIAN_POINT('Ctrl Pts',(20.8016875650125,17.4375741613863,26.5757325535714));
#6760=CARTESIAN_POINT('Ctrl Pts',(20.8160514588382,17.4375741613863,26.5633115634444));
#6761=CARTESIAN_POINT('Ctrl Pts',(20.8242108144214,17.4375741613863,26.5564747356726));
#6762=CARTESIAN_POINT('Ctrl Pts',(27.9473225725157,17.6287036086118,20.6951018737503));
#6763=CARTESIAN_POINT('Ctrl Pts',(27.9357468368555,17.6287036086118,20.7091071194583));
#6764=CARTESIAN_POINT('Ctrl Pts',(27.9241711011954,17.6287036086118,20.7231123651662));
#6765=CARTESIAN_POINT('Ctrl Pts',(27.724943989399,17.6287036086118,20.9641539597251));
#6766=CARTESIAN_POINT('Ctrl Pts',(27.3422469718383,17.6287036086118,21.4137232438022));
#6767=CARTESIAN_POINT('Ctrl Pts',(26.5521991288949,17.6287036086118,22.2925500892156));
#6768=CARTESIAN_POINT('Ctrl Pts',(25.7290457486874,17.6287036086118,23.140786925158));
#6769=CARTESIAN_POINT('Ctrl Pts',(24.8748641101764,17.6287036086118,23.9574619834525));
#6770=CARTESIAN_POINT('Ctrl Pts',(24.2188112644642,17.6287036086118,24.5522321318027));
#6771=CARTESIAN_POINT('Ctrl Pts',(23.5481608049135,17.6287036086118,25.1252804985269));
#6772=CARTESIAN_POINT('Ctrl Pts',(23.0343978176267,17.6287036086118,25.5342520877864));
#6773=CARTESIAN_POINT('Ctrl Pts',(22.6864938743814,17.6287036086118,25.7961999979966));
#6774=CARTESIAN_POINT('Ctrl Pts',(22.4531168555664,17.6287036086118,25.9676907820807));
#6775=CARTESIAN_POINT('Ctrl Pts',(22.2175575595668,17.6287036086118,26.1341163564764));
#6776=CARTESIAN_POINT('Ctrl Pts',(21.9801623727264,17.6287036086118,26.2941472837223));
#6777=CARTESIAN_POINT('Ctrl Pts',(21.8013706848506,17.6287036086118,26.4104886934298));
#6778=CARTESIAN_POINT('Ctrl Pts',(21.6519616551509,17.6287036086118,26.5038814638488));
#6779=CARTESIAN_POINT('Ctrl Pts',(21.5323957504895,17.6287036086118,26.5760479801699));
#6780=CARTESIAN_POINT('Ctrl Pts',(21.4129900793232,17.6287036086118,26.6462726130704));
#6781=CARTESIAN_POINT('Ctrl Pts',(21.2939596463954,17.6287036086118,26.7133025423733));
#6782=CARTESIAN_POINT('Ctrl Pts',(21.1772724981712,17.6287036086118,26.7752997540206));
#6783=CARTESIAN_POINT('Ctrl Pts',(21.0926181151285,17.6287036086118,26.818059505073));
#6784=CARTESIAN_POINT('Ctrl Pts',(21.0275943204058,17.6287036086118,26.8485463856534));
#6785=CARTESIAN_POINT('Ctrl Pts',(20.9831570979557,17.6287036086118,26.8675955364252));
#6786=CARTESIAN_POINT('Ctrl Pts',(20.9450996990616,17.6287036086118,26.8825681707053));
#6787=CARTESIAN_POINT('Ctrl Pts',(20.9099125309609,17.6287036086118,26.8939453891136));
#6788=CARTESIAN_POINT('Ctrl Pts',(20.8780640151853,17.6287036086118,26.901038502528));
#6789=CARTESIAN_POINT('Ctrl Pts',(20.8498950569592,17.6287036086118,26.9043595054893));
#6790=CARTESIAN_POINT('Ctrl Pts',(20.8147025870653,17.6287036086118,26.9046601493635));
#6791=CARTESIAN_POINT('Ctrl Pts',(20.7731429869166,17.6287036086118,26.8980253605051));
#6792=CARTESIAN_POINT('Ctrl Pts',(20.7271271416013,17.6287036086118,26.8795785099467));
#6793=CARTESIAN_POINT('Ctrl Pts',(20.6867478685822,17.6287036086118,26.8515619692315));
#6794=CARTESIAN_POINT('Ctrl Pts',(20.6537481862141,17.6287036086118,26.8153433223191));
#6795=CARTESIAN_POINT('Ctrl Pts',(20.6297137818483,17.6287036086118,26.772693377166));
#6796=CARTESIAN_POINT('Ctrl Pts',(20.6158144123344,17.6287036086118,26.7256787618643));
#6797=CARTESIAN_POINT('Ctrl Pts',(20.6127509505508,17.6287036086118,26.6765474444436));
#6798=CARTESIAN_POINT('Ctrl Pts',(20.6208191474544,17.6287036086119,26.6274378755952));
#6799=CARTESIAN_POINT('Ctrl Pts',(20.6351889745475,17.6287036086118,26.5919477150978));
#6800=CARTESIAN_POINT('Ctrl Pts',(20.6486808146697,17.6287036086118,26.5686266891226));
#6801=CARTESIAN_POINT('Ctrl Pts',(20.6589396824342,17.6287036086118,26.5529620652539));
#6802=CARTESIAN_POINT('Ctrl Pts',(20.6712893403848,17.6287036086118,26.5369174930067));
#6803=CARTESIAN_POINT('Ctrl Pts',(20.6874919825424,17.6287036086118,26.5189618281928));
#6804=CARTESIAN_POINT('Ctrl Pts',(20.7025676285566,17.6287036086118,26.503751640916));
#6805=CARTESIAN_POINT('Ctrl Pts',(20.7217734198218,17.6287036086118,26.4859305420472));
#6806=CARTESIAN_POINT('Ctrl Pts',(20.7380242445425,17.6287036086118,26.4718907235023));
#6807=CARTESIAN_POINT('Ctrl Pts',(20.747019535325,17.6287036086118,26.4643534374354));
#6808=CARTESIAN_POINT('Ctrl Pts',(28.1113438224606,17.8418124263532,20.8306701223623));
#6809=CARTESIAN_POINT('Ctrl Pts',(28.0997680868004,17.8418124263532,20.8446753680703));
#6810=CARTESIAN_POINT('Ctrl Pts',(28.0881923511403,17.8418124263532,20.8586806137782));
#6811=CARTESIAN_POINT('Ctrl Pts',(27.8876447280202,17.8418124263532,21.1013195010929));
#6812=CARTESIAN_POINT('Ctrl Pts',(27.5023849000682,17.8418124263532,21.5538974195647));
#6813=CARTESIAN_POINT('Ctrl Pts',(26.7073756664092,17.8418124263532,22.4382369912875));
#6814=CARTESIAN_POINT('Ctrl Pts',(25.8793534079978,17.8418124263531,23.291489126008));
#6815=CARTESIAN_POINT('Ctrl Pts',(25.0199319572615,17.8418124263532,24.1131786816501));
#6816=CARTESIAN_POINT('Ctrl Pts',(24.3595427060026,17.8418124263532,24.7118855850071));
#6817=CARTESIAN_POINT('Ctrl Pts',(23.6837806565601,17.8418124263532,25.2893139309892));
#6818=CARTESIAN_POINT('Ctrl Pts',(23.1652439670479,17.8418124263531,25.7021029119155));
#6819=CARTESIAN_POINT('Ctrl Pts',(22.8135244885686,17.8418124263531,25.9669259771482));
#6820=CARTESIAN_POINT('Ctrl Pts',(22.577400938844,17.8418124263531,26.1404352367081));
#6821=CARTESIAN_POINT('Ctrl Pts',(22.3387503235813,17.8418124263531,26.3090508557446));
#6822=CARTESIAN_POINT('Ctrl Pts',(22.0977325179206,17.8418124263531,26.4715262008189));
#6823=CARTESIAN_POINT('Ctrl Pts',(21.9158847356302,17.8418124263531,26.5898585619271));
#6824=CARTESIAN_POINT('Ctrl Pts',(21.7635621498864,17.8418124263531,26.6850752745032));
#6825=CARTESIAN_POINT('Ctrl Pts',(21.6413592749823,17.8418124263531,26.7588347592905));
#6826=CARTESIAN_POINT('Ctrl Pts',(21.5190373372519,17.8418124263531,26.8307748572724));
#6827=CARTESIAN_POINT('Ctrl Pts',(21.3965997641539,17.8418124263531,26.8997328199975));
#6828=CARTESIAN_POINT('Ctrl Pts',(21.2753860693177,17.8418124263531,26.9641441485901));
#6829=CARTESIAN_POINT('Ctrl Pts',(21.1862764893203,17.8418124263531,27.0091616512632));
#6830=CARTESIAN_POINT('Ctrl Pts',(21.1157384771971,17.8418124263532,27.042275175285));
#6831=CARTESIAN_POINT('Ctrl Pts',(21.0645499057877,17.8418124263531,27.0642410624581));
#6832=CARTESIAN_POINT('Ctrl Pts',(21.0177885549594,17.8418124263532,27.082677229841));
#6833=CARTESIAN_POINT('Ctrl Pts',(20.967878698347,17.8418124263532,27.0990393864542));
#6834=CARTESIAN_POINT('Ctrl Pts',(20.9147816467668,17.8418124263531,27.1110474537831));
#6835=CARTESIAN_POINT('Ctrl Pts',(20.8637959704773,17.8418124263532,27.1171224777751));
#6836=CARTESIAN_POINT('Ctrl Pts',(20.7972505225285,17.8418124263531,27.1177627704301));
#6837=CARTESIAN_POINT('Ctrl Pts',(20.7162377040231,17.8418124263531,27.1049390000163));
#6838=CARTESIAN_POINT('Ctrl Pts',(20.6254780136179,17.8418124263531,27.0685808665406));
#6839=CARTESIAN_POINT('Ctrl Pts',(20.5453982052243,17.8418124263531,27.0130467643322));
#6840=CARTESIAN_POINT('Ctrl Pts',(20.479834710071,17.8418124263531,26.9410874642563));
#6841=CARTESIAN_POINT('Ctrl Pts',(20.432062560162,17.8418124263531,26.8563044210655));
#6842=CARTESIAN_POINT('Ctrl Pts',(20.4044654055281,17.8418124263531,26.7629300623074));
#6843=CARTESIAN_POINT('Ctrl Pts',(20.3984324533337,17.8418124263532,26.6656060156046));
#6844=CARTESIAN_POINT('Ctrl Pts',(20.4143427946771,17.8418124263532,26.5690015863597));
#6845=CARTESIAN_POINT('Ctrl Pts',(20.4422853942881,17.8418124263532,26.5003465541176));
#6846=CARTESIAN_POINT('Ctrl Pts',(20.4674889122635,17.8418124263532,26.4568462613868));
#6847=CARTESIAN_POINT('Ctrl Pts',(20.4861539271485,17.8418124263532,26.4283435526487));
#6848=CARTESIAN_POINT('Ctrl Pts',(20.5076997507623,17.8418124263532,26.4005013578861));
#6849=CARTESIAN_POINT('Ctrl Pts',(20.5332279080312,17.8418124263532,26.3722725783619));
#6850=CARTESIAN_POINT('Ctrl Pts',(20.5550252149753,17.8418124263532,26.3503250470605));
#6851=CARTESIAN_POINT('Ctrl Pts',(20.5802825398808,17.8418124263532,26.326932560666));
#6852=CARTESIAN_POINT('Ctrl Pts',(20.5998743827025,17.8418124263532,26.3100264553017));
#6853=CARTESIAN_POINT('Ctrl Pts',(20.6103494321233,17.8418124263532,26.3012491660136));
#6854=CARTESIAN_POINT('Ctrl Pts',(28.3243062151309,17.9749683853101,21.0066896235197));
#6855=CARTESIAN_POINT('Ctrl Pts',(28.3127304794707,17.9749683853101,21.0206948692277));
#6856=CARTESIAN_POINT('Ctrl Pts',(28.3011547438105,17.9749683853101,21.0347001149357));
#6857=CARTESIAN_POINT('Ctrl Pts',(28.0988929436106,17.9749683853101,21.2794129168112));
#6858=CARTESIAN_POINT('Ctrl Pts',(27.7103049895697,17.9749683853101,21.7358972241834));
#6859=CARTESIAN_POINT('Ctrl Pts',(26.9088549526575,17.9749683853101,22.6273942183016));
#6860=CARTESIAN_POINT('Ctrl Pts',(26.0745103367963,17.9749683853101,23.4871582195079));
#6861=CARTESIAN_POINT('Ctrl Pts',(25.2082857542826,17.9749683853101,24.3153586003902));
#6862=CARTESIAN_POINT('Ctrl Pts',(24.5422665306111,17.9749683853101,24.9191767141211));
#6863=CARTESIAN_POINT('Ctrl Pts',(23.8598675973517,17.9749683853101,25.5022919735581));
#6864=CARTESIAN_POINT('Ctrl Pts',(23.3351340100102,17.9749683853101,25.9200370433026));
#6865=CARTESIAN_POINT('Ctrl Pts',(22.9784596212866,17.9749683853101,26.1885933906765));
#6866=CARTESIAN_POINT('Ctrl Pts',(22.7387706665972,17.9749683853101,26.3647232154274));
#6867=CARTESIAN_POINT('Ctrl Pts',(22.496106259926,17.9749683853101,26.5361823472255));
#6868=CARTESIAN_POINT('Ctrl Pts',(22.2503850696349,17.9749683853101,26.7018314396397));
#6869=CARTESIAN_POINT('Ctrl Pts',(22.0645692153145,17.9749683853101,26.8227488742963));
#6870=CARTESIAN_POINT('Ctrl Pts',(21.9084642763515,17.9749683853101,26.9203334933549));
#6871=CARTESIAN_POINT('Ctrl Pts',(21.7828367815378,17.9749683853101,26.9961616900492));
#6872=CARTESIAN_POINT('Ctrl Pts',(21.6567296039563,17.9749683853101,27.0703284937323));
#6873=CARTESIAN_POINT('Ctrl Pts',(21.5298683666528,17.9749683853101,27.1417898672019));
#6874=CARTESIAN_POINT('Ctrl Pts',(21.4027757204996,17.9749683853101,27.2093362361541));
#6875=CARTESIAN_POINT('Ctrl Pts',(21.3078830883722,17.9749683853101,27.2572846498907));
#6876=CARTESIAN_POINT('Ctrl Pts',(21.2301840448872,17.9749683853101,27.2938089359761));
#6877=CARTESIAN_POINT('Ctrl Pts',(21.170231171992,17.9749683853101,27.3195611755239));
#6878=CARTESIAN_POINT('Ctrl Pts',(21.1121664924267,17.9749683853101,27.3424949005637));
#6879=CARTESIAN_POINT('Ctrl Pts',(21.0431409118837,17.9749683853101,27.3653296515312));
#6880=CARTESIAN_POINT('Ctrl Pts',(20.9624554254643,17.9749683853101,27.383718686452));
#6881=CARTESIAN_POINT('Ctrl Pts',(20.8818445106137,17.9749683853101,27.3933701233253));
#6882=CARTESIAN_POINT('Ctrl Pts',(20.774591749183,17.9749683853101,27.3944502320528));
#6883=CARTESIAN_POINT('Ctrl Pts',(20.6423524559607,17.9749683853101,27.3735928116041));
#6884=CARTESIAN_POINT('Ctrl Pts',(20.4934990531557,17.9749683853101,27.3139777210518));
#6885=CARTESIAN_POINT('Ctrl Pts',(20.3618727084821,17.9749683853101,27.2227156170049));
#6886=CARTESIAN_POINT('Ctrl Pts',(20.2540293128256,17.97496838531,27.1043509626806));
#6887=CARTESIAN_POINT('Ctrl Pts',(20.1754367022119,17.9749683853101,26.9648628622355));
#6888=CARTESIAN_POINT('Ctrl Pts',(20.1300547576199,17.97496838531,26.8112957949611));
#6889=CARTESIAN_POINT('Ctrl Pts',(20.1201670003028,17.9749683853102,26.6513986480352));
#6890=CARTESIAN_POINT('Ctrl Pts',(20.1462585352608,17.9749683853102,26.4931282048313));
#6891=CARTESIAN_POINT('Ctrl Pts',(20.1918263832213,17.9749683853102,26.3814111653231));
#6892=CARTESIAN_POINT('Ctrl Pts',(20.2322321229929,17.9749683853102,26.3117125597565));
#6893=CARTESIAN_POINT('Ctrl Pts',(20.2618141047503,17.9749683853102,26.2665397285313));
#6894=CARTESIAN_POINT('Ctrl Pts',(20.295297102676,17.9749683853102,26.2233813238753));
#6895=CARTESIAN_POINT('Ctrl Pts',(20.3329334414356,17.9749683853101,26.1818140302953));
#6896=CARTESIAN_POINT('Ctrl Pts',(20.3634585290772,17.9749683853101,26.1511186533627));
#6897=CARTESIAN_POINT('Ctrl Pts',(20.3965729871706,17.9749683853101,26.1204924172677));
#6898=CARTESIAN_POINT('Ctrl Pts',(20.4205025769799,17.9749683853101,26.0998648891378));
#6899=CARTESIAN_POINT('Ctrl Pts',(20.4328993017646,17.9749683853101,26.0894773626137));
#6900=CARTESIAN_POINT('Ctrl Pts',(28.4973613194447,18.,21.1497246108343));
#6901=CARTESIAN_POINT('Ctrl Pts',(28.4857855837845,18.,21.1637298565423));
#6902=CARTESIAN_POINT('Ctrl Pts',(28.4742098481244,18.,21.1777351022503));
#6903=CARTESIAN_POINT('Ctrl Pts',(28.2705551661064,18.,21.4241331887751));
#6904=CARTESIAN_POINT('Ctrl Pts',(27.8792626190239,18.,21.8837918680775));
#6905=CARTESIAN_POINT('Ctrl Pts',(27.0725789337969,18.,22.7811050030238));
#6906=CARTESIAN_POINT('Ctrl Pts',(26.2330965712114,18.,23.6461606223128));
#6907=CARTESIAN_POINT('Ctrl Pts',(25.3613437357686,18.,24.4796517750103));
#6908=CARTESIAN_POINT('Ctrl Pts',(24.6907496186889,18.,25.0876232602358));
#6909=CARTESIAN_POINT('Ctrl Pts',(24.0029574782973,18.,25.6753597601433));
#6910=CARTESIAN_POINT('Ctrl Pts',(23.4731884869363,18.,26.0971321185822));
#6911=CARTESIAN_POINT('Ctrl Pts',(23.1124875103135,18.,26.3687222116554));
#6912=CARTESIAN_POINT('Ctrl Pts',(22.8699014106484,18.,26.5469814912109));
#6913=CARTESIAN_POINT('Ctrl Pts',(22.6239753462581,18.,26.7207512855677));
#6914=CARTESIAN_POINT('Ctrl Pts',(22.374432178205,18.,26.8889793838672));
#6915=CARTESIAN_POINT('Ctrl Pts',(22.185391814803,18.,27.0119974836414));
#6916=CARTESIAN_POINT('Ctrl Pts',(22.0262134189449,18.,27.1115062281474));
#6917=CARTESIAN_POINT('Ctrl Pts',(21.8978028764129,18.,27.1890155676886));
#6918=CARTESIAN_POINT('Ctrl Pts',(21.7686200281934,18.,27.2649916815749));
#6919=CARTESIAN_POINT('Ctrl Pts',(21.6381641052603,18.,27.3384873662655));
#6920=CARTESIAN_POINT('Ctrl Pts',(21.5062938046233,18.,27.4085814199546));
#6921=CARTESIAN_POINT('Ctrl Pts',(21.4067021264988,18.,27.4589114102316));
#6922=CARTESIAN_POINT('Ctrl Pts',(21.3231836605648,18.,27.4982073892301));
#6923=CARTESIAN_POINT('Ctrl Pts',(21.2561091597004,18.,27.5270363082718));
#6924=CARTESIAN_POINT('Ctrl Pts',(21.1888588236201,18.,27.5536249059531));
#6925=CARTESIAN_POINT('Ctrl Pts',(21.104299630914,18.,27.5817193928948));
#6926=CARTESIAN_POINT('Ctrl Pts',(21.0011956037618,18.,27.6052935484872));
#6927=CARTESIAN_POINT('Ctrl Pts',(20.8965108770924,18.,27.6178513430448));
#6928=CARTESIAN_POINT('Ctrl Pts',(20.7561791754506,18.,27.6192886044341));
#6929=CARTESIAN_POINT('Ctrl Pts',(20.5823125733348,17.9999999999999,27.5919033905675));
#6930=CARTESIAN_POINT('Ctrl Pts',(20.3862519058928,17.9999999999999,27.5133892317999));
#6931=CARTESIAN_POINT('Ctrl Pts',(20.2127383866377,18.,27.3930943096816));
#6932=CARTESIAN_POINT('Ctrl Pts',(20.070538056874,17.9999999999999,27.2370201957568));
#6933=CARTESIAN_POINT('Ctrl Pts',(19.9669005166655,18.,27.0530782532616));
#6934=CARTESIAN_POINT('Ctrl Pts',(19.9070665337454,17.9999999999999,26.8505980624102));
#6935=CARTESIAN_POINT('Ctrl Pts',(19.8940464804255,18.,26.6398533658672));
#6936=CARTESIAN_POINT('Ctrl Pts',(19.9284111520103,18.0000000000001,26.4314726847771));
#6937=CARTESIAN_POINT('Ctrl Pts',(19.9883019717005,18.,26.2847628093465));
#6938=CARTESIAN_POINT('Ctrl Pts',(20.0410603312884,18.,26.1937756640696));
#6939=CARTESIAN_POINT('Ctrl Pts',(20.0795140716908,18.,26.1350562592066));
#6940=CARTESIAN_POINT('Ctrl Pts',(20.1226967024069,18.,26.079452106626));
#6941=CARTESIAN_POINT('Ctrl Pts',(20.1701722745675,18.,26.0270458036762));
#6942=CARTESIAN_POINT('Ctrl Pts',(20.2077897355714,18.,25.9892418105402));
#6943=CARTESIAN_POINT('Ctrl Pts',(20.2472889532539,18.,25.9527373754696));
#6944=CARTESIAN_POINT('Ctrl Pts',(20.2747433979579,18.,25.9290858106433));
#6945=CARTESIAN_POINT('Ctrl Pts',(20.288701772639,18.,25.917389741562));
#6946=CARTESIAN_POINT('Ctrl Pts',(28.5550166199112,18.,21.1973783636869));
#6947=CARTESIAN_POINT('Ctrl Pts',(28.5434408842511,18.,21.2113836093949));
#6948=CARTESIAN_POINT('Ctrl Pts',(28.5318651485909,18.,21.2253888551028));
#6949=CARTESIAN_POINT('Ctrl Pts',(28.3277460336796,18.,21.4723483954685));
#6950=CARTESIAN_POINT('Ctrl Pts',(27.9355530825788,18.,21.9330646218337));
#6951=CARTESIAN_POINT('Ctrl Pts',(27.1271246929339,18.,22.8323156937534));
#6952=CARTESIAN_POINT('Ctrl Pts',(26.2859313707512,18.,23.6991341819175));
#6953=CARTESIAN_POINT('Ctrl Pts',(25.4123365720337,18.,24.5343879222785));
#6954=CARTESIAN_POINT('Ctrl Pts',(24.7402179087064,18.,25.1437433713339));
#6955=CARTESIAN_POINT('Ctrl Pts',(24.0506290480713,18.,25.7330194658959));
#6956=CARTESIAN_POINT('Ctrl Pts',(23.5191811699955,18.,26.1561339349503));
#6957=CARTESIAN_POINT('Ctrl Pts',(23.1571396388753,18.,26.4287345084634));
#6958=CARTESIAN_POINT('Ctrl Pts',(22.9135876306007,18.,26.6077034432705));
#6959=CARTESIAN_POINT('Ctrl Pts',(22.6665749881522,18.,26.7822430655825));
#6960=CARTESIAN_POINT('Ctrl Pts',(22.4157583104238,18.,26.9513304356282));
#6961=CARTESIAN_POINT('Ctrl Pts',(22.2256437626009,18.,27.0750483358099));
#6962=CARTESIAN_POINT('Ctrl Pts',(22.0654408097757,18.,27.1751984135924));
#6963=CARTESIAN_POINT('Ctrl Pts',(21.9361039462704,18.,27.2532673847727));
#6964=CARTESIAN_POINT('Ctrl Pts',(21.8058951242252,18.,27.3298469621695));
#6965=CARTESIAN_POINT('Ctrl Pts',(21.6742414739226,18.,27.4040203097507));
#6966=CARTESIAN_POINT('Ctrl Pts',(21.5407813329514,18.,27.4749625181671));
#6967=CARTESIAN_POINT('Ctrl Pts',(21.4396225033562,18.,27.5260865112057));
#6968=CARTESIAN_POINT('Ctrl Pts',(21.3541668034908,18.,27.5663055110655));
#6969=CARTESIAN_POINT('Ctrl Pts',(21.2847180022471,18.,27.5961602004871));
#6970=CARTESIAN_POINT('Ctrl Pts',(21.2144097921149,18.,27.6239658540042));
#6971=CARTESIAN_POINT('Ctrl Pts',(21.1246754366924,18.,27.6538124295299));
#6972=CARTESIAN_POINT('Ctrl Pts',(21.0141020907966,18.,27.6791146311946));
#6973=CARTESIAN_POINT('Ctrl Pts',(20.9013973272185,18.,27.6926400261896));
#6974=CARTESIAN_POINT('Ctrl Pts',(20.7500440741516,18.,27.6941975421044));
#6975=CARTESIAN_POINT('Ctrl Pts',(20.5623100242194,17.9999999999999,27.664635351828));
#6976=CARTESIAN_POINT('Ctrl Pts',(20.3505207115296,17.9999999999999,27.5798260962112));
#6977=CARTESIAN_POINT('Ctrl Pts',(20.1630520390867,18.,27.4498582015585));
#6978=CARTESIAN_POINT('Ctrl Pts',(20.0094048733006,17.9999999999999,27.2812210690516));
#6979=CARTESIAN_POINT('Ctrl Pts',(19.8974230868512,18.,27.0824689907436));
#6980=CARTESIAN_POINT('Ctrl Pts',(19.8327740470989,17.9999999999999,26.8636928387672));
#6981=CARTESIAN_POINT('Ctrl Pts',(19.8187096488512,18.,26.6360082139482));
#6982=CARTESIAN_POINT('Ctrl Pts',(19.855831591428,18.0000000000001,26.4109321905993));
#6983=CARTESIAN_POINT('Ctrl Pts',(19.9204914908049,18.,26.2525654487387));
#6984=CARTESIAN_POINT('Ctrl Pts',(19.9773695854017,18.,26.1544835233971));
#6985=CARTESIAN_POINT('Ctrl Pts',(20.0187762960058,18.,26.0912523948768));
#6986=CARTESIAN_POINT('Ctrl Pts',(20.0651936604391,18.,26.0315000565445));
#6987=CARTESIAN_POINT('Ctrl Pts',(20.115947187956,18.,25.9754826957));
#6988=CARTESIAN_POINT('Ctrl Pts',(20.1559270277819,18.,25.9353105925641));
#6989=CARTESIAN_POINT('Ctrl Pts',(20.1975534820022,18.,25.896847719708));
#6990=CARTESIAN_POINT('Ctrl Pts',(20.226182459441,18.,25.8721885386055));
#6991=CARTESIAN_POINT('Ctrl Pts',(20.2406607055972,18.,25.8600567692834));
#6992=CARTESIAN_POINT('',(28.5550166199112,18.,21.1973783636869));
#6993=CARTESIAN_POINT('',(27.7494948234941,17.,20.602310353651));
#6994=CARTESIAN_POINT('Ctrl Pts',(28.5550166199112,18.,21.1973783636869));
#6995=CARTESIAN_POINT('Ctrl Pts',(28.4629221118735,18.,21.1290241199895));
#6996=CARTESIAN_POINT('Ctrl Pts',(28.371540888462,17.9803231899648,21.0613135140657));
#6997=CARTESIAN_POINT('Ctrl Pts',(28.2848562706,17.9419394695236,20.997178149626));
#6998=CARTESIAN_POINT('Ctrl Pts',(28.2728588395567,17.9366270386617,20.9883016080748));
#6999=CARTESIAN_POINT('Ctrl Pts',(28.2609514555093,17.9309562684402,20.9794935570563));
#7000=CARTESIAN_POINT('Ctrl Pts',(28.2491447548217,17.9249297302345,20.9707617735803));
#7001=CARTESIAN_POINT('Ctrl Pts',(28.1520826056818,17.8753859359433,20.8989783268375));
#7002=CARTESIAN_POINT('Ctrl Pts',(28.0636630966747,17.8027388893536,20.8337108894548));
#7003=CARTESIAN_POINT('Ctrl Pts',(27.9889255494827,17.7110576546265,20.7786048895402));
#7004=CARTESIAN_POINT('Ctrl Pts',(27.9142990889245,17.6195126908922,20.7235807967829));
#7005=CARTESIAN_POINT('Ctrl Pts',(27.8547426586624,17.5107396900216,20.6797378698922));
#7006=CARTESIAN_POINT('Ctrl Pts',(27.8136711440106,17.3908385071524,20.6495160357731));
#7007=CARTESIAN_POINT('Ctrl Pts',(27.7925543477799,17.3291916731378,20.6339775702886));
#7008=CARTESIAN_POINT('Ctrl Pts',(27.7764823682437,17.2650654317825,20.6221566284758));
#7009=CARTESIAN_POINT('Ctrl Pts',(27.7657033734382,17.1994251110605,20.6142294573327));
#7010=CARTESIAN_POINT('Ctrl Pts',(27.7549256724032,17.1337926689495,20.6063032376642));
#7011=CARTESIAN_POINT('Ctrl Pts',(27.7494948234941,17.0669820525953,20.602310353651));
#7012=CARTESIAN_POINT('Ctrl Pts',(27.7494948234941,17.,20.602310353651));
#7013=CARTESIAN_POINT('',(20.8829224620506,17.,26.6265421482681));
#7014=CARTESIAN_POINT('Ctrl Pts',(27.7494948234941,17.,20.602310353651));
#7015=CARTESIAN_POINT('Ctrl Pts',(27.6582386421804,17.,20.7127193401026));
#7016=CARTESIAN_POINT('Ctrl Pts',(27.4731859579564,17.,20.9339300509373));
#7017=CARTESIAN_POINT('Ctrl Pts',(27.1879860177773,17.,21.2669243843052));
#7018=CARTESIAN_POINT('Ctrl Pts',(26.7923663450592,17.,21.7132900653401));
#7019=CARTESIAN_POINT('Ctrl Pts',(26.2719295967268,17.,22.2748080408446));
#7020=CARTESIAN_POINT('Ctrl Pts',(25.7257819830128,17.,22.8385027026105));
#7021=CARTESIAN_POINT('Ctrl Pts',(25.1552984232055,17.,23.4014448524602));
#7022=CARTESIAN_POINT('Ctrl Pts',(24.5637596598327,17.,23.9585043997785));
#7023=CARTESIAN_POINT('Ctrl Pts',(23.9571963296563,17.,24.5017934854813));
#7024=CARTESIAN_POINT('Ctrl Pts',(23.3453222138006,17.,25.0197115140842));
#7025=CARTESIAN_POINT('Ctrl Pts',(22.7425286516528,17.,25.4973157403432));
#7026=CARTESIAN_POINT('Ctrl Pts',(22.1682675257441,17.,25.9179790064708));
#7027=CARTESIAN_POINT('Ctrl Pts',(21.6487235721738,17.,26.2646152078161));
#7028=CARTESIAN_POINT('Ctrl Pts',(21.2158910243706,17.,26.521527978742));
#7029=CARTESIAN_POINT('Ctrl Pts',(20.9127768119422,17.,26.6755947881411));
#7030=CARTESIAN_POINT('Ctrl Pts',(20.8101746564799,17.,26.7108929300976));
#7031=CARTESIAN_POINT('Ctrl Pts',(20.8148084628299,17.,26.6878570219613));
#7032=CARTESIAN_POINT('Ctrl Pts',(20.854181500903,17.,26.6506250866971));
#7033=CARTESIAN_POINT('Ctrl Pts',(20.8829224620506,17.,26.6265421482681));
#7034=CARTESIAN_POINT('',(19.9909937363564,18.,27.2394315110012));
#7035=CARTESIAN_POINT('Ctrl Pts',(19.9909937363564,18.,27.2394315110012));
#7036=CARTESIAN_POINT('Ctrl Pts',(20.0983717727759,18.,27.1656466284015));
#7037=CARTESIAN_POINT('Ctrl Pts',(20.204713383228,17.9745509090266,27.0925739269006));
#7038=CARTESIAN_POINT('Ctrl Pts',(20.4035271705166,17.8755881601369,26.9559589128489));
#7039=CARTESIAN_POINT('Ctrl Pts',(20.4940080568493,17.8030141094421,26.8937849167708));
#7040=CARTESIAN_POINT('Ctrl Pts',(20.6259999457306,17.6451799494512,26.8030866105811));
#7041=CARTESIAN_POINT('Ctrl Pts',(20.6966314160977,17.5435557461819,26.7545521530453));
#7042=CARTESIAN_POINT('Ctrl Pts',(20.7810093735081,17.3090117621451,26.6965717886324));
#7043=CARTESIAN_POINT('Ctrl Pts',(20.7952186866387,17.2434161071319,26.68680785053));
#7044=CARTESIAN_POINT('Ctrl Pts',(20.8118779298413,17.1832201322707,26.6753604414984));
#7045=CARTESIAN_POINT('Ctrl Pts',(20.8165628258148,17.1683403218457,26.6721412123997));
#7046=CARTESIAN_POINT('Ctrl Pts',(20.8347220338286,17.1243940655063,26.6596631016419));
#7047=CARTESIAN_POINT('Ctrl Pts',(20.8488548957528,17.1008209101655,26.6499516970321));
#7048=CARTESIAN_POINT('Ctrl Pts',(20.8672040765835,17.0638802357784,26.6373430463384));
#7049=CARTESIAN_POINT('Ctrl Pts',(20.8728096963273,17.0512396191349,26.6334911413447));
#7050=CARTESIAN_POINT('Ctrl Pts',(20.8806162201054,17.0259406060308,26.6281268838142));
#7051=CARTESIAN_POINT('Ctrl Pts',(20.8829224620504,17.0133069755323,26.6265421482683));
#7052=CARTESIAN_POINT('Ctrl Pts',(20.8829224620504,17.,26.6265421482683));
#7053=CARTESIAN_POINT('Ctrl Pts',(19.9909932940005,17.9999999999999,27.2394318017775));
#7054=CARTESIAN_POINT('Ctrl Pts',(19.9991707577587,17.9999999999999,27.2518748264014));
#7055=CARTESIAN_POINT('Ctrl Pts',(20.05052818754,17.9999999999999,27.3263564137684));
#7056=CARTESIAN_POINT('Ctrl Pts',(20.1630520390867,18.,27.4498582015585));
#7057=CARTESIAN_POINT('Ctrl Pts',(20.3505207115296,17.9999999999999,27.5798260962112));
#7058=CARTESIAN_POINT('Ctrl Pts',(20.5623100242194,17.9999999999999,27.664635351828));
#7059=CARTESIAN_POINT('Ctrl Pts',(20.7500440741516,18.,27.6941975421044));
#7060=CARTESIAN_POINT('Ctrl Pts',(20.9013973272185,18.,27.6926400261896));
#7061=CARTESIAN_POINT('Ctrl Pts',(21.0141020907966,18.,27.6791146311946));
#7062=CARTESIAN_POINT('Ctrl Pts',(21.1246754366924,18.,27.6538124295299));
#7063=CARTESIAN_POINT('Ctrl Pts',(21.2144097921149,18.,27.6239658540042));
#7064=CARTESIAN_POINT('Ctrl Pts',(21.2847180022471,18.,27.5961602004871));
#7065=CARTESIAN_POINT('Ctrl Pts',(21.3541668034908,18.,27.5663055110655));
#7066=CARTESIAN_POINT('Ctrl Pts',(21.4396225033562,18.,27.5260865112057));
#7067=CARTESIAN_POINT('Ctrl Pts',(21.5407813329514,18.,27.4749625181671));
#7068=CARTESIAN_POINT('Ctrl Pts',(21.6742414739226,18.,27.4040203097507));
#7069=CARTESIAN_POINT('Ctrl Pts',(21.8058951242252,18.,27.3298469621695));
#7070=CARTESIAN_POINT('Ctrl Pts',(21.9361039462704,18.,27.2532673847727));
#7071=CARTESIAN_POINT('Ctrl Pts',(22.0654408097757,18.,27.1751984135924));
#7072=CARTESIAN_POINT('Ctrl Pts',(22.2256437626009,18.,27.0750483358099));
#7073=CARTESIAN_POINT('Ctrl Pts',(22.4157583104238,18.,26.9513304356282));
#7074=CARTESIAN_POINT('Ctrl Pts',(22.6665749881522,18.,26.7822430655825));
#7075=CARTESIAN_POINT('Ctrl Pts',(22.9135876306007,18.,26.6077034432705));
#7076=CARTESIAN_POINT('Ctrl Pts',(23.1571396388753,18.,26.4287345084634));
#7077=CARTESIAN_POINT('Ctrl Pts',(23.5191811699955,18.,26.1561339349503));
#7078=CARTESIAN_POINT('Ctrl Pts',(24.0506290480713,18.,25.7330194658959));
#7079=CARTESIAN_POINT('Ctrl Pts',(24.7402179087064,18.,25.1437433713339));
#7080=CARTESIAN_POINT('Ctrl Pts',(25.4123365720337,18.,24.5343879222785));
#7081=CARTESIAN_POINT('Ctrl Pts',(26.2859313707512,18.,23.6991341819175));
#7082=CARTESIAN_POINT('Ctrl Pts',(27.1271246929339,18.,22.8323156937534));
#7083=CARTESIAN_POINT('Ctrl Pts',(27.9355530825788,18.,21.9330646218337));
#7084=CARTESIAN_POINT('Ctrl Pts',(28.3277460336796,18.,21.4723483954685));
#7085=CARTESIAN_POINT('Ctrl Pts',(28.5318651485909,18.,21.2253888551028));
#7086=CARTESIAN_POINT('Ctrl Pts',(28.5434408842511,18.,21.2113836093949));
#7087=CARTESIAN_POINT('Ctrl Pts',(28.5550166199112,18.,21.1973783636869));
#7088=CARTESIAN_POINT('Origin',(3.91218570533376,18.,1.85069997904916));
#7089=CARTESIAN_POINT('',(20.8829224620506,18.,26.6265421482681));
#7090=CARTESIAN_POINT('Ctrl Pts',(20.8829224620506,18.,26.6265421482681));
#7091=CARTESIAN_POINT('Ctrl Pts',(20.5856128868192,18.,26.8308386025125));
#7092=CARTESIAN_POINT('Ctrl Pts',(20.2883033115878,18.,27.0351350567569));
#7093=CARTESIAN_POINT('Ctrl Pts',(19.9909937363564,18.,27.2394315110012));
#7094=CARTESIAN_POINT('',(27.6995097200631,18.,20.5655673566621));
#7095=CARTESIAN_POINT('Ctrl Pts',(20.8829224620506,18.,26.6265421482681));
#7096=CARTESIAN_POINT('Ctrl Pts',(21.0317340296693,18.,26.5242861896721));
#7097=CARTESIAN_POINT('Ctrl Pts',(21.3282640857778,18.,26.3181132995911));
#7098=CARTESIAN_POINT('Ctrl Pts',(21.7697800166587,18.,26.0038711736034));
#7099=CARTESIAN_POINT('Ctrl Pts',(22.3518009945756,18.,25.5747510334669));
#7100=CARTESIAN_POINT('Ctrl Pts',(23.0674643578954,18.,25.0203248190194));
#7101=CARTESIAN_POINT('Ctrl Pts',(23.7702156709081,18.,24.446278281639));
#7102=CARTESIAN_POINT('Ctrl Pts',(24.4590183515804,18.,23.8510362977961));
#7103=CARTESIAN_POINT('Ctrl Pts',(25.1333379577556,18.,23.2337867634898));
#7104=CARTESIAN_POINT('Ctrl Pts',(25.793785040796,18.,22.5954574333833));
#7105=CARTESIAN_POINT('Ctrl Pts',(26.4414219422064,18.,21.9376625734436));
#7106=CARTESIAN_POINT('Ctrl Pts',(26.9501319437873,18.,21.3971437788577));
#7107=CARTESIAN_POINT('Ctrl Pts',(27.3267144116447,18.,20.9842329299702));
#7108=CARTESIAN_POINT('Ctrl Pts',(27.5756053100606,18.,20.7056706333996));
#7109=CARTESIAN_POINT('Ctrl Pts',(27.6995097200631,18.,20.5655673566621));
#7110=CARTESIAN_POINT('Ctrl Pts',(27.6995097200464,18.,20.5655673566459));
#7111=CARTESIAN_POINT('Ctrl Pts',(28.2784723787103,18.,19.966496271875));
#7112=CARTESIAN_POINT('Ctrl Pts',(29.4249384645625,18.,18.7321364884109));
#7113=CARTESIAN_POINT('Ctrl Pts',(31.0655453573457,18.,16.8115990267959));
#7114=CARTESIAN_POINT('Ctrl Pts',(33.0730535563171,18.,14.1166224765639));
#7115=CARTESIAN_POINT('Ctrl Pts',(35.2527216035634,18.,10.5121217764671));
#7116=CARTESIAN_POINT('Ctrl Pts',(37.0964038966694,18.,6.64629122563871));
#7117=CARTESIAN_POINT('Ctrl Pts',(38.6086798453917,18.,2.55057615608628));
#7118=CARTESIAN_POINT('Ctrl Pts',(39.8157630496995,18.,-1.75684001199791));
#7119=CARTESIAN_POINT('Ctrl Pts',(40.5579065908269,18.,-5.35782273135399));
#7120=CARTESIAN_POINT('Ctrl Pts',(40.9968638691045,18.,-8.14016955560138));
#7121=CARTESIAN_POINT('Ctrl Pts',(41.2380692152344,18.,-10.0307445270859));
#7122=CARTESIAN_POINT('Ctrl Pts',(41.3458130974312,18.,-10.9849516880246));
#7123=CARTESIAN_POINT('',(25.5999994277954,18.,-0.199999995529652));
#7124=CARTESIAN_POINT('Ctrl Pts',(25.3028937457461,18.,-5.4431987792877));
#7125=CARTESIAN_POINT('Ctrl Pts',(25.3298493114867,18.,-5.30971769184881));
#7126=CARTESIAN_POINT('Ctrl Pts',(25.3819942518007,18.,-5.0451607995407));
#7127=CARTESIAN_POINT('Ctrl Pts',(25.4549134405893,18.,-4.65554082966326));
#7128=CARTESIAN_POINT('Ctrl Pts',(25.5413652111489,18.,-4.15071982604177));
#7129=CARTESIAN_POINT('Ctrl Pts',(25.6301938700379,18.,-3.54589013901207));
#7130=CARTESIAN_POINT('Ctrl Pts',(25.6978558314372,18.,-2.96988626055996));
#7131=CARTESIAN_POINT('Ctrl Pts',(25.7422568903298,18.,-2.42556017800219));
#7132=CARTESIAN_POINT('Ctrl Pts',(25.7616855340726,18.,-1.91524271010299));
#7133=CARTESIAN_POINT('Ctrl Pts',(25.7561548569965,18.,-1.43891602437872));
#7134=CARTESIAN_POINT('Ctrl Pts',(25.7271420501546,18.,-0.994568412266456));
#7135=CARTESIAN_POINT('Ctrl Pts',(25.6864843631242,18.,-0.662851072703388));
#7136=CARTESIAN_POINT('Ctrl Pts',(25.6467702258318,18.,-0.426620487138732));
#7137=CARTESIAN_POINT('Ctrl Pts',(25.6162617378956,18.,-0.274624938013086));
#7138=CARTESIAN_POINT('Ctrl Pts',(25.5999994277954,18.,-0.199999995529652));
#7139=CARTESIAN_POINT('',(16.0994013164031,18.,-20.7602249320398));
#7140=CARTESIAN_POINT('Ctrl Pts',(25.5999994277954,18.,-0.199999995529652));
#7141=CARTESIAN_POINT('Ctrl Pts',(25.5717487684706,18.,-0.665644228283285));
#7142=CARTESIAN_POINT('Ctrl Pts',(25.5010100987957,18.,-1.59214120417571));
#7143=CARTESIAN_POINT('Ctrl Pts',(25.3521907704141,18.,-2.96751244457948));
#7144=CARTESIAN_POINT('Ctrl Pts',(25.0669306927787,18.,-4.77211723351531));
#7145=CARTESIAN_POINT('Ctrl Pts',(24.5559065289466,18.,-6.97589437205655));
#7146=CARTESIAN_POINT('Ctrl Pts',(23.8770116652483,18.,-9.12317569802076));
#7147=CARTESIAN_POINT('Ctrl Pts',(23.0171386336096,18.,-11.2095499766863));
#7148=CARTESIAN_POINT('Ctrl Pts',(21.9702282189497,18.,-13.2329780178904));
#7149=CARTESIAN_POINT('Ctrl Pts',(20.7449372378483,18.,-15.1963732179985));
#7150=CARTESIAN_POINT('Ctrl Pts',(19.3552546002702,18.,-17.1044434553727));
#7151=CARTESIAN_POINT('Ctrl Pts',(18.1230489011119,18.,-18.5903597394119));
#7152=CARTESIAN_POINT('Ctrl Pts',(17.1354821237178,18.,-19.683455879287));
#7153=CARTESIAN_POINT('Ctrl Pts',(16.4493821384455,18.,-20.4028569320554));
#7154=CARTESIAN_POINT('Ctrl Pts',(16.0994013164031,18.,-20.7602249320398));
#7155=CARTESIAN_POINT('',(15.8682572411576,18.,2.44549331491103));
#7156=CARTESIAN_POINT('Ctrl Pts',(16.0994013164031,18.,-20.7602249320398));
#7157=CARTESIAN_POINT('Ctrl Pts',(16.0134182805185,18.,-20.3794322454719));
#7158=CARTESIAN_POINT('Ctrl Pts',(15.8488593123884,18.,-19.614552269349));
#7159=CARTESIAN_POINT('Ctrl Pts',(15.6242419579712,18.,-18.4573486831829));
#7160=CARTESIAN_POINT('Ctrl Pts',(15.3695192567933,18.,-16.8944979079024));
#7161=CARTESIAN_POINT('Ctrl Pts',(15.1274869721978,18.,-14.9083852372225));
#7162=CARTESIAN_POINT('Ctrl Pts',(14.9637130565534,18.,-12.8931624701149));
#7163=CARTESIAN_POINT('Ctrl Pts',(14.879169554077,18.,-10.8570686930033));
#7164=CARTESIAN_POINT('Ctrl Pts',(14.8727379780153,18.,-8.81518447049121));
#7165=CARTESIAN_POINT('Ctrl Pts',(14.9396082184963,18.,-6.79197461841203));
#7166=CARTESIAN_POINT('Ctrl Pts',(15.0698369510239,18.,-4.82333734197386));
#7167=CARTESIAN_POINT('Ctrl Pts',(15.245548267588,18.,-2.96060238358552));
#7168=CARTESIAN_POINT('Ctrl Pts',(15.442258819316,18.,-1.26741983108551));
#7169=CARTESIAN_POINT('Ctrl Pts',(15.63294256459,18.,0.188255584284747));
#7170=CARTESIAN_POINT('Ctrl Pts',(15.7911061750882,18.,1.34107057058481));
#7171=CARTESIAN_POINT('Ctrl Pts',(15.8942383253241,18.,2.13636541984645));
#7172=CARTESIAN_POINT('Ctrl Pts',(15.9206999841208,18.,2.45857622894883));
#7173=CARTESIAN_POINT('Ctrl Pts',(15.9073113076205,18.,2.5211708057303));
#7174=CARTESIAN_POINT('Ctrl Pts',(15.8837195322176,18.,2.4838877952039));
#7175=CARTESIAN_POINT('Ctrl Pts',(15.8682572411576,18.,2.44549331491103));
#7176=CARTESIAN_POINT('',(14.1612534295067,18.,-1.79317506560046));
#7177=CARTESIAN_POINT('Ctrl Pts',(14.1612534295067,18.,-1.79317506560046));
#7178=CARTESIAN_POINT('Ctrl Pts',(14.4056359391648,18.,-1.18634782282119));
#7179=CARTESIAN_POINT('Ctrl Pts',(14.6500184488229,18.,-0.579520580041909));
#7180=CARTESIAN_POINT('Ctrl Pts',(15.1383468287617,18.,0.633049684432672));
#7181=CARTESIAN_POINT('Ctrl Pts',(15.3822926990423,18.,1.23879270612798));
#7182=CARTESIAN_POINT('Ctrl Pts',(15.687225036893,18.,1.99597148324711));
#7183=CARTESIAN_POINT('Ctrl Pts',(15.7482115044632,18.,2.14740723867094));
#7184=CARTESIAN_POINT('Ctrl Pts',(15.8288825855293,18.,2.34772194107678));
#7185=CARTESIAN_POINT('Ctrl Pts',(15.8485805585598,18.,2.39663406117561));
#7186=CARTESIAN_POINT('Ctrl Pts',(15.8682572411576,18.,2.44549331491103));
#7187=CARTESIAN_POINT('',(15.2296180975417,18.,-23.3201660891175));
#7188=CARTESIAN_POINT('Ctrl Pts',(15.2340096474184,17.9999895995114,-23.3192887571833));
#7189=CARTESIAN_POINT('Ctrl Pts',(15.1200151445897,17.9999895995114,-22.7486808432035));
#7190=CARTESIAN_POINT('Ctrl Pts',(15.006020641761,17.9999895995114,-22.1780729292238));
#7191=CARTESIAN_POINT('Ctrl Pts',(13.9810602866229,17.9999895995114,-17.0475182226427));
#7192=CARTESIAN_POINT('Ctrl Pts',(13.3147853076402,17.9999895995114,-10.3919140383535));
#7193=CARTESIAN_POINT('Ctrl Pts',(13.898484327553,17.9999895995114,-3.76876739190584));
#7194=CARTESIAN_POINT('Ctrl Pts',(14.1612533816327,17.9999895995114,-1.79317505923285));
#7195=CARTESIAN_POINT('',(23.8074810623723,18.,-12.628417878236));
#7196=CARTESIAN_POINT('Ctrl Pts',(23.8074725389924,18.,-12.6284137476897));
#7197=CARTESIAN_POINT('Ctrl Pts',(22.9130429562709,18.,-14.4740686538847));
#7198=CARTESIAN_POINT('Ctrl Pts',(21.7356043951413,18.,-16.4286168976246));
#7199=CARTESIAN_POINT('Ctrl Pts',(19.2421285543323,18.,-19.5836838183862));
#7200=CARTESIAN_POINT('Ctrl Pts',(17.8449171372439,18.,-20.9912505952863));
#7201=CARTESIAN_POINT('Ctrl Pts',(16.0987337789942,18.,-22.5462213333772));
#7202=CARTESIAN_POINT('Ctrl Pts',(15.6641759382674,18.,-22.9331937112467));
#7203=CARTESIAN_POINT('Ctrl Pts',(15.2296180975407,18.,-23.3201660891163));
#7204=CARTESIAN_POINT('',(55.9999987483025,18.,-42.499999050051));
#7205=CARTESIAN_POINT('Ctrl Pts',(23.8074810623723,18.,-12.628417878236));
#7206=CARTESIAN_POINT('Ctrl Pts',(24.1870546309431,18.,-12.925741199334));
#7207=CARTESIAN_POINT('Ctrl Pts',(25.1156054265525,18.,-13.6585043050578));
#7208=CARTESIAN_POINT('Ctrl Pts',(26.616889021982,18.,-14.8640578978369));
#7209=CARTESIAN_POINT('Ctrl Pts',(28.733012183278,18.,-16.6086061186256));
#7210=CARTESIAN_POINT('Ctrl Pts',(31.5291984712645,18.,-18.9946994651169));
#7211=CARTESIAN_POINT('Ctrl Pts',(34.6370167150809,18.,-21.742533721521));
#7212=CARTESIAN_POINT('Ctrl Pts',(37.8852387704241,18.,-24.7111237994142));
#7213=CARTESIAN_POINT('Ctrl Pts',(41.2714735270597,18.,-27.8967101747634));
#7214=CARTESIAN_POINT('Ctrl Pts',(44.7849969872804,18.,-31.2824315893365));
#7215=CARTESIAN_POINT('Ctrl Pts',(48.4135835158888,18.,-34.849065771948));
#7216=CARTESIAN_POINT('Ctrl Pts',(51.3998090216339,18.,-37.83343355365));
#7217=CARTESIAN_POINT('Ctrl Pts',(53.6831858546429,18.,-40.1404306727178));
#7218=CARTESIAN_POINT('Ctrl Pts',(55.224543225916,18.,-41.7084692020785));
#7219=CARTESIAN_POINT('Ctrl Pts',(55.9999987483025,18.,-42.499999050051));
#7220=CARTESIAN_POINT('',(-14.0000002086163,18.,-43.0000006407499));
#7221=CARTESIAN_POINT('Ctrl Pts',(55.9999987483025,18.,-42.499999050051));
#7222=CARTESIAN_POINT('Ctrl Pts',(55.322909706831,18.,-43.0598604230467));
#7223=CARTESIAN_POINT('Ctrl Pts',(53.9506940563079,18.,-44.1555666562866));
#7224=CARTESIAN_POINT('Ctrl Pts',(51.8382571797337,18.,-45.7270780755883));
#7225=CARTESIAN_POINT('Ctrl Pts',(48.9126672125193,18.,-47.6772696955501));
#7226=CARTESIAN_POINT('Ctrl Pts',(45.0696919828216,18.,-49.8626730331345));
#7227=CARTESIAN_POINT('Ctrl Pts',(41.0362560479336,18.,-51.7752606691903));
#7228=CARTESIAN_POINT('Ctrl Pts',(36.8098922050182,18.,-53.3831277799959));
#7229=CARTESIAN_POINT('Ctrl Pts',(32.3939501484801,18.,-54.6407418937994));
#7230=CARTESIAN_POINT('Ctrl Pts',(27.7977668651432,18.,-55.4919412588961));
#7231=CARTESIAN_POINT('Ctrl Pts',(23.0336004679712,18.,-55.8775201849544));
#7232=CARTESIAN_POINT('Ctrl Pts',(18.1151426061948,18.,-55.7431399684328));
#7233=CARTESIAN_POINT('Ctrl Pts',(13.0560310727769,18.,-55.0476834378404));
#7234=CARTESIAN_POINT('Ctrl Pts',(7.86895220994859,18.,-53.7762666106051));
#7235=CARTESIAN_POINT('Ctrl Pts',(2.5648473992569,18.,-51.9337455870548));
#7236=CARTESIAN_POINT('Ctrl Pts',(-2.847603583788,18.,-49.5344381281664));
#7237=CARTESIAN_POINT('Ctrl Pts',(-7.25932873089956,18.,-47.1831909019017));
#7238=CARTESIAN_POINT('Ctrl Pts',(-10.6125227570941,18.,-45.1829990567232));
#7239=CARTESIAN_POINT('Ctrl Pts',(-12.8675759529706,18.,-43.7450770945606));
#7240=CARTESIAN_POINT('Ctrl Pts',(-14.0000002086163,18.,-43.0000006407499));
#7241=CARTESIAN_POINT('',(-11.0000001639128,18.,-57.0000008493662));
#7242=CARTESIAN_POINT('Ctrl Pts',(-14.0000002086163,18.,-43.0000006407499));
#7243=CARTESIAN_POINT('Ctrl Pts',(-13.9712192610061,18.,-43.2380097774394));
#7244=CARTESIAN_POINT('Ctrl Pts',(-13.9108456459343,18.,-43.7178099257728));
#7245=CARTESIAN_POINT('Ctrl Pts',(-13.8118498739521,18.,-44.4488560284525));
#7246=CARTESIAN_POINT('Ctrl Pts',(-13.6627089051825,18.,-45.4466470321058));
#7247=CARTESIAN_POINT('Ctrl Pts',(-13.4458434747981,18.,-46.7348277466253));
#7248=CARTESIAN_POINT('Ctrl Pts',(-13.1961224693928,18.,-48.067200515413));
#7249=CARTESIAN_POINT('Ctrl Pts',(-12.9113402240183,18.,-49.4467320454849));
#7250=CARTESIAN_POINT('Ctrl Pts',(-12.5911700599671,18.,-50.8738617326807));
#7251=CARTESIAN_POINT('Ctrl Pts',(-12.2378552581754,18.,-52.3455722749728));
#7252=CARTESIAN_POINT('Ctrl Pts',(-11.8542800142805,18.,-53.8579843145862));
#7253=CARTESIAN_POINT('Ctrl Pts',(-11.5253775149172,18.,-55.0975617215461));
#7254=CARTESIAN_POINT('Ctrl Pts',(-11.2671188120117,18.,-56.0428227962492));
#7255=CARTESIAN_POINT('Ctrl Pts',(-11.0898835641108,18.,-56.6798064854206));
#7256=CARTESIAN_POINT('Ctrl Pts',(-11.0000001639128,18.,-57.0000008493662));
#7257=CARTESIAN_POINT('',(-25.000000372529,18.,-45.0000006705523));
#7258=CARTESIAN_POINT('Ctrl Pts',(-11.0000001639128,18.,-57.0000008493662));
#7259=CARTESIAN_POINT('Ctrl Pts',(-11.3859708921425,18.,-56.9675318390438));
#7260=CARTESIAN_POINT('Ctrl Pts',(-12.1484259692942,18.,-56.8840158787096));
#7261=CARTESIAN_POINT('Ctrl Pts',(-13.2636490756062,18.,-56.7030073916174));
#7262=CARTESIAN_POINT('Ctrl Pts',(-14.6927610039329,18.,-56.3483660989456));
#7263=CARTESIAN_POINT('Ctrl Pts',(-16.3763952346538,18.,-55.7038297698503));
#7264=CARTESIAN_POINT('Ctrl Pts',(-17.9489108696492,18.,-54.8416809563165));
#7265=CARTESIAN_POINT('Ctrl Pts',(-19.4025136691835,18.,-53.7466555717093));
#7266=CARTESIAN_POINT('Ctrl Pts',(-20.735319938201,18.,-52.4150646244833));
#7267=CARTESIAN_POINT('Ctrl Pts',(-21.9544874762342,18.,-50.8609258092427));
#7268=CARTESIAN_POINT('Ctrl Pts',(-23.0696484286789,18.,-49.1031025311302));
#7269=CARTESIAN_POINT('Ctrl Pts',(-23.8859037918333,18.,-47.5482549284945));
#7270=CARTESIAN_POINT('Ctrl Pts',(-24.4582086733333,18.,-46.3040060092202));
#7271=CARTESIAN_POINT('Ctrl Pts',(-24.8223093084623,18.,-45.4403605012975));
#7272=CARTESIAN_POINT('Ctrl Pts',(-25.000000372529,18.,-45.0000006705523));
#7273=CARTESIAN_POINT('',(-39.6667701416206,18.,-36.8023734717377));
#7274=CARTESIAN_POINT('Ctrl Pts',(-25.000000372529,18.,-45.0000006705523));
#7275=CARTESIAN_POINT('Ctrl Pts',(-25.2879850193181,18.,-45.0439039741283));
#7276=CARTESIAN_POINT('Ctrl Pts',(-25.8594609274916,18.,-45.1435919769217));
#7277=CARTESIAN_POINT('Ctrl Pts',(-26.7031909839125,18.,-45.3287654547589));
#7278=CARTESIAN_POINT('Ctrl Pts',(-27.8166531504633,18.,-45.6506861619842));
#7279=CARTESIAN_POINT('Ctrl Pts',(-29.2646697644147,18.,-46.1953795173189));
#7280=CARTESIAN_POINT('Ctrl Pts',(-30.8420239066164,18.,-46.8974365897518));
#7281=CARTESIAN_POINT('Ctrl Pts',(-32.578471495314,18.,-47.758190883987));
#7282=CARTESIAN_POINT('Ctrl Pts',(-34.4234031835668,18.,-48.7563320147413));
#7283=CARTESIAN_POINT('Ctrl Pts',(-36.1947339427559,18.,-49.8318341397063));
#7284=CARTESIAN_POINT('Ctrl Pts',(-37.6447414995386,18.,-50.8854122212366));
#7285=CARTESIAN_POINT('Ctrl Pts',(-38.6081043514238,18.,-51.7417536496003));
#7286=CARTESIAN_POINT('Ctrl Pts',(-39.0320008160121,18.,-52.1951618124766));
#7287=CARTESIAN_POINT('Ctrl Pts',(-39.2641037058881,18.,-51.858871066149));
#7288=CARTESIAN_POINT('Ctrl Pts',(-39.6847451397939,18.,-50.5275475383823));
#7289=CARTESIAN_POINT('Ctrl Pts',(-40.2364628466837,18.,-48.469080052133));
#7290=CARTESIAN_POINT('Ctrl Pts',(-40.7617907370011,18.,-46.0895545973425));
#7291=CARTESIAN_POINT('Ctrl Pts',(-41.053518352907,18.,-43.8195306091305));
#7292=CARTESIAN_POINT('Ctrl Pts',(-41.0096937243192,18.,-41.9291471442416));
#7293=CARTESIAN_POINT('Ctrl Pts',(-40.7909954257405,18.,-40.3108076774205));
#7294=CARTESIAN_POINT('Ctrl Pts',(-40.471924036654,18.,-38.9251406753995));
#7295=CARTESIAN_POINT('Ctrl Pts',(-40.1716263094292,18.,-37.9789898412869));
#7296=CARTESIAN_POINT('Ctrl Pts',(-39.9267134068177,18.,-37.3569149870265));
#7297=CARTESIAN_POINT('Ctrl Pts',(-39.7548536946691,18.,-36.9807835141918));
#7298=CARTESIAN_POINT('Ctrl Pts',(-39.6667701416206,18.,-36.8023734717377));
#7299=CARTESIAN_POINT('',(-38.9716334118433,18.,38.9688754510102));
#7300=CARTESIAN_POINT('Ctrl Pts',(-39.6667701416206,18.,-36.8023734717377));
#7301=CARTESIAN_POINT('Ctrl Pts',(-40.1180324117319,18.,-36.3286825336047));
#7302=CARTESIAN_POINT('Ctrl Pts',(-40.9930904966467,18.,-35.3172274035059));
#7303=CARTESIAN_POINT('Ctrl Pts',(-42.2232788065816,18.,-33.6078263452522));
#7304=CARTESIAN_POINT('Ctrl Pts',(-43.6975296397684,18.,-30.9413808388026));
#7305=CARTESIAN_POINT('Ctrl Pts',(-45.2558082841767,18.,-26.9572528607067));
#7306=CARTESIAN_POINT('Ctrl Pts',(-46.5185313742453,18.,-22.3346650091936));
#7307=CARTESIAN_POINT('Ctrl Pts',(-47.4738983064122,18.,-17.1235542044796));
#7308=CARTESIAN_POINT('Ctrl Pts',(-48.1123603195904,18.,-11.4323059997275));
#7309=CARTESIAN_POINT('Ctrl Pts',(-48.425627332047,18.,-5.40608804619927));
#7310=CARTESIAN_POINT('Ctrl Pts',(-48.4064455006518,18.,0.792157844917061));
#7311=CARTESIAN_POINT('Ctrl Pts',(-48.0493708744855,18.,7.0003890141304));
#7312=CARTESIAN_POINT('Ctrl Pts',(-47.3519811780029,18.,13.0739567170133));
#7313=CARTESIAN_POINT('Ctrl Pts',(-46.3180167634836,18.,18.9065936346338));
#7314=CARTESIAN_POINT('Ctrl Pts',(-44.9582400174089,18.,24.4395340008954));
#7315=CARTESIAN_POINT('Ctrl Pts',(-43.285350493288,18.,29.6445783959842));
#7316=CARTESIAN_POINT('Ctrl Pts',(-41.7060215463715,18.,33.5403611867515));
#7317=CARTESIAN_POINT('Ctrl Pts',(-40.389714507324,18.,36.3124330579711));
#7318=CARTESIAN_POINT('Ctrl Pts',(-39.4540199813753,18.,38.0944072536235));
#7319=CARTESIAN_POINT('Ctrl Pts',(-38.9716334118433,18.,38.9688754510102));
#7320=CARTESIAN_POINT('',(-37.1771092498079,18.,58.2838286481392));
#7321=CARTESIAN_POINT('Ctrl Pts',(-38.9716334118433,18.,38.9688754510102));
#7322=CARTESIAN_POINT('Ctrl Pts',(-39.0552256002743,18.,39.2663507059198));
#7323=CARTESIAN_POINT('Ctrl Pts',(-39.2114529923553,18.,39.8694466740748));
#7324=CARTESIAN_POINT('Ctrl Pts',(-39.4129218127245,18.,40.7985279777074));
#7325=CARTESIAN_POINT('Ctrl Pts',(-39.6147321205365,18.,42.0869733797473));
#7326=CARTESIAN_POINT('Ctrl Pts',(-39.7485882536343,18.,43.7855540988902));
#7327=CARTESIAN_POINT('Ctrl Pts',(-39.7553407150627,18.,45.5786241034031));
#7328=CARTESIAN_POINT('Ctrl Pts',(-39.6276974210473,18.,47.4716043522146));
#7329=CARTESIAN_POINT('Ctrl Pts',(-39.3670288890859,18.,49.4634759981251));
#7330=CARTESIAN_POINT('Ctrl Pts',(-38.9832159704632,18.,51.5468935839536));
#7331=CARTESIAN_POINT('Ctrl Pts',(-38.487796905383,18.,53.713279544174));
#7332=CARTESIAN_POINT('Ctrl Pts',(-38.0104996163501,18.,55.5065757554887));
#7333=CARTESIAN_POINT('Ctrl Pts',(-37.610051022779,18.,56.8831244338843));
#7334=CARTESIAN_POINT('Ctrl Pts',(-37.3245179357787,18.,57.8146265874553));
#7335=CARTESIAN_POINT('Ctrl Pts',(-37.1771092498079,18.,58.2838286481392));
#7336=CARTESIAN_POINT('',(-24.2793571346299,18.,49.560834346442));
#7337=CARTESIAN_POINT('Ctrl Pts',(-37.1771092498079,18.,58.2838286481392));
#7338=CARTESIAN_POINT('Ctrl Pts',(-36.9160259621176,18.,58.2031939439498));
#7339=CARTESIAN_POINT('Ctrl Pts',(-36.3941407696524,18.,58.0334850431583));
#7340=CARTESIAN_POINT('Ctrl Pts',(-35.6121571471092,18.,57.7536026926014));
#7341=CARTESIAN_POINT('Ctrl Pts',(-34.5712282744827,18.,57.3289596686661));
#7342=CARTESIAN_POINT('Ctrl Pts',(-33.273113753639,18.,56.7067803912681));
#7343=CARTESIAN_POINT('Ctrl Pts',(-31.9782889349171,18.,55.9859333747825));
#7344=CARTESIAN_POINT('Ctrl Pts',(-30.6869767804563,18.,55.1597313358718));
#7345=CARTESIAN_POINT('Ctrl Pts',(-29.3992148627514,18.,54.2270473660563));
#7346=CARTESIAN_POINT('Ctrl Pts',(-28.114781144767,18.,53.1945410020594));
#7347=CARTESIAN_POINT('Ctrl Pts',(-26.8333875925008,18.,52.0708512216723));
#7348=CARTESIAN_POINT('Ctrl Pts',(-25.8104879521998,18.,51.1054590579987));
#7349=CARTESIAN_POINT('Ctrl Pts',(-25.0444772929218,18.,50.3465010601586));
#7350=CARTESIAN_POINT('Ctrl Pts',(-24.5343123731426,18.,49.8252670772142));
#7351=CARTESIAN_POINT('Ctrl Pts',(-24.2793571346299,18.,49.560834346442));
#7352=CARTESIAN_POINT('',(-10.5108973320244,18.,60.7014008074645));
#7353=CARTESIAN_POINT('Ctrl Pts',(-24.2793571346299,18.,49.560834346442));
#7354=CARTESIAN_POINT('Ctrl Pts',(-24.0932725489335,18.,49.8100257566902));
#7355=CARTESIAN_POINT('Ctrl Pts',(-23.7130812573863,18.,50.3060383570706));
#7356=CARTESIAN_POINT('Ctrl Pts',(-23.1187275039966,18.,51.0429464626798));
#7357=CARTESIAN_POINT('Ctrl Pts',(-22.2773342680296,18.,52.011036210547));
#7358=CARTESIAN_POINT('Ctrl Pts',(-21.1387271618776,18.,53.1954830479857));
#7359=CARTESIAN_POINT('Ctrl Pts',(-19.9062901926183,18.,54.3522068614733));
#7360=CARTESIAN_POINT('Ctrl Pts',(-18.5736117073101,18.,55.479313260429));
#7361=CARTESIAN_POINT('Ctrl Pts',(-17.1394991539423,18.,56.5764498927594));
#7362=CARTESIAN_POINT('Ctrl Pts',(-15.6102202806031,18.,57.6454686308221));
#7363=CARTESIAN_POINT('Ctrl Pts',(-13.9939716792448,18.,58.6887912442648));
#7364=CARTESIAN_POINT('Ctrl Pts',(-12.6375855307313,18.,59.5047208974273));
#7365=CARTESIAN_POINT('Ctrl Pts',(-11.5869833347186,18.,60.1068255823557));
#7366=CARTESIAN_POINT('Ctrl Pts',(-10.8720198268696,18.,60.5039261959983));
#7367=CARTESIAN_POINT('Ctrl Pts',(-10.5108973320244,18.,60.7014008074645));
#7368=CARTESIAN_POINT('',(-11.3287692839103,18.,47.4962744797385));
#7369=CARTESIAN_POINT('Ctrl Pts',(-10.5108973320244,18.,60.7014008074645));
#7370=CARTESIAN_POINT('Ctrl Pts',(-10.4113401690353,18.,60.4818176127926));
#7371=CARTESIAN_POINT('Ctrl Pts',(-10.2226873218096,18.,60.0386332823405));
#7372=CARTESIAN_POINT('Ctrl Pts',(-9.97109328488516,18.,59.3618026569814));
#7373=CARTESIAN_POINT('Ctrl Pts',(-9.69943080921338,18.,58.4348595953069));
#7374=CARTESIAN_POINT('Ctrl Pts',(-9.473084756901,18.,57.2326917273036));
#7375=CARTESIAN_POINT('Ctrl Pts',(-9.36888172623941,18.,55.9836123777221));
#7376=CARTESIAN_POINT('Ctrl Pts',(-9.39489222610095,18.,54.6845219054762));
#7377=CARTESIAN_POINT('Ctrl Pts',(-9.55203712544482,18.,53.3350666323381));
#7378=CARTESIAN_POINT('Ctrl Pts',(-9.83182566735207,18.,51.9385076040954));
#7379=CARTESIAN_POINT('Ctrl Pts',(-10.2234909607964,18.,50.4989800615701));
#7380=CARTESIAN_POINT('Ctrl Pts',(-10.6182759152897,18.,49.3160744739608));
#7381=CARTESIAN_POINT('Ctrl Pts',(-10.9571554489014,18.,48.4124606099307));
#7382=CARTESIAN_POINT('Ctrl Pts',(-11.2017802790106,18.,47.8028672819985));
#7383=CARTESIAN_POINT('Ctrl Pts',(-11.3287692839103,18.,47.4962744797385));
#7384=CARTESIAN_POINT('',(56.2499987427145,18.,50.499998871237));
#7385=CARTESIAN_POINT('Ctrl Pts',(-11.3287692839103,18.,47.4962744797385));
#7386=CARTESIAN_POINT('Ctrl Pts',(-10.8070948359646,18.,47.9633601564751));
#7387=CARTESIAN_POINT('Ctrl Pts',(-9.74002716627678,18.,48.8804949631792));
#7388=CARTESIAN_POINT('Ctrl Pts',(-8.06826956995758,18.,50.2050881345479));
#7389=CARTESIAN_POINT('Ctrl Pts',(-5.69591083097795,18.,51.8682463433695));
#7390=CARTESIAN_POINT('Ctrl Pts',(-2.48504511598579,18.,53.7670190556465));
#7391=CARTESIAN_POINT('Ctrl Pts',(0.979834988103635,18.,55.4676054160715));
#7392=CARTESIAN_POINT('Ctrl Pts',(4.70713212979681,18.,56.9401809486701));
#7393=CARTESIAN_POINT('Ctrl Pts',(8.70189317703562,18.,58.1406244165202));
#7394=CARTESIAN_POINT('Ctrl Pts',(12.9666259912758,18.,59.0166505887358));
#7395=CARTESIAN_POINT('Ctrl Pts',(17.501568461738,18.,59.5152155214814));
#7396=CARTESIAN_POINT('Ctrl Pts',(22.3043498143632,18.,59.5898159617952));
#7397=CARTESIAN_POINT('Ctrl Pts',(27.3684870993284,18.,59.2106610241048));
#7398=CARTESIAN_POINT('Ctrl Pts',(32.6825385474296,18.,58.3710917983668));
#7399=CARTESIAN_POINT('Ctrl Pts',(38.233602050079,18.,57.0773032458785));
#7400=CARTESIAN_POINT('Ctrl Pts',(44.0093483674564,18.,55.3424004096056));
#7401=CARTESIAN_POINT('Ctrl Pts',(48.8017100806104,18.,53.6129430493676));
#7402=CARTESIAN_POINT('Ctrl Pts',(52.4896796994874,18.,52.1287184979813));
#7403=CARTESIAN_POINT('Ctrl Pts',(54.9896686169118,18.,51.056666875682));
#7404=CARTESIAN_POINT('Ctrl Pts',(56.2499987427145,18.,50.499998871237));
#7405=CARTESIAN_POINT('Ctrl Pts',(56.2499987427145,18.,50.499998871237));
#7406=CARTESIAN_POINT('Ctrl Pts',(55.9670674142037,18.,49.9195730139318));
#7407=CARTESIAN_POINT('Ctrl Pts',(55.3746311465764,18.,48.7570366616333));
#7408=CARTESIAN_POINT('Ctrl Pts',(54.4062526504013,18.,47.0081780132677));
#7409=CARTESIAN_POINT('Ctrl Pts',(52.9530381322602,18.,44.6660937318683));
#7410=CARTESIAN_POINT('Ctrl Pts',(50.8495328800242,18.,41.720294793261));
#7411=CARTESIAN_POINT('Ctrl Pts',(48.4385094495624,18.,38.7550006975531));
#7412=CARTESIAN_POINT('Ctrl Pts',(45.7034047437377,18.,35.7691614249189));
#7413=CARTESIAN_POINT('Ctrl Pts',(42.6495619274457,18.,32.7631157060226));
#7414=CARTESIAN_POINT('Ctrl Pts',(39.3016628537254,18.,29.7384282503203));
#7415=CARTESIAN_POINT('Ctrl Pts',(35.8363231923299,18.,26.8218108383691));
#7416=CARTESIAN_POINT('Ctrl Pts',(32.9203822702079,18.,24.5025120217764));
#7417=CARTESIAN_POINT('Ctrl Pts',(30.6847906068857,18.,22.7888334267071));
#7418=CARTESIAN_POINT('Ctrl Pts',(29.2134709888768,18.,21.6860953497362));
#7419=CARTESIAN_POINT('Ctrl Pts',(28.5550166199112,18.,21.1973783636869));
#7420=CARTESIAN_POINT('',(23.2339595183057,18.,24.7054032246814));
#7421=CARTESIAN_POINT('',(23.2339595183057,18.,24.6767006542964));
#7422=CARTESIAN_POINT('',(23.2339595183057,18.,16.4951426506393));
#7423=CARTESIAN_POINT('',(23.2491318756779,18.,24.6927400035184));
#7424=CARTESIAN_POINT('',(23.2215713607853,18.,24.6636046020605));
#7425=CARTESIAN_POINT('Ctrl Pts',(23.2491318756779,18.,24.6927400035184));
#7426=CARTESIAN_POINT('Ctrl Pts',(23.2460979491453,18.,24.6952730257531));
#7427=CARTESIAN_POINT('Ctrl Pts',(23.2430637501304,18.,24.6978058589767));
#7428=CARTESIAN_POINT('Ctrl Pts',(23.2400292786452,18.,24.7003385031975));
#7429=CARTESIAN_POINT('Ctrl Pts',(23.2369945347017,18.,24.7028709584239));
#7430=CARTESIAN_POINT('Ctrl Pts',(23.233959518312,18.,24.7054032246643));
#7431=CARTESIAN_POINT('',(-17.975,18.,31.375));
#7432=CARTESIAN_POINT('',(-17.975,18.,18.375));
#7433=CARTESIAN_POINT('',(-17.975,18.,16.6128499895246));
#7434=CARTESIAN_POINT('',(-17.475,18.,17.875));
#7435=CARTESIAN_POINT('Origin',(-17.475,18.,18.375));
#7436=CARTESIAN_POINT('',(-4.475,18.,17.875));
#7437=CARTESIAN_POINT('',(-6.78140714733312,18.,17.875));
#7438=CARTESIAN_POINT('',(-3.975,18.,18.375));
#7439=CARTESIAN_POINT('Origin',(-4.475,18.,18.375));
#7440=CARTESIAN_POINT('',(-3.975,18.,31.375));
#7441=CARTESIAN_POINT('',(-3.975,18.,10.1128499895246));
#7442=CARTESIAN_POINT('',(-4.475,18.,31.875));
#7443=CARTESIAN_POINT('Origin',(-4.475,18.,31.375));
#7444=CARTESIAN_POINT('',(-17.475,18.,31.875));
#7445=CARTESIAN_POINT('',(-0.281407147333117,18.,31.875));
#7446=CARTESIAN_POINT('Origin',(-17.475,18.,31.375));
#7447=CARTESIAN_POINT('',(-18.075,18.,-16.175));
#7448=CARTESIAN_POINT('',(-18.075,18.,-29.175));
#7449=CARTESIAN_POINT('',(-18.075,18.,-7.16215001047543));
#7450=CARTESIAN_POINT('',(-17.575,18.,-29.675));
#7451=CARTESIAN_POINT('Origin',(-17.575,18.,-29.175));
#7452=CARTESIAN_POINT('',(-4.575,18.,-29.675));
#7453=CARTESIAN_POINT('',(-6.83140714733312,18.,-29.675));
#7454=CARTESIAN_POINT('',(-4.075,18.,-29.175));
#7455=CARTESIAN_POINT('Origin',(-4.575,18.,-29.175));
#7456=CARTESIAN_POINT('',(-4.075,18.,-16.175));
#7457=CARTESIAN_POINT('',(-4.075,18.,-13.6621500104754));
#7458=CARTESIAN_POINT('',(-4.575,18.,-15.675));
#7459=CARTESIAN_POINT('Origin',(-4.575,18.,-16.175));
#7460=CARTESIAN_POINT('',(-17.575,18.,-15.675));
#7461=CARTESIAN_POINT('',(-0.331407147333118,18.,-15.675));
#7462=CARTESIAN_POINT('Origin',(-17.575,18.,-16.175));
#7463=CARTESIAN_POINT('',(23.4907981627576,18.,32.5180649688156));
#7464=CARTESIAN_POINT('',(7.45149193404568,18.,32.5180649688156));
#7465=CARTESIAN_POINT('',(23.4907981627576,18.,17.1843824739324));
#7466=CARTESIAN_POINT('',(23.4907981627576,18.,-43.4919350311844));
#7467=CARTESIAN_POINT('',(7.45149193404568,18.,-43.4919350311844));
#7468=CARTESIAN_POINT('',(23.4907981627576,18.,-20.8206175260676));
#7469=CARTESIAN_POINT('',(-38.7,18.,20.75));
#7470=CARTESIAN_POINT('',(-38.7,18.,-17.95));
#7471=CARTESIAN_POINT('',(-38.7,18.,-8.04965001047543));
#7472=CARTESIAN_POINT('',(-26.2,18.,-17.95));
#7473=CARTESIAN_POINT('',(-11.1439071473331,18.,-17.95));
#7474=CARTESIAN_POINT('',(-26.2,18.,20.75));
#7475=CARTESIAN_POINT('',(-26.2,18.,11.3003499895246));
#7476=CARTESIAN_POINT('',(-17.3939071473331,18.,20.75));
#7477=CARTESIAN_POINT('Ctrl Pts',(18.4829224620506,20.4,28.2757035982646));
#7478=CARTESIAN_POINT('Ctrl Pts',(18.4829224620506,15.6,28.2757035982646));
#7479=CARTESIAN_POINT('Ctrl Pts',(18.9629224620506,20.4,27.9458713082653));
#7480=CARTESIAN_POINT('Ctrl Pts',(18.9629224620506,15.6,27.9458713082653));
#7481=CARTESIAN_POINT('Ctrl Pts',(19.4429224620506,20.4,27.616039018266));
#7482=CARTESIAN_POINT('Ctrl Pts',(19.4429224620506,15.6,27.616039018266));
#7483=CARTESIAN_POINT('Ctrl Pts',(19.9229224620506,20.4,27.2862067282667));
#7484=CARTESIAN_POINT('Ctrl Pts',(19.9229224620506,15.6,27.2862067282667));
#7485=CARTESIAN_POINT('Ctrl Pts',(20.4029224620506,20.4,26.9563744382674));
#7486=CARTESIAN_POINT('Ctrl Pts',(20.4029224620506,15.6,26.9563744382674));
#7487=CARTESIAN_POINT('Ctrl Pts',(20.8829224620506,20.4,26.6265421482681));
#7488=CARTESIAN_POINT('Ctrl Pts',(20.8829224620506,15.6,26.6265421482681));
#7489=CARTESIAN_POINT('Ctrl Pts',(21.0317340296693,20.4,26.5242861896721));
#7490=CARTESIAN_POINT('Ctrl Pts',(21.0317340296693,15.6,26.5242861896721));
#7491=CARTESIAN_POINT('Ctrl Pts',(21.3282640857778,20.4,26.3181132995911));
#7492=CARTESIAN_POINT('Ctrl Pts',(21.3282640857778,15.6,26.3181132995911));
#7493=CARTESIAN_POINT('Ctrl Pts',(21.7697800166587,20.4,26.0038711736034));
#7494=CARTESIAN_POINT('Ctrl Pts',(21.7697800166587,15.6,26.0038711736034));
#7495=CARTESIAN_POINT('Ctrl Pts',(22.3518009945756,20.4,25.5747510334669));
#7496=CARTESIAN_POINT('Ctrl Pts',(22.3518009945756,15.6,25.5747510334669));
#7497=CARTESIAN_POINT('Ctrl Pts',(23.0674643578954,20.4,25.0203248190194));
#7498=CARTESIAN_POINT('Ctrl Pts',(23.0674643578954,15.6,25.0203248190194));
#7499=CARTESIAN_POINT('Ctrl Pts',(23.7702156709081,20.4,24.446278281639));
#7500=CARTESIAN_POINT('Ctrl Pts',(23.7702156709081,15.6,24.446278281639));
#7501=CARTESIAN_POINT('Ctrl Pts',(24.4590183515804,20.4,23.8510362977961));
#7502=CARTESIAN_POINT('Ctrl Pts',(24.4590183515804,15.6,23.8510362977961));
#7503=CARTESIAN_POINT('Ctrl Pts',(25.1333379577556,20.4,23.2337867634898));
#7504=CARTESIAN_POINT('Ctrl Pts',(25.1333379577556,15.6,23.2337867634898));
#7505=CARTESIAN_POINT('Ctrl Pts',(25.793785040796,20.4,22.5954574333833));
#7506=CARTESIAN_POINT('Ctrl Pts',(25.793785040796,15.6,22.5954574333833));
#7507=CARTESIAN_POINT('Ctrl Pts',(26.4414219422064,20.4,21.9376625734436));
#7508=CARTESIAN_POINT('Ctrl Pts',(26.4414219422064,15.6,21.9376625734436));
#7509=CARTESIAN_POINT('Ctrl Pts',(26.9501319437873,20.4,21.3971437788577));
#7510=CARTESIAN_POINT('Ctrl Pts',(26.9501319437873,15.6,21.3971437788577));
#7511=CARTESIAN_POINT('Ctrl Pts',(27.3267144116447,20.4,20.9842329299702));
#7512=CARTESIAN_POINT('Ctrl Pts',(27.3267144116447,15.6,20.9842329299702));
#7513=CARTESIAN_POINT('Ctrl Pts',(27.5756053100606,20.4,20.7056706333996));
#7514=CARTESIAN_POINT('Ctrl Pts',(27.5756053100606,15.6,20.7056706333996));
#7515=CARTESIAN_POINT('Ctrl Pts',(27.6995097200631,20.4,20.5655673566621));
#7516=CARTESIAN_POINT('Ctrl Pts',(27.6995097200631,15.6,20.5655673566621));
#7517=CARTESIAN_POINT('',(27.6995097200631,17.,20.5655673566621));
#7518=CARTESIAN_POINT('Ctrl Pts',(20.8829224620506,17.,26.6265421482681));
#7519=CARTESIAN_POINT('Ctrl Pts',(21.0317340296693,17.,26.5242861896721));
#7520=CARTESIAN_POINT('Ctrl Pts',(21.3282640857778,17.,26.3181132995911));
#7521=CARTESIAN_POINT('Ctrl Pts',(21.7697800166587,17.,26.0038711736034));
#7522=CARTESIAN_POINT('Ctrl Pts',(22.3518009945756,17.,25.5747510334669));
#7523=CARTESIAN_POINT('Ctrl Pts',(23.0674643578954,17.,25.0203248190194));
#7524=CARTESIAN_POINT('Ctrl Pts',(23.7702156709081,17.,24.446278281639));
#7525=CARTESIAN_POINT('Ctrl Pts',(24.4590183515804,17.,23.8510362977961));
#7526=CARTESIAN_POINT('Ctrl Pts',(25.1333379577556,17.,23.2337867634898));
#7527=CARTESIAN_POINT('Ctrl Pts',(25.793785040796,17.,22.5954574333833));
#7528=CARTESIAN_POINT('Ctrl Pts',(26.4414219422064,17.,21.9376625734436));
#7529=CARTESIAN_POINT('Ctrl Pts',(26.9501319437873,17.,21.3971437788577));
#7530=CARTESIAN_POINT('Ctrl Pts',(27.3267144116447,17.,20.9842329299702));
#7531=CARTESIAN_POINT('Ctrl Pts',(27.5756053100606,17.,20.7056706333996));
#7532=CARTESIAN_POINT('Ctrl Pts',(27.6995097200631,17.,20.5655673566621));
#7533=CARTESIAN_POINT('',(27.6995097200631,15.,20.5655673566621));
#7534=CARTESIAN_POINT('Origin',(24.279834739987,17.,23.6382301433799));
#7535=CARTESIAN_POINT('Ctrl Pts',(27.6995097200631,17.,20.5655673566621));
#7536=CARTESIAN_POINT('Ctrl Pts',(27.7161729960803,17.,20.5778126584906));
#7537=CARTESIAN_POINT('Ctrl Pts',(27.7328347049915,17.,20.5900603283124));
#7538=CARTESIAN_POINT('Ctrl Pts',(27.7494948234941,17.,20.602310353651));
#7539=CARTESIAN_POINT('Ctrl Pts',(14.5645837189773,17.,-22.5733533446289));
#7540=CARTESIAN_POINT('Ctrl Pts',(14.9991415597041,17.,-22.1863809667593));
#7541=CARTESIAN_POINT('Ctrl Pts',(15.4336994004309,17.,-21.7994085888898));
#7542=CARTESIAN_POINT('Ctrl Pts',(17.1461531332553,17.,-20.2744739751815));
#7543=CARTESIAN_POINT('Ctrl Pts',(18.4986745627276,17.,-18.9110055473582));
#7544=CARTESIAN_POINT('Ctrl Pts',(20.9500457620095,17.,-15.8102156554077));
#7545=CARTESIAN_POINT('Ctrl Pts',(22.1127760436738,17.,-13.8615283808407));
#7546=CARTESIAN_POINT('Ctrl Pts',(23.0000003427269,17.,-12.0000001788136));
#7547=CARTESIAN_POINT('Ctrl Pts',(14.5645837189773,17.2991993003419,-22.5733533446289));
#7548=CARTESIAN_POINT('Ctrl Pts',(14.9991415597041,17.2991993003419,-22.1863809667593));
#7549=CARTESIAN_POINT('Ctrl Pts',(15.4336994004309,17.2991993003419,-21.7994085888898));
#7550=CARTESIAN_POINT('Ctrl Pts',(17.1461531332553,17.2991993003419,-20.2744739751815));
#7551=CARTESIAN_POINT('Ctrl Pts',(18.4986745627276,17.2991993003419,-18.9110055473582));
#7552=CARTESIAN_POINT('Ctrl Pts',(20.9500457620095,17.2991993003419,-15.8102156554077));
#7553=CARTESIAN_POINT('Ctrl Pts',(22.1127760436738,17.2991993003419,-13.8615283808407));
#7554=CARTESIAN_POINT('Ctrl Pts',(23.0000003427269,17.2991993003419,-12.0000001788136));
#7555=CARTESIAN_POINT('Ctrl Pts',(14.7316399233861,17.8171157340515,-22.7609522214985));
#7556=CARTESIAN_POINT('Ctrl Pts',(15.1661977641129,17.8171157340515,-22.3739798436289));
#7557=CARTESIAN_POINT('Ctrl Pts',(15.6007556048396,17.8171157340514,-21.9870074657594));
#7558=CARTESIAN_POINT('Ctrl Pts',(17.3228475895046,17.8171157340514,-20.4534872685585));
#7559=CARTESIAN_POINT('Ctrl Pts',(18.6861223162197,17.8171157340515,-19.0792307412526));
#7560=CARTESIAN_POINT('Ctrl Pts',(21.1581056266825,17.8171157340515,-15.9519090115036));
#7561=CARTESIAN_POINT('Ctrl Pts',(22.3313989985443,17.8171157340514,-13.9855311486065));
#7562=CARTESIAN_POINT('Ctrl Pts',(23.2267613152226,17.8171157340515,-12.1080768894731));
#7563=CARTESIAN_POINT('Ctrl Pts',(15.0803847319636,18.,-23.1525817011385));
#7564=CARTESIAN_POINT('Ctrl Pts',(15.5149425726903,18.,-22.765609323269));
#7565=CARTESIAN_POINT('Ctrl Pts',(15.9495004134171,18.,-22.3786369453994));
#7566=CARTESIAN_POINT('Ctrl Pts',(17.6889681782676,18.,-20.8296444077241));
#7567=CARTESIAN_POINT('Ctrl Pts',(19.075804995534,18.,-19.4321851634085));
#7568=CARTESIAN_POINT('Ctrl Pts',(21.5940441178605,18.,-16.2458631730613));
#7569=CARTESIAN_POINT('Ctrl Pts',(22.7912197204497,18.,-14.2399160719873));
#7570=CARTESIAN_POINT('Ctrl Pts',(23.7001451816031,18.,-12.3336967154715));
#7571=CARTESIAN_POINT('Ctrl Pts',(15.2296180975407,18.,-23.3201660891163));
#7572=CARTESIAN_POINT('Ctrl Pts',(15.6641759382674,18.,-22.9331937112467));
#7573=CARTESIAN_POINT('Ctrl Pts',(16.0987337789942,18.,-22.5462213333772));
#7574=CARTESIAN_POINT('Ctrl Pts',(17.8449171372439,18.,-20.9912505952863));
#7575=CARTESIAN_POINT('Ctrl Pts',(19.2421285543323,18.,-19.5836838183862));
#7576=CARTESIAN_POINT('Ctrl Pts',(21.7810072301937,18.,-16.3711673805135));
#7577=CARTESIAN_POINT('Ctrl Pts',(22.9888824931132,18.,-14.3475961041885));
#7578=CARTESIAN_POINT('Ctrl Pts',(23.9027135520916,18.,-12.4302429726388));
#7579=CARTESIAN_POINT('Ctrl Pts',(23.0000003427267,17.,-12.0000001788139));
#7580=CARTESIAN_POINT('Ctrl Pts',(23.0000003427267,17.0925643943854,-12.0000001788139));
#7581=CARTESIAN_POINT('Ctrl Pts',(23.0104062379074,17.184400530331,-12.008043219352));
#7582=CARTESIAN_POINT('Ctrl Pts',(23.030732540615,17.2729319727387,-12.0237658981835));
#7583=CARTESIAN_POINT('Ctrl Pts',(23.0383917305533,17.3062916615452,-12.0296903884974));
#7584=CARTESIAN_POINT('Ctrl Pts',(23.0474597832011,17.3391821264867,-12.0367057487393));
#7585=CARTESIAN_POINT('Ctrl Pts',(23.0579117318165,17.3714655220741,-12.0447941209116));
#7586=CARTESIAN_POINT('Ctrl Pts',(23.0937648735403,17.4822067053609,-12.0725395265273));
#7587=CARTESIAN_POINT('Ctrl Pts',(23.1451883849312,17.5836481872611,-12.1123567561398));
#7588=CARTESIAN_POINT('Ctrl Pts',(23.2093915503654,17.6713259325358,-12.1621654140555));
#7589=CARTESIAN_POINT('Ctrl Pts',(23.2143906102193,17.6781527968114,-12.1660436724012));
#7590=CARTESIAN_POINT('Ctrl Pts',(23.2194671617501,17.6848962161205,-12.1699825257056));
#7591=CARTESIAN_POINT('Ctrl Pts',(23.2246198928955,17.6915540831778,-12.1739810002624));
#7592=CARTESIAN_POINT('Ctrl Pts',(23.2876027106634,17.7729344649137,-12.2228551191055));
#7593=CARTESIAN_POINT('Ctrl Pts',(23.3609083656028,17.8401828167267,-12.2798168870073));
#7594=CARTESIAN_POINT('Ctrl Pts',(23.4412172491369,17.8908990402815,-12.3423560359655));
#7595=CARTESIAN_POINT('Ctrl Pts',(23.4540241252129,17.8989867680836,-12.3523291683932));
#7596=CARTESIAN_POINT('Ctrl Pts',(23.4670090400781,17.906654071398,-12.3624440456989));
#7597=CARTESIAN_POINT('Ctrl Pts',(23.4801584550193,17.9138912167503,-12.372690367792));
#7598=CARTESIAN_POINT('Ctrl Pts',(23.5316647036538,17.942239109762,-12.4128252038797));
#7599=CARTESIAN_POINT('Ctrl Pts',(23.5853300766104,17.9637858509328,-12.454693054322));
#7600=CARTESIAN_POINT('Ctrl Pts',(23.6402601524625,17.9782359970237,-12.4976059953439));
#7601=CARTESIAN_POINT('Ctrl Pts',(23.6952904536506,17.9927125088299,-12.5405972352553));
#7602=CARTESIAN_POINT('Ctrl Pts',(23.7513367933053,18.,-12.5844395775274));
#7603=CARTESIAN_POINT('Ctrl Pts',(23.8074810623723,18.,-12.628417878236));
#7604=CARTESIAN_POINT('Ctrl Pts',(15.2296180975417,18.,-23.3201660891175));
#7605=CARTESIAN_POINT('Ctrl Pts',(15.2305691094409,18.,-23.3173252456888));
#7606=CARTESIAN_POINT('Ctrl Pts',(15.231520123725,17.9999966737714,-23.3144843951352));
#7607=CARTESIAN_POINT('Ctrl Pts',(15.3221902615948,17.9993624175238,-23.0436364008804));
#7608=CARTESIAN_POINT('Ctrl Pts',(15.4141603318903,17.9691141894495,-22.768905274997));
#7609=CARTESIAN_POINT('Ctrl Pts',(15.5854689002811,17.843075345781,-22.257175799033));
#7610=CARTESIAN_POINT('Ctrl Pts',(15.6600383423062,17.7530617086466,-22.0344234764324));
#7611=CARTESIAN_POINT('Ctrl Pts',(15.7549399189027,17.5751068447646,-21.750935414416));
#7612=CARTESIAN_POINT('Ctrl Pts',(15.7888379540315,17.4943185010031,-21.6496758923638));
#7613=CARTESIAN_POINT('Ctrl Pts',(15.8325370794099,17.336430960042,-21.5191387526304));
#7614=CARTESIAN_POINT('Ctrl Pts',(15.8468868463641,17.267795080936,-21.4762734202631));
#7615=CARTESIAN_POINT('Ctrl Pts',(15.8640525809758,17.1306736274496,-21.4249962864933));
#7616=CARTESIAN_POINT('Ctrl Pts',(15.8682572411576,17.0662739766139,-21.4124362110203));
#7617=CARTESIAN_POINT('Ctrl Pts',(15.8682572411576,17.,-21.4124362110203));
#7618=CARTESIAN_POINT('Ctrl Pts',(15.8682572411576,17.,2.44549331491103));
#7619=CARTESIAN_POINT('Ctrl Pts',(15.2105354245496,17.,-0.933563153717087));
#7620=CARTESIAN_POINT('Ctrl Pts',(14.1682392847739,17.,-8.91075714052739));
#7621=CARTESIAN_POINT('Ctrl Pts',(14.9699396908645,17.,-16.9158412810499));
#7622=CARTESIAN_POINT('Ctrl Pts',(15.9822517439863,17.,-21.983044125));
#7623=CARTESIAN_POINT('Ctrl Pts',(16.0962462468151,17.,-22.5536520389797));
#7624=CARTESIAN_POINT('Ctrl Pts',(16.2102407496438,17.,-23.1242599529595));
#7625=CARTESIAN_POINT('Ctrl Pts',(15.8682572411576,17.2991993003419,2.44549331491103));
#7626=CARTESIAN_POINT('Ctrl Pts',(15.2105354245496,17.2991993003419,-0.933563153717087));
#7627=CARTESIAN_POINT('Ctrl Pts',(14.1682392847739,17.2991993003419,-8.91075714052739));
#7628=CARTESIAN_POINT('Ctrl Pts',(14.9699396908645,17.2991993003419,-16.9158412810499));
#7629=CARTESIAN_POINT('Ctrl Pts',(15.9822517439863,17.2991993003419,-21.983044125));
#7630=CARTESIAN_POINT('Ctrl Pts',(16.0962462468151,17.2991993003419,-22.5536520389797));
#7631=CARTESIAN_POINT('Ctrl Pts',(16.2102407496438,17.2991993003419,-23.1242599529595));
#7632=CARTESIAN_POINT('Ctrl Pts',(15.62168534175,17.81711561946,2.49348769414338));
#7633=CARTESIAN_POINT('Ctrl Pts',(14.9615503180171,17.81711561946,-0.898094598995569));
#7634=CARTESIAN_POINT('Ctrl Pts',(13.915174435962,17.81711561946,-8.90697259661177));
#7635=CARTESIAN_POINT('Ctrl Pts',(14.7204171209337,17.81711561946,-16.9463384358726));
#7636=CARTESIAN_POINT('Ctrl Pts',(15.7359198763705,17.81711561946,-22.0322556380053));
#7637=CARTESIAN_POINT('Ctrl Pts',(15.8499143791992,17.81711561946,-22.602863551985));
#7638=CARTESIAN_POINT('Ctrl Pts',(15.963908882028,17.81711561946,-23.1734714659647));
#7639=CARTESIAN_POINT('Ctrl Pts',(15.1069446782101,18.,2.59368020866593));
#7640=CARTESIAN_POINT('Ctrl Pts',(14.4423402158411,18.,-0.820829621508369));
#7641=CARTESIAN_POINT('Ctrl Pts',(13.3865378897337,18.,-8.89754447736624));
#7642=CARTESIAN_POINT('Ctrl Pts',(14.1995146929103,18.,-17.0164553510728));
#7643=CARTESIAN_POINT('Ctrl Pts',(15.2216803004406,18.,-22.1349890270046));
#7644=CARTESIAN_POINT('Ctrl Pts',(15.3356748032693,18.,-22.7055969409844));
#7645=CARTESIAN_POINT('Ctrl Pts',(15.449669306098,18.,-23.2762048549641));
#7646=CARTESIAN_POINT('Ctrl Pts',(14.8866790463785,18.,2.63655416263789));
#7647=CARTESIAN_POINT('Ctrl Pts',(14.2203110164955,18.,-0.786922366505429));
#7648=CARTESIAN_POINT('Ctrl Pts',(13.1602365350334,18.,-8.89310963273235));
#7649=CARTESIAN_POINT('Ctrl Pts',(13.9766118264347,18.,-17.0481505373307));
#7650=CARTESIAN_POINT('Ctrl Pts',(15.0016290918843,18.,-22.178950261158));
#7651=CARTESIAN_POINT('Ctrl Pts',(15.115623594713,18.,-22.7495581751377));
#7652=CARTESIAN_POINT('Ctrl Pts',(15.2296180975417,18.,-23.3201660891175));
#7653=CARTESIAN_POINT('Ctrl Pts',(15.8682572411576,17.,2.44549331491103));
#7654=CARTESIAN_POINT('Ctrl Pts',(15.8682572411576,17.0268793439533,2.44549331491103));
#7655=CARTESIAN_POINT('Ctrl Pts',(15.8661204259336,17.0527950955901,2.44018737999568));
#7656=CARTESIAN_POINT('Ctrl Pts',(15.8580376221689,17.1054760847796,2.42011693580002));
#7657=CARTESIAN_POINT('Ctrl Pts',(15.8517960023347,17.1311479709184,2.40461834320537));
#7658=CARTESIAN_POINT('Ctrl Pts',(15.8273760613835,17.2107433108321,2.34398108460199));
#7659=CARTESIAN_POINT('Ctrl Pts',(15.8025876450396,17.2602168752082,2.28242886319361));
#7660=CARTESIAN_POINT('Ctrl Pts',(15.6818206696423,17.4569408586397,1.98255187608171));
#7661=CARTESIAN_POINT('Ctrl Pts',(15.5339625027516,17.5699909573785,1.61540463685311));
#7662=CARTESIAN_POINT('Ctrl Pts',(15.2637026945408,17.7501226088119,0.944321364649815));
#7663=CARTESIAN_POINT('Ctrl Pts',(15.0489883731218,17.8457284859871,0.411163325499736));
#7664=CARTESIAN_POINT('Ctrl Pts',(14.5978059355406,17.9692105750654,-0.709169692484539));
#7665=CARTESIAN_POINT('Ctrl Pts',(14.3758451308783,18.,-1.26032150480838));
#7666=CARTESIAN_POINT('Ctrl Pts',(14.1612534295067,18.,-1.79317506560047));
#7667=CARTESIAN_POINT('Ctrl Pts',(1.00816440941551,13.,5.00231008121585));
#7668=CARTESIAN_POINT('Ctrl Pts',(1.00816440941551,18.01,5.00231008121585));
#7669=CARTESIAN_POINT('Ctrl Pts',(5.40653159607775,13.,1.60184802920989));
#7670=CARTESIAN_POINT('Ctrl Pts',(5.40653159607775,18.01,1.60184802920989));
#7671=CARTESIAN_POINT('Ctrl Pts',(9.80489878273999,13.,-1.79861402279606));
#7672=CARTESIAN_POINT('Ctrl Pts',(9.80489878273999,18.01,-1.79861402279606));
#7673=CARTESIAN_POINT('Ctrl Pts',(14.2032659694022,13.,-5.19907607480202));
#7674=CARTESIAN_POINT('Ctrl Pts',(14.2032659694022,18.01,-5.19907607480202));
#7675=CARTESIAN_POINT('Ctrl Pts',(18.6016331560645,13.,-8.59953812680798));
#7676=CARTESIAN_POINT('Ctrl Pts',(18.6016331560645,18.01,-8.59953812680798));
#7677=CARTESIAN_POINT('Ctrl Pts',(23.0000003427267,13.,-12.0000001788139));
#7678=CARTESIAN_POINT('Ctrl Pts',(23.0000003427267,18.01,-12.0000001788139));
#7679=CARTESIAN_POINT('Ctrl Pts',(23.5351946241173,13.,-12.4137691451335));
#7680=CARTESIAN_POINT('Ctrl Pts',(23.5351946241173,18.01,-12.4137691451335));
#7681=CARTESIAN_POINT('Ctrl Pts',(24.6171016952335,13.,-13.2594175388934));
#7682=CARTESIAN_POINT('Ctrl Pts',(24.6171016952335,18.01,-13.2594175388934));
#7683=CARTESIAN_POINT('Ctrl Pts',(26.2745192397069,13.,-14.5822237342198));
#7684=CARTESIAN_POINT('Ctrl Pts',(26.2745192397069,18.01,-14.5822237342198));
#7685=CARTESIAN_POINT('Ctrl Pts',(28.5546480092459,13.,-16.4564011061274));
#7686=CARTESIAN_POINT('Ctrl Pts',(28.5546480092459,18.01,-16.4564011061274));
#7687=CARTESIAN_POINT('Ctrl Pts',(31.5291984712645,13.,-18.9946994651169));
#7688=CARTESIAN_POINT('Ctrl Pts',(31.5291984712645,18.01,-18.9946994651169));
#7689=CARTESIAN_POINT('Ctrl Pts',(34.6370167150809,13.,-21.742533721521));
#7690=CARTESIAN_POINT('Ctrl Pts',(34.6370167150809,18.01,-21.742533721521));
#7691=CARTESIAN_POINT('Ctrl Pts',(37.8852387704241,13.,-24.7111237994142));
#7692=CARTESIAN_POINT('Ctrl Pts',(37.8852387704241,18.01,-24.7111237994142));
#7693=CARTESIAN_POINT('Ctrl Pts',(41.2714735270597,13.,-27.8967101747634));
#7694=CARTESIAN_POINT('Ctrl Pts',(41.2714735270597,18.01,-27.8967101747634));
#7695=CARTESIAN_POINT('Ctrl Pts',(44.7849969872804,13.,-31.2824315893365));
#7696=CARTESIAN_POINT('Ctrl Pts',(44.7849969872804,18.01,-31.2824315893365));
#7697=CARTESIAN_POINT('Ctrl Pts',(48.4135835158888,13.,-34.849065771948));
#7698=CARTESIAN_POINT('Ctrl Pts',(48.4135835158888,18.01,-34.849065771948));
#7699=CARTESIAN_POINT('Ctrl Pts',(51.3998090216339,13.,-37.83343355365));
#7700=CARTESIAN_POINT('Ctrl Pts',(51.3998090216339,18.01,-37.83343355365));
#7701=CARTESIAN_POINT('Ctrl Pts',(53.6831858546429,13.,-40.1404306727178));
#7702=CARTESIAN_POINT('Ctrl Pts',(53.6831858546429,18.01,-40.1404306727178));
#7703=CARTESIAN_POINT('Ctrl Pts',(55.224543225916,13.,-41.7084692020785));
#7704=CARTESIAN_POINT('Ctrl Pts',(55.224543225916,18.01,-41.7084692020785));
#7705=CARTESIAN_POINT('Ctrl Pts',(55.9999987483025,13.,-42.499999050051));
#7706=CARTESIAN_POINT('Ctrl Pts',(55.9999987483025,18.01,-42.499999050051));
#7707=CARTESIAN_POINT('',(55.9999987483025,15.,-42.499999050051));
#7708=CARTESIAN_POINT('Ctrl Pts',(46.2713501671139,20.6,-154.382599899943));
#7709=CARTESIAN_POINT('Ctrl Pts',(46.2713501671139,14.6,-154.382599899943));
#7710=CARTESIAN_POINT('Ctrl Pts',(40.2369603969717,20.6,-127.658124906362));
#7711=CARTESIAN_POINT('Ctrl Pts',(40.2369603969717,14.6,-127.658124906362));
#7712=CARTESIAN_POINT('Ctrl Pts',(34.2025706268296,20.6,-100.933649912782));
#7713=CARTESIAN_POINT('Ctrl Pts',(34.2025706268296,14.6,-100.933649912782));
#7714=CARTESIAN_POINT('Ctrl Pts',(28.1681808566874,20.6,-74.2091749192011));
#7715=CARTESIAN_POINT('Ctrl Pts',(28.1681808566874,14.6,-74.2091749192011));
#7716=CARTESIAN_POINT('Ctrl Pts',(22.1337910865452,20.6,-47.4846999256205));
#7717=CARTESIAN_POINT('Ctrl Pts',(22.1337910865452,14.6,-47.4846999256205));
#7718=CARTESIAN_POINT('Ctrl Pts',(16.0994013164031,20.6,-20.7602249320398));
#7719=CARTESIAN_POINT('Ctrl Pts',(16.0994013164031,14.6,-20.7602249320398));
#7720=CARTESIAN_POINT('Ctrl Pts',(16.0134182805185,20.6,-20.3794322454719));
#7721=CARTESIAN_POINT('Ctrl Pts',(16.0134182805185,14.6,-20.3794322454719));
#7722=CARTESIAN_POINT('Ctrl Pts',(15.8488593123884,20.6,-19.614552269349));
#7723=CARTESIAN_POINT('Ctrl Pts',(15.8488593123884,14.6,-19.614552269349));
#7724=CARTESIAN_POINT('Ctrl Pts',(15.6242419579712,20.6,-18.4573486831829));
#7725=CARTESIAN_POINT('Ctrl Pts',(15.6242419579712,14.6,-18.4573486831829));
#7726=CARTESIAN_POINT('Ctrl Pts',(15.3695192567933,20.6,-16.8944979079024));
#7727=CARTESIAN_POINT('Ctrl Pts',(15.3695192567933,14.6,-16.8944979079024));
#7728=CARTESIAN_POINT('Ctrl Pts',(15.1274869721978,20.6,-14.9083852372225));
#7729=CARTESIAN_POINT('Ctrl Pts',(15.1274869721978,14.6,-14.9083852372225));
#7730=CARTESIAN_POINT('Ctrl Pts',(14.9637130565534,20.6,-12.8931624701149));
#7731=CARTESIAN_POINT('Ctrl Pts',(14.9637130565534,14.6,-12.8931624701149));
#7732=CARTESIAN_POINT('Ctrl Pts',(14.879169554077,20.6,-10.8570686930033));
#7733=CARTESIAN_POINT('Ctrl Pts',(14.879169554077,14.6,-10.8570686930033));
#7734=CARTESIAN_POINT('Ctrl Pts',(14.8727379780153,20.6,-8.81518447049121));
#7735=CARTESIAN_POINT('Ctrl Pts',(14.8727379780153,14.6,-8.81518447049121));
#7736=CARTESIAN_POINT('Ctrl Pts',(14.9396082184963,20.6,-6.79197461841203));
#7737=CARTESIAN_POINT('Ctrl Pts',(14.9396082184963,14.6,-6.79197461841203));
#7738=CARTESIAN_POINT('Ctrl Pts',(15.0698369510239,20.6,-4.82333734197386));
#7739=CARTESIAN_POINT('Ctrl Pts',(15.0698369510239,14.6,-4.82333734197386));
#7740=CARTESIAN_POINT('Ctrl Pts',(15.245548267588,20.6,-2.96060238358552));
#7741=CARTESIAN_POINT('Ctrl Pts',(15.245548267588,14.6,-2.96060238358552));
#7742=CARTESIAN_POINT('Ctrl Pts',(15.442258819316,20.6,-1.26741983108551));
#7743=CARTESIAN_POINT('Ctrl Pts',(15.442258819316,14.6,-1.26741983108551));
#7744=CARTESIAN_POINT('Ctrl Pts',(15.63294256459,20.6,0.188255584284747));
#7745=CARTESIAN_POINT('Ctrl Pts',(15.63294256459,14.6,0.188255584284747));
#7746=CARTESIAN_POINT('Ctrl Pts',(15.7911061750882,20.6,1.34107057058481));
#7747=CARTESIAN_POINT('Ctrl Pts',(15.7911061750882,14.6,1.34107057058481));
#7748=CARTESIAN_POINT('Ctrl Pts',(15.8942383253241,20.6,2.13636541984645));
#7749=CARTESIAN_POINT('Ctrl Pts',(15.8942383253241,14.6,2.13636541984645));
#7750=CARTESIAN_POINT('Ctrl Pts',(15.9206999841208,20.6,2.45857622894883));
#7751=CARTESIAN_POINT('Ctrl Pts',(15.9206999841208,14.6,2.45857622894883));
#7752=CARTESIAN_POINT('Ctrl Pts',(15.9073113076205,20.6,2.5211708057303));
#7753=CARTESIAN_POINT('Ctrl Pts',(15.9073113076205,14.6,2.5211708057303));
#7754=CARTESIAN_POINT('Ctrl Pts',(15.8837195322176,20.6,2.4838877952039));
#7755=CARTESIAN_POINT('Ctrl Pts',(15.8837195322176,14.6,2.4838877952039));
#7756=CARTESIAN_POINT('Ctrl Pts',(15.8682572411576,20.6,2.44549331491103));
#7757=CARTESIAN_POINT('Ctrl Pts',(15.8682572411576,14.6,2.44549331491103));
#7758=CARTESIAN_POINT('Ctrl Pts',(15.3315762862547,20.6,1.11285856714811));
#7759=CARTESIAN_POINT('Ctrl Pts',(15.3315762862547,14.6,1.11285856714811));
#7760=CARTESIAN_POINT('Ctrl Pts',(14.7948953313518,20.6,-0.21977618061481));
#7761=CARTESIAN_POINT('Ctrl Pts',(14.7948953313518,14.6,-0.21977618061481));
#7762=CARTESIAN_POINT('Ctrl Pts',(14.2582143764489,20.6,-1.55241092837773));
#7763=CARTESIAN_POINT('Ctrl Pts',(14.2582143764489,14.6,-1.55241092837773));
#7764=CARTESIAN_POINT('Ctrl Pts',(13.7215334215459,20.6,-2.88504567614065));
#7765=CARTESIAN_POINT('Ctrl Pts',(13.7215334215459,14.6,-2.88504567614065));
#7766=CARTESIAN_POINT('Ctrl Pts',(13.184852466643,20.6,-4.21768042390357));
#7767=CARTESIAN_POINT('Ctrl Pts',(13.184852466643,14.6,-4.21768042390357));
#7768=CARTESIAN_POINT('',(16.0994013164031,18.,-20.7602249320398));
#7769=CARTESIAN_POINT('Ctrl Pts',(25.5999994277954,18.,-0.199999995529652));
#7770=CARTESIAN_POINT('Ctrl Pts',(25.5999994277954,17.,-0.199999995529652));
#7771=CARTESIAN_POINT('Ctrl Pts',(25.5717487684706,18.,-0.665644228283285));
#7772=CARTESIAN_POINT('Ctrl Pts',(25.5717487684706,17.,-0.665644228283285));
#7773=CARTESIAN_POINT('Ctrl Pts',(25.5010100987957,18.,-1.59214120417571));
#7774=CARTESIAN_POINT('Ctrl Pts',(25.5010100987957,17.,-1.59214120417571));
#7775=CARTESIAN_POINT('Ctrl Pts',(25.3521907704141,18.,-2.96751244457948));
#7776=CARTESIAN_POINT('Ctrl Pts',(25.3521907704141,17.,-2.96751244457948));
#7777=CARTESIAN_POINT('Ctrl Pts',(25.0669306927787,18.,-4.77211723351531));
#7778=CARTESIAN_POINT('Ctrl Pts',(25.0669306927787,17.,-4.77211723351531));
#7779=CARTESIAN_POINT('Ctrl Pts',(24.5559065289466,18.,-6.97589437205655));
#7780=CARTESIAN_POINT('Ctrl Pts',(24.5559065289466,17.,-6.97589437205655));
#7781=CARTESIAN_POINT('Ctrl Pts',(23.8770116652483,18.,-9.12317569802076));
#7782=CARTESIAN_POINT('Ctrl Pts',(23.8770116652483,17.,-9.12317569802076));
#7783=CARTESIAN_POINT('Ctrl Pts',(23.0171386336096,18.,-11.2095499766863));
#7784=CARTESIAN_POINT('Ctrl Pts',(23.0171386336096,17.,-11.2095499766863));
#7785=CARTESIAN_POINT('Ctrl Pts',(21.9702282189497,18.,-13.2329780178904));
#7786=CARTESIAN_POINT('Ctrl Pts',(21.9702282189497,17.,-13.2329780178904));
#7787=CARTESIAN_POINT('Ctrl Pts',(20.7449372378483,18.,-15.1963732179985));
#7788=CARTESIAN_POINT('Ctrl Pts',(20.7449372378483,17.,-15.1963732179985));
#7789=CARTESIAN_POINT('Ctrl Pts',(19.3552546002702,18.,-17.1044434553727));
#7790=CARTESIAN_POINT('Ctrl Pts',(19.3552546002702,17.,-17.1044434553727));
#7791=CARTESIAN_POINT('Ctrl Pts',(18.1230489011119,18.,-18.5903597394119));
#7792=CARTESIAN_POINT('Ctrl Pts',(18.1230489011119,17.,-18.5903597394119));
#7793=CARTESIAN_POINT('Ctrl Pts',(17.1354821237178,18.,-19.683455879287));
#7794=CARTESIAN_POINT('Ctrl Pts',(17.1354821237178,17.,-19.683455879287));
#7795=CARTESIAN_POINT('Ctrl Pts',(16.4493821384455,18.,-20.4028569320554));
#7796=CARTESIAN_POINT('Ctrl Pts',(16.4493821384455,17.,-20.4028569320554));
#7797=CARTESIAN_POINT('Ctrl Pts',(16.0994013164031,18.,-20.7602249320398));
#7798=CARTESIAN_POINT('Ctrl Pts',(16.0994013164031,17.,-20.7602249320398));
#7799=CARTESIAN_POINT('',(25.5999994277954,18.,-0.199999995529652));
#7800=CARTESIAN_POINT('Ctrl Pts',(25.3028937457461,18.,-5.4431987792877));
#7801=CARTESIAN_POINT('Ctrl Pts',(25.3028937457461,17.,-5.4431987792877));
#7802=CARTESIAN_POINT('Ctrl Pts',(25.3298493114867,18.,-5.30971769184881));
#7803=CARTESIAN_POINT('Ctrl Pts',(25.3298493114867,17.,-5.30971769184881));
#7804=CARTESIAN_POINT('Ctrl Pts',(25.3819942518007,18.,-5.0451607995407));
#7805=CARTESIAN_POINT('Ctrl Pts',(25.3819942518007,17.,-5.0451607995407));
#7806=CARTESIAN_POINT('Ctrl Pts',(25.4549134405893,18.,-4.65554082966326));
#7807=CARTESIAN_POINT('Ctrl Pts',(25.4549134405893,17.,-4.65554082966326));
#7808=CARTESIAN_POINT('Ctrl Pts',(25.5413652111489,18.,-4.15071982604177));
#7809=CARTESIAN_POINT('Ctrl Pts',(25.5413652111489,17.,-4.15071982604177));
#7810=CARTESIAN_POINT('Ctrl Pts',(25.6301938700379,18.,-3.54589013901207));
#7811=CARTESIAN_POINT('Ctrl Pts',(25.6301938700379,17.,-3.54589013901207));
#7812=CARTESIAN_POINT('Ctrl Pts',(25.6978558314372,18.,-2.96988626055996));
#7813=CARTESIAN_POINT('Ctrl Pts',(25.6978558314372,17.,-2.96988626055996));
#7814=CARTESIAN_POINT('Ctrl Pts',(25.7422568903298,18.,-2.42556017800219));
#7815=CARTESIAN_POINT('Ctrl Pts',(25.7422568903298,17.,-2.42556017800219));
#7816=CARTESIAN_POINT('Ctrl Pts',(25.7616855340726,18.,-1.91524271010299));
#7817=CARTESIAN_POINT('Ctrl Pts',(25.7616855340726,17.,-1.91524271010299));
#7818=CARTESIAN_POINT('Ctrl Pts',(25.7561548569965,18.,-1.43891602437872));
#7819=CARTESIAN_POINT('Ctrl Pts',(25.7561548569965,17.,-1.43891602437872));
#7820=CARTESIAN_POINT('Ctrl Pts',(25.7271420501546,18.,-0.994568412266456));
#7821=CARTESIAN_POINT('Ctrl Pts',(25.7271420501546,17.,-0.994568412266456));
#7822=CARTESIAN_POINT('Ctrl Pts',(25.6864843631242,18.,-0.662851072703388));
#7823=CARTESIAN_POINT('Ctrl Pts',(25.6864843631242,17.,-0.662851072703388));
#7824=CARTESIAN_POINT('Ctrl Pts',(25.6467702258318,18.,-0.426620487138732));
#7825=CARTESIAN_POINT('Ctrl Pts',(25.6467702258318,17.,-0.426620487138732));
#7826=CARTESIAN_POINT('Ctrl Pts',(25.6162617378956,18.,-0.274624938013086));
#7827=CARTESIAN_POINT('Ctrl Pts',(25.6162617378956,17.,-0.274624938013086));
#7828=CARTESIAN_POINT('Ctrl Pts',(25.5999994277954,18.,-0.199999995529652));
#7829=CARTESIAN_POINT('Ctrl Pts',(25.5999994277954,17.,-0.199999995529652));
#7830=CARTESIAN_POINT('Origin',(-32.0000004768372,13.,46.0000006854534));
#7831=CARTESIAN_POINT('',(-29.6500004768372,17.,46.0000006854534));
#7832=CARTESIAN_POINT('',(-29.6500004768372,13.,46.0000006854534));
#7833=CARTESIAN_POINT('Origin',(-32.0000004768372,17.,46.0000006854534));
#7834=CARTESIAN_POINT('Origin',(-32.0000004768372,17.,46.0000006854534));
#7835=CARTESIAN_POINT('Origin',(46.0000006854534,13.,47.0000007003546));
#7836=CARTESIAN_POINT('',(48.3500006854534,17.,47.0000007003546));
#7837=CARTESIAN_POINT('',(48.3500006854534,13.,47.0000007003546));
#7838=CARTESIAN_POINT('Origin',(46.0000006854534,17.,47.0000007003546));
#7839=CARTESIAN_POINT('Origin',(46.0000006854534,17.,47.0000007003546));
#7840=CARTESIAN_POINT('Origin',(-32.0000004768372,13.,-41.4986205645585));
#7841=CARTESIAN_POINT('',(-29.6500004768372,17.,-41.4986205645585));
#7842=CARTESIAN_POINT('',(-29.6500004768372,13.,-41.4986205645585));
#7843=CARTESIAN_POINT('Origin',(-32.0000004768372,17.,-41.4986205645585));
#7844=CARTESIAN_POINT('Origin',(-32.0000004768372,17.,-41.4986205645585));
#7845=CARTESIAN_POINT('Origin',(46.0000006854534,13.,-42.0000006258488));
#7846=CARTESIAN_POINT('',(48.3500006854534,17.,-42.0000006258488));
#7847=CARTESIAN_POINT('',(48.3500006854534,13.,-42.0000006258488));
#7848=CARTESIAN_POINT('Origin',(46.0000006854534,17.,-42.0000006258488));
#7849=CARTESIAN_POINT('Origin',(46.0000006854534,17.,-42.0000006258488));
#7850=CARTESIAN_POINT('Origin',(-38.7,15.,-17.95));
#7851=CARTESIAN_POINT('',(-38.7,15.,-17.95));
#7852=CARTESIAN_POINT('',(-38.7,15.,20.75));
#7853=CARTESIAN_POINT('',(-38.7,15.,-8.04965001047543));
#7854=CARTESIAN_POINT('',(-38.7,15.,-17.95));
#7855=CARTESIAN_POINT('',(-38.7,15.,20.75));
#7856=CARTESIAN_POINT('Origin',(-26.2,15.,-17.95));
#7857=CARTESIAN_POINT('',(-26.2,15.,-17.95));
#7858=CARTESIAN_POINT('',(-11.1439071473331,15.,-17.95));
#7859=CARTESIAN_POINT('',(-26.2,15.,-17.95));
#7860=CARTESIAN_POINT('Origin',(-26.2,15.,20.75));
#7861=CARTESIAN_POINT('',(-26.2,15.,20.75));
#7862=CARTESIAN_POINT('',(-26.2,15.,11.3003499895246));
#7863=CARTESIAN_POINT('',(-26.2,15.,20.75));
#7864=CARTESIAN_POINT('Origin',(-38.7,15.,20.75));
#7865=CARTESIAN_POINT('',(-17.3939071473331,15.,20.75));
#7866=CARTESIAN_POINT('Origin',(10.9907981627576,18.,-43.4919350311844));
#7867=CARTESIAN_POINT('',(23.4907981627576,18.,-43.4919350311844));
#7868=CARTESIAN_POINT('Origin',(23.4907981627576,18.,-43.4919350311844));
#7869=CARTESIAN_POINT('Origin',(10.9907981627576,18.,32.5180649688156));
#7870=CARTESIAN_POINT('',(23.4907981627576,18.,32.5180649688156));
#7871=CARTESIAN_POINT('Origin',(23.4907981627576,18.,32.5180649688156));
#7872=CARTESIAN_POINT('Origin',(-18.075,18.,-16.175));
#7873=CARTESIAN_POINT('',(-18.075,15.,-16.175));
#7874=CARTESIAN_POINT('',(-18.075,18.,-16.175));
#7875=CARTESIAN_POINT('',(-18.075,15.,-29.175));
#7876=CARTESIAN_POINT('',(-18.075,15.,-7.16215001047543));
#7877=CARTESIAN_POINT('',(-18.075,18.,-29.175));
#7878=CARTESIAN_POINT('Origin',(-17.575,18.,-16.175));
#7879=CARTESIAN_POINT('',(-17.575,15.,-15.675));
#7880=CARTESIAN_POINT('',(-17.575,18.,-15.675));
#7881=CARTESIAN_POINT('Origin',(-17.575,15.,-16.175));
#7882=CARTESIAN_POINT('Origin',(-4.575,18.,-15.675));
#7883=CARTESIAN_POINT('',(-4.575,15.,-15.675));
#7884=CARTESIAN_POINT('',(-4.575,18.,-15.675));
#7885=CARTESIAN_POINT('',(-0.331407147333118,15.,-15.675));
#7886=CARTESIAN_POINT('Origin',(-4.575,18.,-16.175));
#7887=CARTESIAN_POINT('',(-4.075,15.,-16.175));
#7888=CARTESIAN_POINT('',(-4.075,18.,-16.175));
#7889=CARTESIAN_POINT('Origin',(-4.575,15.,-16.175));
#7890=CARTESIAN_POINT('Origin',(-4.075,18.,-29.175));
#7891=CARTESIAN_POINT('',(-4.075,15.,-13.6621500104754));
#7892=CARTESIAN_POINT('',(-4.075,18.,-29.175));
#7893=CARTESIAN_POINT('Origin',(-4.575,18.,-29.175));
#7894=CARTESIAN_POINT('',(-4.575,18.,-29.675));
#7895=CARTESIAN_POINT('Origin',(-17.575,18.,-29.675));
#7896=CARTESIAN_POINT('',(-17.575,15.,-29.675));
#7897=CARTESIAN_POINT('',(-17.575,18.,-29.675));
#7898=CARTESIAN_POINT('',(-6.83140714733312,15.,-29.675));
#7899=CARTESIAN_POINT('Origin',(-17.575,18.,-29.175));
#7900=CARTESIAN_POINT('Origin',(-17.575,15.,-29.175));
#7901=CARTESIAN_POINT('Origin',(-17.975,18.,31.375));
#7902=CARTESIAN_POINT('',(-17.975,15.,31.375));
#7903=CARTESIAN_POINT('',(-17.975,18.,31.375));
#7904=CARTESIAN_POINT('',(-17.975,15.,18.375));
#7905=CARTESIAN_POINT('',(-17.975,15.,16.6128499895246));
#7906=CARTESIAN_POINT('',(-17.975,18.,18.375));
#7907=CARTESIAN_POINT('Origin',(-17.475,18.,31.375));
#7908=CARTESIAN_POINT('',(-17.475,15.,31.875));
#7909=CARTESIAN_POINT('',(-17.475,18.,31.875));
#7910=CARTESIAN_POINT('Origin',(-17.475,15.,31.375));
#7911=CARTESIAN_POINT('Origin',(-4.475,18.,31.875));
#7912=CARTESIAN_POINT('',(-0.281407147333117,15.,31.875));
#7913=CARTESIAN_POINT('',(-4.475,18.,31.875));
#7914=CARTESIAN_POINT('Origin',(-4.475,18.,31.375));
#7915=CARTESIAN_POINT('',(-3.975,18.,31.375));
#7916=CARTESIAN_POINT('Origin',(-3.975,18.,18.375));
#7917=CARTESIAN_POINT('',(-3.975,15.,18.375));
#7918=CARTESIAN_POINT('',(-3.975,18.,18.375));
#7919=CARTESIAN_POINT('',(-3.975,15.,10.1128499895246));
#7920=CARTESIAN_POINT('Origin',(-4.475,18.,18.375));
#7921=CARTESIAN_POINT('',(-4.475,15.,17.875));
#7922=CARTESIAN_POINT('',(-4.475,18.,17.875));
#7923=CARTESIAN_POINT('Origin',(-4.475,15.,18.375));
#7924=CARTESIAN_POINT('Origin',(-17.475,18.,17.875));
#7925=CARTESIAN_POINT('',(-17.475,15.,17.875));
#7926=CARTESIAN_POINT('',(-17.475,18.,17.875));
#7927=CARTESIAN_POINT('',(-6.78140714733312,15.,17.875));
#7928=CARTESIAN_POINT('Origin',(-17.475,18.,18.375));
#7929=CARTESIAN_POINT('Origin',(-17.475,15.,18.375));
#7930=CARTESIAN_POINT('Ctrl Pts',(-37.1771092498079,2.,58.2838286481392));
#7931=CARTESIAN_POINT('Ctrl Pts',(-37.1771092498079,18.,58.2838286481392));
#7932=CARTESIAN_POINT('Ctrl Pts',(-36.9160259621176,2.,58.2031939439498));
#7933=CARTESIAN_POINT('Ctrl Pts',(-36.9160259621176,18.,58.2031939439498));
#7934=CARTESIAN_POINT('Ctrl Pts',(-36.3941407696524,2.,58.0334850431583));
#7935=CARTESIAN_POINT('Ctrl Pts',(-36.3941407696524,18.,58.0334850431583));
#7936=CARTESIAN_POINT('Ctrl Pts',(-35.6121571471092,2.,57.7536026926014));
#7937=CARTESIAN_POINT('Ctrl Pts',(-35.6121571471092,18.,57.7536026926014));
#7938=CARTESIAN_POINT('Ctrl Pts',(-34.5712282744827,2.,57.3289596686661));
#7939=CARTESIAN_POINT('Ctrl Pts',(-34.5712282744827,18.,57.3289596686661));
#7940=CARTESIAN_POINT('Ctrl Pts',(-33.273113753639,2.,56.7067803912681));
#7941=CARTESIAN_POINT('Ctrl Pts',(-33.273113753639,18.,56.7067803912681));
#7942=CARTESIAN_POINT('Ctrl Pts',(-31.9782889349171,2.,55.9859333747825));
#7943=CARTESIAN_POINT('Ctrl Pts',(-31.9782889349171,18.,55.9859333747825));
#7944=CARTESIAN_POINT('Ctrl Pts',(-30.6869767804563,2.,55.1597313358718));
#7945=CARTESIAN_POINT('Ctrl Pts',(-30.6869767804563,18.,55.1597313358718));
#7946=CARTESIAN_POINT('Ctrl Pts',(-29.3992148627514,2.,54.2270473660563));
#7947=CARTESIAN_POINT('Ctrl Pts',(-29.3992148627514,18.,54.2270473660563));
#7948=CARTESIAN_POINT('Ctrl Pts',(-28.114781144767,2.,53.1945410020594));
#7949=CARTESIAN_POINT('Ctrl Pts',(-28.114781144767,18.,53.1945410020594));
#7950=CARTESIAN_POINT('Ctrl Pts',(-26.8333875925008,2.,52.0708512216723));
#7951=CARTESIAN_POINT('Ctrl Pts',(-26.8333875925008,18.,52.0708512216723));
#7952=CARTESIAN_POINT('Ctrl Pts',(-25.8104879521998,2.,51.1054590579987));
#7953=CARTESIAN_POINT('Ctrl Pts',(-25.8104879521998,18.,51.1054590579987));
#7954=CARTESIAN_POINT('Ctrl Pts',(-25.0444772929218,2.,50.3465010601586));
#7955=CARTESIAN_POINT('Ctrl Pts',(-25.0444772929218,18.,50.3465010601586));
#7956=CARTESIAN_POINT('Ctrl Pts',(-24.5343123731426,2.,49.8252670772142));
#7957=CARTESIAN_POINT('Ctrl Pts',(-24.5343123731426,18.,49.8252670772142));
#7958=CARTESIAN_POINT('Ctrl Pts',(-24.2793571346299,2.,49.560834346442));
#7959=CARTESIAN_POINT('Ctrl Pts',(-24.2793571346299,18.,49.560834346442));
#7960=CARTESIAN_POINT('',(-24.2793571346299,15.,49.560834346442));
#7961=CARTESIAN_POINT('',(-37.1771092498079,15.,58.2838286481392));
#7962=CARTESIAN_POINT('Ctrl Pts',(-24.2793571346299,2.,49.560834346442));
#7963=CARTESIAN_POINT('Ctrl Pts',(-24.2793571346299,18.,49.560834346442));
#7964=CARTESIAN_POINT('Ctrl Pts',(-24.0932725489335,2.,49.8100257566902));
#7965=CARTESIAN_POINT('Ctrl Pts',(-24.0932725489335,18.,49.8100257566902));
#7966=CARTESIAN_POINT('Ctrl Pts',(-23.7130812573863,2.,50.3060383570706));
#7967=CARTESIAN_POINT('Ctrl Pts',(-23.7130812573863,18.,50.3060383570706));
#7968=CARTESIAN_POINT('Ctrl Pts',(-23.1187275039966,2.,51.0429464626798));
#7969=CARTESIAN_POINT('Ctrl Pts',(-23.1187275039966,18.,51.0429464626798));
#7970=CARTESIAN_POINT('Ctrl Pts',(-22.2773342680296,2.,52.011036210547));
#7971=CARTESIAN_POINT('Ctrl Pts',(-22.2773342680296,18.,52.011036210547));
#7972=CARTESIAN_POINT('Ctrl Pts',(-21.1387271618776,2.,53.1954830479857));
#7973=CARTESIAN_POINT('Ctrl Pts',(-21.1387271618776,18.,53.1954830479857));
#7974=CARTESIAN_POINT('Ctrl Pts',(-19.9062901926183,2.,54.3522068614733));
#7975=CARTESIAN_POINT('Ctrl Pts',(-19.9062901926183,18.,54.3522068614733));
#7976=CARTESIAN_POINT('Ctrl Pts',(-18.5736117073101,2.,55.479313260429));
#7977=CARTESIAN_POINT('Ctrl Pts',(-18.5736117073101,18.,55.479313260429));
#7978=CARTESIAN_POINT('Ctrl Pts',(-17.1394991539423,2.,56.5764498927594));
#7979=CARTESIAN_POINT('Ctrl Pts',(-17.1394991539423,18.,56.5764498927594));
#7980=CARTESIAN_POINT('Ctrl Pts',(-15.6102202806031,2.,57.6454686308221));
#7981=CARTESIAN_POINT('Ctrl Pts',(-15.6102202806031,18.,57.6454686308221));
#7982=CARTESIAN_POINT('Ctrl Pts',(-13.9939716792448,2.,58.6887912442648));
#7983=CARTESIAN_POINT('Ctrl Pts',(-13.9939716792448,18.,58.6887912442648));
#7984=CARTESIAN_POINT('Ctrl Pts',(-12.6375855307313,2.,59.5047208974273));
#7985=CARTESIAN_POINT('Ctrl Pts',(-12.6375855307313,18.,59.5047208974273));
#7986=CARTESIAN_POINT('Ctrl Pts',(-11.5869833347186,2.,60.1068255823557));
#7987=CARTESIAN_POINT('Ctrl Pts',(-11.5869833347186,18.,60.1068255823557));
#7988=CARTESIAN_POINT('Ctrl Pts',(-10.8720198268696,2.,60.5039261959983));
#7989=CARTESIAN_POINT('Ctrl Pts',(-10.8720198268696,18.,60.5039261959983));
#7990=CARTESIAN_POINT('Ctrl Pts',(-10.5108973320244,2.,60.7014008074645));
#7991=CARTESIAN_POINT('Ctrl Pts',(-10.5108973320244,18.,60.7014008074645));
#7992=CARTESIAN_POINT('',(-10.5108973320244,15.,60.7014008074645));
#7993=CARTESIAN_POINT('Ctrl Pts',(-10.5108973320244,2.,60.7014008074645));
#7994=CARTESIAN_POINT('Ctrl Pts',(-10.5108973320244,18.,60.7014008074645));
#7995=CARTESIAN_POINT('Ctrl Pts',(-10.4113401690353,2.,60.4818176127926));
#7996=CARTESIAN_POINT('Ctrl Pts',(-10.4113401690353,18.,60.4818176127926));
#7997=CARTESIAN_POINT('Ctrl Pts',(-10.2226873218096,2.,60.0386332823405));
#7998=CARTESIAN_POINT('Ctrl Pts',(-10.2226873218096,18.,60.0386332823405));
#7999=CARTESIAN_POINT('Ctrl Pts',(-9.97109328488516,2.,59.3618026569814));
#8000=CARTESIAN_POINT('Ctrl Pts',(-9.97109328488516,18.,59.3618026569814));
#8001=CARTESIAN_POINT('Ctrl Pts',(-9.69943080921338,2.,58.4348595953069));
#8002=CARTESIAN_POINT('Ctrl Pts',(-9.69943080921338,18.,58.4348595953069));
#8003=CARTESIAN_POINT('Ctrl Pts',(-9.473084756901,2.,57.2326917273036));
#8004=CARTESIAN_POINT('Ctrl Pts',(-9.473084756901,18.,57.2326917273036));
#8005=CARTESIAN_POINT('Ctrl Pts',(-9.36888172623941,2.,55.9836123777221));
#8006=CARTESIAN_POINT('Ctrl Pts',(-9.36888172623941,18.,55.9836123777221));
#8007=CARTESIAN_POINT('Ctrl Pts',(-9.39489222610095,2.,54.6845219054762));
#8008=CARTESIAN_POINT('Ctrl Pts',(-9.39489222610095,18.,54.6845219054762));
#8009=CARTESIAN_POINT('Ctrl Pts',(-9.55203712544482,2.,53.3350666323381));
#8010=CARTESIAN_POINT('Ctrl Pts',(-9.55203712544482,18.,53.3350666323381));
#8011=CARTESIAN_POINT('Ctrl Pts',(-9.83182566735207,2.,51.9385076040954));
#8012=CARTESIAN_POINT('Ctrl Pts',(-9.83182566735207,18.,51.9385076040954));
#8013=CARTESIAN_POINT('Ctrl Pts',(-10.2234909607964,2.,50.4989800615701));
#8014=CARTESIAN_POINT('Ctrl Pts',(-10.2234909607964,18.,50.4989800615701));
#8015=CARTESIAN_POINT('Ctrl Pts',(-10.6182759152897,2.,49.3160744739608));
#8016=CARTESIAN_POINT('Ctrl Pts',(-10.6182759152897,18.,49.3160744739608));
#8017=CARTESIAN_POINT('Ctrl Pts',(-10.9571554489014,2.,48.4124606099307));
#8018=CARTESIAN_POINT('Ctrl Pts',(-10.9571554489014,18.,48.4124606099307));
#8019=CARTESIAN_POINT('Ctrl Pts',(-11.2017802790106,2.,47.8028672819985));
#8020=CARTESIAN_POINT('Ctrl Pts',(-11.2017802790106,18.,47.8028672819985));
#8021=CARTESIAN_POINT('Ctrl Pts',(-11.3287692839103,2.,47.4962744797385));
#8022=CARTESIAN_POINT('Ctrl Pts',(-11.3287692839103,18.,47.4962744797385));
#8023=CARTESIAN_POINT('',(-11.3287692839103,15.,47.4962744797385));
#8024=CARTESIAN_POINT('Ctrl Pts',(-11.3287692839103,2.,47.4962744797385));
#8025=CARTESIAN_POINT('Ctrl Pts',(-11.3287692839103,18.,47.4962744797385));
#8026=CARTESIAN_POINT('Ctrl Pts',(-10.8070948359646,2.,47.9633601564751));
#8027=CARTESIAN_POINT('Ctrl Pts',(-10.8070948359646,18.,47.9633601564751));
#8028=CARTESIAN_POINT('Ctrl Pts',(-9.74002716627678,2.,48.8804949631792));
#8029=CARTESIAN_POINT('Ctrl Pts',(-9.74002716627678,18.,48.8804949631792));
#8030=CARTESIAN_POINT('Ctrl Pts',(-8.06826956995758,2.,50.2050881345479));
#8031=CARTESIAN_POINT('Ctrl Pts',(-8.06826956995758,18.,50.2050881345479));
#8032=CARTESIAN_POINT('Ctrl Pts',(-5.69591083097795,2.,51.8682463433695));
#8033=CARTESIAN_POINT('Ctrl Pts',(-5.69591083097795,18.,51.8682463433695));
#8034=CARTESIAN_POINT('Ctrl Pts',(-2.48504511598579,2.,53.7670190556465));
#8035=CARTESIAN_POINT('Ctrl Pts',(-2.48504511598579,18.,53.7670190556465));
#8036=CARTESIAN_POINT('Ctrl Pts',(0.979834988103635,2.,55.4676054160715));
#8037=CARTESIAN_POINT('Ctrl Pts',(0.979834988103635,18.,55.4676054160715));
#8038=CARTESIAN_POINT('Ctrl Pts',(4.70713212979681,2.,56.9401809486701));
#8039=CARTESIAN_POINT('Ctrl Pts',(4.70713212979681,18.,56.9401809486701));
#8040=CARTESIAN_POINT('Ctrl Pts',(8.70189317703562,2.,58.1406244165202));
#8041=CARTESIAN_POINT('Ctrl Pts',(8.70189317703562,18.,58.1406244165202));
#8042=CARTESIAN_POINT('Ctrl Pts',(12.9666259912758,2.,59.0166505887358));
#8043=CARTESIAN_POINT('Ctrl Pts',(12.9666259912758,18.,59.0166505887358));
#8044=CARTESIAN_POINT('Ctrl Pts',(17.501568461738,2.,59.5152155214814));
#8045=CARTESIAN_POINT('Ctrl Pts',(17.501568461738,18.,59.5152155214814));
#8046=CARTESIAN_POINT('Ctrl Pts',(22.3043498143632,2.,59.5898159617952));
#8047=CARTESIAN_POINT('Ctrl Pts',(22.3043498143632,18.,59.5898159617952));
#8048=CARTESIAN_POINT('Ctrl Pts',(27.3684870993284,2.,59.2106610241048));
#8049=CARTESIAN_POINT('Ctrl Pts',(27.3684870993284,18.,59.2106610241048));
#8050=CARTESIAN_POINT('Ctrl Pts',(32.6825385474296,2.,58.3710917983668));
#8051=CARTESIAN_POINT('Ctrl Pts',(32.6825385474296,18.,58.3710917983668));
#8052=CARTESIAN_POINT('Ctrl Pts',(38.233602050079,2.,57.0773032458785));
#8053=CARTESIAN_POINT('Ctrl Pts',(38.233602050079,18.,57.0773032458785));
#8054=CARTESIAN_POINT('Ctrl Pts',(44.0093483674564,2.,55.3424004096056));
#8055=CARTESIAN_POINT('Ctrl Pts',(44.0093483674564,18.,55.3424004096056));
#8056=CARTESIAN_POINT('Ctrl Pts',(48.8017100806104,2.,53.6129430493676));
#8057=CARTESIAN_POINT('Ctrl Pts',(48.8017100806104,18.,53.6129430493676));
#8058=CARTESIAN_POINT('Ctrl Pts',(52.4896796994874,2.,52.1287184979813));
#8059=CARTESIAN_POINT('Ctrl Pts',(52.4896796994874,18.,52.1287184979813));
#8060=CARTESIAN_POINT('Ctrl Pts',(54.9896686169118,2.,51.056666875682));
#8061=CARTESIAN_POINT('Ctrl Pts',(54.9896686169118,18.,51.056666875682));
#8062=CARTESIAN_POINT('Ctrl Pts',(56.2499987427145,2.,50.499998871237));
#8063=CARTESIAN_POINT('Ctrl Pts',(56.2499987427145,18.,50.499998871237));
#8064=CARTESIAN_POINT('',(56.2499987427145,2.,50.499998871237));
#8065=CARTESIAN_POINT('Ctrl Pts',(56.2499987427145,2.,50.499998871237));
#8066=CARTESIAN_POINT('Ctrl Pts',(56.2499987427145,18.,50.499998871237));
#8067=CARTESIAN_POINT('Ctrl Pts',(55.9670674142037,2.,49.9195730139318));
#8068=CARTESIAN_POINT('Ctrl Pts',(55.9670674142037,18.,49.9195730139318));
#8069=CARTESIAN_POINT('Ctrl Pts',(55.3746311465764,2.,48.7570366616333));
#8070=CARTESIAN_POINT('Ctrl Pts',(55.3746311465764,18.,48.7570366616333));
#8071=CARTESIAN_POINT('Ctrl Pts',(54.4062526504013,2.,47.0081780132677));
#8072=CARTESIAN_POINT('Ctrl Pts',(54.4062526504013,18.,47.0081780132677));
#8073=CARTESIAN_POINT('Ctrl Pts',(52.9530381322602,2.,44.6660937318683));
#8074=CARTESIAN_POINT('Ctrl Pts',(52.9530381322602,18.,44.6660937318683));
#8075=CARTESIAN_POINT('Ctrl Pts',(50.8495328800242,2.,41.720294793261));
#8076=CARTESIAN_POINT('Ctrl Pts',(50.8495328800242,18.,41.720294793261));
#8077=CARTESIAN_POINT('Ctrl Pts',(48.4385094495624,2.,38.7550006975531));
#8078=CARTESIAN_POINT('Ctrl Pts',(48.4385094495624,18.,38.7550006975531));
#8079=CARTESIAN_POINT('Ctrl Pts',(45.7034047437377,2.,35.7691614249189));
#8080=CARTESIAN_POINT('Ctrl Pts',(45.7034047437377,18.,35.7691614249189));
#8081=CARTESIAN_POINT('Ctrl Pts',(42.6495619274457,2.,32.7631157060226));
#8082=CARTESIAN_POINT('Ctrl Pts',(42.6495619274457,18.,32.7631157060226));
#8083=CARTESIAN_POINT('Ctrl Pts',(39.3016628537254,2.,29.7384282503203));
#8084=CARTESIAN_POINT('Ctrl Pts',(39.3016628537254,18.,29.7384282503203));
#8085=CARTESIAN_POINT('Ctrl Pts',(35.6878954733793,2.,26.6968860368179));
#8086=CARTESIAN_POINT('Ctrl Pts',(35.6878954733793,18.,26.6968860368179));
#8087=CARTESIAN_POINT('Ctrl Pts',(32.6042553033182,2.,24.2514406974476));
#8088=CARTESIAN_POINT('Ctrl Pts',(32.6042553033182,18.,24.2514406974476));
#8089=CARTESIAN_POINT('Ctrl Pts',(30.190517516132,2.,22.4109532984669));
#8090=CARTESIAN_POINT('Ctrl Pts',(30.190517516132,18.,22.4109532984669));
#8091=CARTESIAN_POINT('Ctrl Pts',(28.5372050975706,2.,21.1811625569875));
#8092=CARTESIAN_POINT('Ctrl Pts',(28.5372050975706,18.,21.1811625569875));
#8093=CARTESIAN_POINT('Ctrl Pts',(27.6995097200631,2.,20.5655673566621));
#8094=CARTESIAN_POINT('Ctrl Pts',(27.6995097200631,18.,20.5655673566621));
#8095=CARTESIAN_POINT('',(27.6995097200631,15.,20.5655673566621));
#8096=CARTESIAN_POINT('Ctrl Pts',(27.6995097200464,2.,20.5655673566459));
#8097=CARTESIAN_POINT('Ctrl Pts',(27.6995097200464,18.,20.5655673566459));
#8098=CARTESIAN_POINT('Ctrl Pts',(28.2784723787103,2.,19.966496271875));
#8099=CARTESIAN_POINT('Ctrl Pts',(28.2784723787103,18.,19.966496271875));
#8100=CARTESIAN_POINT('Ctrl Pts',(29.4249384645625,2.,18.7321364884109));
#8101=CARTESIAN_POINT('Ctrl Pts',(29.4249384645625,18.,18.7321364884109));
#8102=CARTESIAN_POINT('Ctrl Pts',(31.0655453573457,2.,16.8115990267959));
#8103=CARTESIAN_POINT('Ctrl Pts',(31.0655453573457,18.,16.8115990267959));
#8104=CARTESIAN_POINT('Ctrl Pts',(33.0730535563171,2.,14.1166224765639));
#8105=CARTESIAN_POINT('Ctrl Pts',(33.0730535563171,18.,14.1166224765639));
#8106=CARTESIAN_POINT('Ctrl Pts',(35.2527216035634,2.,10.5121217764671));
#8107=CARTESIAN_POINT('Ctrl Pts',(35.2527216035634,18.,10.5121217764671));
#8108=CARTESIAN_POINT('Ctrl Pts',(37.0964038966694,2.,6.64629122563871));
#8109=CARTESIAN_POINT('Ctrl Pts',(37.0964038966694,18.,6.64629122563871));
#8110=CARTESIAN_POINT('Ctrl Pts',(38.6086798453917,2.,2.55057615608628));
#8111=CARTESIAN_POINT('Ctrl Pts',(38.6086798453917,18.,2.55057615608628));
#8112=CARTESIAN_POINT('Ctrl Pts',(39.8157630496995,2.,-1.75684001199791));
#8113=CARTESIAN_POINT('Ctrl Pts',(39.8157630496995,18.,-1.75684001199791));
#8114=CARTESIAN_POINT('Ctrl Pts',(40.5579065908269,2.,-5.35782273135399));
#8115=CARTESIAN_POINT('Ctrl Pts',(40.5579065908269,18.,-5.35782273135399));
#8116=CARTESIAN_POINT('Ctrl Pts',(40.9968638691045,2.,-8.14016955560138));
#8117=CARTESIAN_POINT('Ctrl Pts',(40.9968638691045,18.,-8.14016955560138));
#8118=CARTESIAN_POINT('Ctrl Pts',(41.2380692152344,2.,-10.0307445270859));
#8119=CARTESIAN_POINT('Ctrl Pts',(41.2380692152344,18.,-10.0307445270859));
#8120=CARTESIAN_POINT('Ctrl Pts',(41.3458130974312,2.,-10.9849516880246));
#8121=CARTESIAN_POINT('Ctrl Pts',(41.3458130974312,18.,-10.9849516880246));
#8122=CARTESIAN_POINT('Origin',(40.7339595183063,2.,-48.8709327291822));
#8123=CARTESIAN_POINT('',(40.7339595183063,15.,-41.5173793385889));
#8124=CARTESIAN_POINT('',(40.7339595183063,2.,-41.5173793385889));
#8125=CARTESIAN_POINT('',(40.7339595183063,15.,-23.5101163750665));
#8126=CARTESIAN_POINT('Origin',(40.7339595183063,2.,-41.5173793385889));
#8127=CARTESIAN_POINT('',(18.3457055134432,15.,-19.1291253337262));
#8128=CARTESIAN_POINT('',(18.3457055134432,2.,-19.1291253337262));
#8129=CARTESIAN_POINT('',(20.6864962356535,15.,-21.4699160559365));
#8130=CARTESIAN_POINT('Ctrl Pts',(25.7559273320896,2.,-2.83945731947792));
#8131=CARTESIAN_POINT('Ctrl Pts',(25.7559273320896,17.,-2.83945731947792));
#8132=CARTESIAN_POINT('Ctrl Pts',(25.7489617315344,2.,-2.94498379286902));
#8133=CARTESIAN_POINT('Ctrl Pts',(25.7489617315344,17.,-2.94498379286902));
#8134=CARTESIAN_POINT('Ctrl Pts',(25.7292693881428,2.,-3.17052778251671));
#8135=CARTESIAN_POINT('Ctrl Pts',(25.7292693881428,17.,-3.17052778251671));
#8136=CARTESIAN_POINT('Ctrl Pts',(25.6824470112662,2.,-3.5523133211853));
#8137=CARTESIAN_POINT('Ctrl Pts',(25.6824470112662,17.,-3.5523133211853));
#8138=CARTESIAN_POINT('Ctrl Pts',(25.5852020292579,2.,-4.14896298783093));
#8139=CARTESIAN_POINT('Ctrl Pts',(25.5852020292579,17.,-4.14896298783093));
#8140=CARTESIAN_POINT('Ctrl Pts',(25.4031211530658,2.,-5.04193464838292));
#8141=CARTESIAN_POINT('Ctrl Pts',(25.4031211530658,17.,-5.04193464838292));
#8142=CARTESIAN_POINT('Ctrl Pts',(25.1557284591429,2.,-6.07936792793886));
#8143=CARTESIAN_POINT('Ctrl Pts',(25.1557284591429,17.,-6.07936792793886));
#8144=CARTESIAN_POINT('Ctrl Pts',(24.8353727304912,2.,-7.24924350148408));
#8145=CARTESIAN_POINT('Ctrl Pts',(24.8353727304912,17.,-7.24924350148408));
#8146=CARTESIAN_POINT('Ctrl Pts',(24.4321870933918,2.,-8.53122347485732));
#8147=CARTESIAN_POINT('Ctrl Pts',(24.4321870933918,17.,-8.53122347485732));
#8148=CARTESIAN_POINT('Ctrl Pts',(23.9354308998217,2.,-9.90103813051754));
#8149=CARTESIAN_POINT('Ctrl Pts',(23.9354308998217,17.,-9.90103813051754));
#8150=CARTESIAN_POINT('Ctrl Pts',(23.3349642271817,2.,-11.3334247720467));
#8151=CARTESIAN_POINT('Ctrl Pts',(23.3349642271817,17.,-11.3334247720467));
#8152=CARTESIAN_POINT('Ctrl Pts',(22.62272712984,2.,-12.8050430918804));
#8153=CARTESIAN_POINT('Ctrl Pts',(22.62272712984,17.,-12.8050430918804));
#8154=CARTESIAN_POINT('Ctrl Pts',(21.7952689275525,2.,-14.2977655274579));
#8155=CARTESIAN_POINT('Ctrl Pts',(21.7952689275525,17.,-14.2977655274579));
#8156=CARTESIAN_POINT('Ctrl Pts',(20.8535970642158,2.,-15.7993149046887));
#8157=CARTESIAN_POINT('Ctrl Pts',(20.8535970642158,17.,-15.7993149046887));
#8158=CARTESIAN_POINT('Ctrl Pts',(19.9542342467697,2.,-17.0828761981297));
#8159=CARTESIAN_POINT('Ctrl Pts',(19.9542342467697,17.,-17.0828761981297));
#8160=CARTESIAN_POINT('Ctrl Pts',(19.2082232812419,2.,-18.0639714335917));
#8161=CARTESIAN_POINT('Ctrl Pts',(19.2082232812419,17.,-18.0639714335917));
#8162=CARTESIAN_POINT('Ctrl Pts',(18.6634230359337,2.,-18.7438194997831));
#8163=CARTESIAN_POINT('Ctrl Pts',(18.6634230359337,17.,-18.7438194997831));
#8164=CARTESIAN_POINT('Ctrl Pts',(18.3501480098059,2.,-19.1239339600071));
#8165=CARTESIAN_POINT('Ctrl Pts',(18.3501480098059,17.,-19.1239339600071));
#8166=CARTESIAN_POINT('Ctrl Pts',(18.282828842138,2.,-19.2051362251814));
#8167=CARTESIAN_POINT('Ctrl Pts',(18.282828842138,17.,-19.2051362251814));
#8168=CARTESIAN_POINT('',(18.282828842138,15.,-19.2051362251814));
#8169=CARTESIAN_POINT('',(18.282828842138,2.,-19.2051362251814));
#8170=CARTESIAN_POINT('Ctrl Pts',(18.3457055134431,15.,-19.1291253337263));
#8171=CARTESIAN_POINT('Ctrl Pts',(18.3247907617103,15.,-19.1544648392199));
#8172=CARTESIAN_POINT('Ctrl Pts',(18.3038318486998,15.,-19.179801810521));
#8173=CARTESIAN_POINT('Ctrl Pts',(18.282828842138,15.,-19.2051362251814));
#8174=CARTESIAN_POINT('Origin',(18.282828842138,2.,-19.2051362251814));
#8175=CARTESIAN_POINT('',(18.778088828833,15.,-6.32837657110631));
#8176=CARTESIAN_POINT('',(18.778088828833,2.,-6.32837657110631));
#8177=CARTESIAN_POINT('',(18.6765371864312,15.,-8.96871927355433));
#8178=CARTESIAN_POINT('Origin',(18.778088828833,2.,-6.32837657110631));
#8179=CARTESIAN_POINT('',(14.4675428894645,15.,-8.48364954079063));
#8180=CARTESIAN_POINT('Origin',(32.5339595183057,2.,9.82906727081776));
#8181=CARTESIAN_POINT('',(23.0339595183057,15.,16.3290672708176));
#8182=CARTESIAN_POINT('',(23.0339595183057,2.,16.3290672708176));
#8183=CARTESIAN_POINT('',(24.645465532064,15.,15.226457892983));
#8184=CARTESIAN_POINT('Origin',(23.0339595183057,2.,16.3290672708176));
#8185=CARTESIAN_POINT('',(23.0339595183056,15.,24.8290672708176));
#8186=CARTESIAN_POINT('',(23.0339595183056,2.,24.8290672708176));
#8187=CARTESIAN_POINT('',(23.0339595183057,15.,9.08988362493348));
#8188=CARTESIAN_POINT('Origin',(23.0339595183056,2.,24.8290672708176));
#8189=CARTESIAN_POINT('',(23.0565022118596,15.,24.852898118289));
#8190=CARTESIAN_POINT('',(23.0565022118596,2.,24.852898118289));
#8191=CARTESIAN_POINT('',(12.7831579447261,15.,13.9925056073191));
#8192=CARTESIAN_POINT('Origin',(-33.6289959190176,2.,-35.9209305437843));
#8193=CARTESIAN_POINT('',(-33.6289959190176,15.,-35.9209305437843));
#8194=CARTESIAN_POINT('',(-14.8174539419624,15.,-35.8800519475424));
#8195=CARTESIAN_POINT('',(-33.6289959190176,2.,-35.9209305437843));
#8196=CARTESIAN_POINT('Origin',(-41.1661295073386,2.,-18.836761076924));
#8197=CARTESIAN_POINT('',(-41.1661295073386,15.,-18.836761076924));
#8198=CARTESIAN_POINT('',(-41.3138428366994,15.,-18.5019441970394));
#8199=CARTESIAN_POINT('',(-41.1661295073386,2.,-18.836761076924));
#8200=CARTESIAN_POINT('Origin',(-41.1661295073386,2.,20.50076797843));
#8201=CARTESIAN_POINT('',(-41.1661295073386,15.,20.50076797843));
#8202=CARTESIAN_POINT('',(-41.1661295073386,15.,11.1757339787396));
#8203=CARTESIAN_POINT('',(-41.1661295073386,2.,20.50076797843));
#8204=CARTESIAN_POINT('Origin',(-34.6435936376196,2.,36.556240888508));
#8205=CARTESIAN_POINT('',(-34.6435932404045,15.,36.5562407271393));
#8206=CARTESIAN_POINT('',(-37.9636180757486,15.,28.3838730408056));
#8207=CARTESIAN_POINT('',(-34.6435932404045,2.,36.5562407271393));
#8208=CARTESIAN_POINT('Origin',(-6.54155749263296,2.,40.5708172625356));
#8209=CARTESIAN_POINT('',(-4.12963153547354,15.,40.9153781135584));
#8210=CARTESIAN_POINT('Ctrl Pts',(23.0565022118697,2.,24.8528981182806));
#8211=CARTESIAN_POINT('Ctrl Pts',(23.0565022118697,17.,24.8528981182806));
#8212=CARTESIAN_POINT('Ctrl Pts',(23.0920678019799,2.,24.8234505600248));
#8213=CARTESIAN_POINT('Ctrl Pts',(23.0920678019799,17.,24.8234505600248));
#8214=CARTESIAN_POINT('Ctrl Pts',(23.1275963455599,2.,24.7939773039394));
#8215=CARTESIAN_POINT('Ctrl Pts',(23.1275963455599,17.,24.7939773039394));
#8216=CARTESIAN_POINT('Ctrl Pts',(23.1630878251182,2.,24.7644783378912));
#8217=CARTESIAN_POINT('Ctrl Pts',(23.1630878251182,17.,24.7644783378912));
#8218=CARTESIAN_POINT('Ctrl Pts',(23.1985422223826,2.,24.7349536492055));
#8219=CARTESIAN_POINT('Ctrl Pts',(23.1985422223826,17.,24.7349536492055));
#8220=CARTESIAN_POINT('Ctrl Pts',(23.2339595183057,2.,24.7054032246696));
#8221=CARTESIAN_POINT('Ctrl Pts',(23.2339595183057,17.,24.7054032246696));
#8222=CARTESIAN_POINT('',(23.2339595183057,15.,24.7054032246814));
#8223=CARTESIAN_POINT('',(23.2339595183057,2.,24.7054032246814));
#8224=CARTESIAN_POINT('Ctrl Pts',(23.0565022118697,15.,24.8528981182806));
#8225=CARTESIAN_POINT('Ctrl Pts',(23.08613240732,15.,24.8283649415794));
#8226=CARTESIAN_POINT('Ctrl Pts',(23.1157395860097,15.,24.8038038706691));
#8227=CARTESIAN_POINT('Ctrl Pts',(23.1748920367565,15.,24.7546389166581));
#8228=CARTESIAN_POINT('Ctrl Pts',(23.2044374264509,15.,24.7300349850781));
#8229=CARTESIAN_POINT('Ctrl Pts',(23.2339595183057,15.,24.7054032246696));
#8230=CARTESIAN_POINT('Origin',(23.2339595183057,15.,24.7054032246814));
#8231=CARTESIAN_POINT('',(23.2339595183057,15.,24.6767006542964));
#8232=CARTESIAN_POINT('',(23.2339595183057,15.,24.7054032246814));
#8233=CARTESIAN_POINT('Origin',(23.2339595183057,15.,24.6767006542964));
#8234=CARTESIAN_POINT('',(23.2491318756779,15.,24.6927400035184));
#8235=CARTESIAN_POINT('',(12.9739664968455,15.,13.830422317324));
#8236=CARTESIAN_POINT('',(23.2491318756779,15.,24.6927400035184));
#8237=CARTESIAN_POINT('Ctrl Pts',(23.2491318756779,15.,24.6927400035184));
#8238=CARTESIAN_POINT('Ctrl Pts',(23.2491318756779,18.,24.6927400035184));
#8239=CARTESIAN_POINT('Ctrl Pts',(23.2460979491453,15.,24.6952730257531));
#8240=CARTESIAN_POINT('Ctrl Pts',(23.2460979491453,18.,24.6952730257531));
#8241=CARTESIAN_POINT('Ctrl Pts',(23.2430637501304,15.,24.6978058589767));
#8242=CARTESIAN_POINT('Ctrl Pts',(23.2430637501304,18.,24.6978058589767));
#8243=CARTESIAN_POINT('Ctrl Pts',(23.2400292786452,15.,24.7003385031975));
#8244=CARTESIAN_POINT('Ctrl Pts',(23.2400292786452,18.,24.7003385031975));
#8245=CARTESIAN_POINT('Ctrl Pts',(23.2369945347017,15.,24.7028709584239));
#8246=CARTESIAN_POINT('Ctrl Pts',(23.2369945347017,18.,24.7028709584239));
#8247=CARTESIAN_POINT('Ctrl Pts',(23.233959518312,15.,24.7054032246643));
#8248=CARTESIAN_POINT('Ctrl Pts',(23.233959518312,18.,24.7054032246643));
#8249=CARTESIAN_POINT('Ctrl Pts',(23.2491318756779,15.,24.6927400035184));
#8250=CARTESIAN_POINT('Ctrl Pts',(23.2460979491453,15.,24.6952730257531));
#8251=CARTESIAN_POINT('Ctrl Pts',(23.2430637501304,15.,24.6978058589767));
#8252=CARTESIAN_POINT('Ctrl Pts',(23.2400292786452,15.,24.7003385031975));
#8253=CARTESIAN_POINT('Ctrl Pts',(23.2369945347017,15.,24.7028709584239));
#8254=CARTESIAN_POINT('Ctrl Pts',(23.233959518312,15.,24.7054032246643));
#8255=CARTESIAN_POINT('Ctrl Pts',(-38.9716334118433,2.,38.9688754510102));
#8256=CARTESIAN_POINT('Ctrl Pts',(-38.9716334118433,18.,38.9688754510102));
#8257=CARTESIAN_POINT('Ctrl Pts',(-39.0552256002743,2.,39.2663507059198));
#8258=CARTESIAN_POINT('Ctrl Pts',(-39.0552256002743,18.,39.2663507059198));
#8259=CARTESIAN_POINT('Ctrl Pts',(-39.2114529923553,2.,39.8694466740748));
#8260=CARTESIAN_POINT('Ctrl Pts',(-39.2114529923553,18.,39.8694466740748));
#8261=CARTESIAN_POINT('Ctrl Pts',(-39.4129218127245,2.,40.7985279777074));
#8262=CARTESIAN_POINT('Ctrl Pts',(-39.4129218127245,18.,40.7985279777074));
#8263=CARTESIAN_POINT('Ctrl Pts',(-39.6147321205365,2.,42.0869733797473));
#8264=CARTESIAN_POINT('Ctrl Pts',(-39.6147321205365,18.,42.0869733797473));
#8265=CARTESIAN_POINT('Ctrl Pts',(-39.7485882536343,2.,43.7855540988902));
#8266=CARTESIAN_POINT('Ctrl Pts',(-39.7485882536343,18.,43.7855540988902));
#8267=CARTESIAN_POINT('Ctrl Pts',(-39.7553407150627,2.,45.5786241034031));
#8268=CARTESIAN_POINT('Ctrl Pts',(-39.7553407150627,18.,45.5786241034031));
#8269=CARTESIAN_POINT('Ctrl Pts',(-39.6276974210473,2.,47.4716043522146));
#8270=CARTESIAN_POINT('Ctrl Pts',(-39.6276974210473,18.,47.4716043522146));
#8271=CARTESIAN_POINT('Ctrl Pts',(-39.3670288890859,2.,49.4634759981251));
#8272=CARTESIAN_POINT('Ctrl Pts',(-39.3670288890859,18.,49.4634759981251));
#8273=CARTESIAN_POINT('Ctrl Pts',(-38.9832159704632,2.,51.5468935839536));
#8274=CARTESIAN_POINT('Ctrl Pts',(-38.9832159704632,18.,51.5468935839536));
#8275=CARTESIAN_POINT('Ctrl Pts',(-38.487796905383,2.,53.713279544174));
#8276=CARTESIAN_POINT('Ctrl Pts',(-38.487796905383,18.,53.713279544174));
#8277=CARTESIAN_POINT('Ctrl Pts',(-38.0104996163501,2.,55.5065757554887));
#8278=CARTESIAN_POINT('Ctrl Pts',(-38.0104996163501,18.,55.5065757554887));
#8279=CARTESIAN_POINT('Ctrl Pts',(-37.610051022779,2.,56.8831244338843));
#8280=CARTESIAN_POINT('Ctrl Pts',(-37.610051022779,18.,56.8831244338843));
#8281=CARTESIAN_POINT('Ctrl Pts',(-37.3245179357787,2.,57.8146265874553));
#8282=CARTESIAN_POINT('Ctrl Pts',(-37.3245179357787,18.,57.8146265874553));
#8283=CARTESIAN_POINT('Ctrl Pts',(-37.1771092498079,2.,58.2838286481392));
#8284=CARTESIAN_POINT('Ctrl Pts',(-37.1771092498079,18.,58.2838286481392));
#8285=CARTESIAN_POINT('',(-38.9716334118433,15.,38.9688754510102));
#8286=CARTESIAN_POINT('Ctrl Pts',(-39.6667701416206,2.,-36.8023734717377));
#8287=CARTESIAN_POINT('Ctrl Pts',(-39.6667701416206,18.,-36.8023734717377));
#8288=CARTESIAN_POINT('Ctrl Pts',(-40.1180324117319,2.,-36.3286825336047));
#8289=CARTESIAN_POINT('Ctrl Pts',(-40.1180324117319,18.,-36.3286825336047));
#8290=CARTESIAN_POINT('Ctrl Pts',(-40.9930904966467,2.,-35.3172274035059));
#8291=CARTESIAN_POINT('Ctrl Pts',(-40.9930904966467,18.,-35.3172274035059));
#8292=CARTESIAN_POINT('Ctrl Pts',(-42.2232788065816,2.,-33.6078263452522));
#8293=CARTESIAN_POINT('Ctrl Pts',(-42.2232788065816,18.,-33.6078263452522));
#8294=CARTESIAN_POINT('Ctrl Pts',(-43.6975296397684,2.,-30.9413808388026));
#8295=CARTESIAN_POINT('Ctrl Pts',(-43.6975296397684,18.,-30.9413808388026));
#8296=CARTESIAN_POINT('Ctrl Pts',(-45.2558082841767,2.,-26.9572528607067));
#8297=CARTESIAN_POINT('Ctrl Pts',(-45.2558082841767,18.,-26.9572528607067));
#8298=CARTESIAN_POINT('Ctrl Pts',(-46.5185313742453,2.,-22.3346650091936));
#8299=CARTESIAN_POINT('Ctrl Pts',(-46.5185313742453,18.,-22.3346650091936));
#8300=CARTESIAN_POINT('Ctrl Pts',(-47.4738983064122,2.,-17.1235542044796));
#8301=CARTESIAN_POINT('Ctrl Pts',(-47.4738983064122,18.,-17.1235542044796));
#8302=CARTESIAN_POINT('Ctrl Pts',(-48.1123603195904,2.,-11.4323059997275));
#8303=CARTESIAN_POINT('Ctrl Pts',(-48.1123603195904,18.,-11.4323059997275));
#8304=CARTESIAN_POINT('Ctrl Pts',(-48.425627332047,2.,-5.40608804619927));
#8305=CARTESIAN_POINT('Ctrl Pts',(-48.425627332047,18.,-5.40608804619927));
#8306=CARTESIAN_POINT('Ctrl Pts',(-48.4064455006518,2.,0.792157844917061));
#8307=CARTESIAN_POINT('Ctrl Pts',(-48.4064455006518,18.,0.792157844917061));
#8308=CARTESIAN_POINT('Ctrl Pts',(-48.0493708744855,2.,7.0003890141304));
#8309=CARTESIAN_POINT('Ctrl Pts',(-48.0493708744855,18.,7.0003890141304));
#8310=CARTESIAN_POINT('Ctrl Pts',(-47.3519811780029,2.,13.0739567170133));
#8311=CARTESIAN_POINT('Ctrl Pts',(-47.3519811780029,18.,13.0739567170133));
#8312=CARTESIAN_POINT('Ctrl Pts',(-46.3180167634836,2.,18.9065936346338));
#8313=CARTESIAN_POINT('Ctrl Pts',(-46.3180167634836,18.,18.9065936346338));
#8314=CARTESIAN_POINT('Ctrl Pts',(-44.9582400174089,2.,24.4395340008954));
#8315=CARTESIAN_POINT('Ctrl Pts',(-44.9582400174089,18.,24.4395340008954));
#8316=CARTESIAN_POINT('Ctrl Pts',(-43.285350493288,2.,29.6445783959842));
#8317=CARTESIAN_POINT('Ctrl Pts',(-43.285350493288,18.,29.6445783959842));
#8318=CARTESIAN_POINT('Ctrl Pts',(-41.7060215463715,2.,33.5403611867515));
#8319=CARTESIAN_POINT('Ctrl Pts',(-41.7060215463715,18.,33.5403611867515));
#8320=CARTESIAN_POINT('Ctrl Pts',(-40.389714507324,2.,36.3124330579711));
#8321=CARTESIAN_POINT('Ctrl Pts',(-40.389714507324,18.,36.3124330579711));
#8322=CARTESIAN_POINT('Ctrl Pts',(-39.4540199813753,2.,38.0944072536235));
#8323=CARTESIAN_POINT('Ctrl Pts',(-39.4540199813753,18.,38.0944072536235));
#8324=CARTESIAN_POINT('Ctrl Pts',(-38.9716334118433,2.,38.9688754510102));
#8325=CARTESIAN_POINT('Ctrl Pts',(-38.9716334118433,18.,38.9688754510102));
#8326=CARTESIAN_POINT('',(-39.6667701416206,15.,-36.8023734717377));
#8327=CARTESIAN_POINT('Ctrl Pts',(-25.000000372529,2.,-45.0000006705523));
#8328=CARTESIAN_POINT('Ctrl Pts',(-25.000000372529,18.,-45.0000006705523));
#8329=CARTESIAN_POINT('Ctrl Pts',(-25.2879850193181,2.,-45.0439039741283));
#8330=CARTESIAN_POINT('Ctrl Pts',(-25.2879850193181,18.,-45.0439039741283));
#8331=CARTESIAN_POINT('Ctrl Pts',(-25.8594609274916,2.,-45.1435919769217));
#8332=CARTESIAN_POINT('Ctrl Pts',(-25.8594609274916,18.,-45.1435919769217));
#8333=CARTESIAN_POINT('Ctrl Pts',(-26.7031909839125,2.,-45.3287654547589));
#8334=CARTESIAN_POINT('Ctrl Pts',(-26.7031909839125,18.,-45.3287654547589));
#8335=CARTESIAN_POINT('Ctrl Pts',(-27.8166531504633,2.,-45.6506861619842));
#8336=CARTESIAN_POINT('Ctrl Pts',(-27.8166531504633,18.,-45.6506861619842));
#8337=CARTESIAN_POINT('Ctrl Pts',(-29.2646697644147,2.,-46.1953795173189));
#8338=CARTESIAN_POINT('Ctrl Pts',(-29.2646697644147,18.,-46.1953795173189));
#8339=CARTESIAN_POINT('Ctrl Pts',(-30.8420239066164,2.,-46.8974365897518));
#8340=CARTESIAN_POINT('Ctrl Pts',(-30.8420239066164,18.,-46.8974365897518));
#8341=CARTESIAN_POINT('Ctrl Pts',(-32.578471495314,2.,-47.758190883987));
#8342=CARTESIAN_POINT('Ctrl Pts',(-32.578471495314,18.,-47.758190883987));
#8343=CARTESIAN_POINT('Ctrl Pts',(-34.4234031835668,2.,-48.7563320147413));
#8344=CARTESIAN_POINT('Ctrl Pts',(-34.4234031835668,18.,-48.7563320147413));
#8345=CARTESIAN_POINT('Ctrl Pts',(-36.1947339427559,2.,-49.8318341397063));
#8346=CARTESIAN_POINT('Ctrl Pts',(-36.1947339427559,18.,-49.8318341397063));
#8347=CARTESIAN_POINT('Ctrl Pts',(-37.6447414995386,2.,-50.8854122212366));
#8348=CARTESIAN_POINT('Ctrl Pts',(-37.6447414995386,18.,-50.8854122212366));
#8349=CARTESIAN_POINT('Ctrl Pts',(-38.6081043514238,2.,-51.7417536496003));
#8350=CARTESIAN_POINT('Ctrl Pts',(-38.6081043514238,18.,-51.7417536496003));
#8351=CARTESIAN_POINT('Ctrl Pts',(-39.0320008160121,2.,-52.1951618124766));
#8352=CARTESIAN_POINT('Ctrl Pts',(-39.0320008160121,18.,-52.1951618124766));
#8353=CARTESIAN_POINT('Ctrl Pts',(-39.2641037058881,2.,-51.858871066149));
#8354=CARTESIAN_POINT('Ctrl Pts',(-39.2641037058881,18.,-51.858871066149));
#8355=CARTESIAN_POINT('Ctrl Pts',(-39.6847451397939,2.,-50.5275475383823));
#8356=CARTESIAN_POINT('Ctrl Pts',(-39.6847451397939,18.,-50.5275475383823));
#8357=CARTESIAN_POINT('Ctrl Pts',(-40.2364628466837,2.,-48.469080052133));
#8358=CARTESIAN_POINT('Ctrl Pts',(-40.2364628466837,18.,-48.469080052133));
#8359=CARTESIAN_POINT('Ctrl Pts',(-40.7617907370011,2.,-46.0895545973425));
#8360=CARTESIAN_POINT('Ctrl Pts',(-40.7617907370011,18.,-46.0895545973425));
#8361=CARTESIAN_POINT('Ctrl Pts',(-41.053518352907,2.,-43.8195306091305));
#8362=CARTESIAN_POINT('Ctrl Pts',(-41.053518352907,18.,-43.8195306091305));
#8363=CARTESIAN_POINT('Ctrl Pts',(-41.0096937243192,2.,-41.9291471442416));
#8364=CARTESIAN_POINT('Ctrl Pts',(-41.0096937243192,18.,-41.9291471442416));
#8365=CARTESIAN_POINT('Ctrl Pts',(-40.7909954257405,2.,-40.3108076774205));
#8366=CARTESIAN_POINT('Ctrl Pts',(-40.7909954257405,18.,-40.3108076774205));
#8367=CARTESIAN_POINT('Ctrl Pts',(-40.471924036654,2.,-38.9251406753995));
#8368=CARTESIAN_POINT('Ctrl Pts',(-40.471924036654,18.,-38.9251406753995));
#8369=CARTESIAN_POINT('Ctrl Pts',(-40.1716263094292,2.,-37.9789898412869));
#8370=CARTESIAN_POINT('Ctrl Pts',(-40.1716263094292,18.,-37.9789898412869));
#8371=CARTESIAN_POINT('Ctrl Pts',(-39.9267134068177,2.,-37.3569149870265));
#8372=CARTESIAN_POINT('Ctrl Pts',(-39.9267134068177,18.,-37.3569149870265));
#8373=CARTESIAN_POINT('Ctrl Pts',(-39.7548536946691,2.,-36.9807835141918));
#8374=CARTESIAN_POINT('Ctrl Pts',(-39.7548536946691,18.,-36.9807835141918));
#8375=CARTESIAN_POINT('Ctrl Pts',(-39.6667701416206,2.,-36.8023734717377));
#8376=CARTESIAN_POINT('Ctrl Pts',(-39.6667701416206,18.,-36.8023734717377));
#8377=CARTESIAN_POINT('',(-25.000000372529,15.,-45.0000006705523));
#8378=CARTESIAN_POINT('Ctrl Pts',(-11.0000001639128,2.,-57.0000008493662));
#8379=CARTESIAN_POINT('Ctrl Pts',(-11.0000001639128,18.,-57.0000008493662));
#8380=CARTESIAN_POINT('Ctrl Pts',(-11.3859708921425,2.,-56.9675318390438));
#8381=CARTESIAN_POINT('Ctrl Pts',(-11.3859708921425,18.,-56.9675318390438));
#8382=CARTESIAN_POINT('Ctrl Pts',(-12.1484259692942,2.,-56.8840158787096));
#8383=CARTESIAN_POINT('Ctrl Pts',(-12.1484259692942,18.,-56.8840158787096));
#8384=CARTESIAN_POINT('Ctrl Pts',(-13.2636490756062,2.,-56.7030073916174));
#8385=CARTESIAN_POINT('Ctrl Pts',(-13.2636490756062,18.,-56.7030073916174));
#8386=CARTESIAN_POINT('Ctrl Pts',(-14.6927610039329,2.,-56.3483660989456));
#8387=CARTESIAN_POINT('Ctrl Pts',(-14.6927610039329,18.,-56.3483660989456));
#8388=CARTESIAN_POINT('Ctrl Pts',(-16.3763952346538,2.,-55.7038297698503));
#8389=CARTESIAN_POINT('Ctrl Pts',(-16.3763952346538,18.,-55.7038297698503));
#8390=CARTESIAN_POINT('Ctrl Pts',(-17.9489108696492,2.,-54.8416809563165));
#8391=CARTESIAN_POINT('Ctrl Pts',(-17.9489108696492,18.,-54.8416809563165));
#8392=CARTESIAN_POINT('Ctrl Pts',(-19.4025136691835,2.,-53.7466555717093));
#8393=CARTESIAN_POINT('Ctrl Pts',(-19.4025136691835,18.,-53.7466555717093));
#8394=CARTESIAN_POINT('Ctrl Pts',(-20.735319938201,2.,-52.4150646244833));
#8395=CARTESIAN_POINT('Ctrl Pts',(-20.735319938201,18.,-52.4150646244833));
#8396=CARTESIAN_POINT('Ctrl Pts',(-21.9544874762342,2.,-50.8609258092427));
#8397=CARTESIAN_POINT('Ctrl Pts',(-21.9544874762342,18.,-50.8609258092427));
#8398=CARTESIAN_POINT('Ctrl Pts',(-23.0696484286789,2.,-49.1031025311302));
#8399=CARTESIAN_POINT('Ctrl Pts',(-23.0696484286789,18.,-49.1031025311302));
#8400=CARTESIAN_POINT('Ctrl Pts',(-23.8859037918333,2.,-47.5482549284945));
#8401=CARTESIAN_POINT('Ctrl Pts',(-23.8859037918333,18.,-47.5482549284945));
#8402=CARTESIAN_POINT('Ctrl Pts',(-24.4582086733333,2.,-46.3040060092202));
#8403=CARTESIAN_POINT('Ctrl Pts',(-24.4582086733333,18.,-46.3040060092202));
#8404=CARTESIAN_POINT('Ctrl Pts',(-24.8223093084623,2.,-45.4403605012975));
#8405=CARTESIAN_POINT('Ctrl Pts',(-24.8223093084623,18.,-45.4403605012975));
#8406=CARTESIAN_POINT('Ctrl Pts',(-25.000000372529,2.,-45.0000006705523));
#8407=CARTESIAN_POINT('Ctrl Pts',(-25.000000372529,18.,-45.0000006705523));
#8408=CARTESIAN_POINT('',(-11.0000001639128,15.,-57.0000008493662));
#8409=CARTESIAN_POINT('Ctrl Pts',(-14.0000002086163,2.,-43.0000006407499));
#8410=CARTESIAN_POINT('Ctrl Pts',(-14.0000002086163,18.,-43.0000006407499));
#8411=CARTESIAN_POINT('Ctrl Pts',(-13.9712192610061,2.,-43.2380097774394));
#8412=CARTESIAN_POINT('Ctrl Pts',(-13.9712192610061,18.,-43.2380097774394));
#8413=CARTESIAN_POINT('Ctrl Pts',(-13.9108456459343,2.,-43.7178099257728));
#8414=CARTESIAN_POINT('Ctrl Pts',(-13.9108456459343,18.,-43.7178099257728));
#8415=CARTESIAN_POINT('Ctrl Pts',(-13.8118498739521,2.,-44.4488560284525));
#8416=CARTESIAN_POINT('Ctrl Pts',(-13.8118498739521,18.,-44.4488560284525));
#8417=CARTESIAN_POINT('Ctrl Pts',(-13.6627089051825,2.,-45.4466470321058));
#8418=CARTESIAN_POINT('Ctrl Pts',(-13.6627089051825,18.,-45.4466470321058));
#8419=CARTESIAN_POINT('Ctrl Pts',(-13.4458434747981,2.,-46.7348277466253));
#8420=CARTESIAN_POINT('Ctrl Pts',(-13.4458434747981,18.,-46.7348277466253));
#8421=CARTESIAN_POINT('Ctrl Pts',(-13.1961224693928,2.,-48.067200515413));
#8422=CARTESIAN_POINT('Ctrl Pts',(-13.1961224693928,18.,-48.067200515413));
#8423=CARTESIAN_POINT('Ctrl Pts',(-12.9113402240183,2.,-49.4467320454849));
#8424=CARTESIAN_POINT('Ctrl Pts',(-12.9113402240183,18.,-49.4467320454849));
#8425=CARTESIAN_POINT('Ctrl Pts',(-12.5911700599671,2.,-50.8738617326807));
#8426=CARTESIAN_POINT('Ctrl Pts',(-12.5911700599671,18.,-50.8738617326807));
#8427=CARTESIAN_POINT('Ctrl Pts',(-12.2378552581754,2.,-52.3455722749728));
#8428=CARTESIAN_POINT('Ctrl Pts',(-12.2378552581754,18.,-52.3455722749728));
#8429=CARTESIAN_POINT('Ctrl Pts',(-11.8542800142805,2.,-53.8579843145862));
#8430=CARTESIAN_POINT('Ctrl Pts',(-11.8542800142805,18.,-53.8579843145862));
#8431=CARTESIAN_POINT('Ctrl Pts',(-11.5253775149172,2.,-55.0975617215461));
#8432=CARTESIAN_POINT('Ctrl Pts',(-11.5253775149172,18.,-55.0975617215461));
#8433=CARTESIAN_POINT('Ctrl Pts',(-11.2671188120117,2.,-56.0428227962492));
#8434=CARTESIAN_POINT('Ctrl Pts',(-11.2671188120117,18.,-56.0428227962492));
#8435=CARTESIAN_POINT('Ctrl Pts',(-11.0898835641108,2.,-56.6798064854206));
#8436=CARTESIAN_POINT('Ctrl Pts',(-11.0898835641108,18.,-56.6798064854206));
#8437=CARTESIAN_POINT('Ctrl Pts',(-11.0000001639128,2.,-57.0000008493662));
#8438=CARTESIAN_POINT('Ctrl Pts',(-11.0000001639128,18.,-57.0000008493662));
#8439=CARTESIAN_POINT('',(-14.0000002086163,15.,-43.0000006407499));
#8440=CARTESIAN_POINT('Ctrl Pts',(55.9999987483025,2.,-42.499999050051));
#8441=CARTESIAN_POINT('Ctrl Pts',(55.9999987483025,18.,-42.499999050051));
#8442=CARTESIAN_POINT('Ctrl Pts',(55.322909706831,2.,-43.0598604230467));
#8443=CARTESIAN_POINT('Ctrl Pts',(55.322909706831,18.,-43.0598604230467));
#8444=CARTESIAN_POINT('Ctrl Pts',(53.9506940563079,2.,-44.1555666562866));
#8445=CARTESIAN_POINT('Ctrl Pts',(53.9506940563079,18.,-44.1555666562866));
#8446=CARTESIAN_POINT('Ctrl Pts',(51.8382571797337,2.,-45.7270780755883));
#8447=CARTESIAN_POINT('Ctrl Pts',(51.8382571797337,18.,-45.7270780755883));
#8448=CARTESIAN_POINT('Ctrl Pts',(48.9126672125193,2.,-47.6772696955501));
#8449=CARTESIAN_POINT('Ctrl Pts',(48.9126672125193,18.,-47.6772696955501));
#8450=CARTESIAN_POINT('Ctrl Pts',(45.0696919828216,2.,-49.8626730331345));
#8451=CARTESIAN_POINT('Ctrl Pts',(45.0696919828216,18.,-49.8626730331345));
#8452=CARTESIAN_POINT('Ctrl Pts',(41.0362560479336,2.,-51.7752606691903));
#8453=CARTESIAN_POINT('Ctrl Pts',(41.0362560479336,18.,-51.7752606691903));
#8454=CARTESIAN_POINT('Ctrl Pts',(36.8098922050182,2.,-53.3831277799959));
#8455=CARTESIAN_POINT('Ctrl Pts',(36.8098922050182,18.,-53.3831277799959));
#8456=CARTESIAN_POINT('Ctrl Pts',(32.3939501484801,2.,-54.6407418937994));
#8457=CARTESIAN_POINT('Ctrl Pts',(32.3939501484801,18.,-54.6407418937994));
#8458=CARTESIAN_POINT('Ctrl Pts',(27.7977668651432,2.,-55.4919412588961));
#8459=CARTESIAN_POINT('Ctrl Pts',(27.7977668651432,18.,-55.4919412588961));
#8460=CARTESIAN_POINT('Ctrl Pts',(23.0336004679712,2.,-55.8775201849544));
#8461=CARTESIAN_POINT('Ctrl Pts',(23.0336004679712,18.,-55.8775201849544));
#8462=CARTESIAN_POINT('Ctrl Pts',(18.1151426061948,2.,-55.7431399684328));
#8463=CARTESIAN_POINT('Ctrl Pts',(18.1151426061948,18.,-55.7431399684328));
#8464=CARTESIAN_POINT('Ctrl Pts',(13.0560310727769,2.,-55.0476834378404));
#8465=CARTESIAN_POINT('Ctrl Pts',(13.0560310727769,18.,-55.0476834378404));
#8466=CARTESIAN_POINT('Ctrl Pts',(7.86895220994859,2.,-53.7762666106051));
#8467=CARTESIAN_POINT('Ctrl Pts',(7.86895220994859,18.,-53.7762666106051));
#8468=CARTESIAN_POINT('Ctrl Pts',(2.5648473992569,2.,-51.9337455870548));
#8469=CARTESIAN_POINT('Ctrl Pts',(2.5648473992569,18.,-51.9337455870548));
#8470=CARTESIAN_POINT('Ctrl Pts',(-2.847603583788,2.,-49.5344381281664));
#8471=CARTESIAN_POINT('Ctrl Pts',(-2.847603583788,18.,-49.5344381281664));
#8472=CARTESIAN_POINT('Ctrl Pts',(-7.25932873089956,2.,-47.1831909019017));
#8473=CARTESIAN_POINT('Ctrl Pts',(-7.25932873089956,18.,-47.1831909019017));
#8474=CARTESIAN_POINT('Ctrl Pts',(-10.6125227570941,2.,-45.1829990567232));
#8475=CARTESIAN_POINT('Ctrl Pts',(-10.6125227570941,18.,-45.1829990567232));
#8476=CARTESIAN_POINT('Ctrl Pts',(-12.8675759529706,2.,-43.7450770945606));
#8477=CARTESIAN_POINT('Ctrl Pts',(-12.8675759529706,18.,-43.7450770945606));
#8478=CARTESIAN_POINT('Ctrl Pts',(-14.0000002086163,2.,-43.0000006407499));
#8479=CARTESIAN_POINT('Ctrl Pts',(-14.0000002086163,18.,-43.0000006407499));
#8480=CARTESIAN_POINT('Origin',(3.91218570533376,15.,1.85069997904916));
#8481=UNCERTAINTY_MEASURE_WITH_UNIT(LENGTH_MEASURE(0.01),#8485,
'DISTANCE_ACCURACY_VALUE',
'Maximum model space distance between geometric entities at asserted c
onnectivities');
#8482=UNCERTAINTY_MEASURE_WITH_UNIT(LENGTH_MEASURE(0.01),#8485,
'DISTANCE_ACCURACY_VALUE',
'Maximum model space distance between geometric entities at asserted c
onnectivities');
#8483=(
GEOMETRIC_REPRESENTATION_CONTEXT(3)
GLOBAL_UNCERTAINTY_ASSIGNED_CONTEXT((#8481))
GLOBAL_UNIT_ASSIGNED_CONTEXT((#8485,#8486,#8487))
REPRESENTATION_CONTEXT('','3D')
);
#8484=(
GEOMETRIC_REPRESENTATION_CONTEXT(3)
GLOBAL_UNCERTAINTY_ASSIGNED_CONTEXT((#8482))
GLOBAL_UNIT_ASSIGNED_CONTEXT((#8485,#8486,#8487))
REPRESENTATION_CONTEXT('','3D')
);
#8485=(
LENGTH_UNIT()
NAMED_UNIT(*)
SI_UNIT(.MILLI.,.METRE.)
);
#8486=(
NAMED_UNIT(*)
PLANE_ANGLE_UNIT()
SI_UNIT($,.RADIAN.)
);
#8487=(
NAMED_UNIT(*)
SI_UNIT($,.STERADIAN.)
SOLID_ANGLE_UNIT()
);
#8488=SHAPE_DEFINITION_REPRESENTATION(#8489,#8490);
#8489=PRODUCT_DEFINITION_SHAPE('',$,#8492);
#8490=SHAPE_REPRESENTATION('',(#2142),#8483);
#8491=PRODUCT_DEFINITION_CONTEXT('part definition',#8496,'design');
#8492=PRODUCT_DEFINITION('2026-07-14-12-39-10-461','BKpad',#8493,#8491);
#8493=PRODUCT_DEFINITION_FORMATION('',$,#8498);
#8494=PRODUCT_RELATED_PRODUCT_CATEGORY('BKpad','BKpad',(#8498));
#8495=APPLICATION_PROTOCOL_DEFINITION('international standard',
'automotive_design',2009,#8496);
#8496=APPLICATION_CONTEXT(
'Core Data for Automotive Mechanical Design Process');
#8497=PRODUCT_CONTEXT('part definition',#8496,'mechanical');
#8498=PRODUCT('2026-07-14-12-39-10-461','BKpad',$,(#8497));
#8499=PRESENTATION_STYLE_ASSIGNMENT((#8501));
#8500=PRESENTATION_STYLE_ASSIGNMENT((#8502));
#8501=SURFACE_STYLE_USAGE(.BOTH.,#8503);
#8502=SURFACE_STYLE_USAGE(.BOTH.,#8504);
#8503=SURFACE_SIDE_STYLE('',(#8505));
#8504=SURFACE_SIDE_STYLE('',(#8506));
#8505=SURFACE_STYLE_FILL_AREA(#8507);
#8506=SURFACE_STYLE_FILL_AREA(#8508);
#8507=FILL_AREA_STYLE('Steel - Satin',(#8509));
#8508=FILL_AREA_STYLE('Plastic - Matte (White)',(#8510));
#8509=FILL_AREA_STYLE_COLOUR('Steel - Satin',#8511);
#8510=FILL_AREA_STYLE_COLOUR('Plastic - Matte (White)',#8512);
#8511=COLOUR_RGB('Steel - Satin',0.627450980392157,0.627450980392157,0.627450980392157);
#8512=COLOUR_RGB('Plastic - Matte (White)',0.964705882352941,0.964705882352941,
0.952941176470588);
ENDSEC;
END-ISO-10303-21;
